# gen_export v1 seed=1 build_config=opentitan counters=0 sources= fields=order,pc_rdata,pc_wdata,insn,trap,halt,intr,mode,ixl,rs1_addr,rs1_rdata,rs2_addr,rs2_rdata,rs3_addr,rs3_rdata,rd_addr,rd_wdata,mem_addr,mem_rmask,mem_wmask,mem_rdata,mem_wdata,ext_pre_mip,ext_post_mip,ext_nmi,ext_nmi_int,ext_debug_req,ext_debug_mode,ext_rf_wr_suppress,ext_ic_scr_key_valid,ext_irq_valid,ext_exp_valid,ext_exp_insn,ext_exp_last,ext_mcycle,cycle
# image /localdev/fzhang/ws/ibex-challenge/dv/auto_dv/work/tb-infra/out_t036/stim/s7/prog.vmem
# flush seq=1 records=0 retired=0 markers=0 events=0 cycle=60
R 1 80000080 80000100 800006f 0 0 0 3 1 0 0 0 0 0 0 0 0 80000084 f 0 0 0 0 0 0 0 0 0 0 1 0 0 0 0 44 46
R 2 80000100 80000104 f14022f3 0 0 0 3 1 0 0 0 0 0 0 5 0 ec f 0 0 0 0 0 0 0 0 0 0 1 0 0 0 0 4b 4d
R 3 80000104 80000106 4301 0 0 0 3 1 0 0 0 0 0 0 6 0 0 f 0 0 0 0 0 0 0 0 0 0 1 0 0 0 0 50 52
R 4 80000106 8000010a 628263 0 0 0 3 1 5 0 6 0 0 0 0 0 0 f 0 0 0 0 0 0 0 0 0 0 1 0 0 0 0 52 54
R 5 8000010a 8000010e 617 0 0 0 3 1 0 0 0 0 0 0 c 8000010a 8000010a f 0 0 0 0 0 0 0 0 0 0 1 0 0 0 0 5d 5f
R 6 8000010e 80000112 c60613 0 0 0 3 1 c 8000010a 0 0 0 0 c 80000116 80000116 f 0 0 8000010a 0 0 0 0 0 0 0 1 0 0 0 0 5e 60
R 7 80000112 80000116 60067 0 0 0 3 1 c 80000116 0 0 0 0 0 0 80000116 f 0 0 0 0 0 0 0 0 0 0 1 0 0 0 0 63 65
R 8 80000116 8000011a 40001fb7 0 0 0 3 1 0 0 0 0 0 0 1f 40001000 40001000 f 0 0 0 0 0 0 0 0 0 0 1 0 0 0 0 6e 70
R 9 8000011a 8000011e 104f8f93 0 0 0 3 1 1f 40001000 0 0 0 0 1f 40001104 40001104 f 0 0 0 0 0 0 0 0 0 0 1 0 0 0 0 72 74
R a 8000011e 80000122 301f9073 0 0 0 3 1 1f 40001104 0 0 0 0 0 0 40000e03 f 0 0 0 0 0 0 0 0 0 0 1 0 0 0 0 74 76
R b 80000122 80000126 1c897 0 0 0 3 1 0 0 0 0 0 0 11 8001c122 8001c122 f 0 0 0 0 0 0 0 0 0 0 1 0 0 0 0 78 7a
R c 80000126 8000012a 38288893 0 0 0 3 1 11 8001c122 0 0 0 0 11 8001c4a4 8001c4a4 f 0 0 0 0 0 0 0 0 0 0 1 0 0 0 0 7b 7d
R d 8000012a 8000012e 1f97 0 0 0 3 1 0 0 0 0 0 0 1f 8000112a 8000112a f 0 0 0 0 0 0 0 0 0 0 1 0 0 0 0 7c 7e
R e 8000012e 80000132 5d6f8f93 0 0 0 3 1 1f 8000112a 0 0 0 0 1f 80001700 80001700 f 0 0 0 0 0 0 0 0 0 0 1 0 0 0 0 80 82
R f 80000132 80000136 1fef93 0 0 0 3 1 1f 80001700 0 0 0 0 1f 80001701 80001701 f 0 0 0 0 0 0 0 0 0 0 1 0 0 0 0 82 84
R 10 80000136 8000013a 305f9073 0 0 0 3 1 1f 80001701 0 0 0 0 0 0 800013fc f 0 0 0 0 0 0 0 0 0 0 1 0 0 0 0 85 87
R 11 8000013a 8000013e 74725073 0 0 0 3 1 0 0 0 0 0 0 0 0 fffff8bd f 0 0 0 0 0 0 0 0 0 0 1 0 0 0 0 88 8a
R 12 8000013e 80000142 2617 0 0 0 3 1 0 0 0 0 0 0 c 8000213e 8000213e f 0 0 0 0 0 0 0 0 0 0 1 0 0 0 0 8b 8d
R 13 80000142 80000146 2a60613 0 0 0 3 1 c 8000213e 0 0 0 0 c 80002168 80002168 f 0 0 0 0 0 0 0 0 0 0 1 0 0 0 0 8e 90
R 14 80000146 80000148 4f81 0 0 0 3 1 0 0 0 0 0 0 1f 0 0 f 0 0 0 0 0 0 0 0 0 0 1 0 0 0 0 8f 91
R 15 80000148 8000014a 967e 0 0 0 3 1 c 80002168 1f 0 0 0 c 80002168 80002168 f 0 0 0 0 0 0 0 0 0 0 1 0 0 0 0 92 94
R 16 8000014a 8000014c 8209 0 0 0 3 1 c 80002168 0 0 0 0 c 2000085a 8000216a f 0 0 0 0 0 0 0 0 0 0 1 0 0 0 0 93 95
R 17 8000014c 80000150 3b061073 0 0 0 3 1 c 2000085a 0 0 0 0 0 0 200004aa f 0 0 0 0 0 0 0 0 0 0 1 0 0 0 0 94 96
R 18 80000150 80000154 2617 0 0 0 3 1 0 0 0 0 0 0 c 80002150 80002150 f 0 0 0 0 0 0 0 0 0 0 1 0 0 0 0 97 99
R 19 80000154 80000158 1860613 0 0 0 3 1 c 80002150 0 0 0 0 c 80002168 80002168 f 0 0 0 0 0 0 0 0 0 0 1 0 0 0 0 9a 9c
R 1a 80000158 8000015c 11111fb7 0 0 0 3 1 0 0 0 0 0 0 1f 11111000 11111000 f 0 0 8001c4a4 0 0 0 0 0 0 0 1 0 0 0 0 9d 9f
R 1b 8000015c 80000160 111f8f93 0 0 0 3 1 1f 11111000 0 0 0 0 1f 11111111 11111111 f 0 0 8001c4a4 0 0 0 0 0 0 0 1 0 0 0 0 9f a1
R 1c 80000160 80000162 967e 0 0 0 3 1 c 80002168 1f 11111111 0 0 c 91113279 91113279 f 0 0 11111111 0 0 0 0 0 0 0 1 0 0 0 0 a3 a5
R 1d 80000162 80000164 8209 0 0 0 3 1 c 91113279 0 0 0 0 c 24444c9e 9111327b f 0 0 0 0 0 0 0 0 0 0 1 0 0 0 0 a4 a6
R 1e 80000164 80000168 3b161073 0 0 0 3 1 c 24444c9e 0 0 0 0 0 0 244448ed f 0 0 8001c4a4 0 0 0 0 0 0 0 1 0 0 0 0 a8 aa
R 1f 80000168 8000016c 2617 0 0 0 3 1 0 0 0 0 0 0 c 80002168 80002168 f 0 0 0 0 0 0 0 0 0 0 1 0 0 0 0 ab ad
R 20 8000016c 80000170 60613 0 0 0 3 1 c 80002168 0 0 0 0 c 80002168 80002168 f 0 0 0 0 0 0 0 0 0 0 1 0 0 0 0 ae b0
R 21 80000170 80000174 22222fb7 0 0 0 3 1 0 0 0 0 0 0 1f 22222000 22222000 f 0 0 0 0 0 0 0 0 0 0 1 0 0 0 0 b0 b2
R 22 80000174 80000178 222f8f93 0 0 0 3 1 1f 22222000 0 0 0 0 1f 22222222 22222222 f 0 0 0 0 0 0 0 0 0 0 1 0 0 0 0 b4 b6
R 23 80000178 8000017a 967e 0 0 0 3 1 c 80002168 1f 22222222 0 0 c a222438a a222438a f 0 0 22222222 0 0 0 0 0 0 0 1 0 0 0 0 b5 b7
R 24 8000017a 8000017c 8209 0 0 0 3 1 c a222438a 0 0 0 0 c 288890e2 a222438c f 0 0 0 0 0 0 0 0 0 0 1 0 0 0 0 b6 b8
R 25 8000017c 80000180 3b261073 0 0 0 3 1 c 288890e2 0 0 0 0 0 0 28888d30 f 0 0 0 0 0 0 0 0 0 0 1 0 0 0 0 b8 ba
R 26 80000180 80000184 2617 0 0 0 3 1 0 0 0 0 0 0 c 80002180 80002180 f 0 0 0 0 0 0 0 0 0 0 1 0 0 0 0 bb bd
R 27 80000184 80000188 fe860613 0 0 0 3 1 c 80002180 0 0 0 0 c 80002168 80002168 f 0 0 0 0 0 0 0 0 0 0 1 0 0 0 0 c0 c2
R 28 80000188 8000018c 33333fb7 0 0 0 3 1 0 0 0 0 0 0 1f 33333000 33333000 f 0 0 0 0 0 0 0 0 0 0 1 0 0 0 0 c3 c5
R 29 8000018c 80000190 333f8f93 0 0 0 3 1 1f 33333000 0 0 0 0 1f 33333333 33333333 f 0 0 0 0 0 0 0 0 0 0 1 0 0 0 0 c8 ca
R 2a 80000190 80000192 967e 0 0 0 3 1 c 80002168 1f 33333333 0 0 c b333549b b333549b f 0 0 33333333 0 0 0 0 0 0 0 1 0 0 0 0 c9 cb
R 2b 80000192 80000194 8209 0 0 0 3 1 c b333549b 0 0 0 0 c 2cccd526 b333549d f 0 0 0 0 0 0 0 0 0 0 1 0 0 0 0 ca cc
R 2c 80000194 80000198 3b361073 0 0 0 3 1 c 2cccd526 0 0 0 0 0 0 2cccd173 f 0 0 0 0 0 0 0 0 0 0 1 0 0 0 0 cf d1
R 2d 80000198 8000019c f0f1637 0 0 0 3 1 0 0 0 0 0 0 c f0f1000 f0f1000 f 0 0 0 0 0 0 0 0 0 0 1 0 0 0 0 d2 d4
R 2e 8000019c 800001a0 f0f60613 0 0 0 3 1 c f0f1000 0 0 0 0 c f0f0f0f f0f0f0f f 0 0 0 0 0 0 0 0 0 0 1 0 0 0 0 d5 d7
R 2f 800001a0 800001a4 3a061073 0 0 0 3 1 c f0f0f0f 0 0 0 0 0 0 f0f0b6f f 0 0 0 0 0 0 0 0 0 0 1 0 0 0 0 d8 da
R 30 800001a4 800001a8 2617 0 0 0 3 1 0 0 0 0 0 0 c 800021a4 800021a4 f 0 0 0 0 0 0 0 0 0 0 1 0 0 0 0 db dd
R 31 800001a8 800001ac fc460613 0 0 0 3 1 c 800021a4 0 0 0 0 c 80002168 80002168 f 0 0 0 0 0 0 0 0 0 0 1 0 0 0 0 dc de
R 32 800001ac 800001b0 44444fb7 0 0 0 3 1 0 0 0 0 0 0 1f 44444000 44444000 f 0 0 0 0 0 0 0 0 0 0 1 0 0 0 0 dd df
R 33 800001b0 800001b4 444f8f93 0 0 0 3 1 1f 44444000 0 0 0 0 1f 44444444 44444444 f 0 0 0 0 0 0 0 0 0 0 1 0 0 0 0 e1 e3
R 34 800001b4 800001b6 967e 0 0 0 3 1 c 80002168 1f 44444444 0 0 c c44465ac c44465ac f 0 0 44444444 0 0 0 0 0 0 0 1 0 0 0 0 e5 e7
R 35 800001b6 800001b8 8209 0 0 0 3 1 c c44465ac 0 0 0 0 c 3111196b c44465ae f 0 0 0 0 0 0 0 0 0 0 1 0 0 0 0 e6 e8
R 36 800001b8 800001bc 3b461073 0 0 0 3 1 c 3111196b 0 0 0 0 0 0 311115b7 f 0 0 0 0 0 0 0 0 0 0 1 0 0 0 0 e7 e9
R 37 800001bc 800001c0 2617 0 0 0 3 1 0 0 0 0 0 0 c 800021bc 800021bc f 0 0 0 0 0 0 0 0 0 0 1 0 0 0 0 ea ec
R 38 800001c0 800001c4 fac60613 0 0 0 3 1 c 800021bc 0 0 0 0 c 80002168 80002168 f 0 0 800021bc 0 0 0 0 0 0 0 1 0 0 0 0 ee f0
R 39 800001c4 800001c8 55555fb7 0 0 0 3 1 0 0 0 0 0 0 1f 55555000 55555000 f 0 0 0 0 0 0 0 0 0 0 1 0 0 0 0 ef f1
R 3a 800001c8 800001cc 555f8f93 0 0 0 3 1 1f 55555000 0 0 0 0 1f 55555555 55555555 f 0 0 0 0 0 0 0 0 0 0 1 0 0 0 0 f1 f3
R 3b 800001cc 800001ce 967e 0 0 0 3 1 c 80002168 1f 55555555 0 0 c d55576bd d55576bd f 0 0 55555555 0 0 0 0 0 0 0 1 0 0 0 0 f2 f4
R 3c 800001ce 800001d0 8209 0 0 0 3 1 c d55576bd 0 0 0 0 c 35555daf d55576bf f 0 0 0 0 0 0 0 0 0 0 1 0 0 0 0 f3 f5
R 3d 800001d0 800001d4 3b561073 0 0 0 3 1 c 35555daf 0 0 0 0 0 0 355559fa f 0 0 0 0 0 0 0 0 0 0 1 0 0 0 0 f7 f9
R 3e 800001d4 800001d8 2617 0 0 0 3 1 0 0 0 0 0 0 c 800021d4 800021d4 f 0 0 0 0 0 0 0 0 0 0 1 0 0 0 0 fb fd
R 3f 800001d8 800001dc f9460613 0 0 0 3 1 c 800021d4 0 0 0 0 c 80002168 80002168 f 0 0 0 0 0 0 0 0 0 0 1 0 0 0 0 fd ff
R 40 800001dc 800001e0 66666fb7 0 0 0 3 1 0 0 0 0 0 0 1f 66666000 66666000 f 0 0 0 0 0 0 0 0 0 0 1 0 0 0 0 ff 101
R 41 800001e0 800001e4 666f8f93 0 0 0 3 1 1f 66666000 0 0 0 0 1f 66666666 66666666 f 0 0 0 0 0 0 0 0 0 0 1 0 0 0 0 101 103
R 42 800001e4 800001e6 967e 0 0 0 3 1 c 80002168 1f 66666666 0 0 c e66687ce e66687ce f 0 0 66666666 0 0 0 0 0 0 0 1 0 0 0 0 106 108
R 43 800001e6 800001e8 8209 0 0 0 3 1 c e66687ce 0 0 0 0 c 3999a1f3 e66687d0 f 0 0 0 0 0 0 0 0 0 0 1 0 0 0 0 107 109
R 44 800001e8 800001ec 3b661073 0 0 0 3 1 c 3999a1f3 0 0 0 0 0 0 39999e3d f 0 0 0 0 0 0 0 0 0 0 1 0 0 0 0 108 10a
R 45 800001ec 800001f0 2617 0 0 0 3 1 0 0 0 0 0 0 c 800021ec 800021ec f 0 0 0 0 0 0 0 0 0 0 1 0 0 0 0 10d 10f
R 46 800001f0 800001f4 f7c60613 0 0 0 3 1 c 800021ec 0 0 0 0 c 80002168 80002168 f 0 0 0 0 0 0 0 0 0 0 1 0 0 0 0 10f 111
R 47 800001f4 800001f8 77777fb7 0 0 0 3 1 0 0 0 0 0 0 1f 77777000 77777000 f 0 0 0 0 0 0 0 0 0 0 1 0 0 0 0 113 115
R 48 800001f8 800001fc 777f8f93 0 0 0 3 1 1f 77777000 0 0 0 0 1f 77777777 77777777 f 0 0 0 0 0 0 0 0 0 0 1 0 0 0 0 116 118
R 49 800001fc 800001fe 967e 0 0 0 3 1 c 80002168 1f 77777777 0 0 c f77798df f77798df f 0 0 77777777 0 0 0 0 0 0 0 1 0 0 0 0 119 11b
R 4a 800001fe 80000200 8209 0 0 0 3 1 c f77798df 0 0 0 0 c 3ddde637 f77798e1 f 0 0 0 0 0 0 0 0 0 0 1 0 0 0 0 11a 11c
R 4b 80000200 80000204 3b761073 0 0 0 3 1 c 3ddde637 0 0 0 0 0 0 3ddde280 f 0 0 0 0 0 0 0 0 0 0 1 0 0 0 0 11b 11d
R 4c 80000204 80000208 f0f1637 0 0 0 3 1 0 0 0 0 0 0 c f0f1000 f0f1000 f 0 0 0 0 0 0 0 0 0 0 1 0 0 0 0 11e 120
R 4d 80000208 8000020c f0f60613 0 0 0 3 1 c f0f1000 0 0 0 0 c f0f0f0f f0f0f0f f 0 0 0 0 0 0 0 0 0 0 1 0 0 0 0 121 123
R 4e 8000020c 80000210 3a161073 0 0 0 3 1 c f0f0f0f 0 0 0 0 0 0 f0f0b6e f 0 0 0 0 0 0 0 0 0 0 1 0 0 0 0 125 127
R 4f 80000210 80000214 2617 0 0 0 3 1 0 0 0 0 0 0 c 80002210 80002210 f 0 0 0 0 0 0 0 0 0 0 1 0 0 0 0 128 12a
R 50 80000214 80000218 f5860613 0 0 0 3 1 c 80002210 0 0 0 0 c 80002168 80002168 f 0 0 0 0 0 0 0 0 0 0 1 0 0 0 0 12a 12c
R 51 80000218 8000021c 88889fb7 0 0 0 3 1 0 0 0 0 0 0 1f 88889000 88889000 f 0 0 0 0 0 0 0 0 0 0 1 0 0 0 0 12e 130
R 52 8000021c 80000220 888f8f93 0 0 0 3 1 1f 88889000 0 0 0 0 1f 88888888 88888888 f 0 0 0 0 0 0 0 0 0 0 1 0 0 0 0 130 132
R 53 80000220 80000222 967e 0 0 0 3 1 c 80002168 1f 88888888 0 0 c 888a9f0 888a9f0 f 0 0 88888888 0 0 0 0 0 0 0 1 0 0 0 0 134 136
R 54 80000222 80000224 8209 0 0 0 3 1 c 888a9f0 0 0 0 0 c 2222a7c 888a9f2 f 0 0 0 0 0 0 0 0 0 0 1 0 0 0 0 135 137
R 55 80000224 80000228 3b861073 0 0 0 3 1 c 2222a7c 0 0 0 0 0 0 22226c4 f 0 0 0 0 0 0 0 0 0 0 1 0 0 0 0 138 13a
R 56 80000228 8000022c 2617 0 0 0 3 1 0 0 0 0 0 0 c 80002228 80002228 f 0 0 0 0 0 0 0 0 0 0 1 0 0 0 0 13c 13e
R 57 8000022c 80000230 f4060613 0 0 0 3 1 c 80002228 0 0 0 0 c 80002168 80002168 f 0 0 0 0 0 0 0 0 0 0 1 0 0 0 0 140 142
R 58 80000230 80000234 9999afb7 0 0 0 3 1 0 0 0 0 0 0 1f 9999a000 9999a000 f 0 0 0 0 0 0 0 0 0 0 1 0 0 0 0 142 144
R 59 80000234 80000238 999f8f93 0 0 0 3 1 1f 9999a000 0 0 0 0 1f 99999999 99999999 f 0 0 0 0 0 0 0 0 0 0 1 0 0 0 0 144 146
R 5a 80000238 8000023a 967e 0 0 0 3 1 c 80002168 1f 99999999 0 0 c 1999bb01 1999bb01 f 0 0 99999999 0 0 0 0 0 0 0 1 0 0 0 0 147 149
R 5b 8000023a 8000023c 8209 0 0 0 3 1 c 1999bb01 0 0 0 0 c 6666ec0 1999bb03 f 0 0 0 0 0 0 0 0 0 0 1 0 0 0 0 148 14a
R 5c 8000023c 80000240 3b961073 0 0 0 3 1 c 6666ec0 0 0 0 0 0 0 6666b07 f 0 0 0 0 0 0 0 0 0 0 1 0 0 0 0 14a 14c
R 5d 80000240 80000244 2617 0 0 0 3 1 0 0 0 0 0 0 c 80002240 80002240 f 0 0 0 0 0 0 0 0 0 0 1 0 0 0 0 14f 151
R 5e 80000244 80000248 f2860613 0 0 0 3 1 c 80002240 0 0 0 0 c 80002168 80002168 f 0 0 0 0 0 0 0 0 0 0 1 0 0 0 0 150 152
R 5f 80000248 8000024c aaaabfb7 0 0 0 3 1 0 0 0 0 0 0 1f aaaab000 aaaab000 f 0 0 0 0 0 0 0 0 0 0 1 0 0 0 0 151 153
R 60 8000024c 80000250 aaaf8f93 0 0 0 3 1 1f aaaab000 0 0 0 0 1f aaaaaaaa aaaaaaaa f 0 0 0 0 0 0 0 0 0 0 1 0 0 0 0 153 155
R 61 80000250 80000252 967e 0 0 0 3 1 c 80002168 1f aaaaaaaa 0 0 c 2aaacc12 2aaacc12 f 0 0 aaaaaaaa 0 0 0 0 0 0 0 1 0 0 0 0 159 15b
R 62 80000252 80000254 8209 0 0 0 3 1 c 2aaacc12 0 0 0 0 c aaab304 2aaacc14 f 0 0 0 0 0 0 0 0 0 0 1 0 0 0 0 15a 15c
R 63 80000254 80000258 3ba61073 0 0 0 3 1 c aaab304 0 0 0 0 0 0 aaaaf4a f 0 0 0 0 0 0 0 0 0 0 1 0 0 0 0 15b 15d
R 64 80000258 8000025c 2617 0 0 0 3 1 0 0 0 0 0 0 c 80002258 80002258 f 0 0 0 0 0 0 0 0 0 0 1 0 0 0 0 15e 160
R 65 8000025c 80000260 f1060613 0 0 0 3 1 c 80002258 0 0 0 0 c 80002168 80002168 f 0 0 0 0 0 0 0 0 0 0 1 0 0 0 0 160 162
R 66 80000260 80000264 bbbbcfb7 0 0 0 3 1 0 0 0 0 0 0 1f bbbbc000 bbbbc000 f 0 0 0 0 0 0 0 0 0 0 1 0 0 0 0 162 164
R 67 80000264 80000268 bbbf8f93 0 0 0 3 1 1f bbbbc000 0 0 0 0 1f bbbbbbbb bbbbbbbb f 0 0 0 0 0 0 0 0 0 0 1 0 0 0 0 166 168
R 68 80000268 8000026a 967e 0 0 0 3 1 c 80002168 1f bbbbbbbb 0 0 c 3bbbdd23 3bbbdd23 f 0 0 bbbbbbbb 0 0 0 0 0 0 0 1 0 0 0 0 169 16b
R 69 8000026a 8000026c 8209 0 0 0 3 1 c 3bbbdd23 0 0 0 0 c eeef748 3bbbdd25 f 0 0 0 0 0 0 0 0 0 0 1 0 0 0 0 16a 16c
R 6a 8000026c 80000270 3bb61073 0 0 0 3 1 c eeef748 0 0 0 0 0 0 eeef38d f 0 0 0 0 0 0 0 0 0 0 1 0 0 0 0 16b 16d
R 6b 80000270 80000274 f0f1637 0 0 0 3 1 0 0 0 0 0 0 c f0f1000 f0f1000 f 0 0 0 0 0 0 0 0 0 0 1 0 0 0 0 16f 171
R 6c 80000274 80000278 f0f60613 0 0 0 3 1 c f0f1000 0 0 0 0 c f0f0f0f f0f0f0f f 0 0 0 0 0 0 0 0 0 0 1 0 0 0 0 170 172
R 6d 80000278 8000027c 3a261073 0 0 0 3 1 c f0f0f0f 0 0 0 0 0 0 f0f0b6d f 0 0 0 0 0 0 0 0 0 0 1 0 0 0 0 175 177
R 6e 8000027c 80000280 2617 0 0 0 3 1 0 0 0 0 0 0 c 8000227c 8000227c f 0 0 0 0 0 0 0 0 0 0 1 0 0 0 0 178 17a
R 6f 80000280 80000284 eec60613 0 0 0 3 1 c 8000227c 0 0 0 0 c 80002168 80002168 f 0 0 8000227c 0 0 0 0 0 0 0 1 0 0 0 0 17a 17c
R 70 80000284 80000288 ccccdfb7 0 0 0 3 1 0 0 0 0 0 0 1f ccccd000 ccccd000 f 0 0 80002168 0 0 0 0 0 0 0 1 0 0 0 0 17d 17f
R 71 80000288 8000028c cccf8f93 0 0 0 3 1 1f ccccd000 0 0 0 0 1f cccccccc cccccccc f 0 0 80002168 0 0 0 0 0 0 0 1 0 0 0 0 180 182
R 72 8000028c 8000028e 967e 0 0 0 3 1 c 80002168 1f cccccccc 0 0 c 4cccee34 4cccee34 f 0 0 cccccccc 0 0 0 0 0 0 0 1 0 0 0 0 181 183
R 73 8000028e 80000290 8209 0 0 0 3 1 c 4cccee34 0 0 0 0 c 13333b8d 4cccee36 f 0 0 0 0 0 0 0 0 0 0 1 0 0 0 0 182 184
R 74 80000290 80000294 3bc61073 0 0 0 3 1 c 13333b8d 0 0 0 0 0 0 133337d1 f 0 0 0 0 0 0 0 0 0 0 1 0 0 0 0 183 185
R 75 80000294 80000298 2617 0 0 0 3 1 0 0 0 0 0 0 c 80002294 80002294 f 0 0 0 0 0 0 0 0 0 0 1 0 0 0 0 188 18a
R 76 80000298 8000029c ed460613 0 0 0 3 1 c 80002294 0 0 0 0 c 80002168 80002168 f 0 0 0 0 0 0 0 0 0 0 1 0 0 0 0 18a 18c
R 77 8000029c 800002a0 ddddefb7 0 0 0 3 1 0 0 0 0 0 0 1f dddde000 dddde000 f 0 0 0 0 0 0 0 0 0 0 1 0 0 0 0 18c 18e
R 78 800002a0 800002a4 dddf8f93 0 0 0 3 1 1f dddde000 0 0 0 0 1f dddddddd dddddddd f 0 0 0 0 0 0 0 0 0 0 1 0 0 0 0 192 194
R 79 800002a4 800002a6 967e 0 0 0 3 1 c 80002168 1f dddddddd 0 0 c 5dddff45 5dddff45 f 0 0 dddddddd 0 0 0 0 0 0 0 1 0 0 0 0 194 196
R 7a 800002a6 800002a8 8209 0 0 0 3 1 c 5dddff45 0 0 0 0 c 17777fd1 5dddff47 f 0 0 0 0 0 0 0 0 0 0 1 0 0 0 0 195 197
R 7b 800002a8 800002ac 3bd61073 0 0 0 3 1 c 17777fd1 0 0 0 0 0 0 17777c14 f 0 0 0 0 0 0 0 0 0 0 1 0 0 0 0 196 198
R 7c 800002ac 800002b0 2617 0 0 0 3 1 0 0 0 0 0 0 c 800022ac 800022ac f 0 0 0 0 0 0 0 0 0 0 1 0 0 0 0 199 19b
R 7d 800002b0 800002b4 ebc60613 0 0 0 3 1 c 800022ac 0 0 0 0 c 80002168 80002168 f 0 0 0 0 0 0 0 0 0 0 1 0 0 0 0 19a 19c
R 7e 800002b4 800002b8 eeeeffb7 0 0 0 3 1 0 0 0 0 0 0 1f eeeef000 eeeef000 f 0 0 0 0 0 0 0 0 0 0 1 0 0 0 0 19b 19d
R 7f 800002b8 800002bc eeef8f93 0 0 0 3 1 1f eeeef000 0 0 0 0 1f eeeeeeee eeeeeeee f 0 0 0 0 0 0 0 0 0 0 1 0 0 0 0 19f 1a1
R 80 800002bc 800002be 967e 0 0 0 3 1 c 80002168 1f eeeeeeee 0 0 c 6eef1056 6eef1056 f 0 0 eeeeeeee 0 0 0 0 0 0 0 1 0 0 0 0 1a0 1a2
R 81 800002be 800002c0 8209 0 0 0 3 1 c 6eef1056 0 0 0 0 c 1bbbc415 6eef1058 f 0 0 0 0 0 0 0 0 0 0 1 0 0 0 0 1a1 1a3
R 82 800002c0 800002c4 3be61073 0 0 0 3 1 c 1bbbc415 0 0 0 0 0 0 1bbbc057 f 0 0 0 0 0 0 0 0 0 0 1 0 0 0 0 1a4 1a6
R 83 800002c4 800002c8 2617 0 0 0 3 1 0 0 0 0 0 0 c 800022c4 800022c4 f 0 0 0 0 0 0 0 0 0 0 1 0 0 0 0 1a7 1a9
R 84 800002c8 800002cc ea460613 0 0 0 3 1 c 800022c4 0 0 0 0 c 80002168 80002168 f 0 0 0 0 0 0 0 0 0 0 1 0 0 0 0 1a8 1aa
R 85 800002cc 800002d0 fff00f93 0 0 0 3 1 0 0 0 0 0 0 1f ffffffff ffffffff f 0 0 eeeeeeee 0 0 0 0 0 0 0 1 0 0 0 0 1ab 1ad
R 86 800002d0 800002d2 967e 0 0 0 3 1 c 80002168 1f ffffffff 0 0 c 80002167 80002167 f 0 0 ffffffff 0 0 0 0 0 0 0 1 0 0 0 0 1ac 1ae
R 87 800002d2 800002d4 8209 0 0 0 3 1 c 80002167 0 0 0 0 c 20000859 80002169 f 0 0 0 0 0 0 0 0 0 0 1 0 0 0 0 1ad 1af
R 88 800002d4 800002d8 3bf61073 0 0 0 3 1 c 20000859 0 0 0 0 0 0 2000049a f 0 0 ffffffff 0 0 0 0 0 0 0 1 0 0 0 0 1ae 1b0
R 89 800002d8 800002dc f0f1637 0 0 0 3 1 0 0 0 0 0 0 c f0f1000 f0f1000 f 0 0 0 0 0 0 0 0 0 0 1 0 0 0 0 1b1 1b3
R 8a 800002dc 800002e0 f0f60613 0 0 0 3 1 c f0f1000 0 0 0 0 c f0f0f0f f0f0f0f f 0 0 0 0 0 0 0 0 0 0 1 0 0 0 0 1b6 1b8
R 8b 800002e0 800002e4 3a361073 0 0 0 3 1 c f0f0f0f 0 0 0 0 0 0 f0f0b6c f 0 0 0 0 0 0 0 0 0 0 1 0 0 0 0 1b7 1b9
R 8c 800002e4 800002e8 f97 0 0 0 3 1 0 0 0 0 0 0 1f 800002e4 800002e4 f 0 0 0 0 0 0 0 0 0 0 1 0 0 0 0 1ba 1bc
R 8d 800002e8 800002ec 22f8f93 0 0 0 3 1 1f 800002e4 0 0 0 0 1f 80000306 80000306 f 0 0 0 0 0 0 0 0 0 0 1 0 0 0 0 1bb 1bd
R 8e 800002ec 800002f0 341f9073 0 0 0 3 1 1f 80000306 0 0 0 0 0 0 7fffffc5 f 0 0 0 0 0 0 0 0 0 0 1 0 0 0 0 1bf 1c1
R 8f 800002f0 800002f2 1 0 0 0 3 1 0 0 0 0 0 0 0 0 0 f 0 0 0 0 0 0 0 0 0 0 1 0 0 0 0 1c2 1c4
R 90 800002f2 800002f4 6f89 0 0 0 3 1 0 0 0 0 0 0 1f 2000 2000 f 0 0 0 0 0 0 0 0 0 0 1 0 0 0 0 1c3 1c5
R 91 800002f4 800002f8 800f8f93 0 0 0 3 1 1f 2000 0 0 0 0 1f 1800 1800 f 0 0 0 0 0 0 0 0 0 0 1 0 0 0 0 1c6 1c8
R 92 800002f8 800002fc 300f9073 0 0 0 3 1 1f 1800 0 0 0 0 0 0 1500 f 0 0 0 0 0 0 0 0 0 0 1 0 0 0 0 1c8 1ca
R 93 800002fc 800002fe 4f81 0 0 0 3 1 0 0 0 0 0 0 1f 0 0 f 0 0 0 0 0 0 0 0 0 0 1 0 0 0 0 1ce 1d0
R 94 800002fe 80000302 304f9073 0 0 0 3 1 1f 0 0 0 0 0 0 0 fffffcfc f 0 0 0 0 0 0 0 0 0 0 1 0 0 0 0 1d1 1d3
R 95 80000302 80000306 30200073 0 0 0 3 1 0 0 0 0 0 0 0 0 fffffcfe f 0 0 0 0 0 0 0 0 0 0 1 0 0 0 0 1d4 1d6
R 96 80000306 8000030a e6c48037 0 0 0 3 1 0 0 0 0 0 0 0 0 e6c48000 f 0 0 f0f0f0f 0 0 0 0 0 0 0 1 0 0 0 0 1e0 1e2
R 97 8000030a 8000030e 8b00013 0 0 0 3 1 0 0 0 0 0 0 0 0 8b f 0 0 0 0 0 0 0 0 0 0 1 0 0 0 0 1e2 1e4
R 98 8000030e 80000312 800000b7 0 0 0 3 1 0 0 0 0 0 0 1 80000000 80000000 f 0 0 0 0 0 0 0 0 0 0 1 0 0 0 0 1e5 1e7
R 99 80000312 80000316 e1340137 0 0 0 3 1 0 0 0 0 0 0 2 e1340000 e1340000 f 0 0 0 0 0 0 0 0 0 0 1 0 0 0 0 1ea 1ec
R 9a 80000316 8000031a d4210113 0 0 0 3 1 2 e1340000 0 0 0 0 2 e133fd42 e133fd42 f 0 0 e1340000 0 0 0 0 0 0 0 1 0 0 0 0 1ed 1ef
R 9b 8000031a 8000031e 800001b7 0 0 0 3 1 0 0 0 0 0 0 3 80000000 80000000 f 0 0 0 0 0 0 0 0 0 0 1 0 0 0 0 1ee 1f0
R 9c 8000031e 80000322 80000237 0 0 0 3 1 0 0 0 0 0 0 4 80000000 80000000 f 0 0 0 0 0 0 0 0 0 0 1 0 0 0 0 1f2 1f4
R 9d 80000322 80000326 869c02b7 0 0 0 3 1 0 0 0 0 0 0 5 869c0000 869c0000 f 0 0 0 0 0 0 0 0 0 0 1 0 0 0 0 1f5 1f7
R 9e 80000326 8000032a 85428293 0 0 0 3 1 5 869c0000 0 0 0 0 5 869bf854 869bf854 f 0 0 0 0 0 0 0 0 0 0 1 0 0 0 0 1f6 1f8
R 9f 8000032a 8000032c 4311 0 0 0 3 1 0 0 0 0 0 0 6 4 4 f 0 0 80000000 0 0 0 0 0 0 0 1 0 0 0 0 1f7 1f9
R a0 8000032c 80000330 800003b7 0 0 0 3 1 0 0 0 0 0 0 7 80000000 80000000 f 0 0 0 0 0 0 0 0 0 0 1 0 0 0 0 1fa 1fc
R a1 80000330 80000332 4485 0 0 0 3 1 0 0 0 0 0 0 9 1 1 f 0 0 80000000 0 0 0 0 0 0 0 1 0 0 0 0 1fb 1fd
R a2 80000332 80000334 4501 0 0 0 3 1 0 0 0 0 0 0 a 0 0 f 0 0 0 0 0 0 0 0 0 0 1 0 0 0 0 1fc 1fe
R a3 80000334 80000338 800005b7 0 0 0 3 1 0 0 0 0 0 0 b 80000000 80000000 f 0 0 0 0 0 0 0 0 0 0 1 0 0 0 0 201 203
R a4 80000338 8000033c f0665637 0 0 0 3 1 0 0 0 0 0 0 c f0665000 f0665000 f 0 0 4 0 0 0 0 0 0 0 1 0 0 0 0 204 206
R a5 8000033c 80000340 bba60613 0 0 0 3 1 c f0665000 0 0 0 0 c f0664bba f0664bba f 0 0 0 0 0 0 0 0 0 0 1 0 0 0 0 206 208
R a6 80000340 80000344 800006b7 0 0 0 3 1 0 0 0 0 0 0 d 80000000 80000000 f 0 0 0 0 0 0 0 0 0 0 1 0 0 0 0 209 20b
R a7 80000344 80000346 4705 0 0 0 3 1 0 0 0 0 0 0 e 1 1 f 0 0 80000000 0 0 0 0 0 0 0 1 0 0 0 0 20c 20e
R a8 80000346 8000034a 800007b7 0 0 0 3 1 0 0 0 0 0 0 f 80000000 80000000 f 0 0 0 0 0 0 0 0 0 0 1 0 0 0 0 20e 210
R a9 8000034a 8000034c 4801 0 0 0 3 1 0 0 0 0 0 0 10 0 0 f 0 0 0 0 0 0 0 0 0 0 1 0 0 0 0 20f 211
R aa 8000034c 8000034e 4901 0 0 0 3 1 0 0 0 0 0 0 12 0 0 f 0 0 0 0 0 0 0 0 0 0 1 0 0 0 0 213 215
R ab 8000034e 80000352 f481a9b7 0 0 0 3 1 0 0 0 0 0 0 13 f481a000 f481a000 f 0 0 0 0 0 0 0 0 0 0 1 0 0 0 0 217 219
R ac 80000352 80000356 28b98993 0 0 0 3 1 13 f481a000 0 0 0 0 13 f481a28b f481a28b f 0 0 80000000 0 0 0 0 0 0 0 1 0 0 0 0 218 21a
R ad 80000356 8000035a 80000a37 0 0 0 3 1 0 0 0 0 0 0 14 80000000 80000000 f 0 0 0 0 0 0 0 0 0 0 1 0 0 0 0 21d 21f
R ae 8000035a 8000035e 6522fab7 0 0 0 3 1 0 0 0 0 0 0 15 6522f000 6522f000 f 0 0 0 0 0 0 0 0 0 0 1 0 0 0 0 221 223
R af 8000035e 80000362 e4ea8a93 0 0 0 3 1 15 6522f000 0 0 0 0 15 6522ee4e 6522ee4e f 0 0 1 0 0 0 0 0 0 0 1 0 0 0 0 222 224
R b0 80000362 80000366 8539b37 0 0 0 3 1 0 0 0 0 0 0 16 8539000 8539000 f 0 0 869bf854 0 0 0 0 0 0 0 1 0 0 0 0 226 228
R b1 80000366 8000036a f5fb0b13 0 0 0 3 1 16 8539000 0 0 0 0 16 8538f5f 8538f5f f 0 0 0 0 0 0 0 0 0 0 1 0 0 0 0 22b 22d
R b2 8000036a 8000036e 71b1bbb7 0 0 0 3 1 0 0 0 0 0 0 17 71b1b000 71b1b000 f 0 0 0 0 0 0 0 0 0 0 1 0 0 0 0 22f 231
R b3 8000036e 80000372 daeb8b93 0 0 0 3 1 17 71b1b000 0 0 0 0 17 71b1adae 71b1adae f 0 0 1 0 0 0 0 0 0 0 1 0 0 0 0 233 235
R b4 80000372 80000374 4c11 0 0 0 3 1 0 0 0 0 0 0 18 4 4 f 0 0 80000000 0 0 0 0 0 0 0 1 0 0 0 0 234 236
R b5 80000374 80000376 4c81 0 0 0 3 1 0 0 0 0 0 0 19 0 0 f 0 0 0 0 0 0 0 0 0 0 1 0 0 0 0 235 237
R b6 80000376 8000037a 80000d37 0 0 0 3 1 0 0 0 0 0 0 1a 80000000 80000000 f 0 0 0 0 0 0 0 0 0 0 1 0 0 0 0 237 239
R b7 8000037a 8000037c 4d81 0 0 0 3 1 0 0 0 0 0 0 1b 0 0 f 0 0 0 0 0 0 0 0 0 0 1 0 0 0 0 238 23a
R b8 8000037c 80000380 80000e37 0 0 0 3 1 0 0 0 0 0 0 1c 80000000 80000000 f 0 0 0 0 0 0 0 0 0 0 1 0 0 0 0 23c 23e
R b9 80000380 80000384 fac63eb7 0 0 0 3 1 0 0 0 0 0 0 1d fac63000 fac63000 f 0 0 f0664bba 0 0 0 0 0 0 0 1 0 0 0 0 240 242
R ba 80000384 80000388 cd2e8e93 0 0 0 3 1 1d fac63000 0 0 0 0 1d fac62cd2 fac62cd2 f 0 0 0 0 0 0 0 0 0 0 1 0 0 0 0 242 244
R bb 80000388 8000038c f6465f37 0 0 0 3 1 0 0 0 0 0 0 1e f6465000 f6465000 f 0 0 80000000 0 0 0 0 0 0 0 1 0 0 0 0 246 248
R bc 8000038c 80000390 962f0f13 0 0 0 3 1 1e f6465000 0 0 0 0 1e f6464962 f6464962 f 0 0 e133fd42 0 0 0 0 0 0 0 1 0 0 0 0 247 249
R bd 80000390 80000394 fdbc2fb7 0 0 0 3 1 0 0 0 0 0 0 1f fdbc2000 fdbc2000 f 0 0 0 0 0 0 0 0 0 0 1 0 0 0 0 24b 24d
R be 80000394 80000398 732f8f93 0 0 0 3 1 1f fdbc2000 0 0 0 0 1f fdbc2732 fdbc2732 f 0 0 0 0 0 0 0 0 0 0 1 0 0 0 0 24c 24e
R bf 80000398 8000039c 18417 0 0 0 3 1 0 0 0 0 0 0 8 80018398 80018398 f 0 0 0 0 0 0 0 0 0 0 1 0 0 0 0 250 252
R c0 8000039c 800003a0 28c40413 0 0 0 3 1 8 80018398 0 0 0 0 8 80018624 80018624 f 0 0 f0664bba 0 0 0 0 0 0 0 1 0 0 0 0 251 253
R c1 800003a0 80002168 5c90106f 0 0 0 3 1 0 0 0 0 0 0 0 0 800003a4 f 0 0 1 0 0 0 0 0 0 0 1 0 0 0 0 254 256
R c2 80002168 8000216a 1 0 0 0 3 1 0 0 0 0 0 0 0 0 0 f 0 0 0 0 0 0 0 0 0 0 1 0 0 0 0 25c 25e
R c3 8000216a 8000216e 2485fd93 0 0 0 3 1 b 80000000 0 0 0 0 1b 0 80000248 f 0 0 80018624 0 0 0 0 0 0 0 1 0 0 0 0 25d 25f
R c4 8000216e 80002172 661693 0 0 0 3 1 c f0664bba 0 0 0 0 d 1992ee80 f0664bc0 f 0 0 4 0 0 0 0 0 0 0 1 0 0 0 0 262 264
R c5 80002172 80002176 407e5113 0 0 0 3 1 1c 80000000 0 0 0 0 2 ff000000 80000407 f 0 0 80000000 0 0 0 0 0 0 0 1 0 0 0 0 266 268
R c6 80002176 8000217a 61b95e93 0 0 0 3 1 12 0 0 0 12 0 1d 0 61b f 0 0 0 0 0 0 0 0 0 0 1 0 0 0 0 269 26b
R c7 8000217a 8000217e abd9033 0 0 0 3 1 1b 0 b 80000000 0 0 0 0 80000000 f 0 0 80000000 0 0 0 0 0 0 0 1 0 0 0 0 26c 26e
R c8 8000217e 80002182 29261813 0 0 0 3 1 c f0664bba 0 0 0 0 10 f0664bba f0664e4c f 0 0 0 0 0 0 0 0 0 0 1 0 0 0 0 26f 271
R c9 80002182 80002186 605f9b13 0 0 0 3 1 1f fdbc2732 0 0 0 0 16 2732 fdbc2d37 f 0 0 869bf854 0 0 0 0 0 0 0 1 0 0 0 0 273 275
R ca 80002186 8000218a 21f84033 0 0 0 3 1 10 f0664bba 1f fdbc2732 0 0 0 0 bf55561a f 0 0 fdbc2732 0 0 0 0 0 0 0 1 0 0 0 0 276 278
R cb 8000218a 8000218e 23fc733 0 0 0 3 1 1f fdbc2732 3 80000000 1f fdbc2732 e 0 80000000 f 0 0 80000000 0 0 0 0 0 0 0 1 0 0 0 0 29d 29f
R cc 8000218e 80002192 2444b33 0 0 0 3 1 8 80018624 4 80000000 8 80018624 16 0 80000000 f 0 0 80000000 0 0 0 0 0 0 0 1 0 0 0 0 2c2 2c4
R cd 80002192 80002196 4849d293 0 0 0 3 1 13 f481a28b 0 0 0 0 5 0 f481a70f f 0 0 80000000 0 0 0 0 0 0 0 1 0 0 0 0 2c3 2c5
R ce 80002196 80002198 4f79 0 0 0 3 1 0 0 0 0 0 0 1e 1e 1e f 0 0 f6464962 0 0 0 0 0 0 0 1 0 0 0 0 2c4 2c6
R cf 80002198 8000219c 21ed5b3 0 0 0 3 1 1d 0 1 80000000 1d 0 b 0 80000000 f 0 0 80000000 0 0 0 0 0 0 0 1 0 0 0 0 2e9 2eb
R d0 8000219c 800021a0 48dedbb3 0 0 0 3 1 1d 0 d 1992ee80 0 0 17 0 1992ee80 f 0 0 1992ee80 0 0 0 0 0 0 0 1 0 0 0 0 2ea 2ec
R d1 800021a0 800021a4 602e1513 0 0 0 3 1 1c 80000000 0 0 0 0 a 1 80000602 f 0 0 ff000000 0 0 0 0 0 0 0 1 0 0 0 0 2eb 2ed
R d2 800021a4 800021a8 27cbe33 0 0 0 3 1 19 0 7 80000000 19 0 1c 0 80000000 f 0 0 80000000 0 0 0 0 0 0 0 1 0 0 0 0 2ed 2ef
R d3 800021a8 800021ac b6c6fb3 0 0 0 3 1 18 4 16 0 0 0 1f 4 4 f 0 0 0 0 0 0 0 0 0 0 1 0 0 0 0 2ee 2f0
R d4 800021ac 800021b0 2416eb3 0 0 0 3 1 2 ff000000 4 80000000 2 ff000000 1d ff000000 80000000 f 0 0 80000000 0 0 0 0 0 0 0 1 0 0 0 0 313 315
R d5 800021b0 800021b4 34011373 0 0 0 3 1 2 ff000000 0 0 0 0 6 0 fefffcc0 f 0 0 0 0 0 0 0 0 0 0 1 0 0 0 0 314 316
R d6 800021b4 800021b8 290e33 0 0 0 3 1 12 0 2 ff000000 0 0 1c ff000000 ff000000 f 0 0 ff000000 0 0 0 0 0 0 0 1 0 0 0 0 315 317
R d7 800021b8 800021ba e30d 0 0 0 3 1 e 0 0 0 0 0 0 0 0 f 0 0 0 0 0 0 0 0 0 0 1 0 0 0 0 316 318
R d8 800021ba 800021bc 9bfd 0 0 0 3 1 f 80000000 0 0 0 0 f 80000000 7fffffff f 0 0 4 0 0 0 0 0 0 0 1 0 0 0 0 317 319
R d9 800021bc 800021be ce8d 0 0 0 3 1 d 1992ee80 0 0 0 0 0 0 1992ee80 f 0 0 0 0 0 0 0 0 0 0 1 0 0 0 0 318 31a
R da 800021be 800021c2 2769833 0 0 0 3 1 d 1992ee80 7 80000000 d 1992ee80 10 f33688c0 80000000 f 0 0 80000000 0 0 0 0 0 0 0 1 0 0 0 0 31a 31c
R db 800021c2 800021c6 cc276b13 0 0 0 3 1 e 0 0 0 0 0 16 fffffcc2 fffffcc2 f 0 0 ff000000 0 0 0 0 0 0 0 1 0 0 0 0 31b 31d
R dc 800021c6 800021ca 25d50b3 0 0 0 3 1 1a 80000000 5 0 1a 80000000 1 ffffffff 0 f 0 0 0 0 0 0 0 0 0 0 1 0 0 0 0 31d 31f
R dd 800021ca 800021ce 16611837 0 0 0 3 1 0 0 0 0 0 0 10 16611000 16611000 f 0 0 0 0 0 0 0 0 0 0 1 0 0 0 0 321 323
R de 800021ce 800021d0 2ce 0 0 0 3 1 5 0 0 0 0 0 5 0 13 f 0 0 f481a28b 0 0 0 0 0 0 0 1 0 0 0 0 322 324
R df 800021d0 800021d4 4061ce33 0 0 0 3 1 3 80000000 6 0 0 0 1c 7fffffff 80000000 f 0 0 0 0 0 0 0 0 0 0 1 0 0 0 0 324 326
R e0 800021d4 800021d8 ba7eeb3 0 0 0 3 1 f 80000000 1a 80000000 0 0 1d 80000000 0 f 0 0 80000000 0 0 0 0 0 0 0 1 0 0 0 0 327 329
R e1 800021d8 800021da 8359 0 0 0 3 1 e 0 0 0 0 0 e 0 16 f 0 0 fffffcc2 0 0 0 0 0 0 0 1 0 0 0 0 329 32b
R e2 800021da 800021de d78c33 0 0 0 3 1 f 80000000 d 1992ee80 0 0 18 9992ee80 9992ee80 f 0 0 1992ee80 0 0 0 0 0 0 0 1 0 0 0 0 32c 32e
R e3 800021de 800021e2 c5817397 0 0 0 3 1 0 0 0 0 0 0 7 458191de 458191de f 0 0 9992ee80 0 0 0 0 0 0 0 1 0 0 0 0 32d 32f
R e4 800021e2 800021e4 8d4d 0 0 0 3 1 a 1 b 0 0 0 a 1 1 f 0 0 0 0 0 0 0 0 0 0 1 0 0 0 0 32e 330
R e5 800021e4 800021e8 9f9cbf13 0 0 0 3 1 19 0 0 0 0 0 1e 1 607 f 0 0 0 0 0 0 0 0 0 0 1 0 0 0 0 32f 331
R e6 800021e8 800021ec b5f9333 0 0 0 3 1 1f 4 15 6522ee4e 0 0 6 948bb938 6522ee52 f 0 0 6522ee4e 0 0 0 0 0 0 0 1 0 0 0 0 333 335
R e7 800021ec 800021f0 e250e217 0 0 0 3 1 0 0 0 0 0 0 4 625101ec 625101ec f 0 0 0 0 0 0 0 0 0 0 1 0 0 0 0 338 33a
R e8 800021f0 800021f4 2983733 0 0 0 3 1 10 16611000 9 1 10 16611000 e 0 ffffffff f 0 0 1 0 0 0 0 0 0 0 1 0 0 0 0 33c 33e
R e9 800021f4 80002224 eb85 0 0 0 3 1 f 80000000 0 0 0 0 0 0 80000000 f 0 0 0 0 0 0 0 0 0 0 1 0 0 0 0 33e 340
R ea 80002224 80002228 2b1acb3 0 0 0 3 1 3 80000000 b 0 3 80000000 19 0 0 f 0 0 0 0 0 0 0 0 0 0 1 0 0 0 0 346 348
R eb 80002228 8000222c 49521e33 0 0 0 3 1 4 625101ec 15 6522ee4e 0 0 1c 625101ec c773f03a f 0 0 6522ee4e 0 0 0 0 0 0 0 1 0 0 0 0 347 349
R ec 8000222c 80002230 60401113 0 0 0 3 1 0 0 0 0 0 0 2 0 604 f 0 0 625101ec 0 0 0 0 0 0 0 1 0 0 0 0 348 34a
R ed 80002230 80002234 a937eb3 0 0 0 3 1 6 948bb938 9 1 0 0 1d 948bb938 948bb937 f 0 0 1 0 0 0 0 0 0 0 1 0 0 0 0 34b 34d
R ee 80002234 80002238 100ea33 0 0 0 3 1 1 ffffffff 10 16611000 0 0 14 ffffffff 16610fff f 0 0 16611000 0 0 0 0 0 0 0 1 0 0 0 0 34d 34f
R ef 80002238 8000223c 61b45933 0 0 0 3 1 8 80018624 1b 0 8 80018624 12 80018624 80018624 f 0 0 0 0 0 0 0 0 0 0 1 0 0 0 0 350 352
R f0 8000223c 80002240 4178eeb3 0 0 0 3 1 11 8001c4a4 17 0 0 0 1d ffffffff 8001c4a4 f 0 0 0 0 0 0 0 0 0 0 1 0 0 0 0 351 353
R f1 80002240 80002244 34007d73 0 0 0 3 1 0 0 0 0 0 0 1a ff000000 fffffcc0 f 0 0 0 0 0 0 0 0 0 0 1 0 0 0 0 353 355
R f2 80002244 80002248 16286b3 0 0 0 3 1 5 0 16 fffffcc2 0 0 d fffffcc2 fffffcc2 f 0 0 fffffcc2 0 0 0 0 0 0 0 1 0 0 0 0 356 358
R f3 80002248 8000224c bd96f33 0 0 0 3 1 12 80018624 1d ffffffff 0 0 1e ffffffff 80018625 f 0 0 ffffffff 0 0 0 0 0 0 0 1 0 0 0 0 359 35b
R f4 8000224c 80002250 514f4f13 0 0 0 3 1 1e ffffffff 0 0 0 0 1e fffffaeb 513 f 0 0 ffffffff 0 0 0 0 0 0 0 1 0 0 0 0 35c 35e
R f5 80002250 80002254 21682db3 0 0 0 3 1 10 16611000 16 fffffcc2 0 0 1b 2cc21cc2 2cc21cc2 f 0 0 fffffcc2 0 0 0 0 0 0 0 1 0 0 0 0 35e 360
R f6 80002254 80002258 b45a133 0 0 0 3 1 b 0 14 ffffffff 0 0 2 0 ffffffff f 0 0 ffffffff 0 0 0 0 0 0 0 1 0 0 0 0 362 364
R f7 80002258 8000225c 402ecab3 0 0 0 3 1 1d ffffffff 2 0 0 0 15 0 ffffffff f 0 0 0 0 0 0 0 0 0 0 1 0 0 0 0 364 366
R f8 8000225c 80002260 21f2b593 0 0 0 3 1 5 0 0 0 0 0 b 1 fffffde1 f 0 0 4 0 0 0 0 0 0 0 1 0 0 0 0 367 369
R f9 80002260 80002264 340875f3 0 0 0 3 1 0 0 0 0 0 0 b ff000000 fffffcd0 f 0 0 0 0 0 0 0 0 0 0 1 0 0 0 0 36c 36e
R fa 80002264 80002268 698b5113 0 0 0 3 1 16 fffffcc2 0 0 0 0 2 c2fcffff 35a f 0 0 9992ee80 0 0 0 0 0 0 0 1 0 0 0 0 370 372
R fb 80002268 8000226c 80bc033 0 0 0 3 1 17 0 0 0 0 0 0 0 0 f 0 0 0 0 0 0 0 0 0 0 1 0 0 0 0 372 374
R fc 8000226c 80002270 340073f3 0 0 0 3 1 0 0 0 0 0 0 7 ff000000 fffffcc0 f 0 0 0 0 0 0 0 0 0 0 1 0 0 0 0 375 377
R fd 80002270 80002274 21ecc6b3 0 0 0 3 1 19 0 1e fffffaeb 0 0 d fffffaeb fffffaeb f 0 0 fffffaeb 0 0 0 0 0 0 0 1 0 0 0 0 379 37b
R fe 80002274 80002278 48e51493 0 0 0 3 1 a 1 0 0 0 0 9 1 48f f 0 0 0 0 0 0 0 0 0 0 1 0 0 0 0 37a 37c
R ff 80002278 8000227a 1 0 0 0 3 1 0 0 0 0 0 0 0 0 0 f 0 0 0 0 0 0 0 0 0 0 1 0 0 0 0 37c 37e
R 100 8000227a 8000227e 1177d63 0 0 0 3 1 e 0 11 8001c4a4 0 0 0 0 7ffe3b5c f 0 0 8001c4a4 0 0 0 0 0 0 0 1 0 0 0 0 381 383
R 101 8000227e 80002282 b57b7b3 0 0 0 3 1 f 80000000 15 0 0 0 f 0 80000000 f 0 0 0 0 0 0 0 0 0 0 1 0 0 0 0 382 384
R 102 80002282 80002286 e0b94e13 0 0 0 3 1 12 80018624 0 0 0 0 1c 7ffe782f 8001842f f 0 0 ff000000 0 0 0 0 0 0 0 1 0 0 0 0 387 389
R 103 80002286 8000228a 602d9f93 0 0 0 3 1 1b 2cc21cc2 0 0 0 0 1f c 2cc222c4 f 0 0 c2fcffff 0 0 0 0 0 0 0 1 0 0 0 0 38a 38c
R 104 8000228a 8000228c 8e99 0 0 0 3 1 d fffffaeb e 0 0 0 d fffffaeb fffffaeb f 0 0 0 0 0 0 0 0 0 0 1 0 0 0 0 38b 38d
R 105 8000228c 80002290 340ef4f3 0 0 0 3 1 0 0 0 0 0 0 9 ff000000 fffffcdd f 0 0 0 0 0 0 0 0 0 0 1 0 0 0 0 38c 38e
R 106 80002290 80002294 41b48b33 0 0 0 3 1 9 ff000000 1b 2cc21cc2 0 0 16 d23de33e d23de33e f 0 0 2cc21cc2 0 0 0 0 0 0 0 1 0 0 0 0 390 392
R 107 80002294 80002298 ba50c313 0 0 0 3 1 1 ffffffff 0 0 0 0 6 45a fffffba4 f 0 0 0 0 0 0 0 0 0 0 1 0 0 0 0 391 393
R 108 80002298 8000229c 606ddab3 0 0 0 3 1 1b 2cc21cc2 6 45a 1b 2cc21cc2 15 3087308b 2cc2211c f 0 0 45a 0 0 0 0 0 0 0 1 0 0 0 0 396 398
R 109 8000229c 800022a0 3408dff3 0 0 0 3 1 0 0 0 0 0 0 1f ff000000 fffffcd1 f 0 0 0 0 0 0 0 0 0 0 1 0 0 0 0 39a 39c
R 10a 800022a0 800022ce 2f00763 0 0 0 3 1 0 0 f 0 0 0 0 0 0 f 0 0 0 0 0 0 0 0 0 0 1 0 0 0 0 39c 39e
R 10b 800022ce 800022d2 49835213 0 0 0 3 1 6 45a 0 0 0 0 4 0 8f2 f 0 0 9992ee80 0 0 0 0 0 0 0 1 0 0 0 0 3a5 3a7
R 10c 800022d2 800022d6 29199bb3 0 0 0 3 1 13 f481a28b 11 8001c4a4 0 0 17 f481a29b 7483672f f 0 0 8001c4a4 0 0 0 0 0 0 0 1 0 0 0 0 3aa 3ac
R 10d 800022d6 800022da f1f7ad93 0 0 0 3 1 f 0 0 0 0 0 1b 0 e1 f 0 0 ff000000 0 0 0 0 0 0 0 1 0 0 0 0 3ae 3b0
R 10e 800022da 800022de 4043d1b3 0 0 0 3 1 7 ff000000 4 0 0 0 3 ff000000 ff000000 f 0 0 0 0 0 0 0 0 0 0 1 0 0 0 0 3af 3b1
R 10f 800022de 800022e2 3245e33 0 0 0 3 1 8 80018624 12 80018624 8 80018624 1c 1 7ffe79dc f 0 0 80018624 0 0 0 0 0 0 0 1 0 0 0 0 3d8 3da
R 110 800022e2 800022e6 69783c93 0 0 0 3 1 10 16611000 0 0 0 0 19 0 16610969 f 0 0 f481a29b 0 0 0 0 0 0 0 1 0 0 0 0 3d9 3db
R 111 800022e6 800022ea a935333 0 0 0 3 1 6 45a 9 ff000000 0 0 6 45a 100045a f 0 0 ff000000 0 0 0 0 0 0 0 1 0 0 0 0 3da 3dc
R 112 800022ea 800022ee 3752b3 0 0 0 3 1 e 0 3 ff000000 0 0 5 0 ff000000 f 0 0 ff000000 0 0 0 0 0 0 0 1 0 0 0 0 3db 3dd
R 113 800022ee 800022f2 8024833 0 0 0 3 1 4 0 0 0 0 0 10 0 0 f 0 0 0 0 0 0 0 0 0 0 1 0 0 0 0 3dc 3de
R 114 800022f2 800022f4 8ee9 0 0 0 3 1 d fffffaeb a 1 0 0 d 1 fffffaec f 0 0 1 0 0 0 0 0 0 0 1 0 0 0 0 3dd 3df
R 115 800022f4 800022f8 cb743093 0 0 0 3 1 8 80018624 0 0 0 0 1 1 8001896d f 0 0 f481a29b 0 0 0 0 0 0 0 1 0 0 0 0 3de 3e0
R 116 800022f8 800022fc 28795293 0 0 0 3 1 12 80018624 0 0 0 0 5 ffffffff 800188ab f 0 0 ff000000 0 0 0 0 0 0 0 1 0 0 0 0 3e1 3e3
R 117 800022fc 800022fe 4205 0 0 0 3 1 0 0 0 0 0 0 4 1 1 f 0 0 1 0 0 0 0 0 0 0 1 0 0 0 0 3e2 3e4
R 118 800022fe 80002302 34003e73 0 0 0 3 1 0 0 0 0 0 0 1c 11 fffffcc0 f 0 0 0 0 0 0 0 0 0 0 1 0 0 0 0 3e5 3e7
R 119 80002302 80002306 2220d33 0 0 0 3 1 4 1 2 c2fcffff 0 0 1a c2fcffff 3d030001 f 0 0 c2fcffff 0 0 0 0 0 0 0 1 0 0 0 0 3e8 3ea
R 11a 80002306 8000230a 200c67b3 0 0 0 3 1 18 9992ee80 0 0 0 0 f cc977400 cc977400 f 0 0 0 0 0 0 0 0 0 0 1 0 0 0 0 3eb 3ed
R 11b 8000230a 8000230e 5f03eb93 0 0 0 3 1 7 ff000000 0 0 0 0 17 ff0005f0 ff0005f0 f 0 0 0 0 0 0 0 0 0 0 1 0 0 0 0 3ec 3ee
R 11c 8000230e 80002312 21042033 0 0 0 3 1 8 80018624 10 0 0 0 0 0 30c48 f 0 0 0 0 0 0 0 0 0 0 1 0 0 0 0 3ef 3f1
R 11d 80002312 80002314 8fad 0 0 0 3 1 f cc977400 b ff000000 0 0 f 33977400 cb977400 f 0 0 ff000000 0 0 0 0 0 0 0 1 0 0 0 0 3f0 3f2
R 11e 80002314 80002316 8d51 0 0 0 3 1 a 1 c f0664bba 0 0 a f0664bbb f0664bbb f 0 0 f0664bba 0 0 0 0 0 0 0 1 0 0 0 0 3f5 3f7
R 11f 80002316 8000231a 26f43b3 0 0 0 3 1 1e fffffaeb 6 45a 1e fffffaeb 7 ffffffff fffffba6 f 0 0 45a 0 0 0 0 0 0 0 1 0 0 0 0 41c 41e
R 120 8000231a 8000231e 2d6d733 0 0 0 3 1 d 1 d 1 d 1 e 1 ffffffff f 0 0 1 0 0 0 0 0 0 0 1 0 0 0 0 441 443
R 121 8000231e 80002322 69a994b3 0 0 0 3 1 13 f481a28b 1a c2fcffff 0 0 9 7481a28b b77ea28a f 0 0 c2fcffff 0 0 0 0 0 0 0 1 0 0 0 0 442 444
R 122 80002322 80002324 973a 0 0 0 3 1 e 1 e 1 0 0 e 2 2 f 0 0 1 0 0 0 0 0 0 0 1 0 0 0 0 443 445
R 123 80002324 80002328 27e333 0 0 0 3 1 f 33977400 2 c2fcffff 0 0 6 f3ffffff f69473ff f 0 0 c2fcffff 0 0 0 0 0 0 0 1 0 0 0 0 444 446
R 124 80002328 8000232c bdd6533 0 0 0 3 1 1a c2fcffff 1d ffffffff 0 0 a ffffffff c2fd0000 f 0 0 ffffffff 0 0 0 0 0 0 0 1 0 0 0 0 445 447
R 125 8000232c 80002330 605f1d93 0 0 0 3 1 1e fffffaeb 0 0 0 0 1b fffffaeb f0 f 0 0 ffffffff 0 0 0 0 0 0 0 1 0 0 0 0 446 448
R 126 80002330 80002334 80cc933 0 0 0 3 1 19 0 0 0 0 0 12 0 0 f 0 0 0 0 0 0 0 0 0 0 1 0 0 0 0 447 449
R 127 80002334 80002338 a1db1b3 0 0 0 3 1 1b fffffaeb 1 1 0 0 3 0 fffffaec f 0 0 1 0 0 0 0 0 0 0 1 0 0 0 0 448 44a
R 128 80002338 8000233c bedf2b3 0 0 0 3 1 1b fffffaeb 1e fffffaeb 0 0 5 fffffaeb 0 f 0 0 fffffaeb 0 0 0 0 0 0 0 1 0 0 0 0 44a 44c
R 129 8000233c 80002340 1419b493 0 0 0 3 1 13 f481a28b 0 0 0 0 9 0 f481a14a f 0 0 1 0 0 0 0 0 0 0 1 0 0 0 0 44c 44e
R 12a 80002340 80002344 485d1833 0 0 0 3 1 1a c2fcffff 5 fffffaeb 0 0 10 c2fcf7ff c2fcfaea f 0 0 fffffaeb 0 0 0 0 0 0 0 1 0 0 0 0 450 452
R 12b 80002344 80002348 a82c533 0 0 0 3 1 5 fffffaeb 8 80018624 0 0 a 80018624 7ffe74c7 f 0 0 80018624 0 0 0 0 0 0 0 1 0 0 0 0 451 453
R 12c 80002348 8000234c 155b6b3 0 0 0 3 1 b ff000000 15 3087308b 0 0 d 0 ce78cf75 f 0 0 3087308b 0 0 0 0 0 0 0 1 0 0 0 0 455 457
R 12d 8000234c 8000234e 86b2 0 0 0 3 1 0 0 c f0664bba 0 0 d f0664bba f0664bba f 0 0 f0664bba 0 0 0 0 0 0 0 1 0 0 0 0 457 459
R 12e 8000234e 80002352 109d513 0 0 0 3 1 13 f481a28b 0 0 0 0 a f481 f481a29b f 0 0 c2fcf7ff 0 0 0 0 0 0 0 1 0 0 0 0 45c 45e
R 12f 80002352 80002356 28e0663 0 0 0 3 1 1c 11 8 80018624 0 0 0 0 7ffe79ed f 0 0 80018624 0 0 0 0 0 0 0 1 0 0 0 0 460 462
R 130 80002356 80002358 8571 0 0 0 3 1 a f481 0 0 0 0 a 0 f89d f 0 0 11 0 0 0 0 0 0 0 1 0 0 0 0 461 463
R 131 80002358 8000235c 28785093 0 0 0 3 1 10 c2fcf7ff 0 0 0 0 1 ffffffff c2fcfa86 f 0 0 ffffffff 0 0 0 0 0 0 0 1 0 0 0 0 463 465
R 132 8000235c 80002360 60421693 0 0 0 3 1 4 1 0 0 0 0 d 1 605 f 0 0 1 0 0 0 0 0 0 0 1 0 0 0 0 467 469
R 133 80002360 80002364 40766333 0 0 0 3 1 c f0664bba 7 ffffffff 0 0 6 f0664bba f0664bb9 f 0 0 ffffffff 0 0 0 0 0 0 0 1 0 0 0 0 469 46b
R 134 80002364 80002368 b53a33 0 0 0 3 1 a 0 b ff000000 0 0 14 1 1000000 f 0 0 ff000000 0 0 0 0 0 0 0 1 0 0 0 0 46c 46e
R 135 80002368 8000236c 69e49db3 0 0 0 3 1 9 0 1e fffffaeb 0 0 1b 800 fffffaeb f 0 0 fffffaeb 0 0 0 0 0 0 0 1 0 0 0 0 46e 470
R 136 8000236c 80002370 28705b13 0 0 0 3 1 0 0 0 0 0 0 16 0 287 f 0 0 ffffffff 0 0 0 0 0 0 0 1 0 0 0 0 46f 471
R 137 80002370 80002372 8df1 0 0 0 3 1 b ff000000 c f0664bba 0 0 b f0000000 ef664bba f 0 0 f0664bba 0 0 0 0 0 0 0 1 0 0 0 0 471 473
R 138 80002372 80002376 34021d73 0 0 0 3 1 4 1 0 0 0 0 1a 11 fffffcc1 f 0 0 0 0 0 0 0 0 0 0 1 0 0 0 0 475 477
R 139 80002376 8000237a 29aa1a33 0 0 0 3 1 14 1 1a 11 0 0 14 20001 12 f 0 0 11 0 0 0 0 0 0 0 1 0 0 0 0 478 47a
R 13a 8000237a 8000237e 7f8c63 0 0 0 3 1 1f ff000000 7 ffffffff 0 0 0 0 ff000001 f 0 0 ffffffff 0 0 0 0 0 0 0 1 0 0 0 0 479 47b
R 13b 8000237e 80002382 660897b7 0 0 0 3 1 0 0 0 0 0 0 f 66089000 66089000 f 0 0 0 0 0 0 0 0 0 0 1 0 0 0 0 47e 480
R 13c 80002382 80002386 1b786b3 0 0 0 3 1 f 66089000 1b 800 0 0 d 66089800 66089800 f 0 0 800 0 0 0 0 0 0 0 1 0 0 0 0 480 482
R 13d 80002386 8000238a 2877dc93 0 0 0 3 1 f 66089000 0 0 0 0 19 ffffff00 66089287 f 0 0 ffffffff 0 0 0 0 0 0 0 1 0 0 0 0 483 485
R 13e 8000238a 8000238e 6ad3ab93 0 0 0 3 1 7 ffffffff 0 0 0 0 17 1 fffff952 f 0 0 66089800 0 0 0 0 0 0 0 1 0 0 0 0 485 487
R 13f 8000238e 80002392 9a96ef13 0 0 0 3 1 d 66089800 0 0 0 0 1e fffff9a9 660891a9 f 0 0 0 0 0 0 0 0 0 0 1 0 0 0 0 487 489
R 140 80002392 80002396 a0f53b3 0 0 0 3 1 1e fffff9a9 0 0 0 0 7 0 fffff9a9 f 0 0 0 0 0 0 0 0 0 0 1 0 0 0 0 489 48b
R 141 80002396 8000239a 2170e2b3 0 0 0 3 1 1 ffffffff 17 1 0 0 5 fffffff9 fffffff9 f 0 0 1 0 0 0 0 0 0 0 1 0 0 0 0 48c 48e
R 142 8000239a 8000239e aa93833 0 0 0 3 1 12 0 a 0 0 0 10 0 0 f 0 0 0 0 0 0 0 0 0 0 1 0 0 0 0 48d 48f
R 143 8000239e 800023a2 e51213 0 0 0 3 1 a 0 0 0 0 0 4 0 e f 0 0 2 0 0 0 0 0 0 0 1 0 0 0 0 490 492
R 144 800023a2 800023a4 8ca9 0 0 0 3 1 9 0 a 0 0 0 9 0 0 f 0 0 0 0 0 0 0 0 0 0 1 0 0 0 0 491 493
R 145 800023a4 800023a8 2d4f463 0 0 0 3 1 9 0 d 66089800 0 0 0 0 99f76800 f 0 0 66089800 0 0 0 0 0 0 0 1 0 0 0 0 493 495
R 146 800023a8 800023ac 490e17b3 0 0 0 3 1 1c 11 10 0 0 0 f 10 11 f 0 0 0 0 0 0 0 0 0 0 1 0 0 0 0 498 49a
R 147 800023ac 800023ae 8d2d 0 0 0 3 1 a 0 b f0000000 0 0 a f0000000 f0000000 f 0 0 f0000000 0 0 0 0 0 0 0 1 0 0 0 0 49a 49c
R 148 800023ae 800023b0 8f25 0 0 0 3 1 e 2 9 0 0 0 e 2 2 f 0 0 0 0 0 0 0 0 0 0 1 0 0 0 0 49b 49d
R 149 800023b0 800023b4 41e35393 0 0 0 3 1 6 f0664bba 0 0 0 0 7 ffffffff f0664fd8 f 0 0 fffff9a9 0 0 0 0 0 0 0 1 0 0 0 0 49c 49e
R 14a 800023b4 800023b8 95aa7513 0 0 0 3 1 14 20001 0 0 0 0 a 20000 1f95b f 0 0 11 0 0 0 0 0 0 0 1 0 0 0 0 4a0 4a2
R 14b 800023b8 800023ba 5e2 0 0 0 3 1 b f0000000 0 0 0 0 b 0 f0000018 f 0 0 9992ee80 0 0 0 0 0 0 0 1 0 0 0 0 4a2 4a4
R 14c 800023ba 800023be 21b245b3 0 0 0 3 1 4 0 1b 800 0 0 b 800 800 f 0 0 800 0 0 0 0 0 0 0 1 0 0 0 0 4a6 4a8
R 14d 800023be 800023c2 35f1c33 0 0 0 3 1 1e fffff9a9 15 3087308b 1e fffff9a9 18 fffffecc cf78cf75 f 0 0 3087308b 0 0 0 0 0 0 0 1 0 0 0 0 4aa 4ac
R 14e 800023c2 800023c6 204727b3 0 0 0 3 1 e 2 4 0 0 0 f 4 4 f 0 0 0 0 0 0 0 0 0 0 1 0 0 0 0 4ae 4b0
R 14f 800023c6 800023ca 1863233 0 0 0 3 1 c f0664bba 18 fffffecc 0 0 4 1 f0664cee f 0 0 fffffecc 0 0 0 0 0 0 0 1 0 0 0 0 4af 4b1
R 150 800023ca 800023cc 8731 0 0 0 3 1 e 2 0 0 0 0 e 0 40e f 0 0 f0664bba 0 0 0 0 0 0 0 1 0 0 0 0 4b0 4b2
R 151 800023cc 800023d0 2bdbab3 0 0 0 3 1 1b 800 b 800 1b 800 15 0 fffff800 f 0 0 800 0 0 0 0 0 0 0 1 0 0 0 0 4b5 4b7
R 152 800023d0 800023d4 100f 0 0 0 3 1 0 0 0 0 0 0 0 0 0 f 0 0 0 0 0 0 0 0 0 0 1 0 0 0 0 4b7 4b9
R 153 800023d4 800023d8 bf91533 0 0 0 3 1 12 0 1f ff000000 0 0 a 0 ff000000 f 0 0 ff000000 0 0 0 0 0 0 0 1 0 0 0 0 4bc 4be
R 154 800023d8 800023dc 60039993 0 0 0 3 1 7 ffffffff 0 0 0 0 13 0 5ff f 0 0 0 0 0 0 0 0 0 0 1 0 0 0 0 4bf 4c1
R 155 800023dc 800023e0 38d96b3 0 0 0 3 1 1b 800 18 fffffecc 1b 800 d ffffffff 134 f 0 0 fffffecc 0 0 0 0 0 0 0 1 0 0 0 0 4c2 4c4
R 156 800023e0 800023e4 340f30f3 0 0 0 3 1 1e fffff9a9 0 0 0 0 1 1 fffff669 f 0 0 0 0 0 0 0 0 0 0 1 0 0 0 0 4c5 4c7
R 157 800023e4 800023e6 8171 0 0 0 3 1 a 0 0 0 0 0 a 0 1c f 0 0 11 0 0 0 0 0 0 0 1 0 0 0 0 4c7 4c9
R 158 800023e6 800023ea 40c50233 0 0 0 3 1 a 0 c f0664bba 0 0 4 f99b446 f99b446 f 0 0 f0664bba 0 0 0 0 0 0 0 1 0 0 0 0 4ca 4cc
R 159 800023ea 800023ee 340230f3 0 0 0 3 1 4 f99b446 0 0 0 0 1 0 f99b106 f 0 0 0 0 0 0 0 0 0 0 1 0 0 0 0 4cb 4cd
R 15a 800023ee 800023f2 100f 0 0 0 3 1 0 0 0 0 0 0 0 0 0 f 0 0 0 0 0 0 0 0 0 0 1 0 0 0 0 4cf 4d1
R 15b 800023f2 800023f4 d6e 0 0 0 3 1 1a 11 0 0 0 0 1a 88000000 2c f 0 0 800 0 0 0 0 0 0 0 1 0 0 0 0 4d5 4d7
R 15c 800023f4 800023f8 41cd76b3 0 0 0 3 1 1a 88000000 1c 11 0 0 d 88000000 88000011 f 0 0 11 0 0 0 0 0 0 0 1 0 0 0 0 4da 4dc
R 15d 800023f8 800023fc 1fc8133 0 0 0 3 1 19 ffffff00 1f ff000000 0 0 2 feffff00 feffff00 f 0 0 ff000000 0 0 0 0 0 0 0 1 0 0 0 0 4dc 4de
R 15e 800023fc 800023fe e915 0 0 0 3 1 a 0 0 0 0 0 0 0 0 f 0 0 0 0 0 0 0 0 0 0 1 0 0 0 0 4df 4e1
R 15f 800023fe 80002402 47d8763 0 0 0 3 1 1b 800 7 ffffffff 0 0 0 0 801 f 0 0 ffffffff 0 0 0 0 0 0 0 1 0 0 0 0 4e3 4e5
R 160 80002402 80002406 21d8e133 0 0 0 3 1 11 8001c4a4 1d ffffffff 0 0 2 e251f e251f f 0 0 ffffffff 0 0 0 0 0 0 0 1 0 0 0 0 4e5 4e7
R 161 80002406 8000240a 100f 0 0 0 3 1 0 0 0 0 0 0 0 0 0 f 0 0 0 0 0 0 0 0 0 0 1 0 0 0 0 4e7 4e9
R 162 8000240a 8000240c 6145 0 0 0 3 1 2 e251f 0 0 0 0 2 e254f e254f f 0 0 0 0 0 0 0 0 0 0 1 0 0 0 0 4ee 4f0
R 163 8000240c 80002410 604f1513 0 0 0 3 1 1e fffff9a9 0 0 0 0 a ffffffa9 ffffffad f 0 0 f99b446 0 0 0 0 0 0 0 1 0 0 0 0 4f2 4f4
R 164 80002410 80002414 68231513 0 0 0 3 1 6 f0664bba 0 0 0 0 a f0664bbe f066523c f 0 0 e254f 0 0 0 0 0 0 0 1 0 0 0 0 4f5 4f7
R 165 80002414 80002418 74bbb3 0 0 0 3 1 9 0 7 ffffffff 0 0 17 1 1 f 0 0 ffffffff 0 0 0 0 0 0 0 1 0 0 0 0 4f9 4fb
R 166 80002418 8000241c 3e65663 0 0 0 3 1 c f0664bba 1e fffff9a9 0 0 0 0 f0665211 f 0 0 fffff9a9 0 0 0 0 0 0 0 1 0 0 0 0 4fb 4fd
R 167 8000241c 80002420 285d1533 0 0 0 3 1 1a 88000000 5 fffffff9 0 0 a 8a000000 87fffff9 f 0 0 fffffff9 0 0 0 0 0 0 0 1 0 0 0 0 4fe 500
R 168 80002420 80002424 3136263 0 0 0 3 1 6 f0664bba 11 8001c4a4 0 0 0 0 70648716 f 0 0 8001c4a4 0 0 0 0 0 0 0 1 0 0 0 0 4ff 501
R 169 80002424 80002428 34006cf3 0 0 0 3 1 0 0 0 0 0 0 19 0 fffffcc0 f 0 0 0 0 0 0 0 0 0 0 1 0 0 0 0 501 503
R 16a 80002428 8000242c 2cd7133 0 0 0 3 1 1a 88000000 c f0664bba 1a 88000000 2 88000000 f99b446 f 0 0 f0664bba 0 0 0 0 0 0 0 1 0 0 0 0 529 52b
R 16b 8000242c 80002430 209ba733 0 0 0 3 1 17 1 9 0 0 0 e 2 2 f 0 0 0 0 0 0 0 0 0 0 1 0 0 0 0 52a 52c
R 16c 80002430 80002434 683a1d93 0 0 0 3 1 14 20001 0 0 0 0 1b 20009 20684 f 0 0 0 0 0 0 0 0 0 0 1 0 0 0 0 52b 52d
R 16d 80002434 80002438 3402d6f3 0 0 0 3 1 0 0 0 0 0 0 d 0 fffffcc5 f 0 0 0 0 0 0 0 0 0 0 1 0 0 0 0 52c 52e
R 16e 80002438 8000243c 3f411b3 0 0 0 3 1 8 80018624 1f ff000000 8 80018624 3 7ffe79 1000000 f 0 0 ff000000 0 0 0 0 0 0 0 1 0 0 0 0 52e 530
R 16f 8000243c 80002440 48c45c13 0 0 0 3 1 8 80018624 0 0 0 0 18 0 80018ab0 f 0 0 f0664bba 0 0 0 0 0 0 0 1 0 0 0 0 52f 531
R 170 80002440 80002444 b48abb3 0 0 0 3 1 11 8001c4a4 14 20001 0 0 17 20006 8003c4a5 f 0 0 20001 0 0 0 0 0 0 0 1 0 0 0 0 530 532
R 171 80002444 80002448 19f9cb3 0 0 0 3 1 1f ff000000 19 0 0 0 19 ff000000 ff000000 f 0 0 0 0 0 0 0 0 0 0 1 0 0 0 0 533 535
R 172 80002448 8000244c 200fe3b3 0 0 0 3 1 1f ff000000 0 0 0 0 7 f8000000 f8000000 f 0 0 0 0 0 0 0 0 0 0 1 0 0 0 0 537 539
R 173 8000244c 80002450 ae94933 0 0 0 3 1 12 0 e 2 0 0 12 0 fffffffe f 0 0 2 0 0 0 0 0 0 0 1 0 0 0 0 53d 53f
R 174 80002450 80002454 2350463 0 0 0 3 1 a 8a000000 3 7ffe79 0 0 0 0 89800187 f 0 0 7ffe79 0 0 0 0 0 0 0 1 0 0 0 0 53f 541
R 175 80002454 80002456 84bd 0 0 0 3 1 9 0 0 0 0 0 9 0 40f f 0 0 4 0 0 0 0 0 0 0 1 0 0 0 0 540 542
R 176 80002456 8000245a 34012073 0 0 0 3 1 2 88000000 0 0 0 0 0 0 87fffcc0 f 0 0 0 0 0 0 0 0 0 0 1 0 0 0 0 544 546
R 177 8000245a 8000245e 48b7dd33 0 0 0 3 1 f 4 b 800 0 0 1a 0 804 f 0 0 800 0 0 0 0 0 0 0 1 0 0 0 0 547 549
R 178 8000245e 80002462 8034c33 0 0 0 3 1 6 f0664bba 0 0 0 0 18 4bba f0664bba f 0 0 0 0 0 0 0 0 0 0 1 0 0 0 0 549 54b
R 179 80002462 80002466 287d5213 0 0 0 3 1 1a 0 0 0 0 0 4 0 287 f 0 0 f8000000 0 0 0 0 0 0 0 1 0 0 0 0 54b 54d
R 17a 80002466 8000246a 29ec1a93 0 0 0 3 1 18 4bba 0 0 0 0 15 40004bba 4e58 f 0 0 fffff9a9 0 0 0 0 0 0 0 1 0 0 0 0 54d 54f
R 17b 8000246a 8000246e 698d5793 0 0 0 3 1 1a 0 0 0 0 0 f 0 698 f 0 0 4bba 0 0 0 0 0 0 0 1 0 0 0 0 54f 551
R 17c 8000246e 80002470 827e 0 0 0 3 1 0 0 1f ff000000 0 0 4 ff000000 ff000000 f 0 0 ff000000 0 0 0 0 0 0 0 1 0 0 0 0 550 552
R 17d 80002470 80002474 e38cad17 0 0 0 3 1 0 0 0 0 0 0 1a 638cc470 638cc470 f 0 0 4bba 0 0 0 0 0 0 0 1 0 0 0 0 553 555
R 17e 80002474 80002478 49701cb3 0 0 0 3 1 0 0 17 20006 0 0 19 0 20006 f 0 0 20006 0 0 0 0 0 0 0 1 0 0 0 0 555 557
R 17f 80002478 8000247c 602f1513 0 0 0 3 1 1e fffff9a9 0 0 0 0 a 1a ffffffab f 0 0 88000000 0 0 0 0 0 0 0 1 0 0 0 0 559 55b
R 180 8000247c 80002480 100f 0 0 0 3 1 0 0 0 0 0 0 0 0 0 f 0 0 0 0 0 0 0 0 0 0 1 0 0 0 0 55c 55e
R 181 80002480 80002484 25854b3 0 0 0 3 1 10 0 5 fffffff9 10 0 9 0 7 f 0 0 fffffff9 0 0 0 0 0 0 0 1 0 0 0 0 587 589
R 182 80002484 80002488 22fd733 0 0 0 3 1 1f ff000000 2 88000000 1f ff000000 e 1 78000000 f 0 0 88000000 0 0 0 0 0 0 0 1 0 0 0 0 5ac 5ae
R 183 80002488 8000248c 4016c3b3 0 0 0 3 1 d 0 1 0 0 0 7 ffffffff 0 f 0 0 0 0 0 0 0 0 0 0 1 0 0 0 0 5ad 5af
R 184 8000248c 8000248e 1 0 0 0 3 1 0 0 0 0 0 0 0 0 0 f 0 0 0 0 0 0 0 0 0 0 1 0 0 0 0 5ae 5b0
R 185 8000248e 80002492 412ac933 0 0 0 3 1 15 40004bba 12 0 0 0 12 bfffb445 40004bba f 0 0 0 0 0 0 0 0 0 0 1 0 0 0 0 5af 5b1
R 186 80002492 80002496 40b98eb3 0 0 0 3 1 13 0 b 800 0 0 1d fffff800 fffff800 f 0 0 800 0 0 0 0 0 0 0 1 0 0 0 0 5b0 5b2
R 187 80002496 8000249a bfc5ab3 0 0 0 3 1 18 4bba 1f ff000000 0 0 15 4bba 1004bba f 0 0 ff000000 0 0 0 0 0 0 0 1 0 0 0 0 5b1 5b3
R 188 8000249a 8000249e 48529833 0 0 0 3 1 5 fffffff9 5 fffffff9 0 0 10 fdfffff9 fffffff2 f 0 0 fffffff9 0 0 0 0 0 0 0 1 0 0 0 0 5b2 5b4
R 189 8000249e 800024a2 156c233 0 0 0 3 1 d 0 15 4bba 0 0 4 4bba 4bba f 0 0 4bba 0 0 0 0 0 0 0 1 0 0 0 0 5b5 5b7
R 18a 800024a2 800024a6 40d05c13 0 0 0 3 1 0 0 0 0 0 0 18 0 40d f 0 0 0 0 0 0 0 0 0 0 1 0 0 0 0 5ba 5bc
R 18b 800024a6 800024aa 48c49493 0 0 0 3 1 9 0 0 0 0 0 9 0 48c f 0 0 f0664bba 0 0 0 0 0 0 0 1 0 0 0 0 5be 5c0
R 18c 800024aa 800024ae 212325b3 0 0 0 3 1 6 f0664bba 12 bfffb445 0 0 b a0cc4bb9 a0cc4bb9 f 0 0 bfffb445 0 0 0 0 0 0 0 1 0 0 0 0 5c0 5c2
R 18d 800024ae 800024b2 431e93 0 0 0 3 1 6 f0664bba 0 0 0 0 1d 664bba0 f0664bbe f 0 0 4bba 0 0 0 0 0 0 0 1 0 0 0 0 5c1 5c3
R 18e 800024b2 800024b4 557d 0 0 0 3 1 0 0 0 0 0 0 a ffffffff ffffffff f 0 0 ff000000 0 0 0 0 0 0 0 1 0 0 0 0 5c2 5c4
R 18f 800024b4 800024b8 12430b3 0 0 0 3 1 8 80018624 12 bfffb445 0 0 1 1 c001d1df f 0 0 bfffb445 0 0 0 0 0 0 0 1 0 0 0 0 5c4 5c6
R 190 800024b8 800024bc 49615733 0 0 0 3 1 2 88000000 16 0 0 0 e 0 88000000 f 0 0 0 0 0 0 0 0 0 0 1 0 0 0 0 5c7 5c9
R 191 800024bc 800024c0 600b9a13 0 0 0 3 1 17 20006 0 0 0 0 14 e 20606 f 0 0 0 0 0 0 0 0 0 0 1 0 0 0 0 5ca 5cc
R 192 800024c0 800024c4 60219113 0 0 0 3 1 3 7ffe79 0 0 0 0 2 13 80047b f 0 0 88000000 0 0 0 0 0 0 0 1 0 0 0 0 5cc 5ce
R 193 800024c4 800024c6 82ba 0 0 0 3 1 0 0 e 0 0 0 5 0 0 f 0 0 0 0 0 0 0 0 0 0 1 0 0 0 0 5d0 5d2
R 194 800024c6 800024ca 3737db3 0 0 0 3 1 6 f0664bba 17 20006 6 f0664bba 1b 17a94 fffdfffa f 0 0 20006 0 0 0 0 0 0 0 1 0 0 0 0 5f7 5f9
R 195 800024ca 800024ce 60039513 0 0 0 3 1 7 ffffffff 0 0 0 0 a 0 5ff f 0 0 0 0 0 0 0 0 0 0 1 0 0 0 0 5f8 5fa
R 196 800024ce 800024d2 60021e13 0 0 0 3 1 4 4bba 0 0 0 0 1c 11 51ba f 0 0 0 0 0 0 0 0 0 0 1 0 0 0 0 5f9 5fb
R 197 800024d2 800024d4 9d0a 0 0 0 3 1 1a 638cc470 2 13 0 0 1a 638cc483 638cc483 f 0 0 13 0 0 0 0 0 0 0 1 0 0 0 0 5fa 5fc
R 198 800024d4 800024d8 e6d833 0 0 0 3 1 d 0 e 0 0 0 10 0 0 f 0 0 0 0 0 0 0 0 0 0 1 0 0 0 0 5fb 5fd
R 199 800024d8 800024da 6571 0 0 0 3 1 0 0 0 0 0 0 a 1c000 1c000 f 0 0 0 0 0 0 0 0 0 0 1 0 0 0 0 5fc 5fe
R 19a 800024da 800024de 34006df3 0 0 0 3 1 0 0 0 0 0 0 1b 88000005 fffffcc0 f 0 0 0 0 0 0 0 0 0 0 1 0 0 0 0 5fd 5ff
R 19b 800024de 800024e2 4e341db7 0 0 0 3 1 0 0 0 0 0 0 1b 4e341000 4e341000 f 0 0 7ffe79 0 0 0 0 0 0 0 1 0 0 0 0 5fe 600
R 19c 800024e2 800024e4 9eda 0 0 0 3 1 1d 664bba0 16 0 0 0 1d 664bba0 664bba0 f 0 0 0 0 0 0 0 0 0 0 1 0 0 0 0 5ff 601
R 19d 800024e4 800024e8 48e15e13 0 0 0 3 1 2 13 0 0 0 0 1c 0 4a1 f 0 0 0 0 0 0 0 0 0 0 1 0 0 0 0 602 604
R 19e 800024e8 800024ec 600d1913 0 0 0 3 1 1a 638cc483 0 0 0 0 12 1 638cca83 f 0 0 0 0 0 0 0 0 0 0 1 0 0 0 0 604 606
R 19f 800024ec 800024ee 1ae 0 0 0 3 1 3 7ffe79 0 0 0 0 3 fff3c800 7ffe84 f 0 0 a0cc4bb9 0 0 0 0 0 0 0 1 0 0 0 0 608 60a
R 1a0 800024ee 800024f2 21c46333 0 0 0 3 1 8 80018624 1c 0 0 0 6 c3120 c3120 f 0 0 0 0 0 0 0 0 0 0 1 0 0 0 0 60c 60e
R 1a1 800024f2 800024f6 5722c813 0 0 0 3 1 5 0 0 0 0 0 10 572 572 f 0 0 1 0 0 0 0 0 0 0 1 0 0 0 0 60d 60f
R 1a2 800024f6 800024fa 1aa5a13 0 0 0 3 1 14 e 0 0 0 0 14 0 28 f 0 0 638cc483 0 0 0 0 0 0 0 1 0 0 0 0 611 613
R 1a3 800024fa 800024fe b6be2b3 0 0 0 3 1 17 20006 16 0 0 0 5 20006 20006 f 0 0 0 0 0 0 0 0 0 0 1 0 0 0 0 614 616
R 1a4 800024fe 80002502 bb69d33 0 0 0 3 1 d 0 1b 4e341000 0 0 1a 0 4e341000 f 0 0 4e341000 0 0 0 0 0 0 0 1 0 0 0 0 617 619
R 1a5 80002502 80002506 60251a93 0 0 0 3 1 a 1c000 0 0 0 0 15 3 1c602 f 0 0 13 0 0 0 0 0 0 0 1 0 0 0 0 61a 61c
R 1a6 80002506 8000250a 29751e33 0 0 0 3 1 a 1c000 17 20006 0 0 1c 1c040 3c006 f 0 0 20006 0 0 0 0 0 0 0 1 0 0 0 0 61b 61d
R 1a7 8000250a 8000250c 1214 0 0 0 3 1 2 13 0 0 0 0 d 133 133 f 0 0 0 0 0 0 0 0 0 0 1 0 0 0 0 61c 61e
R 1a8 8000250c 80002510 3f862b3 0 0 0 3 1 10 572 1f ff000000 10 572 5 572 1000000 f 0 0 ff000000 0 0 0 0 0 0 0 1 0 0 0 0 642 644
R 1a9 80002510 80002512 1 0 0 0 3 1 0 0 0 0 0 0 0 0 0 f 0 0 0 0 0 0 0 0 0 0 1 0 0 0 0 643 645
R 1aa 80002512 80002516 34007bf3 0 0 0 3 1 0 0 0 0 0 0 17 88000005 fffffcc0 f 0 0 0 0 0 0 0 0 0 0 1 0 0 0 0 644 646
R 1ab 80002516 8000251a d39e13 0 0 0 3 1 7 ffffffff 0 0 0 0 1c ffffe000 c f 0 0 133 0 0 0 0 0 0 0 1 0 0 0 0 645 647
R 1ac 8000251a 8000251c cd5 0 0 0 3 1 19 0 0 0 0 0 19 15 15 f 0 0 3 0 0 0 0 0 0 0 1 0 0 0 0 646 648
R 1ad 8000251c 80002520 6984d213 0 0 0 3 1 9 0 0 0 0 0 4 0 698 f 0 0 0 0 0 0 0 0 0 0 1 0 0 0 0 647 649
R 1ae 80002520 80002524 2786933 0 0 0 3 1 10 572 7 ffffffff 10 572 12 0 1 f 0 0 ffffffff 0 0 0 0 0 0 0 1 0 0 0 0 66c 66e
R 1af 80002524 80002528 60019193 0 0 0 3 1 3 fff3c800 0 0 0 0 3 0 fff3ce00 f 0 0 0 0 0 0 0 0 0 0 1 0 0 0 0 66d 66f
R 1b0 80002528 8000252c 7456aa93 0 0 0 3 1 d 133 0 0 0 0 15 1 fffff9ee f 0 0 572 0 0 0 0 0 0 0 1 0 0 0 0 66e 670
R 1b1 8000252c 80002530 713fb3 0 0 0 3 1 2 13 7 ffffffff 0 0 1f 1 14 f 0 0 ffffffff 0 0 0 0 0 0 0 1 0 0 0 0 66f 671
R 1b2 80002530 80002532 84e5 0 0 0 3 1 9 0 0 0 0 0 9 0 419 f 0 0 15 0 0 0 0 0 0 0 1 0 0 0 0 670 672
R 1b3 80002532 80002536 6111deb3 0 0 0 3 1 3 0 11 8001c4a4 3 0 1d 0 8001c4a4 f 0 0 8001c4a4 0 0 0 0 0 0 0 1 0 0 0 0 672 674
R 1b4 80002536 8000253a 40355ab3 0 0 0 3 1 a 1c000 3 0 0 0 15 1c000 1c000 f 0 0 0 0 0 0 0 0 0 0 1 0 0 0 0 675 677
R 1b5 8000253a 8000253e 100f 0 0 0 3 1 0 0 0 0 0 0 0 0 0 f 0 0 0 0 0 0 0 0 0 0 1 0 0 0 0 679 67b
R 1b6 8000253e 80002542 3403e773 0 0 0 3 1 0 0 0 0 0 0 e 88000005 fffffcc7 f 0 0 0 0 0 0 0 0 0 0 1 0 0 0 0 684 686
R 1b7 80002542 80002546 aa89a793 0 0 0 3 1 13 0 0 0 0 0 f 0 558 f 0 0 80018624 0 0 0 0 0 0 0 1 0 0 0 0 687 689
R 1b8 80002546 8000254a 20d1733 0 0 0 3 1 1a 0 0 0 1a 0 e 0 0 f 0 0 0 0 0 0 0 0 0 0 1 0 0 0 0 68b 68d
R 1b9 8000254a 8000254e 604cd033 0 0 0 3 1 19 15 4 0 19 15 0 0 15 f 0 0 0 0 0 0 0 0 0 0 1 0 0 0 0 68e 690
R 1ba 8000254e 80002552 72ef0813 0 0 0 3 1 1e fffff9a9 0 0 0 0 10 d7 d7 f 0 0 0 0 0 0 0 0 0 0 1 0 0 0 0 68f 691
R 1bb 80002552 80002556 6edd4d13 0 0 0 3 1 1a 0 0 0 0 0 1a 6ed 6ed f 0 0 133 0 0 0 0 0 0 0 1 0 0 0 0 693 695
R 1bc 80002556 8000255a 414f5e33 0 0 0 3 1 1e fffff9a9 14 0 0 0 1c fffff9a9 fffff9a9 f 0 0 0 0 0 0 0 0 0 0 1 0 0 0 0 697 699
R 1bd 8000255a 8000255e 1ced093 0 0 0 3 1 1d 0 0 0 0 0 1 0 1c f 0 0 fffff9a9 0 0 0 0 0 0 0 1 0 0 0 0 69a 69c
R 1be 8000255e 80002562 29079e13 0 0 0 3 1 f 0 0 0 0 0 1c 10000 290 f 0 0 d7 0 0 0 0 0 0 0 1 0 0 0 0 69d 69f
R 1bf 80002562 80002566 5ed56213 0 0 0 3 1 a 1c000 0 0 0 0 4 1c5ed 1c5ed f 0 0 133 0 0 0 0 0 0 0 1 0 0 0 0 6a0 6a2
R 1c0 80002566 80002568 6135 0 0 0 3 1 2 13 0 0 0 0 2 173 173 f 0 0 0 0 0 0 0 0 0 0 1 0 0 0 0 6a1 6a3
R 1c1 80002568 8000256a 4b9 0 0 0 3 1 9 0 0 0 0 0 9 e e f 0 0 0 0 0 0 0 0 0 0 1 0 0 0 0 6a4 6a6
R 1c2 8000256a 8000256c 850d 0 0 0 3 1 a 1c000 0 0 0 0 a 3800 1c403 f 0 0 0 0 0 0 0 0 0 0 1 0 0 0 0 6a5 6a7
R 1c3 8000256c 8000256e 1c98 0 0 0 3 1 2 173 0 0 0 0 e 3e3 3e3 f 0 0 d7 0 0 0 0 0 0 0 1 0 0 0 0 6a7 6a9
R 1c4 8000256e 80002570 881e 0 0 0 3 1 0 0 7 ffffffff 0 0 10 ffffffff ffffffff f 0 0 ffffffff 0 0 0 0 0 0 0 1 0 0 0 0 6a8 6aa
R 1c5 80002570 80002574 34006df3 0 0 0 3 1 0 0 0 0 0 0 1b 88000007 fffffcc0 f 0 0 0 0 0 0 0 0 0 0 1 0 0 0 0 6ab 6ad
R 1c6 80002574 80002578 60421313 0 0 0 3 1 4 1c5ed 0 0 0 0 6 ffffffed 1cbf1 f 0 0 1c5ed 0 0 0 0 0 0 0 1 0 0 0 0 6ae 6b0
R 1c7 80002578 8000257c 340fb1f3 0 0 0 3 1 1f 1 0 0 0 0 3 88000007 fffffcc1 f 0 0 0 0 0 0 0 0 0 0 1 0 0 0 0 6b0 6b2
R 1c8 8000257c 8000257e 898d 0 0 0 3 1 b a0cc4bb9 0 0 0 0 b 1 a0cc4bbc f 0 0 88000007 0 0 0 0 0 0 0 1 0 0 0 0 6b3 6b5
R 1c9 8000257e 80002582 20744733 0 0 0 3 1 8 80018624 7 ffffffff 0 0 e 6188f 6188f f 0 0 ffffffff 0 0 0 0 0 0 0 1 0 0 0 0 6b7 6b9
R 1ca 80002582 80002586 340071f3 0 0 0 3 1 0 0 0 0 0 0 3 88000006 fffffcc0 f 0 0 0 0 0 0 0 0 0 0 1 0 0 0 0 6b9 6bb
R 1cb 80002586 80002588 a41 0 0 0 3 1 14 0 0 0 0 0 14 10 10 f 0 0 ffffffff 0 0 0 0 0 0 0 1 0 0 0 0 6ba 6bc
R 1cc 80002588 8000259e eb19 0 0 0 3 1 e 6188f 0 0 0 0 0 0 6188f f 0 0 0 0 0 0 0 0 0 0 1 0 0 0 0 6bc 6be
R 1cd 8000259e 800025a2 413686b3 0 0 0 3 1 d 133 13 0 0 0 d 133 133 f 0 0 0 0 0 0 0 0 0 0 1 0 0 0 0 6c7 6c9
R 1ce 800025a2 800025a6 617 0 0 0 3 1 0 0 0 0 0 0 c 800025a2 800025a2 f 0 0 0 0 0 0 0 0 0 0 1 0 0 0 0 6cb 6cd
R 1cf 800025a6 800025aa bc060613 0 0 0 3 1 c 800025a2 0 0 0 0 c 80002162 80002162 f 0 0 0 0 0 0 0 0 0 0 1 0 0 0 0 6cc 6ce
R 1d0 800025aa 80002162 60067 0 0 0 3 1 c 80002162 0 0 0 0 0 0 800025ae f 0 0 0 0 0 0 0 0 0 0 1 0 0 0 0 6d0 6d2
R 1d1 80002162 80002164 4185 0 0 0 3 1 0 0 0 0 0 0 3 1 1 f 0 0 0 0 0 0 0 0 0 0 1 0 0 0 0 6d7 6d9
R 1d2 80002164 80002168 73 1 0 0 3 1 0 0 0 0 0 0 0 0 0 f 0 0 0 0 0 0 0 0 0 0 1 0 0 0 0 6d9 6db
R 1d3 80001700 80001780 800006f 0 0 0 3 1 0 0 0 0 0 0 0 0 80001704 f 0 0 0 0 0 0 0 0 0 0 1 0 0 0 0 6e3 6e5
R 1d4 80001780 80001782 18f1 0 0 0 3 1 11 8001c4a4 0 0 0 0 11 8001c4a0 8001c4a0 f 0 0 10000 0 0 0 0 0 0 0 1 0 0 0 0 6e8 6ea
R 1d5 80001782 80001786 88a023 0 0 0 3 1 11 8001c4a0 8 80018624 11 8001c4a0 0 0 8001c4a0 0 f 0 80018624 0 0 0 0 0 0 0 1 0 0 0 0 6ed 6f1
R 1d6 80001786 8000178a 88433 0 0 0 3 1 11 8001c4a0 0 0 0 0 8 8001c4a0 8001c4a0 f 0 0 0 0 0 0 0 0 0 0 1 0 0 0 0 6f0 6f2
R 1d7 8000178a 8000178e f8040413 0 0 0 3 1 8 8001c4a0 0 0 0 0 8 8001c420 8001c420 f 0 0 0 0 0 0 0 0 0 0 1 0 0 0 0 6f2 6f4
R 1d8 8000178e 80001792 142223 0 0 0 3 1 8 8001c420 1 0 8 8001c420 0 0 8001c424 0 f 0 0 0 0 0 0 0 0 0 1 0 0 0 0 6f6 6fb
R 1d9 80001792 80001796 242423 0 0 0 3 1 8 8001c420 2 173 8 8001c420 0 0 8001c428 0 f 0 173 0 0 0 0 0 0 0 1 0 0 0 0 6fe 701
R 1da 80001796 8000179a 342623 0 0 0 3 1 8 8001c420 3 1 8 8001c420 0 0 8001c42c 0 f 0 1 0 0 0 0 0 0 0 1 0 0 0 0 704 709
R 1db 8000179a 8000179e 442823 0 0 0 3 1 8 8001c420 4 1c5ed 8 8001c420 0 0 8001c430 0 f 0 1c5ed 0 0 0 0 0 0 0 1 0 0 0 0 70c 711
R 1dc 8000179e 800017a2 542a23 0 0 0 3 1 8 8001c420 5 572 8 8001c420 0 0 8001c434 0 f 0 572 0 0 0 0 0 0 0 1 0 0 0 0 713 717
R 1dd 800017a2 800017a6 642c23 0 0 0 3 1 8 8001c420 6 ffffffed 8 8001c420 0 0 8001c438 0 f 0 ffffffed 0 0 0 0 0 0 0 1 0 0 0 0 718 71d
R 1de 800017a6 800017aa 742e23 0 0 0 3 1 8 8001c420 7 ffffffff 8 8001c420 0 0 8001c43c 0 f 0 ffffffff 0 0 0 0 0 0 0 1 0 0 0 0 71e 723
R 1df 800017aa 800017ac d000 0 0 0 3 1 8 8001c420 8 8001c420 8 8001c420 0 0 8001c440 0 f 0 8001c420 0 0 0 0 0 0 0 1 0 0 0 0 724 727
R 1e0 800017ac 800017ae d044 0 0 0 3 1 8 8001c420 9 e 8 8001c420 0 0 8001c444 0 f 0 e 0 0 0 0 0 0 0 1 0 0 0 0 72a 72e
R 1e1 800017ae 800017b0 d408 0 0 0 3 1 8 8001c420 a 3800 8 8001c420 0 0 8001c448 0 f 0 3800 0 0 0 0 0 0 0 1 0 0 0 0 731 735
R 1e2 800017b0 800017b2 d44c 0 0 0 3 1 8 8001c420 b 1 8 8001c420 0 0 8001c44c 0 f 0 1 0 0 0 0 0 0 0 1 0 0 0 0 738 73d
R 1e3 800017b2 800017b4 d810 0 0 0 3 1 8 8001c420 c 80002162 8 8001c420 0 0 8001c450 0 f 0 80002162 0 0 0 0 0 0 0 1 0 0 0 0 740 743
R 1e4 800017b4 800017b6 d854 0 0 0 3 1 8 8001c420 d 133 8 8001c420 0 0 8001c454 0 f 0 133 0 0 0 0 0 0 0 1 0 0 0 0 745 749
R 1e5 800017b6 800017b8 dc18 0 0 0 3 1 8 8001c420 e 6188f 8 8001c420 0 0 8001c458 0 f 0 6188f 0 0 0 0 0 0 0 1 0 0 0 0 74a 74d
R 1e6 800017b8 800017ba dc5c 0 0 0 3 1 8 8001c420 f 0 8 8001c420 0 0 8001c45c 0 f 0 0 0 0 0 0 0 0 0 1 0 0 0 0 750 755
R 1e7 800017ba 800017be 5042023 0 0 0 3 1 8 8001c420 10 ffffffff 8 8001c420 0 0 8001c460 0 f 0 ffffffff 0 0 0 0 0 0 0 1 0 0 0 0 758 75b
R 1e8 800017be 800017c2 5142223 0 0 0 3 1 8 8001c420 11 8001c4a0 8 8001c420 0 0 8001c464 0 f 0 8001c4a0 0 0 0 0 0 0 0 1 0 0 0 0 75e 762
R 1e9 800017c2 800017c6 5242423 0 0 0 3 1 8 8001c420 12 0 8 8001c420 0 0 8001c468 0 f 0 0 0 0 0 0 0 0 0 1 0 0 0 0 765 768
R 1ea 800017c6 800017ca 5342623 0 0 0 3 1 8 8001c420 13 0 8 8001c420 0 0 8001c46c 0 f 0 0 0 0 0 0 0 0 0 1 0 0 0 0 76a 76f
R 1eb 800017ca 800017ce 5442823 0 0 0 3 1 8 8001c420 14 10 8 8001c420 0 0 8001c470 0 f 0 10 0 0 0 0 0 0 0 1 0 0 0 0 772 777
R 1ec 800017ce 800017d2 5542a23 0 0 0 3 1 8 8001c420 15 1c000 8 8001c420 0 0 8001c474 0 f 0 1c000 0 0 0 0 0 0 0 1 0 0 0 0 779 77c
R 1ed 800017d2 800017d6 5642c23 0 0 0 3 1 8 8001c420 16 0 8 8001c420 0 0 8001c478 0 f 0 0 0 0 0 0 0 0 0 1 0 0 0 0 77f 783
R 1ee 800017d6 800017da 5742e23 0 0 0 3 1 8 8001c420 17 88000005 8 8001c420 0 0 8001c47c 0 f 0 88000005 0 0 0 0 0 0 0 1 0 0 0 0 786 789
R 1ef 800017da 800017de 7842023 0 0 0 3 1 8 8001c420 18 0 8 8001c420 0 0 8001c480 0 f 0 0 0 0 0 0 0 0 0 1 0 0 0 0 78c 78f
R 1f0 800017de 800017e2 7942223 0 0 0 3 1 8 8001c420 19 15 8 8001c420 0 0 8001c484 0 f 0 15 0 0 0 0 0 0 0 1 0 0 0 0 792 797
R 1f1 800017e2 800017e6 7a42423 0 0 0 3 1 8 8001c420 1a 6ed 8 8001c420 0 0 8001c488 0 f 0 6ed 0 0 0 0 0 0 0 1 0 0 0 0 79a 79d
R 1f2 800017e6 800017ea 7b42623 0 0 0 3 1 8 8001c420 1b 88000007 8 8001c420 0 0 8001c48c 0 f 0 88000007 0 0 0 0 0 0 0 1 0 0 0 0 79f 7a3
R 1f3 800017ea 800017ee 7c42823 0 0 0 3 1 8 8001c420 1c 10000 8 8001c420 0 0 8001c490 0 f 0 10000 0 0 0 0 0 0 0 1 0 0 0 0 7a5 7aa
R 1f4 800017ee 800017f2 7d42a23 0 0 0 3 1 8 8001c420 1d 0 8 8001c420 0 0 8001c494 0 f 0 0 0 0 0 0 0 0 0 1 0 0 0 0 7ac 7b0
R 1f5 800017f2 800017f6 7e42c23 0 0 0 3 1 8 8001c420 1e fffff9a9 8 8001c420 0 0 8001c498 0 f 0 fffff9a9 0 0 0 0 0 0 0 1 0 0 0 0 7b1 7b4
R 1f6 800017f6 800017fa 7f42e23 0 0 0 3 1 8 8001c420 1f 1 8 8001c420 0 0 8001c49c 0 f 0 1 0 0 0 0 0 0 0 1 0 0 0 0 7b5 7ba
R 1f7 800017fa 800017fe 408b3 0 0 0 3 1 8 8001c420 0 0 0 0 11 8001c420 8001c420 f 0 0 0 0 0 0 0 0 0 0 1 0 0 0 0 7b9 7bb
R 1f8 800017fe 80001802 34102ff3 0 0 0 3 1 0 0 0 0 0 0 1f 80002164 fffffcbf f 0 0 0 0 0 0 0 0 0 0 1 0 0 0 0 7ba 7bc
R 1f9 80001802 80001806 34202ff3 0 0 0 3 1 0 0 0 0 0 0 1f b fffffcbe f 0 0 173 0 0 0 0 0 0 0 1 0 0 0 0 7bb 7bd
R 1fa 80001806 80001808 4c8d 0 0 0 3 1 0 0 0 0 0 0 19 3 3 f 0 0 1 0 0 0 0 0 0 0 1 0 0 0 0 7bc 7be
R 1fb 80001808 8000180c 5b9f89e3 0 0 0 3 1 1f b 19 3 0 0 0 0 8 f 0 0 3 0 0 0 0 0 0 0 1 0 0 0 0 7bd 7bf
R 1fc 8000180c 8000180e 4ca1 0 0 0 3 1 0 0 0 0 0 0 19 8 8 f 0 0 8001c420 0 0 0 0 0 0 0 1 0 0 0 0 7be 7c0
R 1fd 8000180e 80001812 59f8563 0 0 0 3 1 1f b 19 8 0 0 0 0 3 f 0 0 8 0 0 0 0 0 0 0 1 0 0 0 0 7bf 7c1
R 1fe 80001812 80001814 4ca5 0 0 0 3 1 0 0 0 0 0 0 19 9 9 f 0 0 e 0 0 0 0 0 0 0 1 0 0 0 0 7c0 7c2
R 1ff 80001814 80001818 59f8263 0 0 0 3 1 1f b 19 9 0 0 0 0 2 f 0 0 9 0 0 0 0 0 0 0 1 0 0 0 0 7c1 7c3
R 200 80001818 8000181a 4cad 0 0 0 3 1 0 0 0 0 0 0 19 b b f 0 0 1 0 0 0 0 0 0 0 1 0 0 0 0 7c4 7c6
R 201 8000181a 80001858 39f8f63 0 0 0 3 1 1f b 19 b 0 0 0 0 0 f 0 0 b 0 0 0 0 0 0 0 1 0 0 0 0 7c8 7ca
R 202 80001858 8000185c ffffff97 0 0 0 3 1 0 0 0 0 0 0 1f 80000858 80000858 f 0 0 b 0 0 0 0 0 0 0 1 0 0 0 0 7ce 7d0
R 203 8000185c 80001860 8a8f8f93 0 0 0 3 1 1f 80000858 0 0 0 0 1f 80000100 80000100 f 0 0 8001c420 0 0 0 0 0 0 0 1 0 0 0 0 7d2 7d4
R 204 80001860 80001864 fa023 0 0 0 3 1 1f 80000100 0 0 1f 80000100 0 0 80000100 0 f 0 0 0 0 0 0 0 0 0 1 0 0 0 0 7d6 7da
R 205 80001864 80001868 1fa223 0 0 0 3 1 1f 80000100 1 0 1f 80000100 0 0 80000104 0 f 0 0 0 0 0 0 0 0 0 1 0 0 0 0 7dd 7e0
R 206 80001868 8000186c 2fa423 0 0 0 3 1 1f 80000100 2 173 1f 80000100 0 0 80000108 0 f 0 173 0 0 0 0 0 0 0 1 0 0 0 0 7e3 7e7
R 207 8000186c 80001870 3fa623 0 0 0 3 1 1f 80000100 3 1 1f 80000100 0 0 8000010c 0 f 0 1 0 0 0 0 0 0 0 1 0 0 0 0 7ea 7ed
R 208 80001870 80001874 4fa823 0 0 0 3 1 1f 80000100 4 1c5ed 1f 80000100 0 0 80000110 0 f 0 1c5ed 0 0 0 0 0 0 0 1 0 0 0 0 7ef 7f3
R 209 80001874 80001878 5faa23 0 0 0 3 1 1f 80000100 5 572 1f 80000100 0 0 80000114 0 f 0 572 0 0 0 0 0 0 0 1 0 0 0 0 7f6 7fb
R 20a 80001878 8000187c 6fac23 0 0 0 3 1 1f 80000100 6 ffffffed 1f 80000100 0 0 80000118 0 f 0 ffffffed 0 0 0 0 0 0 0 1 0 0 0 0 7fe 801
R 20b 8000187c 80001880 7fae23 0 0 0 3 1 1f 80000100 7 ffffffff 1f 80000100 0 0 8000011c 0 f 0 ffffffff 0 0 0 0 0 0 0 1 0 0 0 0 803 807
R 20c 80001880 80001884 28fa023 0 0 0 3 1 1f 80000100 8 8001c420 1f 80000100 0 0 80000120 0 f 0 8001c420 0 0 0 0 0 0 0 1 0 0 0 0 808 80d
R 20d 80001884 80001888 29fa223 0 0 0 3 1 1f 80000100 9 e 1f 80000100 0 0 80000124 0 f 0 e 0 0 0 0 0 0 0 1 0 0 0 0 80f 812
R 20e 80001888 8000188c 2afa423 0 0 0 3 1 1f 80000100 a 3800 1f 80000100 0 0 80000128 0 f 0 3800 0 0 0 0 0 0 0 1 0 0 0 0 815 81a
R 20f 8000188c 80001890 2bfa623 0 0 0 3 1 1f 80000100 b 1 1f 80000100 0 0 8000012c 0 f 0 1 0 0 0 0 0 0 0 1 0 0 0 0 81b 820
R 210 80001890 80001894 2cfa823 0 0 0 3 1 1f 80000100 c 80002162 1f 80000100 0 0 80000130 0 f 0 80002162 0 0 0 0 0 0 0 1 0 0 0 0 823 827
R 211 80001894 80001898 2dfaa23 0 0 0 3 1 1f 80000100 d 133 1f 80000100 0 0 80000134 0 f 0 133 0 0 0 0 0 0 0 1 0 0 0 0 829 82d
R 212 80001898 8000189c 2efac23 0 0 0 3 1 1f 80000100 e 6188f 1f 80000100 0 0 80000138 0 f 0 6188f 0 0 0 0 0 0 0 1 0 0 0 0 82f 833
R 213 8000189c 800018a0 2ffae23 0 0 0 3 1 1f 80000100 f 0 1f 80000100 0 0 8000013c 0 f 0 0 0 0 0 0 0 0 0 1 0 0 0 0 834 838
R 214 800018a0 800018a4 50fa023 0 0 0 3 1 1f 80000100 10 ffffffff 1f 80000100 0 0 80000140 0 f 0 ffffffff 0 0 0 0 0 0 0 1 0 0 0 0 83a 83f
R 215 800018a4 800018a8 51fa223 0 0 0 3 1 1f 80000100 11 8001c420 1f 80000100 0 0 80000144 0 f 0 8001c420 0 0 0 0 0 0 0 1 0 0 0 0 840 844
R 216 800018a8 800018ac 52fa423 0 0 0 3 1 1f 80000100 12 0 1f 80000100 0 0 80000148 0 f 0 0 0 0 0 0 0 0 0 1 0 0 0 0 847 84a
R 217 800018ac 800018b0 53fa623 0 0 0 3 1 1f 80000100 13 0 1f 80000100 0 0 8000014c 0 f 0 0 0 0 0 0 0 0 0 1 0 0 0 0 84b 84f
R 218 800018b0 800018b4 54fa823 0 0 0 3 1 1f 80000100 14 10 1f 80000100 0 0 80000150 0 f 0 10 0 0 0 0 0 0 0 1 0 0 0 0 850 855
R 219 800018b4 800018b8 55faa23 0 0 0 3 1 1f 80000100 15 1c000 1f 80000100 0 0 80000154 0 f 0 1c000 0 0 0 0 0 0 0 1 0 0 0 0 857 85c
R 21a 800018b8 800018bc 56fac23 0 0 0 3 1 1f 80000100 16 0 1f 80000100 0 0 80000158 0 f 0 0 0 0 0 0 0 0 0 1 0 0 0 0 85d 862
R 21b 800018bc 800018c0 57fae23 0 0 0 3 1 1f 80000100 17 88000005 1f 80000100 0 0 8000015c 0 f 0 88000005 0 0 0 0 0 0 0 1 0 0 0 0 864 867
R 21c 800018c0 800018c4 78fa023 0 0 0 3 1 1f 80000100 18 0 1f 80000100 0 0 80000160 0 f 0 0 0 0 0 0 0 0 0 1 0 0 0 0 868 86c
R 21d 800018c4 800018c8 79fa223 0 0 0 3 1 1f 80000100 19 b 1f 80000100 0 0 80000164 0 f 0 b 0 0 0 0 0 0 0 1 0 0 0 0 86d 870
R 21e 800018c8 800018cc 7afa423 0 0 0 3 1 1f 80000100 1a 6ed 1f 80000100 0 0 80000168 0 f 0 6ed 0 0 0 0 0 0 0 1 0 0 0 0 873 878
R 21f 800018cc 800018d0 7bfa623 0 0 0 3 1 1f 80000100 1b 88000007 1f 80000100 0 0 8000016c 0 f 0 88000007 0 0 0 0 0 0 0 1 0 0 0 0 879 87c
R 220 800018d0 800018d4 7cfa823 0 0 0 3 1 1f 80000100 1c 10000 1f 80000100 0 0 80000170 0 f 0 10000 0 0 0 0 0 0 0 1 0 0 0 0 87d 880
R 221 800018d4 800018d8 7dfaa23 0 0 0 3 1 1f 80000100 1d 0 1f 80000100 0 0 80000174 0 f 0 0 0 0 0 0 0 0 0 1 0 0 0 0 881 885
R 222 800018d8 800018dc 7efac23 0 0 0 3 1 1f 80000100 1e fffff9a9 1f 80000100 0 0 80000178 0 f 0 fffff9a9 0 0 0 0 0 0 0 1 0 0 0 0 888 88b
R 223 800018dc 800018e0 7ffae23 0 0 0 3 1 1f 80000100 1f 80000100 1f 80000100 0 0 8000017c 0 f 0 80000100 0 0 0 0 0 0 0 1 0 0 0 0 88d 892
R 224 800018e0 800018e4 1617 0 0 0 3 1 0 0 0 0 0 0 c 800028e0 800028e0 f 0 0 0 0 0 0 0 0 0 0 1 0 0 0 0 891 893
R 225 800018e4 800018e8 cce60613 0 0 0 3 1 c 800028e0 0 0 0 0 c 800025ae 800025ae f 0 0 6188f 0 0 0 0 0 0 0 1 0 0 0 0 892 894
R 226 800018e8 800025ae 60067 0 0 0 3 1 c 800025ae 0 0 0 0 0 0 800018ec f 0 0 0 0 0 0 0 0 0 0 1 0 0 0 0 893 895
R 227 800025ae 800025b2 f17 0 0 0 3 1 0 0 0 0 0 0 1e 800025ae 800025ae f 0 0 0 0 0 0 0 0 0 0 1 0 0 0 0 89d 89f
R 228 800025b2 800025b6 203f2923 0 0 0 3 1 1e 800025ae 3 1 1e 800025ae 0 0 800027c0 0 f 0 1 0 0 0 0 0 0 0 1 0 0 0 0 8a1 8a4
R 229 800025b6 800025ae bfe5 0 0 0 3 1 0 0 0 0 0 0 0 0 800025b8 f 0 0 b 0 0 0 0 0 0 0 1 0 0 0 0 8a3 8a5
R 22a 800025ae 800025b2 f17 0 0 0 3 1 0 0 0 0 0 0 1e 800025ae 800025ae f 0 0 0 0 0 0 0 0 0 0 1 0 0 0 0 8ad 8af
R 22b 800025b2 800025b6 203f2923 0 0 0 3 1 1e 800025ae 3 1 1e 800025ae 0 0 800027c0 0 f 0 1 0 0 0 0 0 0 0 1 0 0 0 0 8b1 8b4
R 22c 800025b6 800025ae bfe5 0 0 0 3 1 0 0 0 0 0 0 0 0 800025b8 f 0 0 b 0 0 0 0 0 0 0 1 0 0 0 0 8b3 8b5
R 22d 800025ae 800025b2 f17 0 0 0 3 1 0 0 0 0 0 0 1e 800025ae 800025ae f 0 0 0 0 0 0 0 0 0 0 1 0 0 0 0 8b9 8bb
R 22e 800025b2 800025b6 203f2923 0 0 0 3 1 1e 800025ae 3 1 1e 800025ae 0 0 800027c0 0 f 0 1 0 0 0 0 0 0 0 1 0 0 0 0 8be 8c2
R 22f 800025b6 800025ae bfe5 0 0 0 3 1 0 0 0 0 0 0 0 0 800025b8 f 0 0 b 0 0 0 0 0 0 0 1 0 0 0 0 8c1 8c3
R 230 800025ae 800025b2 f17 0 0 0 3 1 0 0 0 0 0 0 1e 800025ae 800025ae f 0 0 0 0 0 0 0 0 0 0 1 0 0 0 0 8cb 8cd
R 231 800025b2 800025b6 203f2923 0 0 0 3 1 1e 800025ae 3 1 1e 800025ae 0 0 800027c0 0 f 0 1 0 0 0 0 0 0 0 1 0 0 0 0 8ce 8d2
R 232 800025b6 800025ae bfe5 0 0 0 3 1 0 0 0 0 0 0 0 0 800025b8 f 0 0 b 0 0 0 0 0 0 0 1 0 0 0 0 8d1 8d3
R 233 800025ae 800025b2 f17 0 0 0 3 1 0 0 0 0 0 0 1e 800025ae 800025ae f 0 0 0 0 0 0 0 0 0 0 1 0 0 0 0 8d9 8db
R 234 800025b2 800025b6 203f2923 0 0 0 3 1 1e 800025ae 3 1 1e 800025ae 0 0 800027c0 0 f 0 1 0 0 0 0 0 0 0 1 0 0 0 0 8df 8e2
R 235 800025b6 800025ae bfe5 0 0 0 3 1 0 0 0 0 0 0 0 0 800025b8 f 0 0 b 0 0 0 0 0 0 0 1 0 0 0 0 8e1 8e3
R 236 800025ae 800025b2 f17 0 0 0 3 1 0 0 0 0 0 0 1e 800025ae 800025ae f 0 0 0 0 0 0 0 0 0 0 1 0 0 0 0 8ed 8ef
R 237 800025b2 800025b6 203f2923 0 0 0 3 1 1e 800025ae 3 1 1e 800025ae 0 0 800027c0 0 f 0 1 0 0 0 0 0 0 0 1 0 0 0 0 8f0 8f5
R 238 800025b6 800025ae bfe5 0 0 0 3 1 0 0 0 0 0 0 0 0 800025b8 f 0 0 b 0 0 0 0 0 0 0 1 0 0 0 0 8f4 8f6
R 239 800025ae 800025b2 f17 0 0 0 3 1 0 0 0 0 0 0 1e 800025ae 800025ae f 0 0 0 0 0 0 0 0 0 0 1 0 0 0 0 8fd 8ff
R 23a 800025b2 800025b6 203f2923 0 0 0 3 1 1e 800025ae 3 1 1e 800025ae 0 0 800027c0 0 f 0 1 0 0 0 0 0 0 0 1 0 0 0 0 903 908
R 23b 800025b6 800025ae bfe5 0 0 0 3 1 0 0 0 0 0 0 0 0 800025b8 f 0 0 b 0 0 0 0 0 0 0 1 0 0 0 0 907 909
R 23c 800025ae 800025b2 f17 0 0 0 3 1 0 0 0 0 0 0 1e 800025ae 800025ae f 0 0 0 0 0 0 0 0 0 0 1 0 0 0 0 90c 90e
R 23d 800025b2 800025b6 203f2923 0 0 0 3 1 1e 800025ae 3 1 1e 800025ae 0 0 800027c0 0 f 0 1 0 0 0 0 0 0 0 1 0 0 0 0 911 915
R 23e 800025b6 800025ae bfe5 0 0 0 3 1 0 0 0 0 0 0 0 0 800025b8 f 0 0 b 0 0 0 0 0 0 0 1 0 0 0 0 914 916
R 23f 800025ae 800025b2 f17 0 0 0 3 1 0 0 0 0 0 0 1e 800025ae 800025ae f 0 0 0 0 0 0 0 0 0 0 1 0 0 0 0 91e 920
R 240 800025b2 800025b6 203f2923 0 0 0 3 1 1e 800025ae 3 1 1e 800025ae 0 0 800027c0 0 f 0 1 0 0 0 0 0 0 0 1 0 0 0 0 925 928
R 241 800025b6 800025ae bfe5 0 0 0 3 1 0 0 0 0 0 0 0 0 800025b8 f 0 0 b 0 0 0 0 0 0 0 1 0 0 0 0 927 929
R 242 800025ae 800025b2 f17 0 0 0 3 1 0 0 0 0 0 0 1e 800025ae 800025ae f 0 0 0 0 0 0 0 0 0 0 1 0 0 0 0 931 933
R 243 800025b2 800025b6 203f2923 0 0 0 3 1 1e 800025ae 3 1 1e 800025ae 0 0 800027c0 0 f 0 1 0 0 0 0 0 0 0 1 0 0 0 0 937 93c
R 244 800025b6 800025ae bfe5 0 0 0 3 1 0 0 0 0 0 0 0 0 800025b8 f 0 0 b 0 0 0 0 0 0 0 1 0 0 0 0 93b 93d
R 245 800025ae 800025b2 f17 0 0 0 3 1 0 0 0 0 0 0 1e 800025ae 800025ae f 0 0 0 0 0 0 0 0 0 0 1 0 0 0 0 947 949
R 246 800025b2 800025b6 203f2923 0 0 0 3 1 1e 800025ae 3 1 1e 800025ae 0 0 800027c0 0 f 0 1 0 0 0 0 0 0 0 1 0 0 0 0 94d 950
R 247 800025b6 800025ae bfe5 0 0 0 3 1 0 0 0 0 0 0 0 0 800025b8 f 0 0 b 0 0 0 0 0 0 0 1 0 0 0 0 94f 951
R 248 800025ae 800025b2 f17 0 0 0 3 1 0 0 0 0 0 0 1e 800025ae 800025ae f 0 0 0 0 0 0 0 0 0 0 1 0 0 0 0 95b 95d
R 249 800025b2 800025b6 203f2923 0 0 0 3 1 1e 800025ae 3 1 1e 800025ae 0 0 800027c0 0 f 0 1 0 0 0 0 0 0 0 1 0 0 0 0 961 965
R 24a 800025b6 800025ae bfe5 0 0 0 3 1 0 0 0 0 0 0 0 0 800025b8 f 0 0 b 0 0 0 0 0 0 0 1 0 0 0 0 964 966
R 24b 800025ae 800025b2 f17 0 0 0 3 1 0 0 0 0 0 0 1e 800025ae 800025ae f 0 0 0 0 0 0 0 0 0 0 1 0 0 0 0 96c 96e
R 24c 800025b2 800025b6 203f2923 0 0 0 3 1 1e 800025ae 3 1 1e 800025ae 0 0 800027c0 0 f 0 1 0 0 0 0 0 0 0 1 0 0 0 0 973 977
R 24d 800025b6 800025ae bfe5 0 0 0 3 1 0 0 0 0 0 0 0 0 800025b8 f 0 0 b 0 0 0 0 0 0 0 1 0 0 0 0 976 978
R 24e 800025ae 800025b2 f17 0 0 0 3 1 0 0 0 0 0 0 1e 800025ae 800025ae f 0 0 0 0 0 0 0 0 0 0 1 0 0 0 0 97d 97f
R 24f 800025b2 800025b6 203f2923 0 0 0 3 1 1e 800025ae 3 1 1e 800025ae 0 0 800027c0 0 f 0 1 0 0 0 0 0 0 0 1 0 0 0 0 981 984
R 250 800025b6 800025ae bfe5 0 0 0 3 1 0 0 0 0 0 0 0 0 800025b8 f 0 0 b 0 0 0 0 0 0 0 1 0 0 0 0 983 985
R 251 800025ae 800025b2 f17 0 0 0 3 1 0 0 0 0 0 0 1e 800025ae 800025ae f 0 0 0 0 0 0 0 0 0 0 1 0 0 0 0 98b 98d
R 252 800025b2 800025b6 203f2923 0 0 0 3 1 1e 800025ae 3 1 1e 800025ae 0 0 800027c0 0 f 0 1 0 0 0 0 0 0 0 1 0 0 0 0 993 997
R 253 800025b6 800025ae bfe5 0 0 0 3 1 0 0 0 0 0 0 0 0 800025b8 f 0 0 b 0 0 0 0 0 0 0 1 0 0 0 0 996 998
R 254 800025ae 800025b2 f17 0 0 0 3 1 0 0 0 0 0 0 1e 800025ae 800025ae f 0 0 0 0 0 0 0 0 0 0 1 0 0 0 0 9a1 9a3
R 255 800025b2 800025b6 203f2923 0 0 0 3 1 1e 800025ae 3 1 1e 800025ae 0 0 800027c0 0 f 0 1 0 0 0 0 0 0 0 1 0 0 0 0 9a4 9a9
R 256 800025b6 800025ae bfe5 0 0 0 3 1 0 0 0 0 0 0 0 0 800025b8 f 0 0 b 0 0 0 0 0 0 0 1 0 0 0 0 9a8 9aa
R 257 800025ae 800025b2 f17 0 0 0 3 1 0 0 0 0 0 0 1e 800025ae 800025ae f 0 0 0 0 0 0 0 0 0 0 1 0 0 0 0 9af 9b1
R 258 800025b2 800025b6 203f2923 0 0 0 3 1 1e 800025ae 3 1 1e 800025ae 0 0 800027c0 0 f 0 1 0 0 0 0 0 0 0 1 0 0 0 0 9b3 9b7
R 259 800025b6 800025ae bfe5 0 0 0 3 1 0 0 0 0 0 0 0 0 800025b8 f 0 0 b 0 0 0 0 0 0 0 1 0 0 0 0 9b6 9b8
R 25a 800025ae 800025b2 f17 0 0 0 3 1 0 0 0 0 0 0 1e 800025ae 800025ae f 0 0 0 0 0 0 0 0 0 0 1 0 0 0 0 9c1 9c3
R 25b 800025b2 800025b6 203f2923 0 0 0 3 1 1e 800025ae 3 1 1e 800025ae 0 0 800027c0 0 f 0 1 0 0 0 0 0 0 0 1 0 0 0 0 9c4 9c7
R 25c 800025b6 800025ae bfe5 0 0 0 3 1 0 0 0 0 0 0 0 0 800025b8 f 0 0 b 0 0 0 0 0 0 0 1 0 0 0 0 9c6 9c8
R 25d 800025ae 800025b2 f17 0 0 0 3 1 0 0 0 0 0 0 1e 800025ae 800025ae f 0 0 0 0 0 0 0 0 0 0 1 0 0 0 0 9ce 9d0
R 25e 800025b2 800025b6 203f2923 0 0 0 3 1 1e 800025ae 3 1 1e 800025ae 0 0 800027c0 0 f 0 1 0 0 0 0 0 0 0 1 0 0 0 0 9d3 9d7
R 25f 800025b6 800025ae bfe5 0 0 0 3 1 0 0 0 0 0 0 0 0 800025b8 f 0 0 b 0 0 0 0 0 0 0 1 0 0 0 0 9d6 9d8
R 260 800025ae 800025b2 f17 0 0 0 3 1 0 0 0 0 0 0 1e 800025ae 800025ae f 0 0 0 0 0 0 0 0 0 0 1 0 0 0 0 9e2 9e4
R 261 800025b2 800025b6 203f2923 0 0 0 3 1 1e 800025ae 3 1 1e 800025ae 0 0 800027c0 0 f 0 1 0 0 0 0 0 0 0 1 0 0 0 0 9e6 9eb
R 262 800025b6 800025ae bfe5 0 0 0 3 1 0 0 0 0 0 0 0 0 800025b8 f 0 0 b 0 0 0 0 0 0 0 1 0 0 0 0 9ea 9ec
R 263 800025ae 800025b2 f17 0 0 0 3 1 0 0 0 0 0 0 1e 800025ae 800025ae f 0 0 0 0 0 0 0 0 0 0 1 0 0 0 0 9f1 9f3
R 264 800025b2 800025b6 203f2923 0 0 0 3 1 1e 800025ae 3 1 1e 800025ae 0 0 800027c0 0 f 0 1 0 0 0 0 0 0 0 1 0 0 0 0 9f8 9fb
R 265 800025b6 800025ae bfe5 0 0 0 3 1 0 0 0 0 0 0 0 0 800025b8 f 0 0 b 0 0 0 0 0 0 0 1 0 0 0 0 9fa 9fc
R 266 800025ae 800025b2 f17 0 0 0 3 1 0 0 0 0 0 0 1e 800025ae 800025ae f 0 0 0 0 0 0 0 0 0 0 1 0 0 0 0 a03 a05
R 267 800025b2 800025b6 203f2923 0 0 0 3 1 1e 800025ae 3 1 1e 800025ae 0 0 800027c0 0 f 0 1 0 0 0 0 0 0 0 1 0 0 0 0 a09 a0d
R 268 800025b6 800025ae bfe5 0 0 0 3 1 0 0 0 0 0 0 0 0 800025b8 f 0 0 b 0 0 0 0 0 0 0 1 0 0 0 0 a0c a0e
R 269 800025ae 800025b2 f17 0 0 0 3 1 0 0 0 0 0 0 1e 800025ae 800025ae f 0 0 0 0 0 0 0 0 0 0 1 0 0 0 0 a14 a16
R 26a 800025b2 800025b6 203f2923 0 0 0 3 1 1e 800025ae 3 1 1e 800025ae 0 0 800027c0 0 f 0 1 0 0 0 0 0 0 0 1 0 0 0 0 a16 a19
R 26b 800025b6 800025ae bfe5 0 0 0 3 1 0 0 0 0 0 0 0 0 800025b8 f 0 0 b 0 0 0 0 0 0 0 1 0 0 0 0 a18 a1a
R 26c 800025ae 800025b2 f17 0 0 0 3 1 0 0 0 0 0 0 1e 800025ae 800025ae f 0 0 0 0 0 0 0 0 0 0 1 0 0 0 0 a20 a22
R 26d 800025b2 800025b6 203f2923 0 0 0 3 1 1e 800025ae 3 1 1e 800025ae 0 0 800027c0 0 f 0 1 0 0 0 0 0 0 0 1 0 0 0 0 a25 a2a
R 26e 800025b6 800025ae bfe5 0 0 0 3 1 0 0 0 0 0 0 0 0 800025b8 f 0 0 b 0 0 0 0 0 0 0 1 0 0 0 0 a29 a2b
R 26f 800025ae 800025b2 f17 0 0 0 3 1 0 0 0 0 0 0 1e 800025ae 800025ae f 0 0 0 0 0 0 0 0 0 0 1 0 0 0 0 a30 a32
R 270 800025b2 800025b6 203f2923 0 0 0 3 1 1e 800025ae 3 1 1e 800025ae 0 0 800027c0 0 f 0 1 0 0 0 0 0 0 0 1 0 0 0 0 a38 a3c
R 271 800025b6 800025ae bfe5 0 0 0 3 1 0 0 0 0 0 0 0 0 800025b8 f 0 0 b 0 0 0 0 0 0 0 1 0 0 0 0 a3b a3d
R 272 800025ae 800025b2 f17 0 0 0 3 1 0 0 0 0 0 0 1e 800025ae 800025ae f 0 0 0 0 0 0 0 0 0 0 1 0 0 0 0 a40 a42
R 273 800025b2 800025b6 203f2923 0 0 0 3 1 1e 800025ae 3 1 1e 800025ae 0 0 800027c0 0 f 0 1 0 0 0 0 0 0 0 1 0 0 0 0 a44 a47
R 274 800025b6 800025ae bfe5 0 0 0 3 1 0 0 0 0 0 0 0 0 800025b8 f 0 0 b 0 0 0 0 0 0 0 1 0 0 0 0 a46 a48
R 275 800025ae 800025b2 f17 0 0 0 3 1 0 0 0 0 0 0 1e 800025ae 800025ae f 0 0 0 0 0 0 0 0 0 0 1 0 0 0 0 a4e a50
R 276 800025b2 800025b6 203f2923 0 0 0 3 1 1e 800025ae 3 1 1e 800025ae 0 0 800027c0 0 f 0 1 0 0 0 0 0 0 0 1 0 0 0 0 a52 a55
R 277 800025b6 800025ae bfe5 0 0 0 3 1 0 0 0 0 0 0 0 0 800025b8 f 0 0 b 0 0 0 0 0 0 0 1 0 0 0 0 a54 a56
R 278 800025ae 800025b2 f17 0 0 0 3 1 0 0 0 0 0 0 1e 800025ae 800025ae f 0 0 0 0 0 0 0 0 0 0 1 0 0 0 0 a5d a5f
R 279 800025b2 800025b6 203f2923 0 0 0 3 1 1e 800025ae 3 1 1e 800025ae 0 0 800027c0 0 f 0 1 0 0 0 0 0 0 0 1 0 0 0 0 a60 a64
R 27a 800025b6 800025ae bfe5 0 0 0 3 1 0 0 0 0 0 0 0 0 800025b8 f 0 0 b 0 0 0 0 0 0 0 1 0 0 0 0 a63 a65
R 27b 800025ae 800025b2 f17 0 0 0 3 1 0 0 0 0 0 0 1e 800025ae 800025ae f 0 0 0 0 0 0 0 0 0 0 1 0 0 0 0 a6d a6f
R 27c 800025b2 800025b6 203f2923 0 0 0 3 1 1e 800025ae 3 1 1e 800025ae 0 0 800027c0 0 f 0 1 0 0 0 0 0 0 0 1 0 0 0 0 a72 a77
R 27d 800025b6 800025ae bfe5 0 0 0 3 1 0 0 0 0 0 0 0 0 800025b8 f 0 0 b 0 0 0 0 0 0 0 1 0 0 0 0 a76 a78
R 27e 800025ae 800025b2 f17 0 0 0 3 1 0 0 0 0 0 0 1e 800025ae 800025ae f 0 0 0 0 0 0 0 0 0 0 1 0 0 0 0 a7f a81
R 27f 800025b2 800025b6 203f2923 0 0 0 3 1 1e 800025ae 3 1 1e 800025ae 0 0 800027c0 0 f 0 1 0 0 0 0 0 0 0 1 0 0 0 0 a85 a8a
R 280 800025b6 800025ae bfe5 0 0 0 3 1 0 0 0 0 0 0 0 0 800025b8 f 0 0 b 0 0 0 0 0 0 0 1 0 0 0 0 a89 a8b
R 281 800025ae 800025b2 f17 0 0 0 3 1 0 0 0 0 0 0 1e 800025ae 800025ae f 0 0 0 0 0 0 0 0 0 0 1 0 0 0 0 a8d a8f
R 282 800025b2 800025b6 203f2923 0 0 0 3 1 1e 800025ae 3 1 1e 800025ae 0 0 800027c0 0 f 0 1 0 0 0 0 0 0 0 1 0 0 0 0 a94 a97
R 283 800025b6 800025ae bfe5 0 0 0 3 1 0 0 0 0 0 0 0 0 800025b8 f 0 0 b 0 0 0 0 0 0 0 1 0 0 0 0 a96 a98
R 284 800025ae 800025b2 f17 0 0 0 3 1 0 0 0 0 0 0 1e 800025ae 800025ae f 0 0 0 0 0 0 0 0 0 0 1 0 0 0 0 a9e aa0
R 285 800025b2 800025b6 203f2923 0 0 0 3 1 1e 800025ae 3 1 1e 800025ae 0 0 800027c0 0 f 0 1 0 0 0 0 0 0 0 1 0 0 0 0 aa3 aa7
R 286 800025b6 800025ae bfe5 0 0 0 3 1 0 0 0 0 0 0 0 0 800025b8 f 0 0 b 0 0 0 0 0 0 0 1 0 0 0 0 aa6 aa8
R 287 800025ae 800025b2 f17 0 0 0 3 1 0 0 0 0 0 0 1e 800025ae 800025ae f 0 0 0 0 0 0 0 0 0 0 1 0 0 0 0 aaf ab1
R 288 800025b2 800025b6 203f2923 0 0 0 3 1 1e 800025ae 3 1 1e 800025ae 0 0 800027c0 0 f 0 1 0 0 0 0 0 0 0 1 0 0 0 0 ab6 ab9
R 289 800025b6 800025ae bfe5 0 0 0 3 1 0 0 0 0 0 0 0 0 800025b8 f 0 0 b 0 0 0 0 0 0 0 1 0 0 0 0 ab8 aba
R 28a 800025ae 800025b2 f17 0 0 0 3 1 0 0 0 0 0 0 1e 800025ae 800025ae f 0 0 0 0 0 0 0 0 0 0 1 0 0 0 0 ac1 ac3
R 28b 800025b2 800025b6 203f2923 0 0 0 3 1 1e 800025ae 3 1 1e 800025ae 0 0 800027c0 0 f 0 1 0 0 0 0 0 0 0 1 0 0 0 0 ac4 ac9
R 28c 800025b6 800025ae bfe5 0 0 0 3 1 0 0 0 0 0 0 0 0 800025b8 f 0 0 b 0 0 0 0 0 0 0 1 0 0 0 0 ac8 aca
R 28d 800025ae 800025b2 f17 0 0 0 3 1 0 0 0 0 0 0 1e 800025ae 800025ae f 0 0 0 0 0 0 0 0 0 0 1 0 0 0 0 acd acf
R 28e 800025b2 800025b6 203f2923 0 0 0 3 1 1e 800025ae 3 1 1e 800025ae 0 0 800027c0 0 f 0 1 0 0 0 0 0 0 0 1 0 0 0 0 acf ad4
R 28f 800025b6 800025ae bfe5 0 0 0 3 1 0 0 0 0 0 0 0 0 800025b8 f 0 0 b 0 0 0 0 0 0 0 1 0 0 0 0 ad3 ad5
R 290 800025ae 800025b2 f17 0 0 0 3 1 0 0 0 0 0 0 1e 800025ae 800025ae f 0 0 0 0 0 0 0 0 0 0 1 0 0 0 0 adc ade
R 291 800025b2 800025b6 203f2923 0 0 0 3 1 1e 800025ae 3 1 1e 800025ae 0 0 800027c0 0 f 0 1 0 0 0 0 0 0 0 1 0 0 0 0 ae0 ae3
R 292 800025b6 800025ae bfe5 0 0 0 3 1 0 0 0 0 0 0 0 0 800025b8 f 0 0 b 0 0 0 0 0 0 0 1 0 0 0 0 ae2 ae4
R 293 800025ae 800025b2 f17 0 0 0 3 1 0 0 0 0 0 0 1e 800025ae 800025ae f 0 0 0 0 0 0 0 0 0 0 1 0 0 0 0 aec aee
R 294 800025b2 800025b6 203f2923 0 0 0 3 1 1e 800025ae 3 1 1e 800025ae 0 0 800027c0 0 f 0 1 0 0 0 0 0 0 0 1 0 0 0 0 af2 af7
R 295 800025b6 800025ae bfe5 0 0 0 3 1 0 0 0 0 0 0 0 0 800025b8 f 0 0 b 0 0 0 0 0 0 0 1 0 0 0 0 af6 af8
R 296 800025ae 800025b2 f17 0 0 0 3 1 0 0 0 0 0 0 1e 800025ae 800025ae f 0 0 0 0 0 0 0 0 0 0 1 0 0 0 0 afe b00
R 297 800025b2 800025b6 203f2923 0 0 0 3 1 1e 800025ae 3 1 1e 800025ae 0 0 800027c0 0 f 0 1 0 0 0 0 0 0 0 1 0 0 0 0 b05 b09
R 298 800025b6 800025ae bfe5 0 0 0 3 1 0 0 0 0 0 0 0 0 800025b8 f 0 0 b 0 0 0 0 0 0 0 1 0 0 0 0 b08 b0a
R 299 800025ae 800025b2 f17 0 0 0 3 1 0 0 0 0 0 0 1e 800025ae 800025ae f 0 0 0 0 0 0 0 0 0 0 1 0 0 0 0 b11 b13
R 29a 800025b2 800025b6 203f2923 0 0 0 3 1 1e 800025ae 3 1 1e 800025ae 0 0 800027c0 0 f 0 1 0 0 0 0 0 0 0 1 0 0 0 0 b13 b17
R 29b 800025b6 800025ae bfe5 0 0 0 3 1 0 0 0 0 0 0 0 0 800025b8 f 0 0 b 0 0 0 0 0 0 0 1 0 0 0 0 b16 b18
R 29c 800025ae 800025b2 f17 0 0 0 3 1 0 0 0 0 0 0 1e 800025ae 800025ae f 0 0 0 0 0 0 0 0 0 0 1 0 0 0 0 b1d b1f
R 29d 800025b2 800025b6 203f2923 0 0 0 3 1 1e 800025ae 3 1 1e 800025ae 0 0 800027c0 0 f 0 1 0 0 0 0 0 0 0 1 0 0 0 0 b23 b28
R 29e 800025b6 800025ae bfe5 0 0 0 3 1 0 0 0 0 0 0 0 0 800025b8 f 0 0 b 0 0 0 0 0 0 0 1 0 0 0 0 b27 b29
R 29f 800025ae 800025b2 f17 0 0 0 3 1 0 0 0 0 0 0 1e 800025ae 800025ae f 0 0 0 0 0 0 0 0 0 0 1 0 0 0 0 b30 b32
R 2a0 800025b2 800025b6 203f2923 0 0 0 3 1 1e 800025ae 3 1 1e 800025ae 0 0 800027c0 0 f 0 1 0 0 0 0 0 0 0 1 0 0 0 0 b34 b37
R 2a1 800025b6 800025ae bfe5 0 0 0 3 1 0 0 0 0 0 0 0 0 800025b8 f 0 0 b 0 0 0 0 0 0 0 1 0 0 0 0 b36 b38
R 2a2 800025ae 800025b2 f17 0 0 0 3 1 0 0 0 0 0 0 1e 800025ae 800025ae f 0 0 0 0 0 0 0 0 0 0 1 0 0 0 0 b3c b3e
R 2a3 800025b2 800025b6 203f2923 0 0 0 3 1 1e 800025ae 3 1 1e 800025ae 0 0 800027c0 0 f 0 1 0 0 0 0 0 0 0 1 0 0 0 0 b3f b43
R 2a4 800025b6 800025ae bfe5 0 0 0 3 1 0 0 0 0 0 0 0 0 800025b8 f 0 0 b 0 0 0 0 0 0 0 1 0 0 0 0 b42 b44
R 2a5 800025ae 800025b2 f17 0 0 0 3 1 0 0 0 0 0 0 1e 800025ae 800025ae f 0 0 0 0 0 0 0 0 0 0 1 0 0 0 0 b48 b4a
R 2a6 800025b2 800025b6 203f2923 0 0 0 3 1 1e 800025ae 3 1 1e 800025ae 0 0 800027c0 0 f 0 1 0 0 0 0 0 0 0 1 0 0 0 0 b4b b4f
R 2a7 800025b6 800025ae bfe5 0 0 0 3 1 0 0 0 0 0 0 0 0 800025b8 f 0 0 b 0 0 0 0 0 0 0 1 0 0 0 0 b4e b50
R 2a8 800025ae 800025b2 f17 0 0 0 3 1 0 0 0 0 0 0 1e 800025ae 800025ae f 0 0 0 0 0 0 0 0 0 0 1 0 0 0 0 b56 b58
R 2a9 800025b2 800025b6 203f2923 0 0 0 3 1 1e 800025ae 3 1 1e 800025ae 0 0 800027c0 0 f 0 1 0 0 0 0 0 0 0 1 0 0 0 0 b5a b5d
R 2aa 800025b6 800025ae bfe5 0 0 0 3 1 0 0 0 0 0 0 0 0 800025b8 f 0 0 b 0 0 0 0 0 0 0 1 0 0 0 0 b5c b5e
R 2ab 800025ae 800025b2 f17 0 0 0 3 1 0 0 0 0 0 0 1e 800025ae 800025ae f 0 0 0 0 0 0 0 0 0 0 1 0 0 0 0 b67 b69
R 2ac 800025b2 800025b6 203f2923 0 0 0 3 1 1e 800025ae 3 1 1e 800025ae 0 0 800027c0 0 f 0 1 0 0 0 0 0 0 0 1 0 0 0 0 b6b b6e
R 2ad 800025b6 800025ae bfe5 0 0 0 3 1 0 0 0 0 0 0 0 0 800025b8 f 0 0 b 0 0 0 0 0 0 0 1 0 0 0 0 b6d b6f
R 2ae 800025ae 800025b2 f17 0 0 0 3 1 0 0 0 0 0 0 1e 800025ae 800025ae f 0 0 0 0 0 0 0 0 0 0 1 0 0 0 0 b75 b77
R 2af 800025b2 800025b6 203f2923 0 0 0 3 1 1e 800025ae 3 1 1e 800025ae 0 0 800027c0 0 f 0 1 0 0 0 0 0 0 0 1 0 0 0 0 b7c b7f
R 2b0 800025b6 800025ae bfe5 0 0 0 3 1 0 0 0 0 0 0 0 0 800025b8 f 0 0 b 0 0 0 0 0 0 0 1 0 0 0 0 b7e b80
R 2b1 800025ae 800025b2 f17 0 0 0 3 1 0 0 0 0 0 0 1e 800025ae 800025ae f 0 0 0 0 0 0 0 0 0 0 1 0 0 0 0 b86 b88
R 2b2 800025b2 800025b6 203f2923 0 0 0 3 1 1e 800025ae 3 1 1e 800025ae 0 0 800027c0 0 f 0 1 0 0 0 0 0 0 0 1 0 0 0 0 b8f b92
R 2b3 800025b6 800025ae bfe5 0 0 0 3 1 0 0 0 0 0 0 0 0 800025b8 f 0 0 b 0 0 0 0 0 0 0 1 0 0 0 0 b91 b93
R 2b4 800025ae 800025b2 f17 0 0 0 3 1 0 0 0 0 0 0 1e 800025ae 800025ae f 0 0 0 0 0 0 0 0 0 0 1 0 0 0 0 b9c b9e
R 2b5 800025b2 800025b6 203f2923 0 0 0 3 1 1e 800025ae 3 1 1e 800025ae 0 0 800027c0 0 f 0 1 0 0 0 0 0 0 0 1 0 0 0 0 ba2 ba7
R 2b6 800025b6 800025ae bfe5 0 0 0 3 1 0 0 0 0 0 0 0 0 800025b8 f 0 0 b 0 0 0 0 0 0 0 1 0 0 0 0 ba6 ba8
R 2b7 800025ae 800025b2 f17 0 0 0 3 1 0 0 0 0 0 0 1e 800025ae 800025ae f 0 0 0 0 0 0 0 0 0 0 1 0 0 0 0 bad baf
R 2b8 800025b2 800025b6 203f2923 0 0 0 3 1 1e 800025ae 3 1 1e 800025ae 0 0 800027c0 0 f 0 1 0 0 0 0 0 0 0 1 0 0 0 0 bb3 bb8
R 2b9 800025b6 800025ae bfe5 0 0 0 3 1 0 0 0 0 0 0 0 0 800025b8 f 0 0 b 0 0 0 0 0 0 0 1 0 0 0 0 bb7 bb9
R 2ba 800025ae 800025b2 f17 0 0 0 3 1 0 0 0 0 0 0 1e 800025ae 800025ae f 0 0 0 0 0 0 0 0 0 0 1 0 0 0 0 bc1 bc3
R 2bb 800025b2 800025b6 203f2923 0 0 0 3 1 1e 800025ae 3 1 1e 800025ae 0 0 800027c0 0 f 0 1 0 0 0 0 0 0 0 1 0 0 0 0 bc3 bc6
R 2bc 800025b6 800025ae bfe5 0 0 0 3 1 0 0 0 0 0 0 0 0 800025b8 f 0 0 b 0 0 0 0 0 0 0 1 0 0 0 0 bc5 bc7
R 2bd 800025ae 800025b2 f17 0 0 0 3 1 0 0 0 0 0 0 1e 800025ae 800025ae f 0 0 0 0 0 0 0 0 0 0 1 0 0 0 0 bcf bd1
R 2be 800025b2 800025b6 203f2923 0 0 0 3 1 1e 800025ae 3 1 1e 800025ae 0 0 800027c0 0 f 0 1 0 0 0 0 0 0 0 1 0 0 0 0 bd4 bd8
R 2bf 800025b6 800025ae bfe5 0 0 0 3 1 0 0 0 0 0 0 0 0 800025b8 f 0 0 b 0 0 0 0 0 0 0 1 0 0 0 0 bd7 bd9
R 2c0 800025ae 800025b2 f17 0 0 0 3 1 0 0 0 0 0 0 1e 800025ae 800025ae f 0 0 0 0 0 0 0 0 0 0 1 0 0 0 0 bdf be1
R 2c1 800025b2 800025b6 203f2923 0 0 0 3 1 1e 800025ae 3 1 1e 800025ae 0 0 800027c0 0 f 0 1 0 0 0 0 0 0 0 1 0 0 0 0 be1 be6
R 2c2 800025b6 800025ae bfe5 0 0 0 3 1 0 0 0 0 0 0 0 0 800025b8 f 0 0 b 0 0 0 0 0 0 0 1 0 0 0 0 be5 be7
R 2c3 800025ae 800025b2 f17 0 0 0 3 1 0 0 0 0 0 0 1e 800025ae 800025ae f 0 0 0 0 0 0 0 0 0 0 1 0 0 0 0 be9 beb
R 2c4 800025b2 800025b6 203f2923 0 0 0 3 1 1e 800025ae 3 1 1e 800025ae 0 0 800027c0 0 f 0 1 0 0 0 0 0 0 0 1 0 0 0 0 bef bf4
R 2c5 800025b6 800025ae bfe5 0 0 0 3 1 0 0 0 0 0 0 0 0 800025b8 f 0 0 b 0 0 0 0 0 0 0 1 0 0 0 0 bf3 bf5
R 2c6 800025ae 800025b2 f17 0 0 0 3 1 0 0 0 0 0 0 1e 800025ae 800025ae f 0 0 0 0 0 0 0 0 0 0 1 0 0 0 0 bf7 bf9
R 2c7 800025b2 800025b6 203f2923 0 0 0 3 1 1e 800025ae 3 1 1e 800025ae 0 0 800027c0 0 f 0 1 0 0 0 0 0 0 0 1 0 0 0 0 bfc c01
R 2c8 800025b6 800025ae bfe5 0 0 0 3 1 0 0 0 0 0 0 0 0 800025b8 f 0 0 b 0 0 0 0 0 0 0 1 0 0 0 0 c00 c02
R 2c9 800025ae 800025b2 f17 0 0 0 3 1 0 0 0 0 0 0 1e 800025ae 800025ae f 0 0 0 0 0 0 0 0 0 0 1 0 0 0 0 c0b c0d
R 2ca 800025b2 800025b6 203f2923 0 0 0 3 1 1e 800025ae 3 1 1e 800025ae 0 0 800027c0 0 f 0 1 0 0 0 0 0 0 0 1 0 0 0 0 c10 c14
R 2cb 800025b6 800025ae bfe5 0 0 0 3 1 0 0 0 0 0 0 0 0 800025b8 f 0 0 b 0 0 0 0 0 0 0 1 0 0 0 0 c13 c15
R 2cc 800025ae 800025b2 f17 0 0 0 3 1 0 0 0 0 0 0 1e 800025ae 800025ae f 0 0 0 0 0 0 0 0 0 0 1 0 0 0 0 c1a c1c
R 2cd 800025b2 800025b6 203f2923 0 0 0 3 1 1e 800025ae 3 1 1e 800025ae 0 0 800027c0 0 f 0 1 0 0 0 0 0 0 0 1 0 0 0 0 c1f c23
R 2ce 800025b6 800025ae bfe5 0 0 0 3 1 0 0 0 0 0 0 0 0 800025b8 f 0 0 b 0 0 0 0 0 0 0 1 0 0 0 0 c22 c24
R 2cf 800025ae 800025b2 f17 0 0 0 3 1 0 0 0 0 0 0 1e 800025ae 800025ae f 0 0 0 0 0 0 0 0 0 0 1 0 0 0 0 c2d c2f
R 2d0 800025b2 800025b6 203f2923 0 0 0 3 1 1e 800025ae 3 1 1e 800025ae 0 0 800027c0 0 f 0 1 0 0 0 0 0 0 0 1 0 0 0 0 c33 c37
R 2d1 800025b6 800025ae bfe5 0 0 0 3 1 0 0 0 0 0 0 0 0 800025b8 f 0 0 b 0 0 0 0 0 0 0 1 0 0 0 0 c36 c38
R 2d2 800025ae 800025b2 f17 0 0 0 3 1 0 0 0 0 0 0 1e 800025ae 800025ae f 0 0 0 0 0 0 0 0 0 0 1 0 0 0 0 c40 c42
R 2d3 800025b2 800025b6 203f2923 0 0 0 3 1 1e 800025ae 3 1 1e 800025ae 0 0 800027c0 0 f 0 1 0 0 0 0 0 0 0 1 0 0 0 0 c44 c49
R 2d4 800025b6 800025ae bfe5 0 0 0 3 1 0 0 0 0 0 0 0 0 800025b8 f 0 0 b 0 0 0 0 0 0 0 1 0 0 0 0 c48 c4a
R 2d5 800025ae 800025b2 f17 0 0 0 3 1 0 0 0 0 0 0 1e 800025ae 800025ae f 0 0 0 0 0 0 0 0 0 0 1 0 0 0 0 c4e c50
R 2d6 800025b2 800025b6 203f2923 0 0 0 3 1 1e 800025ae 3 1 1e 800025ae 0 0 800027c0 0 f 0 1 0 0 0 0 0 0 0 1 0 0 0 0 c56 c59
R 2d7 800025b6 800025ae bfe5 0 0 0 3 1 0 0 0 0 0 0 0 0 800025b8 f 0 0 b 0 0 0 0 0 0 0 1 0 0 0 0 c58 c5a
R 2d8 800025ae 800025b2 f17 0 0 0 3 1 0 0 0 0 0 0 1e 800025ae 800025ae f 0 0 0 0 0 0 0 0 0 0 1 0 0 0 0 c62 c64
R 2d9 800025b2 800025b6 203f2923 0 0 0 3 1 1e 800025ae 3 1 1e 800025ae 0 0 800027c0 0 f 0 1 0 0 0 0 0 0 0 1 0 0 0 0 c65 c69
R 2da 800025b6 800025ae bfe5 0 0 0 3 1 0 0 0 0 0 0 0 0 800025b8 f 0 0 b 0 0 0 0 0 0 0 1 0 0 0 0 c68 c6a
R 2db 800025ae 800025b2 f17 0 0 0 3 1 0 0 0 0 0 0 1e 800025ae 800025ae f 0 0 0 0 0 0 0 0 0 0 1 0 0 0 0 c72 c74
R 2dc 800025b2 800025b6 203f2923 0 0 0 3 1 1e 800025ae 3 1 1e 800025ae 0 0 800027c0 0 f 0 1 0 0 0 0 0 0 0 1 0 0 0 0 c74 c77
R 2dd 800025b6 800025ae bfe5 0 0 0 3 1 0 0 0 0 0 0 0 0 800025b8 f 0 0 b 0 0 0 0 0 0 0 1 0 0 0 0 c76 c78
R 2de 800025ae 800025b2 f17 0 0 0 3 1 0 0 0 0 0 0 1e 800025ae 800025ae f 0 0 0 0 0 0 0 0 0 0 1 0 0 0 0 c7b c7d
R 2df 800025b2 800025b6 203f2923 0 0 0 3 1 1e 800025ae 3 1 1e 800025ae 0 0 800027c0 0 f 0 1 0 0 0 0 0 0 0 1 0 0 0 0 c81 c85
R 2e0 800025b6 800025ae bfe5 0 0 0 3 1 0 0 0 0 0 0 0 0 800025b8 f 0 0 b 0 0 0 0 0 0 0 1 0 0 0 0 c84 c86
R 2e1 800025ae 800025b2 f17 0 0 0 3 1 0 0 0 0 0 0 1e 800025ae 800025ae f 0 0 0 0 0 0 0 0 0 0 1 0 0 0 0 c8f c91
R 2e2 800025b2 800025b6 203f2923 0 0 0 3 1 1e 800025ae 3 1 1e 800025ae 0 0 800027c0 0 f 0 1 0 0 0 0 0 0 0 1 0 0 0 0 c94 c98
R 2e3 800025b6 800025ae bfe5 0 0 0 3 1 0 0 0 0 0 0 0 0 800025b8 f 0 0 b 0 0 0 0 0 0 0 1 0 0 0 0 c97 c99
R 2e4 800025ae 800025b2 f17 0 0 0 3 1 0 0 0 0 0 0 1e 800025ae 800025ae f 0 0 0 0 0 0 0 0 0 0 1 0 0 0 0 c9c c9e
R 2e5 800025b2 800025b6 203f2923 0 0 0 3 1 1e 800025ae 3 1 1e 800025ae 0 0 800027c0 0 f 0 1 0 0 0 0 0 0 0 1 0 0 0 0 ca2 ca5
R 2e6 800025b6 800025ae bfe5 0 0 0 3 1 0 0 0 0 0 0 0 0 800025b8 f 0 0 b 0 0 0 0 0 0 0 1 0 0 0 0 ca4 ca6
R 2e7 800025ae 800025b2 f17 0 0 0 3 1 0 0 0 0 0 0 1e 800025ae 800025ae f 0 0 0 0 0 0 0 0 0 0 1 0 0 0 0 cac cae
R 2e8 800025b2 800025b6 203f2923 0 0 0 3 1 1e 800025ae 3 1 1e 800025ae 0 0 800027c0 0 f 0 1 0 0 0 0 0 0 0 1 0 0 0 0 cae cb2
R 2e9 800025b6 800025ae bfe5 0 0 0 3 1 0 0 0 0 0 0 0 0 800025b8 f 0 0 b 0 0 0 0 0 0 0 1 0 0 0 0 cb1 cb3
R 2ea 800025ae 800025b2 f17 0 0 0 3 1 0 0 0 0 0 0 1e 800025ae 800025ae f 0 0 0 0 0 0 0 0 0 0 1 0 0 0 0 cba cbc
R 2eb 800025b2 800025b6 203f2923 0 0 0 3 1 1e 800025ae 3 1 1e 800025ae 0 0 800027c0 0 f 0 1 0 0 0 0 0 0 0 1 0 0 0 0 cbf cc2
R 2ec 800025b6 800025ae bfe5 0 0 0 3 1 0 0 0 0 0 0 0 0 800025b8 f 0 0 b 0 0 0 0 0 0 0 1 0 0 0 0 cc1 cc3
R 2ed 800025ae 800025b2 f17 0 0 0 3 1 0 0 0 0 0 0 1e 800025ae 800025ae f 0 0 0 0 0 0 0 0 0 0 1 0 0 0 0 ccf cd1
R 2ee 800025b2 800025b6 203f2923 0 0 0 3 1 1e 800025ae 3 1 1e 800025ae 0 0 800027c0 0 f 0 1 0 0 0 0 0 0 0 1 0 0 0 0 cd3 cd6
R 2ef 800025b6 800025ae bfe5 0 0 0 3 1 0 0 0 0 0 0 0 0 800025b8 f 0 0 b 0 0 0 0 0 0 0 1 0 0 0 0 cd5 cd7
R 2f0 800025ae 800025b2 f17 0 0 0 3 1 0 0 0 0 0 0 1e 800025ae 800025ae f 0 0 0 0 0 0 0 0 0 0 1 0 0 0 0 ce0 ce2
R 2f1 800025b2 800025b6 203f2923 0 0 0 3 1 1e 800025ae 3 1 1e 800025ae 0 0 800027c0 0 f 0 1 0 0 0 0 0 0 0 1 0 0 0 0 ce2 ce6
R 2f2 800025b6 800025ae bfe5 0 0 0 3 1 0 0 0 0 0 0 0 0 800025b8 f 0 0 b 0 0 0 0 0 0 0 1 0 0 0 0 ce5 ce7
R 2f3 800025ae 800025b2 f17 0 0 0 3 1 0 0 0 0 0 0 1e 800025ae 800025ae f 0 0 0 0 0 0 0 0 0 0 1 0 0 0 0 ced cef
R 2f4 800025b2 800025b6 203f2923 0 0 0 3 1 1e 800025ae 3 1 1e 800025ae 0 0 800027c0 0 f 0 1 0 0 0 0 0 0 0 1 0 0 0 0 cf5 cfa
R 2f5 800025b6 800025ae bfe5 0 0 0 3 1 0 0 0 0 0 0 0 0 800025b8 f 0 0 b 0 0 0 0 0 0 0 1 0 0 0 0 cf9 cfb
R 2f6 800025ae 800025b2 f17 0 0 0 3 1 0 0 0 0 0 0 1e 800025ae 800025ae f 0 0 0 0 0 0 0 0 0 0 1 0 0 0 0 cff d01
R 2f7 800025b2 800025b6 203f2923 0 0 0 3 1 1e 800025ae 3 1 1e 800025ae 0 0 800027c0 0 f 0 1 0 0 0 0 0 0 0 1 0 0 0 0 d05 d0a
R 2f8 800025b6 800025ae bfe5 0 0 0 3 1 0 0 0 0 0 0 0 0 800025b8 f 0 0 b 0 0 0 0 0 0 0 1 0 0 0 0 d09 d0b
R 2f9 800025ae 800025b2 f17 0 0 0 3 1 0 0 0 0 0 0 1e 800025ae 800025ae f 0 0 0 0 0 0 0 0 0 0 1 0 0 0 0 d11 d13
R 2fa 800025b2 800025b6 203f2923 0 0 0 3 1 1e 800025ae 3 1 1e 800025ae 0 0 800027c0 0 f 0 1 0 0 0 0 0 0 0 1 0 0 0 0 d15 d1a
R 2fb 800025b6 800025ae bfe5 0 0 0 3 1 0 0 0 0 0 0 0 0 800025b8 f 0 0 b 0 0 0 0 0 0 0 1 0 0 0 0 d19 d1b
R 2fc 800025ae 800025b2 f17 0 0 0 3 1 0 0 0 0 0 0 1e 800025ae 800025ae f 0 0 0 0 0 0 0 0 0 0 1 0 0 0 0 d1f d21
R 2fd 800025b2 800025b6 203f2923 0 0 0 3 1 1e 800025ae 3 1 1e 800025ae 0 0 800027c0 0 f 0 1 0 0 0 0 0 0 0 1 0 0 0 0 d23 d26
R 2fe 800025b6 800025ae bfe5 0 0 0 3 1 0 0 0 0 0 0 0 0 800025b8 f 0 0 b 0 0 0 0 0 0 0 1 0 0 0 0 d25 d27
R 2ff 800025ae 800025b2 f17 0 0 0 3 1 0 0 0 0 0 0 1e 800025ae 800025ae f 0 0 0 0 0 0 0 0 0 0 1 0 0 0 0 d2e d30
R 300 800025b2 800025b6 203f2923 0 0 0 3 1 1e 800025ae 3 1 1e 800025ae 0 0 800027c0 0 f 0 1 0 0 0 0 0 0 0 1 0 0 0 0 d31 d36
R 301 800025b6 800025ae bfe5 0 0 0 3 1 0 0 0 0 0 0 0 0 800025b8 f 0 0 b 0 0 0 0 0 0 0 1 0 0 0 0 d35 d37
R 302 800025ae 800025b2 f17 0 0 0 3 1 0 0 0 0 0 0 1e 800025ae 800025ae f 0 0 0 0 0 0 0 0 0 0 1 0 0 0 0 d3c d3e
R 303 800025b2 800025b6 203f2923 0 0 0 3 1 1e 800025ae 3 1 1e 800025ae 0 0 800027c0 0 f 0 1 0 0 0 0 0 0 0 1 0 0 0 0 d42 d46
R 304 800025b6 800025ae bfe5 0 0 0 3 1 0 0 0 0 0 0 0 0 800025b8 f 0 0 b 0 0 0 0 0 0 0 1 0 0 0 0 d45 d47
R 305 800025ae 800025b2 f17 0 0 0 3 1 0 0 0 0 0 0 1e 800025ae 800025ae f 0 0 0 0 0 0 0 0 0 0 1 0 0 0 0 d50 d52
R 306 800025b2 800025b6 203f2923 0 0 0 3 1 1e 800025ae 3 1 1e 800025ae 0 0 800027c0 0 f 0 1 0 0 0 0 0 0 0 1 0 0 0 0 d55 d59
R 307 800025b6 800025ae bfe5 0 0 0 3 1 0 0 0 0 0 0 0 0 800025b8 f 0 0 b 0 0 0 0 0 0 0 1 0 0 0 0 d58 d5a
R 308 800025ae 800025b2 f17 0 0 0 3 1 0 0 0 0 0 0 1e 800025ae 800025ae f 0 0 0 0 0 0 0 0 0 0 1 0 0 0 0 d60 d62
R 309 800025b2 800025b6 203f2923 0 0 0 3 1 1e 800025ae 3 1 1e 800025ae 0 0 800027c0 0 f 0 1 0 0 0 0 0 0 0 1 0 0 0 0 d65 d68
R 30a 800025b6 800025ae bfe5 0 0 0 3 1 0 0 0 0 0 0 0 0 800025b8 f 0 0 b 0 0 0 0 0 0 0 1 0 0 0 0 d67 d69
R 30b 800025ae 800025b2 f17 0 0 0 3 1 0 0 0 0 0 0 1e 800025ae 800025ae f 0 0 0 0 0 0 0 0 0 0 1 0 0 0 0 d71 d73
R 30c 800025b2 800025b6 203f2923 0 0 0 3 1 1e 800025ae 3 1 1e 800025ae 0 0 800027c0 0 f 0 1 0 0 0 0 0 0 0 1 0 0 0 0 d79 d7c
R 30d 800025b6 800025ae bfe5 0 0 0 3 1 0 0 0 0 0 0 0 0 800025b8 f 0 0 b 0 0 0 0 0 0 0 1 0 0 0 0 d7b d7d
R 30e 800025ae 800025b2 f17 0 0 0 3 1 0 0 0 0 0 0 1e 800025ae 800025ae f 0 0 0 0 0 0 0 0 0 0 1 0 0 0 0 d87 d89
R 30f 800025b2 800025b6 203f2923 0 0 0 3 1 1e 800025ae 3 1 1e 800025ae 0 0 800027c0 0 f 0 1 0 0 0 0 0 0 0 1 0 0 0 0 d8f d92
R 310 800025b6 800025ae bfe5 0 0 0 3 1 0 0 0 0 0 0 0 0 800025b8 f 0 0 b 0 0 0 0 0 0 0 1 0 0 0 0 d91 d93
R 311 800025ae 800025b2 f17 0 0 0 3 1 0 0 0 0 0 0 1e 800025ae 800025ae f 0 0 0 0 0 0 0 0 0 0 1 0 0 0 0 d9b d9d
R 312 800025b2 800025b6 203f2923 0 0 0 3 1 1e 800025ae 3 1 1e 800025ae 0 0 800027c0 0 f 0 1 0 0 0 0 0 0 0 1 0 0 0 0 da0 da3
R 313 800025b6 800025ae bfe5 0 0 0 3 1 0 0 0 0 0 0 0 0 800025b8 f 0 0 b 0 0 0 0 0 0 0 1 0 0 0 0 da2 da4
R 314 800025ae 800025b2 f17 0 0 0 3 1 0 0 0 0 0 0 1e 800025ae 800025ae f 0 0 0 0 0 0 0 0 0 0 1 0 0 0 0 dab dad
R 315 800025b2 800025b6 203f2923 0 0 0 3 1 1e 800025ae 3 1 1e 800025ae 0 0 800027c0 0 f 0 1 0 0 0 0 0 0 0 1 0 0 0 0 db0 db4
R 316 800025b6 800025ae bfe5 0 0 0 3 1 0 0 0 0 0 0 0 0 800025b8 f 0 0 b 0 0 0 0 0 0 0 1 0 0 0 0 db3 db5
R 317 800025ae 800025b2 f17 0 0 0 3 1 0 0 0 0 0 0 1e 800025ae 800025ae f 0 0 0 0 0 0 0 0 0 0 1 0 0 0 0 dbd dbf
R 318 800025b2 800025b6 203f2923 0 0 0 3 1 1e 800025ae 3 1 1e 800025ae 0 0 800027c0 0 f 0 1 0 0 0 0 0 0 0 1 0 0 0 0 dc3 dc6
R 319 800025b6 800025ae bfe5 0 0 0 3 1 0 0 0 0 0 0 0 0 800025b8 f 0 0 b 0 0 0 0 0 0 0 1 0 0 0 0 dc5 dc7
R 31a 800025ae 800025b2 f17 0 0 0 3 1 0 0 0 0 0 0 1e 800025ae 800025ae f 0 0 0 0 0 0 0 0 0 0 1 0 0 0 0 dd0 dd2
R 31b 800025b2 800025b6 203f2923 0 0 0 3 1 1e 800025ae 3 1 1e 800025ae 0 0 800027c0 0 f 0 1 0 0 0 0 0 0 0 1 0 0 0 0 dd6 dda
R 31c 800025b6 800025ae bfe5 0 0 0 3 1 0 0 0 0 0 0 0 0 800025b8 f 0 0 b 0 0 0 0 0 0 0 1 0 0 0 0 dd9 ddb
R 31d 800025ae 800025b2 f17 0 0 0 3 1 0 0 0 0 0 0 1e 800025ae 800025ae f 0 0 0 0 0 0 0 0 0 0 1 0 0 0 0 de0 de2
R 31e 800025b2 800025b6 203f2923 0 0 0 3 1 1e 800025ae 3 1 1e 800025ae 0 0 800027c0 0 f 0 1 0 0 0 0 0 0 0 1 0 0 0 0 de2 de6
R 31f 800025b6 800025ae bfe5 0 0 0 3 1 0 0 0 0 0 0 0 0 800025b8 f 0 0 b 0 0 0 0 0 0 0 1 0 0 0 0 de5 de7
R 320 800025ae 800025b2 f17 0 0 0 3 1 0 0 0 0 0 0 1e 800025ae 800025ae f 0 0 0 0 0 0 0 0 0 0 1 0 0 0 0 dee df0
R 321 800025b2 800025b6 203f2923 0 0 0 3 1 1e 800025ae 3 1 1e 800025ae 0 0 800027c0 0 f 0 1 0 0 0 0 0 0 0 1 0 0 0 0 df1 df4
R 322 800025b6 800025ae bfe5 0 0 0 3 1 0 0 0 0 0 0 0 0 800025b8 f 0 0 b 0 0 0 0 0 0 0 1 0 0 0 0 df3 df5
R 323 800025ae 800025b2 f17 0 0 0 3 1 0 0 0 0 0 0 1e 800025ae 800025ae f 0 0 0 0 0 0 0 0 0 0 1 0 0 0 0 dfc dfe
R 324 800025b2 800025b6 203f2923 0 0 0 3 1 1e 800025ae 3 1 1e 800025ae 0 0 800027c0 0 f 0 1 0 0 0 0 0 0 0 1 0 0 0 0 dff e02
R 325 800025b6 800025ae bfe5 0 0 0 3 1 0 0 0 0 0 0 0 0 800025b8 f 0 0 b 0 0 0 0 0 0 0 1 0 0 0 0 e01 e03
R 326 800025ae 800025b2 f17 0 0 0 3 1 0 0 0 0 0 0 1e 800025ae 800025ae f 0 0 0 0 0 0 0 0 0 0 1 0 0 0 0 e09 e0b
R 327 800025b2 800025b6 203f2923 0 0 0 3 1 1e 800025ae 3 1 1e 800025ae 0 0 800027c0 0 f 0 1 0 0 0 0 0 0 0 1 0 0 0 0 e10 e13
R 328 800025b6 800025ae bfe5 0 0 0 3 1 0 0 0 0 0 0 0 0 800025b8 f 0 0 b 0 0 0 0 0 0 0 1 0 0 0 0 e12 e14
R 329 800025ae 800025b2 f17 0 0 0 3 1 0 0 0 0 0 0 1e 800025ae 800025ae f 0 0 0 0 0 0 0 0 0 0 1 0 0 0 0 e19 e1b
R 32a 800025b2 800025b6 203f2923 0 0 0 3 1 1e 800025ae 3 1 1e 800025ae 0 0 800027c0 0 f 0 1 0 0 0 0 0 0 0 1 0 0 0 0 e20 e25
R 32b 800025b6 800025ae bfe5 0 0 0 3 1 0 0 0 0 0 0 0 0 800025b8 f 0 0 b 0 0 0 0 0 0 0 1 0 0 0 0 e24 e26
R 32c 800025ae 800025b2 f17 0 0 0 3 1 0 0 0 0 0 0 1e 800025ae 800025ae f 0 0 0 0 0 0 0 0 0 0 1 0 0 0 0 e2b e2d
R 32d 800025b2 800025b6 203f2923 0 0 0 3 1 1e 800025ae 3 1 1e 800025ae 0 0 800027c0 0 f 0 1 0 0 0 0 0 0 0 1 0 0 0 0 e2f e32
R 32e 800025b6 800025ae bfe5 0 0 0 3 1 0 0 0 0 0 0 0 0 800025b8 f 0 0 b 0 0 0 0 0 0 0 1 0 0 0 0 e31 e33
R 32f 800025ae 800025b2 f17 0 0 0 3 1 0 0 0 0 0 0 1e 800025ae 800025ae f 0 0 0 0 0 0 0 0 0 0 1 0 0 0 0 e3a e3c
R 330 800025b2 800025b6 203f2923 0 0 0 3 1 1e 800025ae 3 1 1e 800025ae 0 0 800027c0 0 f 0 1 0 0 0 0 0 0 0 1 0 0 0 0 e40 e43
R 331 800025b6 800025ae bfe5 0 0 0 3 1 0 0 0 0 0 0 0 0 800025b8 f 0 0 b 0 0 0 0 0 0 0 1 0 0 0 0 e42 e44
R 332 800025ae 800025b2 f17 0 0 0 3 1 0 0 0 0 0 0 1e 800025ae 800025ae f 0 0 0 0 0 0 0 0 0 0 1 0 0 0 0 e4a e4c
R 333 800025b2 800025b6 203f2923 0 0 0 3 1 1e 800025ae 3 1 1e 800025ae 0 0 800027c0 0 f 0 1 0 0 0 0 0 0 0 1 0 0 0 0 e50 e55
R 334 800025b6 800025ae bfe5 0 0 0 3 1 0 0 0 0 0 0 0 0 800025b8 f 0 0 b 0 0 0 0 0 0 0 1 0 0 0 0 e54 e56
R 335 800025ae 800025b2 f17 0 0 0 3 1 0 0 0 0 0 0 1e 800025ae 800025ae f 0 0 0 0 0 0 0 0 0 0 1 0 0 0 0 e5d e5f
R 336 800025b2 800025b6 203f2923 0 0 0 3 1 1e 800025ae 3 1 1e 800025ae 0 0 800027c0 0 f 0 1 0 0 0 0 0 0 0 1 0 0 0 0 e63 e68
R 337 800025b6 800025ae bfe5 0 0 0 3 1 0 0 0 0 0 0 0 0 800025b8 f 0 0 b 0 0 0 0 0 0 0 1 0 0 0 0 e67 e69
R 338 800025ae 800025b2 f17 0 0 0 3 1 0 0 0 0 0 0 1e 800025ae 800025ae f 0 0 0 0 0 0 0 0 0 0 1 0 0 0 0 e6d e6f
R 339 800025b2 800025b6 203f2923 0 0 0 3 1 1e 800025ae 3 1 1e 800025ae 0 0 800027c0 0 f 0 1 0 0 0 0 0 0 0 1 0 0 0 0 e74 e77
R 33a 800025b6 800025ae bfe5 0 0 0 3 1 0 0 0 0 0 0 0 0 800025b8 f 0 0 b 0 0 0 0 0 0 0 1 0 0 0 0 e76 e78
R 33b 800025ae 800025b2 f17 0 0 0 3 1 0 0 0 0 0 0 1e 800025ae 800025ae f 0 0 0 0 0 0 0 0 0 0 1 0 0 0 0 e7f e81
R 33c 800025b2 800025b6 203f2923 0 0 0 3 1 1e 800025ae 3 1 1e 800025ae 0 0 800027c0 0 f 0 1 0 0 0 0 0 0 0 1 0 0 0 0 e82 e86
R 33d 800025b6 800025ae bfe5 0 0 0 3 1 0 0 0 0 0 0 0 0 800025b8 f 0 0 b 0 0 0 0 0 0 0 1 0 0 0 0 e85 e87
R 33e 800025ae 800025b2 f17 0 0 0 3 1 0 0 0 0 0 0 1e 800025ae 800025ae f 0 0 0 0 0 0 0 0 0 0 1 0 0 0 0 e8f e91
R 33f 800025b2 800025b6 203f2923 0 0 0 3 1 1e 800025ae 3 1 1e 800025ae 0 0 800027c0 0 f 0 1 0 0 0 0 0 0 0 1 0 0 0 0 e93 e98
R 340 800025b6 800025ae bfe5 0 0 0 3 1 0 0 0 0 0 0 0 0 800025b8 f 0 0 b 0 0 0 0 0 0 0 1 0 0 0 0 e97 e99
R 341 800025ae 800025b2 f17 0 0 0 3 1 0 0 0 0 0 0 1e 800025ae 800025ae f 0 0 0 0 0 0 0 0 0 0 1 0 0 0 0 e9f ea1
R 342 800025b2 800025b6 203f2923 0 0 0 3 1 1e 800025ae 3 1 1e 800025ae 0 0 800027c0 0 f 0 1 0 0 0 0 0 0 0 1 0 0 0 0 ea4 ea9
R 343 800025b6 800025ae bfe5 0 0 0 3 1 0 0 0 0 0 0 0 0 800025b8 f 0 0 b 0 0 0 0 0 0 0 1 0 0 0 0 ea8 eaa
R 344 800025ae 800025b2 f17 0 0 0 3 1 0 0 0 0 0 0 1e 800025ae 800025ae f 0 0 0 0 0 0 0 0 0 0 1 0 0 0 0 eb1 eb3
R 345 800025b2 800025b6 203f2923 0 0 0 3 1 1e 800025ae 3 1 1e 800025ae 0 0 800027c0 0 f 0 1 0 0 0 0 0 0 0 1 0 0 0 0 eb5 eba
R 346 800025b6 800025ae bfe5 0 0 0 3 1 0 0 0 0 0 0 0 0 800025b8 f 0 0 b 0 0 0 0 0 0 0 1 0 0 0 0 eb9 ebb
R 347 800025ae 800025b2 f17 0 0 0 3 1 0 0 0 0 0 0 1e 800025ae 800025ae f 0 0 0 0 0 0 0 0 0 0 1 0 0 0 0 ebf ec1
R 348 800025b2 800025b6 203f2923 0 0 0 3 1 1e 800025ae 3 1 1e 800025ae 0 0 800027c0 0 f 0 1 0 0 0 0 0 0 0 1 0 0 0 0 ec4 ec8
R 349 800025b6 800025ae bfe5 0 0 0 3 1 0 0 0 0 0 0 0 0 800025b8 f 0 0 b 0 0 0 0 0 0 0 1 0 0 0 0 ec7 ec9
R 34a 800025ae 800025b2 f17 0 0 0 3 1 0 0 0 0 0 0 1e 800025ae 800025ae f 0 0 0 0 0 0 0 0 0 0 1 0 0 0 0 ed1 ed3
R 34b 800025b2 800025b6 203f2923 0 0 0 3 1 1e 800025ae 3 1 1e 800025ae 0 0 800027c0 0 f 0 1 0 0 0 0 0 0 0 1 0 0 0 0 ed6 ed9
R 34c 800025b6 800025ae bfe5 0 0 0 3 1 0 0 0 0 0 0 0 0 800025b8 f 0 0 b 0 0 0 0 0 0 0 1 0 0 0 0 ed8 eda
R 34d 800025ae 800025b2 f17 0 0 0 3 1 0 0 0 0 0 0 1e 800025ae 800025ae f 0 0 0 0 0 0 0 0 0 0 1 0 0 0 0 ee1 ee3
R 34e 800025b2 800025b6 203f2923 0 0 0 3 1 1e 800025ae 3 1 1e 800025ae 0 0 800027c0 0 f 0 1 0 0 0 0 0 0 0 1 0 0 0 0 ee3 ee7
R 34f 800025b6 800025ae bfe5 0 0 0 3 1 0 0 0 0 0 0 0 0 800025b8 f 0 0 b 0 0 0 0 0 0 0 1 0 0 0 0 ee6 ee8
R 350 800025ae 800025b2 f17 0 0 0 3 1 0 0 0 0 0 0 1e 800025ae 800025ae f 0 0 0 0 0 0 0 0 0 0 1 0 0 0 0 eef ef1
R 351 800025b2 800025b6 203f2923 0 0 0 3 1 1e 800025ae 3 1 1e 800025ae 0 0 800027c0 0 f 0 1 0 0 0 0 0 0 0 1 0 0 0 0 ef4 ef8
R 352 800025b6 800025ae bfe5 0 0 0 3 1 0 0 0 0 0 0 0 0 800025b8 f 0 0 b 0 0 0 0 0 0 0 1 0 0 0 0 ef7 ef9
R 353 800025ae 800025b2 f17 0 0 0 3 1 0 0 0 0 0 0 1e 800025ae 800025ae f 0 0 0 0 0 0 0 0 0 0 1 0 0 0 0 efd eff
R 354 800025b2 800025b6 203f2923 0 0 0 3 1 1e 800025ae 3 1 1e 800025ae 0 0 800027c0 0 f 0 1 0 0 0 0 0 0 0 1 0 0 0 0 f04 f09
R 355 800025b6 800025ae bfe5 0 0 0 3 1 0 0 0 0 0 0 0 0 800025b8 f 0 0 b 0 0 0 0 0 0 0 1 0 0 0 0 f08 f0a
R 356 800025ae 800025b2 f17 0 0 0 3 1 0 0 0 0 0 0 1e 800025ae 800025ae f 0 0 0 0 0 0 0 0 0 0 1 0 0 0 0 f10 f12
R 357 800025b2 800025b6 203f2923 0 0 0 3 1 1e 800025ae 3 1 1e 800025ae 0 0 800027c0 0 f 0 1 0 0 0 0 0 0 0 1 0 0 0 0 f13 f18
R 358 800025b6 800025ae bfe5 0 0 0 3 1 0 0 0 0 0 0 0 0 800025b8 f 0 0 b 0 0 0 0 0 0 0 1 0 0 0 0 f17 f19
R 359 800025ae 800025b2 f17 0 0 0 3 1 0 0 0 0 0 0 1e 800025ae 800025ae f 0 0 0 0 0 0 0 0 0 0 1 0 0 0 0 f1e f20
R 35a 800025b2 800025b6 203f2923 0 0 0 3 1 1e 800025ae 3 1 1e 800025ae 0 0 800027c0 0 f 0 1 0 0 0 0 0 0 0 1 0 0 0 0 f24 f27
R 35b 800025b6 800025ae bfe5 0 0 0 3 1 0 0 0 0 0 0 0 0 800025b8 f 0 0 b 0 0 0 0 0 0 0 1 0 0 0 0 f26 f28
R 35c 800025ae 800025b2 f17 0 0 0 3 1 0 0 0 0 0 0 1e 800025ae 800025ae f 0 0 0 0 0 0 0 0 0 0 1 0 0 0 0 f2f f31
R 35d 800025b2 800025b6 203f2923 0 0 0 3 1 1e 800025ae 3 1 1e 800025ae 0 0 800027c0 0 f 0 1 0 0 0 0 0 0 0 1 0 0 0 0 f32 f37
R 35e 800025b6 800025ae bfe5 0 0 0 3 1 0 0 0 0 0 0 0 0 800025b8 f 0 0 b 0 0 0 0 0 0 0 1 0 0 0 0 f36 f38
R 35f 800025ae 800025b2 f17 0 0 0 3 1 0 0 0 0 0 0 1e 800025ae 800025ae f 0 0 0 0 0 0 0 0 0 0 1 0 0 0 0 f3b f3d
R 360 800025b2 800025b6 203f2923 0 0 0 3 1 1e 800025ae 3 1 1e 800025ae 0 0 800027c0 0 f 0 1 0 0 0 0 0 0 0 1 0 0 0 0 f40 f43
R 361 800025b6 800025ae bfe5 0 0 0 3 1 0 0 0 0 0 0 0 0 800025b8 f 0 0 b 0 0 0 0 0 0 0 1 0 0 0 0 f42 f44
R 362 800025ae 800025b2 f17 0 0 0 3 1 0 0 0 0 0 0 1e 800025ae 800025ae f 0 0 0 0 0 0 0 0 0 0 1 0 0 0 0 f4a f4c
R 363 800025b2 800025b6 203f2923 0 0 0 3 1 1e 800025ae 3 1 1e 800025ae 0 0 800027c0 0 f 0 1 0 0 0 0 0 0 0 1 0 0 0 0 f50 f53
R 364 800025b6 800025ae bfe5 0 0 0 3 1 0 0 0 0 0 0 0 0 800025b8 f 0 0 b 0 0 0 0 0 0 0 1 0 0 0 0 f52 f54
R 365 800025ae 800025b2 f17 0 0 0 3 1 0 0 0 0 0 0 1e 800025ae 800025ae f 0 0 0 0 0 0 0 0 0 0 1 0 0 0 0 f5c f5e
R 366 800025b2 800025b6 203f2923 0 0 0 3 1 1e 800025ae 3 1 1e 800025ae 0 0 800027c0 0 f 0 1 0 0 0 0 0 0 0 1 0 0 0 0 f63 f66
R 367 800025b6 800025ae bfe5 0 0 0 3 1 0 0 0 0 0 0 0 0 800025b8 f 0 0 b 0 0 0 0 0 0 0 1 0 0 0 0 f65 f67
R 368 800025ae 800025b2 f17 0 0 0 3 1 0 0 0 0 0 0 1e 800025ae 800025ae f 0 0 0 0 0 0 0 0 0 0 1 0 0 0 0 f6d f6f
R 369 800025b2 800025b6 203f2923 0 0 0 3 1 1e 800025ae 3 1 1e 800025ae 0 0 800027c0 0 f 0 1 0 0 0 0 0 0 0 1 0 0 0 0 f6f f72
R 36a 800025b6 800025ae bfe5 0 0 0 3 1 0 0 0 0 0 0 0 0 800025b8 f 0 0 b 0 0 0 0 0 0 0 1 0 0 0 0 f71 f73
R 36b 800025ae 800025b2 f17 0 0 0 3 1 0 0 0 0 0 0 1e 800025ae 800025ae f 0 0 0 0 0 0 0 0 0 0 1 0 0 0 0 f77 f79
R 36c 800025b2 800025b6 203f2923 0 0 0 3 1 1e 800025ae 3 1 1e 800025ae 0 0 800027c0 0 f 0 1 0 0 0 0 0 0 0 1 0 0 0 0 f7a f7d
R 36d 800025b6 800025ae bfe5 0 0 0 3 1 0 0 0 0 0 0 0 0 800025b8 f 0 0 b 0 0 0 0 0 0 0 1 0 0 0 0 f7c f7e
R 36e 800025ae 800025b2 f17 0 0 0 3 1 0 0 0 0 0 0 1e 800025ae 800025ae f 0 0 0 0 0 0 0 0 0 0 1 0 0 0 0 f86 f88
R 36f 800025b2 800025b6 203f2923 0 0 0 3 1 1e 800025ae 3 1 1e 800025ae 0 0 800027c0 0 f 0 1 0 0 0 0 0 0 0 1 0 0 0 0 f8d f91
R 370 800025b6 800025ae bfe5 0 0 0 3 1 0 0 0 0 0 0 0 0 800025b8 f 0 0 b 0 0 0 0 0 0 0 1 0 0 0 0 f90 f92
R 371 800025ae 800025b2 f17 0 0 0 3 1 0 0 0 0 0 0 1e 800025ae 800025ae f 0 0 0 0 0 0 0 0 0 0 1 0 0 0 0 f9b f9d
R 372 800025b2 800025b6 203f2923 0 0 0 3 1 1e 800025ae 3 1 1e 800025ae 0 0 800027c0 0 f 0 1 0 0 0 0 0 0 0 1 0 0 0 0 fa2 fa6
R 373 800025b6 800025ae bfe5 0 0 0 3 1 0 0 0 0 0 0 0 0 800025b8 f 0 0 b 0 0 0 0 0 0 0 1 0 0 0 0 fa5 fa7
R 374 800025ae 800025b2 f17 0 0 0 3 1 0 0 0 0 0 0 1e 800025ae 800025ae f 0 0 0 0 0 0 0 0 0 0 1 0 0 0 0 fae fb0
R 375 800025b2 800025b6 203f2923 0 0 0 3 1 1e 800025ae 3 1 1e 800025ae 0 0 800027c0 0 f 0 1 0 0 0 0 0 0 0 1 0 0 0 0 fb4 fb8
R 376 800025b6 800025ae bfe5 0 0 0 3 1 0 0 0 0 0 0 0 0 800025b8 f 0 0 b 0 0 0 0 0 0 0 1 0 0 0 0 fb7 fb9
R 377 800025ae 800025b2 f17 0 0 0 3 1 0 0 0 0 0 0 1e 800025ae 800025ae f 0 0 0 0 0 0 0 0 0 0 1 0 0 0 0 fbf fc1
R 378 800025b2 800025b6 203f2923 0 0 0 3 1 1e 800025ae 3 1 1e 800025ae 0 0 800027c0 0 f 0 1 0 0 0 0 0 0 0 1 0 0 0 0 fc4 fc7
R 379 800025b6 800025ae bfe5 0 0 0 3 1 0 0 0 0 0 0 0 0 800025b8 f 0 0 b 0 0 0 0 0 0 0 1 0 0 0 0 fc6 fc8
R 37a 800025ae 800025b2 f17 0 0 0 3 1 0 0 0 0 0 0 1e 800025ae 800025ae f 0 0 0 0 0 0 0 0 0 0 1 0 0 0 0 fd0 fd2
R 37b 800025b2 800025b6 203f2923 0 0 0 3 1 1e 800025ae 3 1 1e 800025ae 0 0 800027c0 0 f 0 1 0 0 0 0 0 0 0 1 0 0 0 0 fd6 fd9
R 37c 800025b6 800025ae bfe5 0 0 0 3 1 0 0 0 0 0 0 0 0 800025b8 f 0 0 b 0 0 0 0 0 0 0 1 0 0 0 0 fd8 fda
R 37d 800025ae 800025b2 f17 0 0 0 3 1 0 0 0 0 0 0 1e 800025ae 800025ae f 0 0 0 0 0 0 0 0 0 0 1 0 0 0 0 fdf fe1
R 37e 800025b2 800025b6 203f2923 0 0 0 3 1 1e 800025ae 3 1 1e 800025ae 0 0 800027c0 0 f 0 1 0 0 0 0 0 0 0 1 0 0 0 0 fe6 feb
R 37f 800025b6 800025ae bfe5 0 0 0 3 1 0 0 0 0 0 0 0 0 800025b8 f 0 0 b 0 0 0 0 0 0 0 1 0 0 0 0 fea fec
R 380 800025ae 800025b2 f17 0 0 0 3 1 0 0 0 0 0 0 1e 800025ae 800025ae f 0 0 0 0 0 0 0 0 0 0 1 0 0 0 0 ff0 ff2
R 381 800025b2 800025b6 203f2923 0 0 0 3 1 1e 800025ae 3 1 1e 800025ae 0 0 800027c0 0 f 0 1 0 0 0 0 0 0 0 1 0 0 0 0 ff8 ffc
R 382 800025b6 800025ae bfe5 0 0 0 3 1 0 0 0 0 0 0 0 0 800025b8 f 0 0 b 0 0 0 0 0 0 0 1 0 0 0 0 ffb ffd
R 383 800025ae 800025b2 f17 0 0 0 3 1 0 0 0 0 0 0 1e 800025ae 800025ae f 0 0 0 0 0 0 0 0 0 0 1 0 0 0 0 1001 1003
R 384 800025b2 800025b6 203f2923 0 0 0 3 1 1e 800025ae 3 1 1e 800025ae 0 0 800027c0 0 f 0 1 0 0 0 0 0 0 0 1 0 0 0 0 1006 100b
R 385 800025b6 800025ae bfe5 0 0 0 3 1 0 0 0 0 0 0 0 0 800025b8 f 0 0 b 0 0 0 0 0 0 0 1 0 0 0 0 100a 100c
R 386 800025ae 800025b2 f17 0 0 0 3 1 0 0 0 0 0 0 1e 800025ae 800025ae f 0 0 0 0 0 0 0 0 0 0 1 0 0 0 0 1010 1012
R 387 800025b2 800025b6 203f2923 0 0 0 3 1 1e 800025ae 3 1 1e 800025ae 0 0 800027c0 0 f 0 1 0 0 0 0 0 0 0 1 0 0 0 0 1014 1019
R 388 800025b6 800025ae bfe5 0 0 0 3 1 0 0 0 0 0 0 0 0 800025b8 f 0 0 b 0 0 0 0 0 0 0 1 0 0 0 0 1018 101a
R 389 800025ae 800025b2 f17 0 0 0 3 1 0 0 0 0 0 0 1e 800025ae 800025ae f 0 0 0 0 0 0 0 0 0 0 1 0 0 0 0 101b 101d
R 38a 800025b2 800025b6 203f2923 0 0 0 3 1 1e 800025ae 3 1 1e 800025ae 0 0 800027c0 0 f 0 1 0 0 0 0 0 0 0 1 0 0 0 0 1022 1027
R 38b 800025b6 800025ae bfe5 0 0 0 3 1 0 0 0 0 0 0 0 0 800025b8 f 0 0 b 0 0 0 0 0 0 0 1 0 0 0 0 1026 1028
R 38c 800025ae 800025b2 f17 0 0 0 3 1 0 0 0 0 0 0 1e 800025ae 800025ae f 0 0 0 0 0 0 0 0 0 0 1 0 0 0 0 102b 102d
R 38d 800025b2 800025b6 203f2923 0 0 0 3 1 1e 800025ae 3 1 1e 800025ae 0 0 800027c0 0 f 0 1 0 0 0 0 0 0 0 1 0 0 0 0 1032 1035
R 38e 800025b6 800025ae bfe5 0 0 0 3 1 0 0 0 0 0 0 0 0 800025b8 f 0 0 b 0 0 0 0 0 0 0 1 0 0 0 0 1034 1036
R 38f 800025ae 800025b2 f17 0 0 0 3 1 0 0 0 0 0 0 1e 800025ae 800025ae f 0 0 0 0 0 0 0 0 0 0 1 0 0 0 0 103d 103f
R 390 800025b2 800025b6 203f2923 0 0 0 3 1 1e 800025ae 3 1 1e 800025ae 0 0 800027c0 0 f 0 1 0 0 0 0 0 0 0 1 0 0 0 0 103f 1043
R 391 800025b6 800025ae bfe5 0 0 0 3 1 0 0 0 0 0 0 0 0 800025b8 f 0 0 b 0 0 0 0 0 0 0 1 0 0 0 0 1042 1044
R 392 800025ae 800025b2 f17 0 0 0 3 1 0 0 0 0 0 0 1e 800025ae 800025ae f 0 0 0 0 0 0 0 0 0 0 1 0 0 0 0 1048 104a
R 393 800025b2 800025b6 203f2923 0 0 0 3 1 1e 800025ae 3 1 1e 800025ae 0 0 800027c0 0 f 0 1 0 0 0 0 0 0 0 1 0 0 0 0 104b 104e
R 394 800025b6 800025ae bfe5 0 0 0 3 1 0 0 0 0 0 0 0 0 800025b8 f 0 0 b 0 0 0 0 0 0 0 1 0 0 0 0 104d 104f
R 395 800025ae 800025b2 f17 0 0 0 3 1 0 0 0 0 0 0 1e 800025ae 800025ae f 0 0 0 0 0 0 0 0 0 0 1 0 0 0 0 1056 1058
R 396 800025b2 800025b6 203f2923 0 0 0 3 1 1e 800025ae 3 1 1e 800025ae 0 0 800027c0 0 f 0 1 0 0 0 0 0 0 0 1 0 0 0 0 105c 1061
R 397 800025b6 800025ae bfe5 0 0 0 3 1 0 0 0 0 0 0 0 0 800025b8 f 0 0 b 0 0 0 0 0 0 0 1 0 0 0 0 1060 1062
R 398 800025ae 800025b2 f17 0 0 0 3 1 0 0 0 0 0 0 1e 800025ae 800025ae f 0 0 0 0 0 0 0 0 0 0 1 0 0 0 0 1069 106b
R 399 800025b2 800025b6 203f2923 0 0 0 3 1 1e 800025ae 3 1 1e 800025ae 0 0 800027c0 0 f 0 1 0 0 0 0 0 0 0 1 0 0 0 0 106e 1071
R 39a 800025b6 800025ae bfe5 0 0 0 3 1 0 0 0 0 0 0 0 0 800025b8 f 0 0 b 0 0 0 0 0 0 0 1 0 0 0 0 1070 1072
R 39b 800025ae 800025b2 f17 0 0 0 3 1 0 0 0 0 0 0 1e 800025ae 800025ae f 0 0 0 0 0 0 0 0 0 0 1 0 0 0 0 1078 107a
R 39c 800025b2 800025b6 203f2923 0 0 0 3 1 1e 800025ae 3 1 1e 800025ae 0 0 800027c0 0 f 0 1 0 0 0 0 0 0 0 1 0 0 0 0 107b 107e
R 39d 800025b6 800025ae bfe5 0 0 0 3 1 0 0 0 0 0 0 0 0 800025b8 f 0 0 b 0 0 0 0 0 0 0 1 0 0 0 0 107d 107f
R 39e 800025ae 800025b2 f17 0 0 0 3 1 0 0 0 0 0 0 1e 800025ae 800025ae f 0 0 0 0 0 0 0 0 0 0 1 0 0 0 0 1087 1089
R 39f 800025b2 800025b6 203f2923 0 0 0 3 1 1e 800025ae 3 1 1e 800025ae 0 0 800027c0 0 f 0 1 0 0 0 0 0 0 0 1 0 0 0 0 108b 108e
R 3a0 800025b6 800025ae bfe5 0 0 0 3 1 0 0 0 0 0 0 0 0 800025b8 f 0 0 b 0 0 0 0 0 0 0 1 0 0 0 0 108d 108f
R 3a1 800025ae 800025b2 f17 0 0 0 3 1 0 0 0 0 0 0 1e 800025ae 800025ae f 0 0 0 0 0 0 0 0 0 0 1 0 0 0 0 1095 1097
R 3a2 800025b2 800025b6 203f2923 0 0 0 3 1 1e 800025ae 3 1 1e 800025ae 0 0 800027c0 0 f 0 1 0 0 0 0 0 0 0 1 0 0 0 0 109b 10a0
R 3a3 800025b6 800025ae bfe5 0 0 0 3 1 0 0 0 0 0 0 0 0 800025b8 f 0 0 b 0 0 0 0 0 0 0 1 0 0 0 0 109f 10a1
R 3a4 800025ae 800025b2 f17 0 0 0 3 1 0 0 0 0 0 0 1e 800025ae 800025ae f 0 0 0 0 0 0 0 0 0 0 1 0 0 0 0 10a8 10aa
R 3a5 800025b2 800025b6 203f2923 0 0 0 3 1 1e 800025ae 3 1 1e 800025ae 0 0 800027c0 0 f 0 1 0 0 0 0 0 0 0 1 0 0 0 0 10ac 10b0
R 3a6 800025b6 800025ae bfe5 0 0 0 3 1 0 0 0 0 0 0 0 0 800025b8 f 0 0 b 0 0 0 0 0 0 0 1 0 0 0 0 10af 10b1
R 3a7 800025ae 800025b2 f17 0 0 0 3 1 0 0 0 0 0 0 1e 800025ae 800025ae f 0 0 0 0 0 0 0 0 0 0 1 0 0 0 0 10b9 10bb
R 3a8 800025b2 800025b6 203f2923 0 0 0 3 1 1e 800025ae 3 1 1e 800025ae 0 0 800027c0 0 f 0 1 0 0 0 0 0 0 0 1 0 0 0 0 10bc 10bf
R 3a9 800025b6 800025ae bfe5 0 0 0 3 1 0 0 0 0 0 0 0 0 800025b8 f 0 0 b 0 0 0 0 0 0 0 1 0 0 0 0 10be 10c0
R 3aa 800025ae 800025b2 f17 0 0 0 3 1 0 0 0 0 0 0 1e 800025ae 800025ae f 0 0 0 0 0 0 0 0 0 0 1 0 0 0 0 10c6 10c8
R 3ab 800025b2 800025b6 203f2923 0 0 0 3 1 1e 800025ae 3 1 1e 800025ae 0 0 800027c0 0 f 0 1 0 0 0 0 0 0 0 1 0 0 0 0 10cd 10d1
R 3ac 800025b6 800025ae bfe5 0 0 0 3 1 0 0 0 0 0 0 0 0 800025b8 f 0 0 b 0 0 0 0 0 0 0 1 0 0 0 0 10d0 10d2
R 3ad 800025ae 800025b2 f17 0 0 0 3 1 0 0 0 0 0 0 1e 800025ae 800025ae f 0 0 0 0 0 0 0 0 0 0 1 0 0 0 0 10da 10dc
R 3ae 800025b2 800025b6 203f2923 0 0 0 3 1 1e 800025ae 3 1 1e 800025ae 0 0 800027c0 0 f 0 1 0 0 0 0 0 0 0 1 0 0 0 0 10df 10e2
R 3af 800025b6 800025ae bfe5 0 0 0 3 1 0 0 0 0 0 0 0 0 800025b8 f 0 0 b 0 0 0 0 0 0 0 1 0 0 0 0 10e1 10e3
R 3b0 800025ae 800025b2 f17 0 0 0 3 1 0 0 0 0 0 0 1e 800025ae 800025ae f 0 0 0 0 0 0 0 0 0 0 1 0 0 0 0 10e9 10eb
R 3b1 800025b2 800025b6 203f2923 0 0 0 3 1 1e 800025ae 3 1 1e 800025ae 0 0 800027c0 0 f 0 1 0 0 0 0 0 0 0 1 0 0 0 0 10ef 10f2
R 3b2 800025b6 800025ae bfe5 0 0 0 3 1 0 0 0 0 0 0 0 0 800025b8 f 0 0 b 0 0 0 0 0 0 0 1 0 0 0 0 10f1 10f3
R 3b3 800025ae 800025b2 f17 0 0 0 3 1 0 0 0 0 0 0 1e 800025ae 800025ae f 0 0 0 0 0 0 0 0 0 0 1 0 0 0 0 10fb 10fd
R 3b4 800025b2 800025b6 203f2923 0 0 0 3 1 1e 800025ae 3 1 1e 800025ae 0 0 800027c0 0 f 0 1 0 0 0 0 0 0 0 1 0 0 0 0 1100 1103
R 3b5 800025b6 800025ae bfe5 0 0 0 3 1 0 0 0 0 0 0 0 0 800025b8 f 0 0 b 0 0 0 0 0 0 0 1 0 0 0 0 1102 1104
R 3b6 800025ae 800025b2 f17 0 0 0 3 1 0 0 0 0 0 0 1e 800025ae 800025ae f 0 0 0 0 0 0 0 0 0 0 1 0 0 0 0 1108 110a
R 3b7 800025b2 800025b6 203f2923 0 0 0 3 1 1e 800025ae 3 1 1e 800025ae 0 0 800027c0 0 f 0 1 0 0 0 0 0 0 0 1 0 0 0 0 110d 1112
R 3b8 800025b6 800025ae bfe5 0 0 0 3 1 0 0 0 0 0 0 0 0 800025b8 f 0 0 b 0 0 0 0 0 0 0 1 0 0 0 0 1111 1113
R 3b9 800025ae 800025b2 f17 0 0 0 3 1 0 0 0 0 0 0 1e 800025ae 800025ae f 0 0 0 0 0 0 0 0 0 0 1 0 0 0 0 1119 111b
R 3ba 800025b2 800025b6 203f2923 0 0 0 3 1 1e 800025ae 3 1 1e 800025ae 0 0 800027c0 0 f 0 1 0 0 0 0 0 0 0 1 0 0 0 0 111d 1122
R 3bb 800025b6 800025ae bfe5 0 0 0 3 1 0 0 0 0 0 0 0 0 800025b8 f 0 0 b 0 0 0 0 0 0 0 1 0 0 0 0 1121 1123
R 3bc 800025ae 800025b2 f17 0 0 0 3 1 0 0 0 0 0 0 1e 800025ae 800025ae f 0 0 0 0 0 0 0 0 0 0 1 0 0 0 0 112c 112e
R 3bd 800025b2 800025b6 203f2923 0 0 0 3 1 1e 800025ae 3 1 1e 800025ae 0 0 800027c0 0 f 0 1 0 0 0 0 0 0 0 1 0 0 0 0 1131 1134
R 3be 800025b6 800025ae bfe5 0 0 0 3 1 0 0 0 0 0 0 0 0 800025b8 f 0 0 b 0 0 0 0 0 0 0 1 0 0 0 0 1133 1135
R 3bf 800025ae 800025b2 f17 0 0 0 3 1 0 0 0 0 0 0 1e 800025ae 800025ae f 0 0 0 0 0 0 0 0 0 0 1 0 0 0 0 113c 113e
R 3c0 800025b2 800025b6 203f2923 0 0 0 3 1 1e 800025ae 3 1 1e 800025ae 0 0 800027c0 0 f 0 1 0 0 0 0 0 0 0 1 0 0 0 0 1141 1146
R 3c1 800025b6 800025ae bfe5 0 0 0 3 1 0 0 0 0 0 0 0 0 800025b8 f 0 0 b 0 0 0 0 0 0 0 1 0 0 0 0 1145 1147
R 3c2 800025ae 800025b2 f17 0 0 0 3 1 0 0 0 0 0 0 1e 800025ae 800025ae f 0 0 0 0 0 0 0 0 0 0 1 0 0 0 0 114d 114f
R 3c3 800025b2 800025b6 203f2923 0 0 0 3 1 1e 800025ae 3 1 1e 800025ae 0 0 800027c0 0 f 0 1 0 0 0 0 0 0 0 1 0 0 0 0 1152 1155
R 3c4 800025b6 800025ae bfe5 0 0 0 3 1 0 0 0 0 0 0 0 0 800025b8 f 0 0 b 0 0 0 0 0 0 0 1 0 0 0 0 1154 1156
R 3c5 800025ae 800025b2 f17 0 0 0 3 1 0 0 0 0 0 0 1e 800025ae 800025ae f 0 0 0 0 0 0 0 0 0 0 1 0 0 0 0 115b 115d
R 3c6 800025b2 800025b6 203f2923 0 0 0 3 1 1e 800025ae 3 1 1e 800025ae 0 0 800027c0 0 f 0 1 0 0 0 0 0 0 0 1 0 0 0 0 1160 1165
R 3c7 800025b6 800025ae bfe5 0 0 0 3 1 0 0 0 0 0 0 0 0 800025b8 f 0 0 b 0 0 0 0 0 0 0 1 0 0 0 0 1164 1166
R 3c8 800025ae 800025b2 f17 0 0 0 3 1 0 0 0 0 0 0 1e 800025ae 800025ae f 0 0 0 0 0 0 0 0 0 0 1 0 0 0 0 116a 116c
R 3c9 800025b2 800025b6 203f2923 0 0 0 3 1 1e 800025ae 3 1 1e 800025ae 0 0 800027c0 0 f 0 1 0 0 0 0 0 0 0 1 0 0 0 0 1171 1175
R 3ca 800025b6 800025ae bfe5 0 0 0 3 1 0 0 0 0 0 0 0 0 800025b8 f 0 0 b 0 0 0 0 0 0 0 1 0 0 0 0 1174 1176
R 3cb 800025ae 800025b2 f17 0 0 0 3 1 0 0 0 0 0 0 1e 800025ae 800025ae f 0 0 0 0 0 0 0 0 0 0 1 0 0 0 0 117d 117f
R 3cc 800025b2 800025b6 203f2923 0 0 0 3 1 1e 800025ae 3 1 1e 800025ae 0 0 800027c0 0 f 0 1 0 0 0 0 0 0 0 1 0 0 0 0 1182 1186
R 3cd 800025b6 800025ae bfe5 0 0 0 3 1 0 0 0 0 0 0 0 0 800025b8 f 0 0 b 0 0 0 0 0 0 0 1 0 0 0 0 1185 1187
R 3ce 800025ae 800025b2 f17 0 0 0 3 1 0 0 0 0 0 0 1e 800025ae 800025ae f 0 0 0 0 0 0 0 0 0 0 1 0 0 0 0 118d 118f
R 3cf 800025b2 800025b6 203f2923 0 0 0 3 1 1e 800025ae 3 1 1e 800025ae 0 0 800027c0 0 f 0 1 0 0 0 0 0 0 0 1 0 0 0 0 1195 119a
R 3d0 800025b6 800025ae bfe5 0 0 0 3 1 0 0 0 0 0 0 0 0 800025b8 f 0 0 b 0 0 0 0 0 0 0 1 0 0 0 0 1199 119b
R 3d1 800025ae 800025b2 f17 0 0 0 3 1 0 0 0 0 0 0 1e 800025ae 800025ae f 0 0 0 0 0 0 0 0 0 0 1 0 0 0 0 11a3 11a5
R 3d2 800025b2 800025b6 203f2923 0 0 0 3 1 1e 800025ae 3 1 1e 800025ae 0 0 800027c0 0 f 0 1 0 0 0 0 0 0 0 1 0 0 0 0 11a8 11ab
R 3d3 800025b6 800025ae bfe5 0 0 0 3 1 0 0 0 0 0 0 0 0 800025b8 f 0 0 b 0 0 0 0 0 0 0 1 0 0 0 0 11aa 11ac
R 3d4 800025ae 800025b2 f17 0 0 0 3 1 0 0 0 0 0 0 1e 800025ae 800025ae f 0 0 0 0 0 0 0 0 0 0 1 0 0 0 0 11b5 11b7
R 3d5 800025b2 800025b6 203f2923 0 0 0 3 1 1e 800025ae 3 1 1e 800025ae 0 0 800027c0 0 f 0 1 0 0 0 0 0 0 0 1 0 0 0 0 11bb 11bf
R 3d6 800025b6 800025ae bfe5 0 0 0 3 1 0 0 0 0 0 0 0 0 800025b8 f 0 0 b 0 0 0 0 0 0 0 1 0 0 0 0 11be 11c0
R 3d7 800025ae 800025b2 f17 0 0 0 3 1 0 0 0 0 0 0 1e 800025ae 800025ae f 0 0 0 0 0 0 0 0 0 0 1 0 0 0 0 11c7 11c9
R 3d8 800025b2 800025b6 203f2923 0 0 0 3 1 1e 800025ae 3 1 1e 800025ae 0 0 800027c0 0 f 0 1 0 0 0 0 0 0 0 1 0 0 0 0 11cd 11d0
R 3d9 800025b6 800025ae bfe5 0 0 0 3 1 0 0 0 0 0 0 0 0 800025b8 f 0 0 b 0 0 0 0 0 0 0 1 0 0 0 0 11cf 11d1
R 3da 800025ae 800025b2 f17 0 0 0 3 1 0 0 0 0 0 0 1e 800025ae 800025ae f 0 0 0 0 0 0 0 0 0 0 1 0 0 0 0 11d9 11db
R 3db 800025b2 800025b6 203f2923 0 0 0 3 1 1e 800025ae 3 1 1e 800025ae 0 0 800027c0 0 f 0 1 0 0 0 0 0 0 0 1 0 0 0 0 11dc 11e0
R 3dc 800025b6 800025ae bfe5 0 0 0 3 1 0 0 0 0 0 0 0 0 800025b8 f 0 0 b 0 0 0 0 0 0 0 1 0 0 0 0 11df 11e1
R 3dd 800025ae 800025b2 f17 0 0 0 3 1 0 0 0 0 0 0 1e 800025ae 800025ae f 0 0 0 0 0 0 0 0 0 0 1 0 0 0 0 11ea 11ec
R 3de 800025b2 800025b6 203f2923 0 0 0 3 1 1e 800025ae 3 1 1e 800025ae 0 0 800027c0 0 f 0 1 0 0 0 0 0 0 0 1 0 0 0 0 11ef 11f2
R 3df 800025b6 800025ae bfe5 0 0 0 3 1 0 0 0 0 0 0 0 0 800025b8 f 0 0 b 0 0 0 0 0 0 0 1 0 0 0 0 11f1 11f3
R 3e0 800025ae 800025b2 f17 0 0 0 3 1 0 0 0 0 0 0 1e 800025ae 800025ae f 0 0 0 0 0 0 0 0 0 0 1 0 0 0 0 11f9 11fb
R 3e1 800025b2 800025b6 203f2923 0 0 0 3 1 1e 800025ae 3 1 1e 800025ae 0 0 800027c0 0 f 0 1 0 0 0 0 0 0 0 1 0 0 0 0 11fd 1200
R 3e2 800025b6 800025ae bfe5 0 0 0 3 1 0 0 0 0 0 0 0 0 800025b8 f 0 0 b 0 0 0 0 0 0 0 1 0 0 0 0 11ff 1201
R 3e3 800025ae 800025b2 f17 0 0 0 3 1 0 0 0 0 0 0 1e 800025ae 800025ae f 0 0 0 0 0 0 0 0 0 0 1 0 0 0 0 120c 120e
R 3e4 800025b2 800025b6 203f2923 0 0 0 3 1 1e 800025ae 3 1 1e 800025ae 0 0 800027c0 0 f 0 1 0 0 0 0 0 0 0 1 0 0 0 0 1212 1215
R 3e5 800025b6 800025ae bfe5 0 0 0 3 1 0 0 0 0 0 0 0 0 800025b8 f 0 0 b 0 0 0 0 0 0 0 1 0 0 0 0 1214 1216
R 3e6 800025ae 800025b2 f17 0 0 0 3 1 0 0 0 0 0 0 1e 800025ae 800025ae f 0 0 0 0 0 0 0 0 0 0 1 0 0 0 0 121f 1221
R 3e7 800025b2 800025b6 203f2923 0 0 0 3 1 1e 800025ae 3 1 1e 800025ae 0 0 800027c0 0 f 0 1 0 0 0 0 0 0 0 1 0 0 0 0 1226 1229
R 3e8 800025b6 800025ae bfe5 0 0 0 3 1 0 0 0 0 0 0 0 0 800025b8 f 0 0 b 0 0 0 0 0 0 0 1 0 0 0 0 1228 122a
R 3e9 800025ae 800025b2 f17 0 0 0 3 1 0 0 0 0 0 0 1e 800025ae 800025ae f 0 0 0 0 0 0 0 0 0 0 1 0 0 0 0 1230 1232
R 3ea 800025b2 800025b6 203f2923 0 0 0 3 1 1e 800025ae 3 1 1e 800025ae 0 0 800027c0 0 f 0 1 0 0 0 0 0 0 0 1 0 0 0 0 1236 123a
R 3eb 800025b6 800025ae bfe5 0 0 0 3 1 0 0 0 0 0 0 0 0 800025b8 f 0 0 b 0 0 0 0 0 0 0 1 0 0 0 0 1239 123b
R 3ec 800025ae 800025b2 f17 0 0 0 3 1 0 0 0 0 0 0 1e 800025ae 800025ae f 0 0 0 0 0 0 0 0 0 0 1 0 0 0 0 1244 1246
R 3ed 800025b2 800025b6 203f2923 0 0 0 3 1 1e 800025ae 3 1 1e 800025ae 0 0 800027c0 0 f 0 1 0 0 0 0 0 0 0 1 0 0 0 0 1247 124b
R 3ee 800025b6 800025ae bfe5 0 0 0 3 1 0 0 0 0 0 0 0 0 800025b8 f 0 0 b 0 0 0 0 0 0 0 1 0 0 0 0 124a 124c
R 3ef 800025ae 800025b2 f17 0 0 0 3 1 0 0 0 0 0 0 1e 800025ae 800025ae f 0 0 0 0 0 0 0 0 0 0 1 0 0 0 0 1253 1255
R 3f0 800025b2 800025b6 203f2923 0 0 0 3 1 1e 800025ae 3 1 1e 800025ae 0 0 800027c0 0 f 0 1 0 0 0 0 0 0 0 1 0 0 0 0 1257 125a
R 3f1 800025b6 800025ae bfe5 0 0 0 3 1 0 0 0 0 0 0 0 0 800025b8 f 0 0 b 0 0 0 0 0 0 0 1 0 0 0 0 1259 125b
R 3f2 800025ae 800025b2 f17 0 0 0 3 1 0 0 0 0 0 0 1e 800025ae 800025ae f 0 0 0 0 0 0 0 0 0 0 1 0 0 0 0 1261 1263
R 3f3 800025b2 800025b6 203f2923 0 0 0 3 1 1e 800025ae 3 1 1e 800025ae 0 0 800027c0 0 f 0 1 0 0 0 0 0 0 0 1 0 0 0 0 1269 126e
R 3f4 800025b6 800025ae bfe5 0 0 0 3 1 0 0 0 0 0 0 0 0 800025b8 f 0 0 b 0 0 0 0 0 0 0 1 0 0 0 0 126d 126f
R 3f5 800025ae 800025b2 f17 0 0 0 3 1 0 0 0 0 0 0 1e 800025ae 800025ae f 0 0 0 0 0 0 0 0 0 0 1 0 0 0 0 1275 1277
R 3f6 800025b2 800025b6 203f2923 0 0 0 3 1 1e 800025ae 3 1 1e 800025ae 0 0 800027c0 0 f 0 1 0 0 0 0 0 0 0 1 0 0 0 0 1278 127b
R 3f7 800025b6 800025ae bfe5 0 0 0 3 1 0 0 0 0 0 0 0 0 800025b8 f 0 0 b 0 0 0 0 0 0 0 1 0 0 0 0 127a 127c
R 3f8 800025ae 800025b2 f17 0 0 0 3 1 0 0 0 0 0 0 1e 800025ae 800025ae f 0 0 0 0 0 0 0 0 0 0 1 0 0 0 0 1281 1283
R 3f9 800025b2 800025b6 203f2923 0 0 0 3 1 1e 800025ae 3 1 1e 800025ae 0 0 800027c0 0 f 0 1 0 0 0 0 0 0 0 1 0 0 0 0 1285 1289
R 3fa 800025b6 800025ae bfe5 0 0 0 3 1 0 0 0 0 0 0 0 0 800025b8 f 0 0 b 0 0 0 0 0 0 0 1 0 0 0 0 1288 128a
R 3fb 800025ae 800025b2 f17 0 0 0 3 1 0 0 0 0 0 0 1e 800025ae 800025ae f 0 0 0 0 0 0 0 0 0 0 1 0 0 0 0 1290 1292
R 3fc 800025b2 800025b6 203f2923 0 0 0 3 1 1e 800025ae 3 1 1e 800025ae 0 0 800027c0 0 f 0 1 0 0 0 0 0 0 0 1 0 0 0 0 1295 129a
R 3fd 800025b6 800025ae bfe5 0 0 0 3 1 0 0 0 0 0 0 0 0 800025b8 f 0 0 b 0 0 0 0 0 0 0 1 0 0 0 0 1299 129b
R 3fe 800025ae 800025b2 f17 0 0 0 3 1 0 0 0 0 0 0 1e 800025ae 800025ae f 0 0 0 0 0 0 0 0 0 0 1 0 0 0 0 129d 129f
R 3ff 800025b2 800025b6 203f2923 0 0 0 3 1 1e 800025ae 3 1 1e 800025ae 0 0 800027c0 0 f 0 1 0 0 0 0 0 0 0 1 0 0 0 0 12a1 12a5
R 400 800025b6 800025ae bfe5 0 0 0 3 1 0 0 0 0 0 0 0 0 800025b8 f 0 0 b 0 0 0 0 0 0 0 1 0 0 0 0 12a4 12a6
R 401 800025ae 800025b2 f17 0 0 0 3 1 0 0 0 0 0 0 1e 800025ae 800025ae f 0 0 0 0 0 0 0 0 0 0 1 0 0 0 0 12af 12b1
R 402 800025b2 800025b6 203f2923 0 0 0 3 1 1e 800025ae 3 1 1e 800025ae 0 0 800027c0 0 f 0 1 0 0 0 0 0 0 0 1 0 0 0 0 12b3 12b8
R 403 800025b6 800025ae bfe5 0 0 0 3 1 0 0 0 0 0 0 0 0 800025b8 f 0 0 b 0 0 0 0 0 0 0 1 0 0 0 0 12b7 12b9
R 404 800025ae 800025b2 f17 0 0 0 3 1 0 0 0 0 0 0 1e 800025ae 800025ae f 0 0 0 0 0 0 0 0 0 0 1 0 0 0 0 12c0 12c2
R 405 800025b2 800025b6 203f2923 0 0 0 3 1 1e 800025ae 3 1 1e 800025ae 0 0 800027c0 0 f 0 1 0 0 0 0 0 0 0 1 0 0 0 0 12c3 12c6
R 406 800025b6 800025ae bfe5 0 0 0 3 1 0 0 0 0 0 0 0 0 800025b8 f 0 0 b 0 0 0 0 0 0 0 1 0 0 0 0 12c5 12c7
R 407 800025ae 800025b2 f17 0 0 0 3 1 0 0 0 0 0 0 1e 800025ae 800025ae f 0 0 0 0 0 0 0 0 0 0 1 0 0 0 0 12cf 12d1
R 408 800025b2 800025b6 203f2923 0 0 0 3 1 1e 800025ae 3 1 1e 800025ae 0 0 800027c0 0 f 0 1 0 0 0 0 0 0 0 1 0 0 0 0 12d4 12d9
R 409 800025b6 800025ae bfe5 0 0 0 3 1 0 0 0 0 0 0 0 0 800025b8 f 0 0 b 0 0 0 0 0 0 0 1 0 0 0 0 12d8 12da
R 40a 800025ae 800025b2 f17 0 0 0 3 1 0 0 0 0 0 0 1e 800025ae 800025ae f 0 0 0 0 0 0 0 0 0 0 1 0 0 0 0 12e0 12e2
R 40b 800025b2 800025b6 203f2923 0 0 0 3 1 1e 800025ae 3 1 1e 800025ae 0 0 800027c0 0 f 0 1 0 0 0 0 0 0 0 1 0 0 0 0 12e3 12e8
R 40c 800025b6 800025ae bfe5 0 0 0 3 1 0 0 0 0 0 0 0 0 800025b8 f 0 0 b 0 0 0 0 0 0 0 1 0 0 0 0 12e7 12e9
R 40d 800025ae 800025b2 f17 0 0 0 3 1 0 0 0 0 0 0 1e 800025ae 800025ae f 0 0 0 0 0 0 0 0 0 0 1 0 0 0 0 12ea 12ec
R 40e 800025b2 800025b6 203f2923 0 0 0 3 1 1e 800025ae 3 1 1e 800025ae 0 0 800027c0 0 f 0 1 0 0 0 0 0 0 0 1 0 0 0 0 12ef 12f2
R 40f 800025b6 800025ae bfe5 0 0 0 3 1 0 0 0 0 0 0 0 0 800025b8 f 0 0 b 0 0 0 0 0 0 0 1 0 0 0 0 12f1 12f3
R 410 800025ae 800025b2 f17 0 0 0 3 1 0 0 0 0 0 0 1e 800025ae 800025ae f 0 0 0 0 0 0 0 0 0 0 1 0 0 0 0 12fa 12fc
R 411 800025b2 800025b6 203f2923 0 0 0 3 1 1e 800025ae 3 1 1e 800025ae 0 0 800027c0 0 f 0 1 0 0 0 0 0 0 0 1 0 0 0 0 12fd 1300
R 412 800025b6 800025ae bfe5 0 0 0 3 1 0 0 0 0 0 0 0 0 800025b8 f 0 0 b 0 0 0 0 0 0 0 1 0 0 0 0 12ff 1301
R 413 800025ae 800025b2 f17 0 0 0 3 1 0 0 0 0 0 0 1e 800025ae 800025ae f 0 0 0 0 0 0 0 0 0 0 1 0 0 0 0 1307 1309
R 414 800025b2 800025b6 203f2923 0 0 0 3 1 1e 800025ae 3 1 1e 800025ae 0 0 800027c0 0 f 0 1 0 0 0 0 0 0 0 1 0 0 0 0 130e 1312
R 415 800025b6 800025ae bfe5 0 0 0 3 1 0 0 0 0 0 0 0 0 800025b8 f 0 0 b 0 0 0 0 0 0 0 1 0 0 0 0 1311 1313
R 416 800025ae 800025b2 f17 0 0 0 3 1 0 0 0 0 0 0 1e 800025ae 800025ae f 0 0 0 0 0 0 0 0 0 0 1 0 0 0 0 131a 131c
R 417 800025b2 800025b6 203f2923 0 0 0 3 1 1e 800025ae 3 1 1e 800025ae 0 0 800027c0 0 f 0 1 0 0 0 0 0 0 0 1 0 0 0 0 131e 1322
R 418 800025b6 800025ae bfe5 0 0 0 3 1 0 0 0 0 0 0 0 0 800025b8 f 0 0 b 0 0 0 0 0 0 0 1 0 0 0 0 1321 1323
R 419 800025ae 800025b2 f17 0 0 0 3 1 0 0 0 0 0 0 1e 800025ae 800025ae f 0 0 0 0 0 0 0 0 0 0 1 0 0 0 0 132b 132d
R 41a 800025b2 800025b6 203f2923 0 0 0 3 1 1e 800025ae 3 1 1e 800025ae 0 0 800027c0 0 f 0 1 0 0 0 0 0 0 0 1 0 0 0 0 132d 1330
R 41b 800025b6 800025ae bfe5 0 0 0 3 1 0 0 0 0 0 0 0 0 800025b8 f 0 0 b 0 0 0 0 0 0 0 1 0 0 0 0 132f 1331
R 41c 800025ae 800025b2 f17 0 0 0 3 1 0 0 0 0 0 0 1e 800025ae 800025ae f 0 0 0 0 0 0 0 0 0 0 1 0 0 0 0 1339 133b
R 41d 800025b2 800025b6 203f2923 0 0 0 3 1 1e 800025ae 3 1 1e 800025ae 0 0 800027c0 0 f 0 1 0 0 0 0 0 0 0 1 0 0 0 0 1341 1345
R 41e 800025b6 800025ae bfe5 0 0 0 3 1 0 0 0 0 0 0 0 0 800025b8 f 0 0 b 0 0 0 0 0 0 0 1 0 0 0 0 1344 1346
R 41f 800025ae 800025b2 f17 0 0 0 3 1 0 0 0 0 0 0 1e 800025ae 800025ae f 0 0 0 0 0 0 0 0 0 0 1 0 0 0 0 134d 134f
R 420 800025b2 800025b6 203f2923 0 0 0 3 1 1e 800025ae 3 1 1e 800025ae 0 0 800027c0 0 f 0 1 0 0 0 0 0 0 0 1 0 0 0 0 1352 1356
R 421 800025b6 800025ae bfe5 0 0 0 3 1 0 0 0 0 0 0 0 0 800025b8 f 0 0 b 0 0 0 0 0 0 0 1 0 0 0 0 1355 1357
R 422 800025ae 800025b2 f17 0 0 0 3 1 0 0 0 0 0 0 1e 800025ae 800025ae f 0 0 0 0 0 0 0 0 0 0 1 0 0 0 0 135d 135f
R 423 800025b2 800025b6 203f2923 0 0 0 3 1 1e 800025ae 3 1 1e 800025ae 0 0 800027c0 0 f 0 1 0 0 0 0 0 0 0 1 0 0 0 0 1360 1363
R 424 800025b6 800025ae bfe5 0 0 0 3 1 0 0 0 0 0 0 0 0 800025b8 f 0 0 b 0 0 0 0 0 0 0 1 0 0 0 0 1362 1364
R 425 800025ae 800025b2 f17 0 0 0 3 1 0 0 0 0 0 0 1e 800025ae 800025ae f 0 0 0 0 0 0 0 0 0 0 1 0 0 0 0 136a 136c
R 426 800025b2 800025b6 203f2923 0 0 0 3 1 1e 800025ae 3 1 1e 800025ae 0 0 800027c0 0 f 0 1 0 0 0 0 0 0 0 1 0 0 0 0 1372 1377
R 427 800025b6 800025ae bfe5 0 0 0 3 1 0 0 0 0 0 0 0 0 800025b8 f 0 0 b 0 0 0 0 0 0 0 1 0 0 0 0 1376 1378
R 428 800025ae 800025b2 f17 0 0 0 3 1 0 0 0 0 0 0 1e 800025ae 800025ae f 0 0 0 0 0 0 0 0 0 0 1 0 0 0 0 1382 1384
R 429 800025b2 800025b6 203f2923 0 0 0 3 1 1e 800025ae 3 1 1e 800025ae 0 0 800027c0 0 f 0 1 0 0 0 0 0 0 0 1 0 0 0 0 1385 1389
R 42a 800025b6 800025ae bfe5 0 0 0 3 1 0 0 0 0 0 0 0 0 800025b8 f 0 0 b 0 0 0 0 0 0 0 1 0 0 0 0 1388 138a
R 42b 800025ae 800025b2 f17 0 0 0 3 1 0 0 0 0 0 0 1e 800025ae 800025ae f 0 0 0 0 0 0 0 0 0 0 1 0 0 0 0 138e 1390
R 42c 800025b2 800025b6 203f2923 0 0 0 3 1 1e 800025ae 3 1 1e 800025ae 0 0 800027c0 0 f 0 1 0 0 0 0 0 0 0 1 0 0 0 0 1394 1398
R 42d 800025b6 800025ae bfe5 0 0 0 3 1 0 0 0 0 0 0 0 0 800025b8 f 0 0 b 0 0 0 0 0 0 0 1 0 0 0 0 1397 1399
R 42e 800025ae 800025b2 f17 0 0 0 3 1 0 0 0 0 0 0 1e 800025ae 800025ae f 0 0 0 0 0 0 0 0 0 0 1 0 0 0 0 13a0 13a2
R 42f 800025b2 800025b6 203f2923 0 0 0 3 1 1e 800025ae 3 1 1e 800025ae 0 0 800027c0 0 f 0 1 0 0 0 0 0 0 0 1 0 0 0 0 13a3 13a7
R 430 800025b6 800025ae bfe5 0 0 0 3 1 0 0 0 0 0 0 0 0 800025b8 f 0 0 b 0 0 0 0 0 0 0 1 0 0 0 0 13a6 13a8
R 431 800025ae 800025b2 f17 0 0 0 3 1 0 0 0 0 0 0 1e 800025ae 800025ae f 0 0 0 0 0 0 0 0 0 0 1 0 0 0 0 13ac 13ae
R 432 800025b2 800025b6 203f2923 0 0 0 3 1 1e 800025ae 3 1 1e 800025ae 0 0 800027c0 0 f 0 1 0 0 0 0 0 0 0 1 0 0 0 0 13b1 13b5
R 433 800025b6 800025ae bfe5 0 0 0 3 1 0 0 0 0 0 0 0 0 800025b8 f 0 0 b 0 0 0 0 0 0 0 1 0 0 0 0 13b4 13b6
R 434 800025ae 800025b2 f17 0 0 0 3 1 0 0 0 0 0 0 1e 800025ae 800025ae f 0 0 0 0 0 0 0 0 0 0 1 0 0 0 0 13bd 13bf
R 435 800025b2 800025b6 203f2923 0 0 0 3 1 1e 800025ae 3 1 1e 800025ae 0 0 800027c0 0 f 0 1 0 0 0 0 0 0 0 1 0 0 0 0 13c1 13c5
R 436 800025b6 800025ae bfe5 0 0 0 3 1 0 0 0 0 0 0 0 0 800025b8 f 0 0 b 0 0 0 0 0 0 0 1 0 0 0 0 13c4 13c6
R 437 800025ae 800025b2 f17 0 0 0 3 1 0 0 0 0 0 0 1e 800025ae 800025ae f 0 0 0 0 0 0 0 0 0 0 1 0 0 0 0 13cc 13ce
R 438 800025b2 800025b6 203f2923 0 0 0 3 1 1e 800025ae 3 1 1e 800025ae 0 0 800027c0 0 f 0 1 0 0 0 0 0 0 0 1 0 0 0 0 13d1 13d6
R 439 800025b6 800025ae bfe5 0 0 0 3 1 0 0 0 0 0 0 0 0 800025b8 f 0 0 b 0 0 0 0 0 0 0 1 0 0 0 0 13d5 13d7
R 43a 800025ae 800025b2 f17 0 0 0 3 1 0 0 0 0 0 0 1e 800025ae 800025ae f 0 0 0 0 0 0 0 0 0 0 1 0 0 0 0 13dc 13de
R 43b 800025b2 800025b6 203f2923 0 0 0 3 1 1e 800025ae 3 1 1e 800025ae 0 0 800027c0 0 f 0 1 0 0 0 0 0 0 0 1 0 0 0 0 13e2 13e6
R 43c 800025b6 800025ae bfe5 0 0 0 3 1 0 0 0 0 0 0 0 0 800025b8 f 0 0 b 0 0 0 0 0 0 0 1 0 0 0 0 13e5 13e7
R 43d 800025ae 800025b2 f17 0 0 0 3 1 0 0 0 0 0 0 1e 800025ae 800025ae f 0 0 0 0 0 0 0 0 0 0 1 0 0 0 0 13f0 13f2
R 43e 800025b2 800025b6 203f2923 0 0 0 3 1 1e 800025ae 3 1 1e 800025ae 0 0 800027c0 0 f 0 1 0 0 0 0 0 0 0 1 0 0 0 0 13f4 13f8
R 43f 800025b6 800025ae bfe5 0 0 0 3 1 0 0 0 0 0 0 0 0 800025b8 f 0 0 b 0 0 0 0 0 0 0 1 0 0 0 0 13f7 13f9
R 440 800025ae 800025b2 f17 0 0 0 3 1 0 0 0 0 0 0 1e 800025ae 800025ae f 0 0 0 0 0 0 0 0 0 0 1 0 0 0 0 13fe 1400
R 441 800025b2 800025b6 203f2923 0 0 0 3 1 1e 800025ae 3 1 1e 800025ae 0 0 800027c0 0 f 0 1 0 0 0 0 0 0 0 1 0 0 0 0 1403 1408
R 442 800025b6 800025ae bfe5 0 0 0 3 1 0 0 0 0 0 0 0 0 800025b8 f 0 0 b 0 0 0 0 0 0 0 1 0 0 0 0 1407 1409
R 443 800025ae 800025b2 f17 0 0 0 3 1 0 0 0 0 0 0 1e 800025ae 800025ae f 0 0 0 0 0 0 0 0 0 0 1 0 0 0 0 1410 1412
R 444 800025b2 800025b6 203f2923 0 0 0 3 1 1e 800025ae 3 1 1e 800025ae 0 0 800027c0 0 f 0 1 0 0 0 0 0 0 0 1 0 0 0 0 1412 1415
R 445 800025b6 800025ae bfe5 0 0 0 3 1 0 0 0 0 0 0 0 0 800025b8 f 0 0 b 0 0 0 0 0 0 0 1 0 0 0 0 1414 1416
R 446 800025ae 800025b2 f17 0 0 0 3 1 0 0 0 0 0 0 1e 800025ae 800025ae f 0 0 0 0 0 0 0 0 0 0 1 0 0 0 0 1421 1423
R 447 800025b2 800025b6 203f2923 0 0 0 3 1 1e 800025ae 3 1 1e 800025ae 0 0 800027c0 0 f 0 1 0 0 0 0 0 0 0 1 0 0 0 0 1423 1427
R 448 800025b6 800025ae bfe5 0 0 0 3 1 0 0 0 0 0 0 0 0 800025b8 f 0 0 b 0 0 0 0 0 0 0 1 0 0 0 0 1426 1428
R 449 800025ae 800025b2 f17 0 0 0 3 1 0 0 0 0 0 0 1e 800025ae 800025ae f 0 0 0 0 0 0 0 0 0 0 1 0 0 0 0 142e 1430
R 44a 800025b2 800025b6 203f2923 0 0 0 3 1 1e 800025ae 3 1 1e 800025ae 0 0 800027c0 0 f 0 1 0 0 0 0 0 0 0 1 0 0 0 0 1432 1435
R 44b 800025b6 800025ae bfe5 0 0 0 3 1 0 0 0 0 0 0 0 0 800025b8 f 0 0 b 0 0 0 0 0 0 0 1 0 0 0 0 1434 1436
R 44c 800025ae 800025b2 f17 0 0 0 3 1 0 0 0 0 0 0 1e 800025ae 800025ae f 0 0 0 0 0 0 0 0 0 0 1 0 0 0 0 143f 1441
R 44d 800025b2 800025b6 203f2923 0 0 0 3 1 1e 800025ae 3 1 1e 800025ae 0 0 800027c0 0 f 0 1 0 0 0 0 0 0 0 1 0 0 0 0 1445 144a
R 44e 800025b6 800025ae bfe5 0 0 0 3 1 0 0 0 0 0 0 0 0 800025b8 f 0 0 b 0 0 0 0 0 0 0 1 0 0 0 0 1449 144b
R 44f 800025ae 800025b2 f17 0 0 0 3 1 0 0 0 0 0 0 1e 800025ae 800025ae f 0 0 0 0 0 0 0 0 0 0 1 0 0 0 0 1450 1452
R 450 800025b2 800025b6 203f2923 0 0 0 3 1 1e 800025ae 3 1 1e 800025ae 0 0 800027c0 0 f 0 1 0 0 0 0 0 0 0 1 0 0 0 0 1457 145a
R 451 800025b6 800025ae bfe5 0 0 0 3 1 0 0 0 0 0 0 0 0 800025b8 f 0 0 b 0 0 0 0 0 0 0 1 0 0 0 0 1459 145b
R 452 800025ae 800025b2 f17 0 0 0 3 1 0 0 0 0 0 0 1e 800025ae 800025ae f 0 0 0 0 0 0 0 0 0 0 1 0 0 0 0 1460 1462
R 453 800025b2 800025b6 203f2923 0 0 0 3 1 1e 800025ae 3 1 1e 800025ae 0 0 800027c0 0 f 0 1 0 0 0 0 0 0 0 1 0 0 0 0 1465 1468
R 454 800025b6 800025ae bfe5 0 0 0 3 1 0 0 0 0 0 0 0 0 800025b8 f 0 0 b 0 0 0 0 0 0 0 1 0 0 0 0 1467 1469
R 455 800025ae 800025b2 f17 0 0 0 3 1 0 0 0 0 0 0 1e 800025ae 800025ae f 0 0 0 0 0 0 0 0 0 0 1 0 0 0 0 146d 146f
R 456 800025b2 800025b6 203f2923 0 0 0 3 1 1e 800025ae 3 1 1e 800025ae 0 0 800027c0 0 f 0 1 0 0 0 0 0 0 0 1 0 0 0 0 1472 1475
R 457 800025b6 800025ae bfe5 0 0 0 3 1 0 0 0 0 0 0 0 0 800025b8 f 0 0 b 0 0 0 0 0 0 0 1 0 0 0 0 1474 1476
R 458 800025ae 800025b2 f17 0 0 0 3 1 0 0 0 0 0 0 1e 800025ae 800025ae f 0 0 0 0 0 0 0 0 0 0 1 0 0 0 0 1480 1482
R 459 800025b2 800025b6 203f2923 0 0 0 3 1 1e 800025ae 3 1 1e 800025ae 0 0 800027c0 0 f 0 1 0 0 0 0 0 0 0 1 0 0 0 0 1486 148a
R 45a 800025b6 800025ae bfe5 0 0 0 3 1 0 0 0 0 0 0 0 0 800025b8 f 0 0 b 0 0 0 0 0 0 0 1 0 0 0 0 1489 148b
R 45b 800025ae 800025b2 f17 0 0 0 3 1 0 0 0 0 0 0 1e 800025ae 800025ae f 0 0 0 0 0 0 0 0 0 0 1 0 0 0 0 1490 1492
R 45c 800025b2 800025b6 203f2923 0 0 0 3 1 1e 800025ae 3 1 1e 800025ae 0 0 800027c0 0 f 0 1 0 0 0 0 0 0 0 1 0 0 0 0 1494 1497
R 45d 800025b6 800025ae bfe5 0 0 0 3 1 0 0 0 0 0 0 0 0 800025b8 f 0 0 b 0 0 0 0 0 0 0 1 0 0 0 0 1496 1498
R 45e 800025ae 800025b2 f17 0 0 0 3 1 0 0 0 0 0 0 1e 800025ae 800025ae f 0 0 0 0 0 0 0 0 0 0 1 0 0 0 0 14a0 14a2
R 45f 800025b2 800025b6 203f2923 0 0 0 3 1 1e 800025ae 3 1 1e 800025ae 0 0 800027c0 0 f 0 1 0 0 0 0 0 0 0 1 0 0 0 0 14a3 14a7
R 460 800025b6 800025ae bfe5 0 0 0 3 1 0 0 0 0 0 0 0 0 800025b8 f 0 0 b 0 0 0 0 0 0 0 1 0 0 0 0 14a6 14a8
R 461 800025ae 800025b2 f17 0 0 0 3 1 0 0 0 0 0 0 1e 800025ae 800025ae f 0 0 0 0 0 0 0 0 0 0 1 0 0 0 0 14af 14b1
R 462 800025b2 800025b6 203f2923 0 0 0 3 1 1e 800025ae 3 1 1e 800025ae 0 0 800027c0 0 f 0 1 0 0 0 0 0 0 0 1 0 0 0 0 14b3 14b7
R 463 800025b6 800025ae bfe5 0 0 0 3 1 0 0 0 0 0 0 0 0 800025b8 f 0 0 b 0 0 0 0 0 0 0 1 0 0 0 0 14b6 14b8
R 464 800025ae 800025b2 f17 0 0 0 3 1 0 0 0 0 0 0 1e 800025ae 800025ae f 0 0 0 0 0 0 0 0 0 0 1 0 0 0 0 14bf 14c1
R 465 800025b2 800025b6 203f2923 0 0 0 3 1 1e 800025ae 3 1 1e 800025ae 0 0 800027c0 0 f 0 1 0 0 0 0 0 0 0 1 0 0 0 0 14c4 14c9
R 466 800025b6 800025ae bfe5 0 0 0 3 1 0 0 0 0 0 0 0 0 800025b8 f 0 0 b 0 0 0 0 0 0 0 1 0 0 0 0 14c8 14ca
R 467 800025ae 800025b2 f17 0 0 0 3 1 0 0 0 0 0 0 1e 800025ae 800025ae f 0 0 0 0 0 0 0 0 0 0 1 0 0 0 0 14cc 14ce
R 468 800025b2 800025b6 203f2923 0 0 0 3 1 1e 800025ae 3 1 1e 800025ae 0 0 800027c0 0 f 0 1 0 0 0 0 0 0 0 1 0 0 0 0 14d3 14d7
R 469 800025b6 800025ae bfe5 0 0 0 3 1 0 0 0 0 0 0 0 0 800025b8 f 0 0 b 0 0 0 0 0 0 0 1 0 0 0 0 14d6 14d8
R 46a 800025ae 800025b2 f17 0 0 0 3 1 0 0 0 0 0 0 1e 800025ae 800025ae f 0 0 0 0 0 0 0 0 0 0 1 0 0 0 0 14db 14dd
R 46b 800025b2 800025b6 203f2923 0 0 0 3 1 1e 800025ae 3 1 1e 800025ae 0 0 800027c0 0 f 0 1 0 0 0 0 0 0 0 1 0 0 0 0 14df 14e3
R 46c 800025b6 800025ae bfe5 0 0 0 3 1 0 0 0 0 0 0 0 0 800025b8 f 0 0 b 0 0 0 0 0 0 0 1 0 0 0 0 14e2 14e4
R 46d 800025ae 800025b2 f17 0 0 0 3 1 0 0 0 0 0 0 1e 800025ae 800025ae f 0 0 0 0 0 0 0 0 0 0 1 0 0 0 0 14e9 14eb
R 46e 800025b2 800025b6 203f2923 0 0 0 3 1 1e 800025ae 3 1 1e 800025ae 0 0 800027c0 0 f 0 1 0 0 0 0 0 0 0 1 0 0 0 0 14ed 14f1
R 46f 800025b6 800025ae bfe5 0 0 0 3 1 0 0 0 0 0 0 0 0 800025b8 f 0 0 b 0 0 0 0 0 0 0 1 0 0 0 0 14f0 14f2
R 470 800025ae 800025b2 f17 0 0 0 3 1 0 0 0 0 0 0 1e 800025ae 800025ae f 0 0 0 0 0 0 0 0 0 0 1 0 0 0 0 14f9 14fb
R 471 800025b2 800025b6 203f2923 0 0 0 3 1 1e 800025ae 3 1 1e 800025ae 0 0 800027c0 0 f 0 1 0 0 0 0 0 0 0 1 0 0 0 0 14ff 1504
R 472 800025b6 800025ae bfe5 0 0 0 3 1 0 0 0 0 0 0 0 0 800025b8 f 0 0 b 0 0 0 0 0 0 0 1 0 0 0 0 1503 1505
R 473 800025ae 800025b2 f17 0 0 0 3 1 0 0 0 0 0 0 1e 800025ae 800025ae f 0 0 0 0 0 0 0 0 0 0 1 0 0 0 0 150a 150c
R 474 800025b2 800025b6 203f2923 0 0 0 3 1 1e 800025ae 3 1 1e 800025ae 0 0 800027c0 0 f 0 1 0 0 0 0 0 0 0 1 0 0 0 0 1510 1514
R 475 800025b6 800025ae bfe5 0 0 0 3 1 0 0 0 0 0 0 0 0 800025b8 f 0 0 b 0 0 0 0 0 0 0 1 0 0 0 0 1513 1515
R 476 800025ae 800025b2 f17 0 0 0 3 1 0 0 0 0 0 0 1e 800025ae 800025ae f 0 0 0 0 0 0 0 0 0 0 1 0 0 0 0 151a 151c
R 477 800025b2 800025b6 203f2923 0 0 0 3 1 1e 800025ae 3 1 1e 800025ae 0 0 800027c0 0 f 0 1 0 0 0 0 0 0 0 1 0 0 0 0 1521 1526
R 478 800025b6 800025ae bfe5 0 0 0 3 1 0 0 0 0 0 0 0 0 800025b8 f 0 0 b 0 0 0 0 0 0 0 1 0 0 0 0 1525 1527
R 479 800025ae 800025b2 f17 0 0 0 3 1 0 0 0 0 0 0 1e 800025ae 800025ae f 0 0 0 0 0 0 0 0 0 0 1 0 0 0 0 1529 152b
R 47a 800025b2 800025b6 203f2923 0 0 0 3 1 1e 800025ae 3 1 1e 800025ae 0 0 800027c0 0 f 0 1 0 0 0 0 0 0 0 1 0 0 0 0 1531 1535
R 47b 800025b6 800025ae bfe5 0 0 0 3 1 0 0 0 0 0 0 0 0 800025b8 f 0 0 b 0 0 0 0 0 0 0 1 0 0 0 0 1534 1536
R 47c 800025ae 800025b2 f17 0 0 0 3 1 0 0 0 0 0 0 1e 800025ae 800025ae f 0 0 0 0 0 0 0 0 0 0 1 0 0 0 0 153a 153c
R 47d 800025b2 800025b6 203f2923 0 0 0 3 1 1e 800025ae 3 1 1e 800025ae 0 0 800027c0 0 f 0 1 0 0 0 0 0 0 0 1 0 0 0 0 153d 1540
R 47e 800025b6 800025ae bfe5 0 0 0 3 1 0 0 0 0 0 0 0 0 800025b8 f 0 0 b 0 0 0 0 0 0 0 1 0 0 0 0 153f 1541
R 47f 800025ae 800025b2 f17 0 0 0 3 1 0 0 0 0 0 0 1e 800025ae 800025ae f 0 0 0 0 0 0 0 0 0 0 1 0 0 0 0 1546 1548
R 480 800025b2 800025b6 203f2923 0 0 0 3 1 1e 800025ae 3 1 1e 800025ae 0 0 800027c0 0 f 0 1 0 0 0 0 0 0 0 1 0 0 0 0 154b 154e
R 481 800025b6 800025ae bfe5 0 0 0 3 1 0 0 0 0 0 0 0 0 800025b8 f 0 0 b 0 0 0 0 0 0 0 1 0 0 0 0 154d 154f
R 482 800025ae 800025b2 f17 0 0 0 3 1 0 0 0 0 0 0 1e 800025ae 800025ae f 0 0 0 0 0 0 0 0 0 0 1 0 0 0 0 1554 1556
R 483 800025b2 800025b6 203f2923 0 0 0 3 1 1e 800025ae 3 1 1e 800025ae 0 0 800027c0 0 f 0 1 0 0 0 0 0 0 0 1 0 0 0 0 1556 155a
R 484 800025b6 800025ae bfe5 0 0 0 3 1 0 0 0 0 0 0 0 0 800025b8 f 0 0 b 0 0 0 0 0 0 0 1 0 0 0 0 1559 155b
R 485 800025ae 800025b2 f17 0 0 0 3 1 0 0 0 0 0 0 1e 800025ae 800025ae f 0 0 0 0 0 0 0 0 0 0 1 0 0 0 0 1560 1562
R 486 800025b2 800025b6 203f2923 0 0 0 3 1 1e 800025ae 3 1 1e 800025ae 0 0 800027c0 0 f 0 1 0 0 0 0 0 0 0 1 0 0 0 0 1567 156b
R 487 800025b6 800025ae bfe5 0 0 0 3 1 0 0 0 0 0 0 0 0 800025b8 f 0 0 b 0 0 0 0 0 0 0 1 0 0 0 0 156a 156c
R 488 800025ae 800025b2 f17 0 0 0 3 1 0 0 0 0 0 0 1e 800025ae 800025ae f 0 0 0 0 0 0 0 0 0 0 1 0 0 0 0 1571 1573
R 489 800025b2 800025b6 203f2923 0 0 0 3 1 1e 800025ae 3 1 1e 800025ae 0 0 800027c0 0 f 0 1 0 0 0 0 0 0 0 1 0 0 0 0 1577 157b
R 48a 800025b6 800025ae bfe5 0 0 0 3 1 0 0 0 0 0 0 0 0 800025b8 f 0 0 b 0 0 0 0 0 0 0 1 0 0 0 0 157a 157c
R 48b 800025ae 800025b2 f17 0 0 0 3 1 0 0 0 0 0 0 1e 800025ae 800025ae f 0 0 0 0 0 0 0 0 0 0 1 0 0 0 0 1581 1583
R 48c 800025b2 800025b6 203f2923 0 0 0 3 1 1e 800025ae 3 1 1e 800025ae 0 0 800027c0 0 f 0 1 0 0 0 0 0 0 0 1 0 0 0 0 1584 1589
R 48d 800025b6 800025ae bfe5 0 0 0 3 1 0 0 0 0 0 0 0 0 800025b8 f 0 0 b 0 0 0 0 0 0 0 1 0 0 0 0 1588 158a
R 48e 800025ae 800025b2 f17 0 0 0 3 1 0 0 0 0 0 0 1e 800025ae 800025ae f 0 0 0 0 0 0 0 0 0 0 1 0 0 0 0 158f 1591
R 48f 800025b2 800025b6 203f2923 0 0 0 3 1 1e 800025ae 3 1 1e 800025ae 0 0 800027c0 0 f 0 1 0 0 0 0 0 0 0 1 0 0 0 0 1594 1599
R 490 800025b6 800025ae bfe5 0 0 0 3 1 0 0 0 0 0 0 0 0 800025b8 f 0 0 b 0 0 0 0 0 0 0 1 0 0 0 0 1598 159a
R 491 800025ae 800025b2 f17 0 0 0 3 1 0 0 0 0 0 0 1e 800025ae 800025ae f 0 0 0 0 0 0 0 0 0 0 1 0 0 0 0 15a0 15a2
R 492 800025b2 800025b6 203f2923 0 0 0 3 1 1e 800025ae 3 1 1e 800025ae 0 0 800027c0 0 f 0 1 0 0 0 0 0 0 0 1 0 0 0 0 15a6 15ab
R 493 800025b6 800025ae bfe5 0 0 0 3 1 0 0 0 0 0 0 0 0 800025b8 f 0 0 b 0 0 0 0 0 0 0 1 0 0 0 0 15aa 15ac
R 494 800025ae 800025b2 f17 0 0 0 3 1 0 0 0 0 0 0 1e 800025ae 800025ae f 0 0 0 0 0 0 0 0 0 0 1 0 0 0 0 15b3 15b5
R 495 800025b2 800025b6 203f2923 0 0 0 3 1 1e 800025ae 3 1 1e 800025ae 0 0 800027c0 0 f 0 1 0 0 0 0 0 0 0 1 0 0 0 0 15b8 15bc
R 496 800025b6 800025ae bfe5 0 0 0 3 1 0 0 0 0 0 0 0 0 800025b8 f 0 0 b 0 0 0 0 0 0 0 1 0 0 0 0 15bb 15bd
R 497 800025ae 800025b2 f17 0 0 0 3 1 0 0 0 0 0 0 1e 800025ae 800025ae f 0 0 0 0 0 0 0 0 0 0 1 0 0 0 0 15c3 15c5
R 498 800025b2 800025b6 203f2923 0 0 0 3 1 1e 800025ae 3 1 1e 800025ae 0 0 800027c0 0 f 0 1 0 0 0 0 0 0 0 1 0 0 0 0 15c8 15cb
R 499 800025b6 800025ae bfe5 0 0 0 3 1 0 0 0 0 0 0 0 0 800025b8 f 0 0 b 0 0 0 0 0 0 0 1 0 0 0 0 15ca 15cc
R 49a 800025ae 800025b2 f17 0 0 0 3 1 0 0 0 0 0 0 1e 800025ae 800025ae f 0 0 0 0 0 0 0 0 0 0 1 0 0 0 0 15d4 15d6
R 49b 800025b2 800025b6 203f2923 0 0 0 3 1 1e 800025ae 3 1 1e 800025ae 0 0 800027c0 0 f 0 1 0 0 0 0 0 0 0 1 0 0 0 0 15d8 15db
R 49c 800025b6 800025ae bfe5 0 0 0 3 1 0 0 0 0 0 0 0 0 800025b8 f 0 0 b 0 0 0 0 0 0 0 1 0 0 0 0 15da 15dc
R 49d 800025ae 800025b2 f17 0 0 0 3 1 0 0 0 0 0 0 1e 800025ae 800025ae f 0 0 0 0 0 0 0 0 0 0 1 0 0 0 0 15e5 15e7
R 49e 800025b2 800025b6 203f2923 0 0 0 3 1 1e 800025ae 3 1 1e 800025ae 0 0 800027c0 0 f 0 1 0 0 0 0 0 0 0 1 0 0 0 0 15eb 15f0
R 49f 800025b6 800025ae bfe5 0 0 0 3 1 0 0 0 0 0 0 0 0 800025b8 f 0 0 b 0 0 0 0 0 0 0 1 0 0 0 0 15ef 15f1
R 4a0 800025ae 800025b2 f17 0 0 0 3 1 0 0 0 0 0 0 1e 800025ae 800025ae f 0 0 0 0 0 0 0 0 0 0 1 0 0 0 0 15f5 15f7
R 4a1 800025b2 800025b6 203f2923 0 0 0 3 1 1e 800025ae 3 1 1e 800025ae 0 0 800027c0 0 f 0 1 0 0 0 0 0 0 0 1 0 0 0 0 15f8 15fd
R 4a2 800025b6 800025ae bfe5 0 0 0 3 1 0 0 0 0 0 0 0 0 800025b8 f 0 0 b 0 0 0 0 0 0 0 1 0 0 0 0 15fc 15fe
R 4a3 800025ae 800025b2 f17 0 0 0 3 1 0 0 0 0 0 0 1e 800025ae 800025ae f 0 0 0 0 0 0 0 0 0 0 1 0 0 0 0 1603 1605
R 4a4 800025b2 800025b6 203f2923 0 0 0 3 1 1e 800025ae 3 1 1e 800025ae 0 0 800027c0 0 f 0 1 0 0 0 0 0 0 0 1 0 0 0 0 1609 160d
R 4a5 800025b6 800025ae bfe5 0 0 0 3 1 0 0 0 0 0 0 0 0 800025b8 f 0 0 b 0 0 0 0 0 0 0 1 0 0 0 0 160c 160e
R 4a6 800025ae 800025b2 f17 0 0 0 3 1 0 0 0 0 0 0 1e 800025ae 800025ae f 0 0 0 0 0 0 0 0 0 0 1 0 0 0 0 1618 161a
R 4a7 800025b2 800025b6 203f2923 0 0 0 3 1 1e 800025ae 3 1 1e 800025ae 0 0 800027c0 0 f 0 1 0 0 0 0 0 0 0 1 0 0 0 0 161e 1621
R 4a8 800025b6 800025ae bfe5 0 0 0 3 1 0 0 0 0 0 0 0 0 800025b8 f 0 0 b 0 0 0 0 0 0 0 1 0 0 0 0 1620 1622
R 4a9 800025ae 800025b2 f17 0 0 0 3 1 0 0 0 0 0 0 1e 800025ae 800025ae f 0 0 0 0 0 0 0 0 0 0 1 0 0 0 0 162b 162d
R 4aa 800025b2 800025b6 203f2923 0 0 0 3 1 1e 800025ae 3 1 1e 800025ae 0 0 800027c0 0 f 0 1 0 0 0 0 0 0 0 1 0 0 0 0 162f 1634
R 4ab 800025b6 800025ae bfe5 0 0 0 3 1 0 0 0 0 0 0 0 0 800025b8 f 0 0 b 0 0 0 0 0 0 0 1 0 0 0 0 1633 1635
R 4ac 800025ae 800025b2 f17 0 0 0 3 1 0 0 0 0 0 0 1e 800025ae 800025ae f 0 0 0 0 0 0 0 0 0 0 1 0 0 0 0 163a 163c
R 4ad 800025b2 800025b6 203f2923 0 0 0 3 1 1e 800025ae 3 1 1e 800025ae 0 0 800027c0 0 f 0 1 0 0 0 0 0 0 0 1 0 0 0 0 163f 1644
R 4ae 800025b6 800025ae bfe5 0 0 0 3 1 0 0 0 0 0 0 0 0 800025b8 f 0 0 b 0 0 0 0 0 0 0 1 0 0 0 0 1643 1645
R 4af 800025ae 800025b2 f17 0 0 0 3 1 0 0 0 0 0 0 1e 800025ae 800025ae f 0 0 0 0 0 0 0 0 0 0 1 0 0 0 0 164a 164c
R 4b0 800025b2 800025b6 203f2923 0 0 0 3 1 1e 800025ae 3 1 1e 800025ae 0 0 800027c0 0 f 0 1 0 0 0 0 0 0 0 1 0 0 0 0 164f 1652
R 4b1 800025b6 800025ae bfe5 0 0 0 3 1 0 0 0 0 0 0 0 0 800025b8 f 0 0 b 0 0 0 0 0 0 0 1 0 0 0 0 1651 1653
R 4b2 800025ae 800025b2 f17 0 0 0 3 1 0 0 0 0 0 0 1e 800025ae 800025ae f 0 0 0 0 0 0 0 0 0 0 1 0 0 0 0 1659 165b
R 4b3 800025b2 800025b6 203f2923 0 0 0 3 1 1e 800025ae 3 1 1e 800025ae 0 0 800027c0 0 f 0 1 0 0 0 0 0 0 0 1 0 0 0 0 165f 1662
R 4b4 800025b6 800025ae bfe5 0 0 0 3 1 0 0 0 0 0 0 0 0 800025b8 f 0 0 b 0 0 0 0 0 0 0 1 0 0 0 0 1661 1663
R 4b5 800025ae 800025b2 f17 0 0 0 3 1 0 0 0 0 0 0 1e 800025ae 800025ae f 0 0 0 0 0 0 0 0 0 0 1 0 0 0 0 1667 1669
R 4b6 800025b2 800025b6 203f2923 0 0 0 3 1 1e 800025ae 3 1 1e 800025ae 0 0 800027c0 0 f 0 1 0 0 0 0 0 0 0 1 0 0 0 0 166e 1672
R 4b7 800025b6 800025ae bfe5 0 0 0 3 1 0 0 0 0 0 0 0 0 800025b8 f 0 0 b 0 0 0 0 0 0 0 1 0 0 0 0 1671 1673
R 4b8 800025ae 800025b2 f17 0 0 0 3 1 0 0 0 0 0 0 1e 800025ae 800025ae f 0 0 0 0 0 0 0 0 0 0 1 0 0 0 0 1678 167a
R 4b9 800025b2 800025b6 203f2923 0 0 0 3 1 1e 800025ae 3 1 1e 800025ae 0 0 800027c0 0 f 0 1 0 0 0 0 0 0 0 1 0 0 0 0 167d 1681
R 4ba 800025b6 800025ae bfe5 0 0 0 3 1 0 0 0 0 0 0 0 0 800025b8 f 0 0 b 0 0 0 0 0 0 0 1 0 0 0 0 1680 1682
R 4bb 800025ae 800025b2 f17 0 0 0 3 1 0 0 0 0 0 0 1e 800025ae 800025ae f 0 0 0 0 0 0 0 0 0 0 1 0 0 0 0 168b 168d
R 4bc 800025b2 800025b6 203f2923 0 0 0 3 1 1e 800025ae 3 1 1e 800025ae 0 0 800027c0 0 f 0 1 0 0 0 0 0 0 0 1 0 0 0 0 1691 1696
R 4bd 800025b6 800025ae bfe5 0 0 0 3 1 0 0 0 0 0 0 0 0 800025b8 f 0 0 b 0 0 0 0 0 0 0 1 0 0 0 0 1695 1697
R 4be 800025ae 800025b2 f17 0 0 0 3 1 0 0 0 0 0 0 1e 800025ae 800025ae f 0 0 0 0 0 0 0 0 0 0 1 0 0 0 0 169c 169e
R 4bf 800025b2 800025b6 203f2923 0 0 0 3 1 1e 800025ae 3 1 1e 800025ae 0 0 800027c0 0 f 0 1 0 0 0 0 0 0 0 1 0 0 0 0 169f 16a4
R 4c0 800025b6 800025ae bfe5 0 0 0 3 1 0 0 0 0 0 0 0 0 800025b8 f 0 0 b 0 0 0 0 0 0 0 1 0 0 0 0 16a3 16a5
R 4c1 800025ae 800025b2 f17 0 0 0 3 1 0 0 0 0 0 0 1e 800025ae 800025ae f 0 0 0 0 0 0 0 0 0 0 1 0 0 0 0 16aa 16ac
R 4c2 800025b2 800025b6 203f2923 0 0 0 3 1 1e 800025ae 3 1 1e 800025ae 0 0 800027c0 0 f 0 1 0 0 0 0 0 0 0 1 0 0 0 0 16ae 16b2
R 4c3 800025b6 800025ae bfe5 0 0 0 3 1 0 0 0 0 0 0 0 0 800025b8 f 0 0 b 0 0 0 0 0 0 0 1 0 0 0 0 16b1 16b3
R 4c4 800025ae 800025b2 f17 0 0 0 3 1 0 0 0 0 0 0 1e 800025ae 800025ae f 0 0 0 0 0 0 0 0 0 0 1 0 0 0 0 16b6 16b8
R 4c5 800025b2 800025b6 203f2923 0 0 0 3 1 1e 800025ae 3 1 1e 800025ae 0 0 800027c0 0 f 0 1 0 0 0 0 0 0 0 1 0 0 0 0 16b9 16be
R 4c6 800025b6 800025ae bfe5 0 0 0 3 1 0 0 0 0 0 0 0 0 800025b8 f 0 0 b 0 0 0 0 0 0 0 1 0 0 0 0 16bd 16bf
R 4c7 800025ae 800025b2 f17 0 0 0 3 1 0 0 0 0 0 0 1e 800025ae 800025ae f 0 0 0 0 0 0 0 0 0 0 1 0 0 0 0 16c7 16c9
R 4c8 800025b2 800025b6 203f2923 0 0 0 3 1 1e 800025ae 3 1 1e 800025ae 0 0 800027c0 0 f 0 1 0 0 0 0 0 0 0 1 0 0 0 0 16cc 16d0
R 4c9 800025b6 800025ae bfe5 0 0 0 3 1 0 0 0 0 0 0 0 0 800025b8 f 0 0 b 0 0 0 0 0 0 0 1 0 0 0 0 16cf 16d1
R 4ca 800025ae 800025b2 f17 0 0 0 3 1 0 0 0 0 0 0 1e 800025ae 800025ae f 0 0 0 0 0 0 0 0 0 0 1 0 0 0 0 16d7 16d9
R 4cb 800025b2 800025b6 203f2923 0 0 0 3 1 1e 800025ae 3 1 1e 800025ae 0 0 800027c0 0 f 0 1 0 0 0 0 0 0 0 1 0 0 0 0 16dd 16e1
R 4cc 800025b6 800025ae bfe5 0 0 0 3 1 0 0 0 0 0 0 0 0 800025b8 f 0 0 b 0 0 0 0 0 0 0 1 0 0 0 0 16e0 16e2
R 4cd 800025ae 800025b2 f17 0 0 0 3 1 0 0 0 0 0 0 1e 800025ae 800025ae f 0 0 0 0 0 0 0 0 0 0 1 0 0 0 0 16e7 16e9
R 4ce 800025b2 800025b6 203f2923 0 0 0 3 1 1e 800025ae 3 1 1e 800025ae 0 0 800027c0 0 f 0 1 0 0 0 0 0 0 0 1 0 0 0 0 16ec 16f1
R 4cf 800025b6 800025ae bfe5 0 0 0 3 1 0 0 0 0 0 0 0 0 800025b8 f 0 0 b 0 0 0 0 0 0 0 1 0 0 0 0 16f0 16f2
R 4d0 800025ae 800025b2 f17 0 0 0 3 1 0 0 0 0 0 0 1e 800025ae 800025ae f 0 0 0 0 0 0 0 0 0 0 1 0 0 0 0 16f8 16fa
R 4d1 800025b2 800025b6 203f2923 0 0 0 3 1 1e 800025ae 3 1 1e 800025ae 0 0 800027c0 0 f 0 1 0 0 0 0 0 0 0 1 0 0 0 0 16fd 1702
R 4d2 800025b6 800025ae bfe5 0 0 0 3 1 0 0 0 0 0 0 0 0 800025b8 f 0 0 b 0 0 0 0 0 0 0 1 0 0 0 0 1701 1703
R 4d3 800025ae 800025b2 f17 0 0 0 3 1 0 0 0 0 0 0 1e 800025ae 800025ae f 0 0 0 0 0 0 0 0 0 0 1 0 0 0 0 1708 170a
R 4d4 800025b2 800025b6 203f2923 0 0 0 3 1 1e 800025ae 3 1 1e 800025ae 0 0 800027c0 0 f 0 1 0 0 0 0 0 0 0 1 0 0 0 0 170c 170f
R 4d5 800025b6 800025ae bfe5 0 0 0 3 1 0 0 0 0 0 0 0 0 800025b8 f 0 0 b 0 0 0 0 0 0 0 1 0 0 0 0 170e 1710
R 4d6 800025ae 800025b2 f17 0 0 0 3 1 0 0 0 0 0 0 1e 800025ae 800025ae f 0 0 0 0 0 0 0 0 0 0 1 0 0 0 0 1717 1719
R 4d7 800025b2 800025b6 203f2923 0 0 0 3 1 1e 800025ae 3 1 1e 800025ae 0 0 800027c0 0 f 0 1 0 0 0 0 0 0 0 1 0 0 0 0 171b 171f
R 4d8 800025b6 800025ae bfe5 0 0 0 3 1 0 0 0 0 0 0 0 0 800025b8 f 0 0 b 0 0 0 0 0 0 0 1 0 0 0 0 171e 1720
R 4d9 800025ae 800025b2 f17 0 0 0 3 1 0 0 0 0 0 0 1e 800025ae 800025ae f 0 0 0 0 0 0 0 0 0 0 1 0 0 0 0 1725 1727
R 4da 800025b2 800025b6 203f2923 0 0 0 3 1 1e 800025ae 3 1 1e 800025ae 0 0 800027c0 0 f 0 1 0 0 0 0 0 0 0 1 0 0 0 0 1728 172c
R 4db 800025b6 800025ae bfe5 0 0 0 3 1 0 0 0 0 0 0 0 0 800025b8 f 0 0 b 0 0 0 0 0 0 0 1 0 0 0 0 172b 172d
R 4dc 800025ae 800025b2 f17 0 0 0 3 1 0 0 0 0 0 0 1e 800025ae 800025ae f 0 0 0 0 0 0 0 0 0 0 1 0 0 0 0 1736 1738
R 4dd 800025b2 800025b6 203f2923 0 0 0 3 1 1e 800025ae 3 1 1e 800025ae 0 0 800027c0 0 f 0 1 0 0 0 0 0 0 0 1 0 0 0 0 173a 173e
R 4de 800025b6 800025ae bfe5 0 0 0 3 1 0 0 0 0 0 0 0 0 800025b8 f 0 0 b 0 0 0 0 0 0 0 1 0 0 0 0 173d 173f
R 4df 800025ae 800025b2 f17 0 0 0 3 1 0 0 0 0 0 0 1e 800025ae 800025ae f 0 0 0 0 0 0 0 0 0 0 1 0 0 0 0 1743 1745
R 4e0 800025b2 800025b6 203f2923 0 0 0 3 1 1e 800025ae 3 1 1e 800025ae 0 0 800027c0 0 f 0 1 0 0 0 0 0 0 0 1 0 0 0 0 1747 174a
R 4e1 800025b6 800025ae bfe5 0 0 0 3 1 0 0 0 0 0 0 0 0 800025b8 f 0 0 b 0 0 0 0 0 0 0 1 0 0 0 0 1749 174b
R 4e2 800025ae 800025b2 f17 0 0 0 3 1 0 0 0 0 0 0 1e 800025ae 800025ae f 0 0 0 0 0 0 0 0 0 0 1 0 0 0 0 1753 1755
R 4e3 800025b2 800025b6 203f2923 0 0 0 3 1 1e 800025ae 3 1 1e 800025ae 0 0 800027c0 0 f 0 1 0 0 0 0 0 0 0 1 0 0 0 0 175a 175d
R 4e4 800025b6 800025ae bfe5 0 0 0 3 1 0 0 0 0 0 0 0 0 800025b8 f 0 0 b 0 0 0 0 0 0 0 1 0 0 0 0 175c 175e
R 4e5 800025ae 800025b2 f17 0 0 0 3 1 0 0 0 0 0 0 1e 800025ae 800025ae f 0 0 0 0 0 0 0 0 0 0 1 0 0 0 0 1765 1767
R 4e6 800025b2 800025b6 203f2923 0 0 0 3 1 1e 800025ae 3 1 1e 800025ae 0 0 800027c0 0 f 0 1 0 0 0 0 0 0 0 1 0 0 0 0 176d 1770
R 4e7 800025b6 800025ae bfe5 0 0 0 3 1 0 0 0 0 0 0 0 0 800025b8 f 0 0 b 0 0 0 0 0 0 0 1 0 0 0 0 176f 1771
R 4e8 800025ae 800025b2 f17 0 0 0 3 1 0 0 0 0 0 0 1e 800025ae 800025ae f 0 0 0 0 0 0 0 0 0 0 1 0 0 0 0 1778 177a
R 4e9 800025b2 800025b6 203f2923 0 0 0 3 1 1e 800025ae 3 1 1e 800025ae 0 0 800027c0 0 f 0 1 0 0 0 0 0 0 0 1 0 0 0 0 177d 1780
R 4ea 800025b6 800025ae bfe5 0 0 0 3 1 0 0 0 0 0 0 0 0 800025b8 f 0 0 b 0 0 0 0 0 0 0 1 0 0 0 0 177f 1781
R 4eb 800025ae 800025b2 f17 0 0 0 3 1 0 0 0 0 0 0 1e 800025ae 800025ae f 0 0 0 0 0 0 0 0 0 0 1 0 0 0 0 1787 1789
R 4ec 800025b2 800025b6 203f2923 0 0 0 3 1 1e 800025ae 3 1 1e 800025ae 0 0 800027c0 0 f 0 1 0 0 0 0 0 0 0 1 0 0 0 0 178c 178f
R 4ed 800025b6 800025ae bfe5 0 0 0 3 1 0 0 0 0 0 0 0 0 800025b8 f 0 0 b 0 0 0 0 0 0 0 1 0 0 0 0 178e 1790
R 4ee 800025ae 800025b2 f17 0 0 0 3 1 0 0 0 0 0 0 1e 800025ae 800025ae f 0 0 0 0 0 0 0 0 0 0 1 0 0 0 0 1798 179a
R 4ef 800025b2 800025b6 203f2923 0 0 0 3 1 1e 800025ae 3 1 1e 800025ae 0 0 800027c0 0 f 0 1 0 0 0 0 0 0 0 1 0 0 0 0 179c 179f
R 4f0 800025b6 800025ae bfe5 0 0 0 3 1 0 0 0 0 0 0 0 0 800025b8 f 0 0 b 0 0 0 0 0 0 0 1 0 0 0 0 179e 17a0
R 4f1 800025ae 800025b2 f17 0 0 0 3 1 0 0 0 0 0 0 1e 800025ae 800025ae f 0 0 0 0 0 0 0 0 0 0 1 0 0 0 0 17a6 17a8
R 4f2 800025b2 800025b6 203f2923 0 0 0 3 1 1e 800025ae 3 1 1e 800025ae 0 0 800027c0 0 f 0 1 0 0 0 0 0 0 0 1 0 0 0 0 17ab 17ae
R 4f3 800025b6 800025ae bfe5 0 0 0 3 1 0 0 0 0 0 0 0 0 800025b8 f 0 0 b 0 0 0 0 0 0 0 1 0 0 0 0 17ad 17af
R 4f4 800025ae 800025b2 f17 0 0 0 3 1 0 0 0 0 0 0 1e 800025ae 800025ae f 0 0 0 0 0 0 0 0 0 0 1 0 0 0 0 17b9 17bb
R 4f5 800025b2 800025b6 203f2923 0 0 0 3 1 1e 800025ae 3 1 1e 800025ae 0 0 800027c0 0 f 0 1 0 0 0 0 0 0 0 1 0 0 0 0 17bd 17c1
R 4f6 800025b6 800025ae bfe5 0 0 0 3 1 0 0 0 0 0 0 0 0 800025b8 f 0 0 b 0 0 0 0 0 0 0 1 0 0 0 0 17c0 17c2
R 4f7 800025ae 800025b2 f17 0 0 0 3 1 0 0 0 0 0 0 1e 800025ae 800025ae f 0 0 0 0 0 0 0 0 0 0 1 0 0 0 0 17ca 17cc
R 4f8 800025b2 800025b6 203f2923 0 0 0 3 1 1e 800025ae 3 1 1e 800025ae 0 0 800027c0 0 f 0 1 0 0 0 0 0 0 0 1 0 0 0 0 17cf 17d3
R 4f9 800025b6 800025ae bfe5 0 0 0 3 1 0 0 0 0 0 0 0 0 800025b8 f 0 0 b 0 0 0 0 0 0 0 1 0 0 0 0 17d2 17d4
R 4fa 800025ae 800025b2 f17 0 0 0 3 1 0 0 0 0 0 0 1e 800025ae 800025ae f 0 0 0 0 0 0 0 0 0 0 1 0 0 0 0 17d9 17db
R 4fb 800025b2 800025b6 203f2923 0 0 0 3 1 1e 800025ae 3 1 1e 800025ae 0 0 800027c0 0 f 0 1 0 0 0 0 0 0 0 1 0 0 0 0 17db 17df
R 4fc 800025b6 800025ae bfe5 0 0 0 3 1 0 0 0 0 0 0 0 0 800025b8 f 0 0 b 0 0 0 0 0 0 0 1 0 0 0 0 17de 17e0
R 4fd 800025ae 800025b2 f17 0 0 0 3 1 0 0 0 0 0 0 1e 800025ae 800025ae f 0 0 0 0 0 0 0 0 0 0 1 0 0 0 0 17e7 17e9
R 4fe 800025b2 800025b6 203f2923 0 0 0 3 1 1e 800025ae 3 1 1e 800025ae 0 0 800027c0 0 f 0 1 0 0 0 0 0 0 0 1 0 0 0 0 17ed 17f2
R 4ff 800025b6 800025ae bfe5 0 0 0 3 1 0 0 0 0 0 0 0 0 800025b8 f 0 0 b 0 0 0 0 0 0 0 1 0 0 0 0 17f1 17f3
R 500 800025ae 800025b2 f17 0 0 0 3 1 0 0 0 0 0 0 1e 800025ae 800025ae f 0 0 0 0 0 0 0 0 0 0 1 0 0 0 0 17fa 17fc
R 501 800025b2 800025b6 203f2923 0 0 0 3 1 1e 800025ae 3 1 1e 800025ae 0 0 800027c0 0 f 0 1 0 0 0 0 0 0 0 1 0 0 0 0 17fc 1801
R 502 800025b6 800025ae bfe5 0 0 0 3 1 0 0 0 0 0 0 0 0 800025b8 f 0 0 b 0 0 0 0 0 0 0 1 0 0 0 0 1800 1802
R 503 800025ae 800025b2 f17 0 0 0 3 1 0 0 0 0 0 0 1e 800025ae 800025ae f 0 0 0 0 0 0 0 0 0 0 1 0 0 0 0 1806 1808
R 504 800025b2 800025b6 203f2923 0 0 0 3 1 1e 800025ae 3 1 1e 800025ae 0 0 800027c0 0 f 0 1 0 0 0 0 0 0 0 1 0 0 0 0 180a 180e
R 505 800025b6 800025ae bfe5 0 0 0 3 1 0 0 0 0 0 0 0 0 800025b8 f 0 0 b 0 0 0 0 0 0 0 1 0 0 0 0 180d 180f
R 506 800025ae 800025b2 f17 0 0 0 3 1 0 0 0 0 0 0 1e 800025ae 800025ae f 0 0 0 0 0 0 0 0 0 0 1 0 0 0 0 1813 1815
R 507 800025b2 800025b6 203f2923 0 0 0 3 1 1e 800025ae 3 1 1e 800025ae 0 0 800027c0 0 f 0 1 0 0 0 0 0 0 0 1 0 0 0 0 181a 181d
R 508 800025b6 800025ae bfe5 0 0 0 3 1 0 0 0 0 0 0 0 0 800025b8 f 0 0 b 0 0 0 0 0 0 0 1 0 0 0 0 181c 181e
R 509 800025ae 800025b2 f17 0 0 0 3 1 0 0 0 0 0 0 1e 800025ae 800025ae f 0 0 0 0 0 0 0 0 0 0 1 0 0 0 0 1827 1829
R 50a 800025b2 800025b6 203f2923 0 0 0 3 1 1e 800025ae 3 1 1e 800025ae 0 0 800027c0 0 f 0 1 0 0 0 0 0 0 0 1 0 0 0 0 182c 1830
R 50b 800025b6 800025ae bfe5 0 0 0 3 1 0 0 0 0 0 0 0 0 800025b8 f 0 0 b 0 0 0 0 0 0 0 1 0 0 0 0 182f 1831
R 50c 800025ae 800025b2 f17 0 0 0 3 1 0 0 0 0 0 0 1e 800025ae 800025ae f 0 0 0 0 0 0 0 0 0 0 1 0 0 0 0 1837 1839
R 50d 800025b2 800025b6 203f2923 0 0 0 3 1 1e 800025ae 3 1 1e 800025ae 0 0 800027c0 0 f 0 1 0 0 0 0 0 0 0 1 0 0 0 0 183a 183f
R 50e 800025b6 800025ae bfe5 0 0 0 3 1 0 0 0 0 0 0 0 0 800025b8 f 0 0 b 0 0 0 0 0 0 0 1 0 0 0 0 183e 1840
R 50f 800025ae 800025b2 f17 0 0 0 3 1 0 0 0 0 0 0 1e 800025ae 800025ae f 0 0 0 0 0 0 0 0 0 0 1 0 0 0 0 1844 1846
R 510 800025b2 800025b6 203f2923 0 0 0 3 1 1e 800025ae 3 1 1e 800025ae 0 0 800027c0 0 f 0 1 0 0 0 0 0 0 0 1 0 0 0 0 184c 1851
R 511 800025b6 800025ae bfe5 0 0 0 3 1 0 0 0 0 0 0 0 0 800025b8 f 0 0 b 0 0 0 0 0 0 0 1 0 0 0 0 1850 1852
R 512 800025ae 800025b2 f17 0 0 0 3 1 0 0 0 0 0 0 1e 800025ae 800025ae f 0 0 0 0 0 0 0 0 0 0 1 0 0 0 0 1855 1857
R 513 800025b2 800025b6 203f2923 0 0 0 3 1 1e 800025ae 3 1 1e 800025ae 0 0 800027c0 0 f 0 1 0 0 0 0 0 0 0 1 0 0 0 0 1859 185c
R 514 800025b6 800025ae bfe5 0 0 0 3 1 0 0 0 0 0 0 0 0 800025b8 f 0 0 b 0 0 0 0 0 0 0 1 0 0 0 0 185b 185d
R 515 800025ae 800025b2 f17 0 0 0 3 1 0 0 0 0 0 0 1e 800025ae 800025ae f 0 0 0 0 0 0 0 0 0 0 1 0 0 0 0 1866 1868
R 516 800025b2 800025b6 203f2923 0 0 0 3 1 1e 800025ae 3 1 1e 800025ae 0 0 800027c0 0 f 0 1 0 0 0 0 0 0 0 1 0 0 0 0 186c 186f
R 517 800025b6 800025ae bfe5 0 0 0 3 1 0 0 0 0 0 0 0 0 800025b8 f 0 0 b 0 0 0 0 0 0 0 1 0 0 0 0 186e 1870
R 518 800025ae 800025b2 f17 0 0 0 3 1 0 0 0 0 0 0 1e 800025ae 800025ae f 0 0 0 0 0 0 0 0 0 0 1 0 0 0 0 1875 1877
R 519 800025b2 800025b6 203f2923 0 0 0 3 1 1e 800025ae 3 1 1e 800025ae 0 0 800027c0 0 f 0 1 0 0 0 0 0 0 0 1 0 0 0 0 187a 187d
R 51a 800025b6 800025ae bfe5 0 0 0 3 1 0 0 0 0 0 0 0 0 800025b8 f 0 0 b 0 0 0 0 0 0 0 1 0 0 0 0 187c 187e
R 51b 800025ae 800025b2 f17 0 0 0 3 1 0 0 0 0 0 0 1e 800025ae 800025ae f 0 0 0 0 0 0 0 0 0 0 1 0 0 0 0 1885 1887
R 51c 800025b2 800025b6 203f2923 0 0 0 3 1 1e 800025ae 3 1 1e 800025ae 0 0 800027c0 0 f 0 1 0 0 0 0 0 0 0 1 0 0 0 0 188c 1890
R 51d 800025b6 800025ae bfe5 0 0 0 3 1 0 0 0 0 0 0 0 0 800025b8 f 0 0 b 0 0 0 0 0 0 0 1 0 0 0 0 188f 1891
R 51e 800025ae 800025b2 f17 0 0 0 3 1 0 0 0 0 0 0 1e 800025ae 800025ae f 0 0 0 0 0 0 0 0 0 0 1 0 0 0 0 1899 189b
R 51f 800025b2 800025b6 203f2923 0 0 0 3 1 1e 800025ae 3 1 1e 800025ae 0 0 800027c0 0 f 0 1 0 0 0 0 0 0 0 1 0 0 0 0 189d 18a0
R 520 800025b6 800025ae bfe5 0 0 0 3 1 0 0 0 0 0 0 0 0 800025b8 f 0 0 b 0 0 0 0 0 0 0 1 0 0 0 0 189f 18a1
R 521 800025ae 800025b2 f17 0 0 0 3 1 0 0 0 0 0 0 1e 800025ae 800025ae f 0 0 0 0 0 0 0 0 0 0 1 0 0 0 0 18a9 18ab
R 522 800025b2 800025b6 203f2923 0 0 0 3 1 1e 800025ae 3 1 1e 800025ae 0 0 800027c0 0 f 0 1 0 0 0 0 0 0 0 1 0 0 0 0 18ac 18b1
R 523 800025b6 800025ae bfe5 0 0 0 3 1 0 0 0 0 0 0 0 0 800025b8 f 0 0 b 0 0 0 0 0 0 0 1 0 0 0 0 18b0 18b2
R 524 800025ae 800025b2 f17 0 0 0 3 1 0 0 0 0 0 0 1e 800025ae 800025ae f 0 0 0 0 0 0 0 0 0 0 1 0 0 0 0 18b9 18bb
R 525 800025b2 800025b6 203f2923 0 0 0 3 1 1e 800025ae 3 1 1e 800025ae 0 0 800027c0 0 f 0 1 0 0 0 0 0 0 0 1 0 0 0 0 18bf 18c3
R 526 800025b6 800025ae bfe5 0 0 0 3 1 0 0 0 0 0 0 0 0 800025b8 f 0 0 b 0 0 0 0 0 0 0 1 0 0 0 0 18c2 18c4
R 527 800025ae 800025b2 f17 0 0 0 3 1 0 0 0 0 0 0 1e 800025ae 800025ae f 0 0 0 0 0 0 0 0 0 0 1 0 0 0 0 18ca 18cc
R 528 800025b2 800025b6 203f2923 0 0 0 3 1 1e 800025ae 3 1 1e 800025ae 0 0 800027c0 0 f 0 1 0 0 0 0 0 0 0 1 0 0 0 0 18d0 18d3
R 529 800025b6 800025ae bfe5 0 0 0 3 1 0 0 0 0 0 0 0 0 800025b8 f 0 0 b 0 0 0 0 0 0 0 1 0 0 0 0 18d2 18d4
R 52a 800025ae 800025b2 f17 0 0 0 3 1 0 0 0 0 0 0 1e 800025ae 800025ae f 0 0 0 0 0 0 0 0 0 0 1 0 0 0 0 18dc 18de
R 52b 800025b2 800025b6 203f2923 0 0 0 3 1 1e 800025ae 3 1 1e 800025ae 0 0 800027c0 0 f 0 1 0 0 0 0 0 0 0 1 0 0 0 0 18e1 18e5
R 52c 800025b6 800025ae bfe5 0 0 0 3 1 0 0 0 0 0 0 0 0 800025b8 f 0 0 b 0 0 0 0 0 0 0 1 0 0 0 0 18e4 18e6
R 52d 800025ae 800025b2 f17 0 0 0 3 1 0 0 0 0 0 0 1e 800025ae 800025ae f 0 0 0 0 0 0 0 0 0 0 1 0 0 0 0 18ec 18ee
R 52e 800025b2 800025b6 203f2923 0 0 0 3 1 1e 800025ae 3 1 1e 800025ae 0 0 800027c0 0 f 0 1 0 0 0 0 0 0 0 1 0 0 0 0 18f2 18f5
R 52f 800025b6 800025ae bfe5 0 0 0 3 1 0 0 0 0 0 0 0 0 800025b8 f 0 0 b 0 0 0 0 0 0 0 1 0 0 0 0 18f4 18f6
R 530 800025ae 800025b2 f17 0 0 0 3 1 0 0 0 0 0 0 1e 800025ae 800025ae f 0 0 0 0 0 0 0 0 0 0 1 0 0 0 0 18fb 18fd
R 531 800025b2 800025b6 203f2923 0 0 0 3 1 1e 800025ae 3 1 1e 800025ae 0 0 800027c0 0 f 0 1 0 0 0 0 0 0 0 1 0 0 0 0 1902 1907
R 532 800025b6 800025ae bfe5 0 0 0 3 1 0 0 0 0 0 0 0 0 800025b8 f 0 0 b 0 0 0 0 0 0 0 1 0 0 0 0 1906 1908
R 533 800025ae 800025b2 f17 0 0 0 3 1 0 0 0 0 0 0 1e 800025ae 800025ae f 0 0 0 0 0 0 0 0 0 0 1 0 0 0 0 190b 190d
R 534 800025b2 800025b6 203f2923 0 0 0 3 1 1e 800025ae 3 1 1e 800025ae 0 0 800027c0 0 f 0 1 0 0 0 0 0 0 0 1 0 0 0 0 1911 1915
R 535 800025b6 800025ae bfe5 0 0 0 3 1 0 0 0 0 0 0 0 0 800025b8 f 0 0 b 0 0 0 0 0 0 0 1 0 0 0 0 1914 1916
R 536 800025ae 800025b2 f17 0 0 0 3 1 0 0 0 0 0 0 1e 800025ae 800025ae f 0 0 0 0 0 0 0 0 0 0 1 0 0 0 0 191c 191e
R 537 800025b2 800025b6 203f2923 0 0 0 3 1 1e 800025ae 3 1 1e 800025ae 0 0 800027c0 0 f 0 1 0 0 0 0 0 0 0 1 0 0 0 0 191f 1922
R 538 800025b6 800025ae bfe5 0 0 0 3 1 0 0 0 0 0 0 0 0 800025b8 f 0 0 b 0 0 0 0 0 0 0 1 0 0 0 0 1921 1923
R 539 800025ae 800025b2 f17 0 0 0 3 1 0 0 0 0 0 0 1e 800025ae 800025ae f 0 0 0 0 0 0 0 0 0 0 1 0 0 0 0 192b 192d
R 53a 800025b2 800025b6 203f2923 0 0 0 3 1 1e 800025ae 3 1 1e 800025ae 0 0 800027c0 0 f 0 1 0 0 0 0 0 0 0 1 0 0 0 0 1930 1934
R 53b 800025b6 800025ae bfe5 0 0 0 3 1 0 0 0 0 0 0 0 0 800025b8 f 0 0 b 0 0 0 0 0 0 0 1 0 0 0 0 1933 1935
R 53c 800025ae 800025b2 f17 0 0 0 3 1 0 0 0 0 0 0 1e 800025ae 800025ae f 0 0 0 0 0 0 0 0 0 0 1 0 0 0 0 193b 193d
R 53d 800025b2 800025b6 203f2923 0 0 0 3 1 1e 800025ae 3 1 1e 800025ae 0 0 800027c0 0 f 0 1 0 0 0 0 0 0 0 1 0 0 0 0 193f 1944
R 53e 800025b6 800025ae bfe5 0 0 0 3 1 0 0 0 0 0 0 0 0 800025b8 f 0 0 b 0 0 0 0 0 0 0 1 0 0 0 0 1943 1945
R 53f 800025ae 800025b2 f17 0 0 0 3 1 0 0 0 0 0 0 1e 800025ae 800025ae f 0 0 0 0 0 0 0 0 0 0 1 0 0 0 0 194d 194f
R 540 800025b2 800025b6 203f2923 0 0 0 3 1 1e 800025ae 3 1 1e 800025ae 0 0 800027c0 0 f 0 1 0 0 0 0 0 0 0 1 0 0 0 0 1953 1957
R 541 800025b6 800025ae bfe5 0 0 0 3 1 0 0 0 0 0 0 0 0 800025b8 f 0 0 b 0 0 0 0 0 0 0 1 0 0 0 0 1956 1958
R 542 800025ae 800025b2 f17 0 0 0 3 1 0 0 0 0 0 0 1e 800025ae 800025ae f 0 0 0 0 0 0 0 0 0 0 1 0 0 0 0 195d 195f
R 543 800025b2 800025b6 203f2923 0 0 0 3 1 1e 800025ae 3 1 1e 800025ae 0 0 800027c0 0 f 0 1 0 0 0 0 0 0 0 1 0 0 0 0 1960 1963
R 544 800025b6 800025ae bfe5 0 0 0 3 1 0 0 0 0 0 0 0 0 800025b8 f 0 0 b 0 0 0 0 0 0 0 1 0 0 0 0 1962 1964
R 545 800025ae 800025b2 f17 0 0 0 3 1 0 0 0 0 0 0 1e 800025ae 800025ae f 0 0 0 0 0 0 0 0 0 0 1 0 0 0 0 196b 196d
R 546 800025b2 800025b6 203f2923 0 0 0 3 1 1e 800025ae 3 1 1e 800025ae 0 0 800027c0 0 f 0 1 0 0 0 0 0 0 0 1 0 0 0 0 1973 1977
R 547 800025b6 800025ae bfe5 0 0 0 3 1 0 0 0 0 0 0 0 0 800025b8 f 0 0 b 0 0 0 0 0 0 0 1 0 0 0 0 1976 1978
R 548 800025ae 800025b2 f17 0 0 0 3 1 0 0 0 0 0 0 1e 800025ae 800025ae f 0 0 0 0 0 0 0 0 0 0 1 0 0 0 0 197c 197e
R 549 800025b2 800025b6 203f2923 0 0 0 3 1 1e 800025ae 3 1 1e 800025ae 0 0 800027c0 0 f 0 1 0 0 0 0 0 0 0 1 0 0 0 0 1982 1985
R 54a 800025b6 800025ae bfe5 0 0 0 3 1 0 0 0 0 0 0 0 0 800025b8 f 0 0 b 0 0 0 0 0 0 0 1 0 0 0 0 1984 1986
R 54b 800025ae 800025b2 f17 0 0 0 3 1 0 0 0 0 0 0 1e 800025ae 800025ae f 0 0 0 0 0 0 0 0 0 0 1 0 0 0 0 198f 1991
R 54c 800025b2 800025b6 203f2923 0 0 0 3 1 1e 800025ae 3 1 1e 800025ae 0 0 800027c0 0 f 0 1 0 0 0 0 0 0 0 1 0 0 0 0 1993 1998
R 54d 800025b6 800025ae bfe5 0 0 0 3 1 0 0 0 0 0 0 0 0 800025b8 f 0 0 b 0 0 0 0 0 0 0 1 0 0 0 0 1997 1999
R 54e 800025ae 800025b2 f17 0 0 0 3 1 0 0 0 0 0 0 1e 800025ae 800025ae f 0 0 0 0 0 0 0 0 0 0 1 0 0 0 0 19a2 19a4
R 54f 800025b2 800025b6 203f2923 0 0 0 3 1 1e 800025ae 3 1 1e 800025ae 0 0 800027c0 0 f 0 1 0 0 0 0 0 0 0 1 0 0 0 0 19a5 19a8
R 550 800025b6 800025ae bfe5 0 0 0 3 1 0 0 0 0 0 0 0 0 800025b8 f 0 0 b 0 0 0 0 0 0 0 1 0 0 0 0 19a7 19a9
R 551 800025ae 800025b2 f17 0 0 0 3 1 0 0 0 0 0 0 1e 800025ae 800025ae f 0 0 0 0 0 0 0 0 0 0 1 0 0 0 0 19b1 19b3
R 552 800025b2 800025b6 203f2923 0 0 0 3 1 1e 800025ae 3 1 1e 800025ae 0 0 800027c0 0 f 0 1 0 0 0 0 0 0 0 1 0 0 0 0 19b7 19ba
R 553 800025b6 800025ae bfe5 0 0 0 3 1 0 0 0 0 0 0 0 0 800025b8 f 0 0 b 0 0 0 0 0 0 0 1 0 0 0 0 19b9 19bb
R 554 800025ae 800025b2 f17 0 0 0 3 1 0 0 0 0 0 0 1e 800025ae 800025ae f 0 0 0 0 0 0 0 0 0 0 1 0 0 0 0 19c0 19c2
R 555 800025b2 800025b6 203f2923 0 0 0 3 1 1e 800025ae 3 1 1e 800025ae 0 0 800027c0 0 f 0 1 0 0 0 0 0 0 0 1 0 0 0 0 19c3 19c7
R 556 800025b6 800025ae bfe5 0 0 0 3 1 0 0 0 0 0 0 0 0 800025b8 f 0 0 b 0 0 0 0 0 0 0 1 0 0 0 0 19c6 19c8
R 557 800025ae 800025b2 f17 0 0 0 3 1 0 0 0 0 0 0 1e 800025ae 800025ae f 0 0 0 0 0 0 0 0 0 0 1 0 0 0 0 19cf 19d1
R 558 800025b2 800025b6 203f2923 0 0 0 3 1 1e 800025ae 3 1 1e 800025ae 0 0 800027c0 0 f 0 1 0 0 0 0 0 0 0 1 0 0 0 0 19d6 19da
R 559 800025b6 800025ae bfe5 0 0 0 3 1 0 0 0 0 0 0 0 0 800025b8 f 0 0 b 0 0 0 0 0 0 0 1 0 0 0 0 19d9 19db
R 55a 800025ae 800025b2 f17 0 0 0 3 1 0 0 0 0 0 0 1e 800025ae 800025ae f 0 0 0 0 0 0 0 0 0 0 1 0 0 0 0 19e2 19e4
R 55b 800025b2 800025b6 203f2923 0 0 0 3 1 1e 800025ae 3 1 1e 800025ae 0 0 800027c0 0 f 0 1 0 0 0 0 0 0 0 1 0 0 0 0 19eb 19ef
R 55c 800025b6 800025ae bfe5 0 0 0 3 1 0 0 0 0 0 0 0 0 800025b8 f 0 0 b 0 0 0 0 0 0 0 1 0 0 0 0 19ee 19f0
R 55d 800025ae 800025b2 f17 0 0 0 3 1 0 0 0 0 0 0 1e 800025ae 800025ae f 0 0 0 0 0 0 0 0 0 0 1 0 0 0 0 19f4 19f6
R 55e 800025b2 800025b6 203f2923 0 0 0 3 1 1e 800025ae 3 1 1e 800025ae 0 0 800027c0 0 f 0 1 0 0 0 0 0 0 0 1 0 0 0 0 19fc 1a00
R 55f 800025b6 800025ae bfe5 0 0 0 3 1 0 0 0 0 0 0 0 0 800025b8 f 0 0 b 0 0 0 0 0 0 0 1 0 0 0 0 19ff 1a01
R 560 800025ae 800025b2 f17 0 0 0 3 1 0 0 0 0 0 0 1e 800025ae 800025ae f 0 0 0 0 0 0 0 0 0 0 1 0 0 0 0 1a06 1a08
R 561 800025b2 800025b6 203f2923 0 0 0 3 1 1e 800025ae 3 1 1e 800025ae 0 0 800027c0 0 f 0 1 0 0 0 0 0 0 0 1 0 0 0 0 1a0d 1a12
R 562 800025b6 800025ae bfe5 0 0 0 3 1 0 0 0 0 0 0 0 0 800025b8 f 0 0 b 0 0 0 0 0 0 0 1 0 0 0 0 1a11 1a13
R 563 800025ae 800025b2 f17 0 0 0 3 1 0 0 0 0 0 0 1e 800025ae 800025ae f 0 0 0 0 0 0 0 0 0 0 1 0 0 0 0 1a19 1a1b
R 564 800025b2 800025b6 203f2923 0 0 0 3 1 1e 800025ae 3 1 1e 800025ae 0 0 800027c0 0 f 0 1 0 0 0 0 0 0 0 1 0 0 0 0 1a1c 1a1f
R 565 800025b6 800025ae bfe5 0 0 0 3 1 0 0 0 0 0 0 0 0 800025b8 f 0 0 b 0 0 0 0 0 0 0 1 0 0 0 0 1a1e 1a20
R 566 800025ae 800025b2 f17 0 0 0 3 1 0 0 0 0 0 0 1e 800025ae 800025ae f 0 0 0 0 0 0 0 0 0 0 1 0 0 0 0 1a27 1a29
R 567 800025b2 800025b6 203f2923 0 0 0 3 1 1e 800025ae 3 1 1e 800025ae 0 0 800027c0 0 f 0 1 0 0 0 0 0 0 0 1 0 0 0 0 1a2a 1a2d
R 568 800025b6 800025ae bfe5 0 0 0 3 1 0 0 0 0 0 0 0 0 800025b8 f 0 0 b 0 0 0 0 0 0 0 1 0 0 0 0 1a2c 1a2e
R 569 800025ae 800025b2 f17 0 0 0 3 1 0 0 0 0 0 0 1e 800025ae 800025ae f 0 0 0 0 0 0 0 0 0 0 1 0 0 0 0 1a35 1a37
R 56a 800025b2 800025b6 203f2923 0 0 0 3 1 1e 800025ae 3 1 1e 800025ae 0 0 800027c0 0 f 0 1 0 0 0 0 0 0 0 1 0 0 0 0 1a37 1a3c
R 56b 800025b6 800025ae bfe5 0 0 0 3 1 0 0 0 0 0 0 0 0 800025b8 f 0 0 b 0 0 0 0 0 0 0 1 0 0 0 0 1a3b 1a3d
R 56c 800025ae 800025b2 f17 0 0 0 3 1 0 0 0 0 0 0 1e 800025ae 800025ae f 0 0 0 0 0 0 0 0 0 0 1 0 0 0 0 1a42 1a44
R 56d 800025b2 800025b6 203f2923 0 0 0 3 1 1e 800025ae 3 1 1e 800025ae 0 0 800027c0 0 f 0 1 0 0 0 0 0 0 0 1 0 0 0 0 1a49 1a4e
R 56e 800025b6 800025ae bfe5 0 0 0 3 1 0 0 0 0 0 0 0 0 800025b8 f 0 0 b 0 0 0 0 0 0 0 1 0 0 0 0 1a4d 1a4f
R 56f 800025ae 800025b2 f17 0 0 0 3 1 0 0 0 0 0 0 1e 800025ae 800025ae f 0 0 0 0 0 0 0 0 0 0 1 0 0 0 0 1a53 1a55
R 570 800025b2 800025b6 203f2923 0 0 0 3 1 1e 800025ae 3 1 1e 800025ae 0 0 800027c0 0 f 0 1 0 0 0 0 0 0 0 1 0 0 0 0 1a55 1a58
R 571 800025b6 800025ae bfe5 0 0 0 3 1 0 0 0 0 0 0 0 0 800025b8 f 0 0 b 0 0 0 0 0 0 0 1 0 0 0 0 1a57 1a59
R 572 800025ae 800025b2 f17 0 0 0 3 1 0 0 0 0 0 0 1e 800025ae 800025ae f 0 0 0 0 0 0 0 0 0 0 1 0 0 0 0 1a60 1a62
R 573 800025b2 800025b6 203f2923 0 0 0 3 1 1e 800025ae 3 1 1e 800025ae 0 0 800027c0 0 f 0 1 0 0 0 0 0 0 0 1 0 0 0 0 1a64 1a68
R 574 800025b6 800025ae bfe5 0 0 0 3 1 0 0 0 0 0 0 0 0 800025b8 f 0 0 b 0 0 0 0 0 0 0 1 0 0 0 0 1a67 1a69
R 575 800025ae 800025b2 f17 0 0 0 3 1 0 0 0 0 0 0 1e 800025ae 800025ae f 0 0 0 0 0 0 0 0 0 0 1 0 0 0 0 1a73 1a75
R 576 800025b2 800025b6 203f2923 0 0 0 3 1 1e 800025ae 3 1 1e 800025ae 0 0 800027c0 0 f 0 1 0 0 0 0 0 0 0 1 0 0 0 0 1a78 1a7d
R 577 800025b6 800025ae bfe5 0 0 0 3 1 0 0 0 0 0 0 0 0 800025b8 f 0 0 b 0 0 0 0 0 0 0 1 0 0 0 0 1a7c 1a7e
R 578 800025ae 800025b2 f17 0 0 0 3 1 0 0 0 0 0 0 1e 800025ae 800025ae f 0 0 0 0 0 0 0 0 0 0 1 0 0 0 0 1a84 1a86
R 579 800025b2 800025b6 203f2923 0 0 0 3 1 1e 800025ae 3 1 1e 800025ae 0 0 800027c0 0 f 0 1 0 0 0 0 0 0 0 1 0 0 0 0 1a87 1a8a
R 57a 800025b6 800025ae bfe5 0 0 0 3 1 0 0 0 0 0 0 0 0 800025b8 f 0 0 b 0 0 0 0 0 0 0 1 0 0 0 0 1a89 1a8b
R 57b 800025ae 800025b2 f17 0 0 0 3 1 0 0 0 0 0 0 1e 800025ae 800025ae f 0 0 0 0 0 0 0 0 0 0 1 0 0 0 0 1a90 1a92
R 57c 800025b2 800025b6 203f2923 0 0 0 3 1 1e 800025ae 3 1 1e 800025ae 0 0 800027c0 0 f 0 1 0 0 0 0 0 0 0 1 0 0 0 0 1a96 1a9b
R 57d 800025b6 800025ae bfe5 0 0 0 3 1 0 0 0 0 0 0 0 0 800025b8 f 0 0 b 0 0 0 0 0 0 0 1 0 0 0 0 1a9a 1a9c
R 57e 800025ae 800025b2 f17 0 0 0 3 1 0 0 0 0 0 0 1e 800025ae 800025ae f 0 0 0 0 0 0 0 0 0 0 1 0 0 0 0 1aa2 1aa4
R 57f 800025b2 800025b6 203f2923 0 0 0 3 1 1e 800025ae 3 1 1e 800025ae 0 0 800027c0 0 f 0 1 0 0 0 0 0 0 0 1 0 0 0 0 1aa6 1aa9
R 580 800025b6 800025ae bfe5 0 0 0 3 1 0 0 0 0 0 0 0 0 800025b8 f 0 0 b 0 0 0 0 0 0 0 1 0 0 0 0 1aa8 1aaa
R 581 800025ae 800025b2 f17 0 0 0 3 1 0 0 0 0 0 0 1e 800025ae 800025ae f 0 0 0 0 0 0 0 0 0 0 1 0 0 0 0 1ab3 1ab5
R 582 800025b2 800025b6 203f2923 0 0 0 3 1 1e 800025ae 3 1 1e 800025ae 0 0 800027c0 0 f 0 1 0 0 0 0 0 0 0 1 0 0 0 0 1ab8 1abc
R 583 800025b6 800025ae bfe5 0 0 0 3 1 0 0 0 0 0 0 0 0 800025b8 f 0 0 b 0 0 0 0 0 0 0 1 0 0 0 0 1abb 1abd
R 584 800025ae 800025b2 f17 0 0 0 3 1 0 0 0 0 0 0 1e 800025ae 800025ae f 0 0 0 0 0 0 0 0 0 0 1 0 0 0 0 1ac5 1ac7
R 585 800025b2 800025b6 203f2923 0 0 0 3 1 1e 800025ae 3 1 1e 800025ae 0 0 800027c0 0 f 0 1 0 0 0 0 0 0 0 1 0 0 0 0 1aca 1acd
R 586 800025b6 800025ae bfe5 0 0 0 3 1 0 0 0 0 0 0 0 0 800025b8 f 0 0 b 0 0 0 0 0 0 0 1 0 0 0 0 1acc 1ace
R 587 800025ae 800025b2 f17 0 0 0 3 1 0 0 0 0 0 0 1e 800025ae 800025ae f 0 0 0 0 0 0 0 0 0 0 1 0 0 0 0 1ad6 1ad8
R 588 800025b2 800025b6 203f2923 0 0 0 3 1 1e 800025ae 3 1 1e 800025ae 0 0 800027c0 0 f 0 1 0 0 0 0 0 0 0 1 0 0 0 0 1adf 1ae2
R 589 800025b6 800025ae bfe5 0 0 0 3 1 0 0 0 0 0 0 0 0 800025b8 f 0 0 b 0 0 0 0 0 0 0 1 0 0 0 0 1ae1 1ae3
R 58a 800025ae 800025b2 f17 0 0 0 3 1 0 0 0 0 0 0 1e 800025ae 800025ae f 0 0 0 0 0 0 0 0 0 0 1 0 0 0 0 1aeb 1aed
R 58b 800025b2 800025b6 203f2923 0 0 0 3 1 1e 800025ae 3 1 1e 800025ae 0 0 800027c0 0 f 0 1 0 0 0 0 0 0 0 1 0 0 0 0 1aed 1af0
R 58c 800025b6 800025ae bfe5 0 0 0 3 1 0 0 0 0 0 0 0 0 800025b8 f 0 0 b 0 0 0 0 0 0 0 1 0 0 0 0 1aef 1af1
R 58d 800025ae 800025b2 f17 0 0 0 3 1 0 0 0 0 0 0 1e 800025ae 800025ae f 0 0 0 0 0 0 0 0 0 0 1 0 0 0 0 1af6 1af8
R 58e 800025b2 800025b6 203f2923 0 0 0 3 1 1e 800025ae 3 1 1e 800025ae 0 0 800027c0 0 f 0 1 0 0 0 0 0 0 0 1 0 0 0 0 1afc 1aff
R 58f 800025b6 800025ae bfe5 0 0 0 3 1 0 0 0 0 0 0 0 0 800025b8 f 0 0 b 0 0 0 0 0 0 0 1 0 0 0 0 1afe 1b00
R 590 800025ae 800025b2 f17 0 0 0 3 1 0 0 0 0 0 0 1e 800025ae 800025ae f 0 0 0 0 0 0 0 0 0 0 1 0 0 0 0 1b07 1b09
R 591 800025b2 800025b6 203f2923 0 0 0 3 1 1e 800025ae 3 1 1e 800025ae 0 0 800027c0 0 f 0 1 0 0 0 0 0 0 0 1 0 0 0 0 1b0e 1b13
R 592 800025b6 800025ae bfe5 0 0 0 3 1 0 0 0 0 0 0 0 0 800025b8 f 0 0 b 0 0 0 0 0 0 0 1 0 0 0 0 1b12 1b14
R 593 800025ae 800025b2 f17 0 0 0 3 1 0 0 0 0 0 0 1e 800025ae 800025ae f 0 0 0 0 0 0 0 0 0 0 1 0 0 0 0 1b17 1b19
R 594 800025b2 800025b6 203f2923 0 0 0 3 1 1e 800025ae 3 1 1e 800025ae 0 0 800027c0 0 f 0 1 0 0 0 0 0 0 0 1 0 0 0 0 1b1c 1b20
R 595 800025b6 800025ae bfe5 0 0 0 3 1 0 0 0 0 0 0 0 0 800025b8 f 0 0 b 0 0 0 0 0 0 0 1 0 0 0 0 1b1f 1b21
R 596 800025ae 800025b2 f17 0 0 0 3 1 0 0 0 0 0 0 1e 800025ae 800025ae f 0 0 0 0 0 0 0 0 0 0 1 0 0 0 0 1b29 1b2b
R 597 800025b2 800025b6 203f2923 0 0 0 3 1 1e 800025ae 3 1 1e 800025ae 0 0 800027c0 0 f 0 1 0 0 0 0 0 0 0 1 0 0 0 0 1b30 1b34
R 598 800025b6 800025ae bfe5 0 0 0 3 1 0 0 0 0 0 0 0 0 800025b8 f 0 0 b 0 0 0 0 0 0 0 1 0 0 0 0 1b33 1b35
R 599 800025ae 800025b2 f17 0 0 0 3 1 0 0 0 0 0 0 1e 800025ae 800025ae f 0 0 0 0 0 0 0 0 0 0 1 0 0 0 0 1b39 1b3b
R 59a 800025b2 800025b6 203f2923 0 0 0 3 1 1e 800025ae 3 1 1e 800025ae 0 0 800027c0 0 f 0 1 0 0 0 0 0 0 0 1 0 0 0 0 1b40 1b44
R 59b 800025b6 800025ae bfe5 0 0 0 3 1 0 0 0 0 0 0 0 0 800025b8 f 0 0 b 0 0 0 0 0 0 0 1 0 0 0 0 1b43 1b45
R 59c 800025ae 800025b2 f17 0 0 0 3 1 0 0 0 0 0 0 1e 800025ae 800025ae f 0 0 0 0 0 0 0 0 0 0 1 0 0 0 0 1b4b 1b4d
R 59d 800025b2 800025b6 203f2923 0 0 0 3 1 1e 800025ae 3 1 1e 800025ae 0 0 800027c0 0 f 0 1 0 0 0 0 0 0 0 1 0 0 0 0 1b4f 1b52
R 59e 800025b6 800025ae bfe5 0 0 0 3 1 0 0 0 0 0 0 0 0 800025b8 f 0 0 b 0 0 0 0 0 0 0 1 0 0 0 0 1b51 1b53
R 59f 800025ae 800025b2 f17 0 0 0 3 1 0 0 0 0 0 0 1e 800025ae 800025ae f 0 0 0 0 0 0 0 0 0 0 1 0 0 0 0 1b5b 1b5d
R 5a0 800025b2 800025b6 203f2923 0 0 0 3 1 1e 800025ae 3 1 1e 800025ae 0 0 800027c0 0 f 0 1 0 0 0 0 0 0 0 1 0 0 0 0 1b61 1b64
R 5a1 800025b6 800025ae bfe5 0 0 0 3 1 0 0 0 0 0 0 0 0 800025b8 f 0 0 b 0 0 0 0 0 0 0 1 0 0 0 0 1b63 1b65
R 5a2 800025ae 800025b2 f17 0 0 0 3 1 0 0 0 0 0 0 1e 800025ae 800025ae f 0 0 0 0 0 0 0 0 0 0 1 0 0 0 0 1b6b 1b6d
R 5a3 800025b2 800025b6 203f2923 0 0 0 3 1 1e 800025ae 3 1 1e 800025ae 0 0 800027c0 0 f 0 1 0 0 0 0 0 0 0 1 0 0 0 0 1b70 1b75
R 5a4 800025b6 800025ae bfe5 0 0 0 3 1 0 0 0 0 0 0 0 0 800025b8 f 0 0 b 0 0 0 0 0 0 0 1 0 0 0 0 1b74 1b76
R 5a5 800025ae 800025b2 f17 0 0 0 3 1 0 0 0 0 0 0 1e 800025ae 800025ae f 0 0 0 0 0 0 0 0 0 0 1 0 0 0 0 1b7b 1b7d
R 5a6 800025b2 800025b6 203f2923 0 0 0 3 1 1e 800025ae 3 1 1e 800025ae 0 0 800027c0 0 f 0 1 0 0 0 0 0 0 0 1 0 0 0 0 1b80 1b84
R 5a7 800025b6 800025ae bfe5 0 0 0 3 1 0 0 0 0 0 0 0 0 800025b8 f 0 0 b 0 0 0 0 0 0 0 1 0 0 0 0 1b83 1b85
R 5a8 800025ae 800025b2 f17 0 0 0 3 1 0 0 0 0 0 0 1e 800025ae 800025ae f 0 0 0 0 0 0 0 0 0 0 1 0 0 0 0 1b8c 1b8e
R 5a9 800025b2 800025b6 203f2923 0 0 0 3 1 1e 800025ae 3 1 1e 800025ae 0 0 800027c0 0 f 0 1 0 0 0 0 0 0 0 1 0 0 0 0 1b92 1b95
R 5aa 800025b6 800025ae bfe5 0 0 0 3 1 0 0 0 0 0 0 0 0 800025b8 f 0 0 b 0 0 0 0 0 0 0 1 0 0 0 0 1b94 1b96
R 5ab 800025ae 800025b2 f17 0 0 0 3 1 0 0 0 0 0 0 1e 800025ae 800025ae f 0 0 0 0 0 0 0 0 0 0 1 0 0 0 0 1b9c 1b9e
R 5ac 800025b2 800025b6 203f2923 0 0 0 3 1 1e 800025ae 3 1 1e 800025ae 0 0 800027c0 0 f 0 1 0 0 0 0 0 0 0 1 0 0 0 0 1ba2 1ba5
R 5ad 800025b6 800025ae bfe5 0 0 0 3 1 0 0 0 0 0 0 0 0 800025b8 f 0 0 b 0 0 0 0 0 0 0 1 0 0 0 0 1ba4 1ba6
R 5ae 800025ae 800025b2 f17 0 0 0 3 1 0 0 0 0 0 0 1e 800025ae 800025ae f 0 0 0 0 0 0 0 0 0 0 1 0 0 0 0 1baf 1bb1
R 5af 800025b2 800025b6 203f2923 0 0 0 3 1 1e 800025ae 3 1 1e 800025ae 0 0 800027c0 0 f 0 1 0 0 0 0 0 0 0 1 0 0 0 0 1bb2 1bb7
R 5b0 800025b6 800025ae bfe5 0 0 0 3 1 0 0 0 0 0 0 0 0 800025b8 f 0 0 b 0 0 0 0 0 0 0 1 0 0 0 0 1bb6 1bb8
R 5b1 800025ae 800025b2 f17 0 0 0 3 1 0 0 0 0 0 0 1e 800025ae 800025ae f 0 0 0 0 0 0 0 0 0 0 1 0 0 0 0 1bbc 1bbe
R 5b2 800025b2 800025b6 203f2923 0 0 0 3 1 1e 800025ae 3 1 1e 800025ae 0 0 800027c0 0 f 0 1 0 0 0 0 0 0 0 1 0 0 0 0 1bc2 1bc5
R 5b3 800025b6 800025ae bfe5 0 0 0 3 1 0 0 0 0 0 0 0 0 800025b8 f 0 0 b 0 0 0 0 0 0 0 1 0 0 0 0 1bc4 1bc6
R 5b4 800025ae 800025b2 f17 0 0 0 3 1 0 0 0 0 0 0 1e 800025ae 800025ae f 0 0 0 0 0 0 0 0 0 0 1 0 0 0 0 1bcf 1bd1
R 5b5 800025b2 800025b6 203f2923 0 0 0 3 1 1e 800025ae 3 1 1e 800025ae 0 0 800027c0 0 f 0 1 0 0 0 0 0 0 0 1 0 0 0 0 1bd4 1bd7
R 5b6 800025b6 800025ae bfe5 0 0 0 3 1 0 0 0 0 0 0 0 0 800025b8 f 0 0 b 0 0 0 0 0 0 0 1 0 0 0 0 1bd6 1bd8
R 5b7 800025ae 800025b2 f17 0 0 0 3 1 0 0 0 0 0 0 1e 800025ae 800025ae f 0 0 0 0 0 0 0 0 0 0 1 0 0 0 0 1bde 1be0
R 5b8 800025b2 800025b6 203f2923 0 0 0 3 1 1e 800025ae 3 1 1e 800025ae 0 0 800027c0 0 f 0 1 0 0 0 0 0 0 0 1 0 0 0 0 1be4 1be9
R 5b9 800025b6 800025ae bfe5 0 0 0 3 1 0 0 0 0 0 0 0 0 800025b8 f 0 0 b 0 0 0 0 0 0 0 1 0 0 0 0 1be8 1bea
R 5ba 800025ae 800025b2 f17 0 0 0 3 1 0 0 0 0 0 0 1e 800025ae 800025ae f 0 0 0 0 0 0 0 0 0 0 1 0 0 0 0 1bef 1bf1
R 5bb 800025b2 800025b6 203f2923 0 0 0 3 1 1e 800025ae 3 1 1e 800025ae 0 0 800027c0 0 f 0 1 0 0 0 0 0 0 0 1 0 0 0 0 1bf5 1bf9
R 5bc 800025b6 800025ae bfe5 0 0 0 3 1 0 0 0 0 0 0 0 0 800025b8 f 0 0 b 0 0 0 0 0 0 0 1 0 0 0 0 1bf8 1bfa
R 5bd 800025ae 800025b2 f17 0 0 0 3 1 0 0 0 0 0 0 1e 800025ae 800025ae f 0 0 0 0 0 0 0 0 0 0 1 0 0 0 0 1bfe 1c00
R 5be 800025b2 800025b6 203f2923 0 0 0 3 1 1e 800025ae 3 1 1e 800025ae 0 0 800027c0 0 f 0 1 0 0 0 0 0 0 0 1 0 0 0 0 1c02 1c06
R 5bf 800025b6 800025ae bfe5 0 0 0 3 1 0 0 0 0 0 0 0 0 800025b8 f 0 0 b 0 0 0 0 0 0 0 1 0 0 0 0 1c05 1c07
R 5c0 800025ae 800025b2 f17 0 0 0 3 1 0 0 0 0 0 0 1e 800025ae 800025ae f 0 0 0 0 0 0 0 0 0 0 1 0 0 0 0 1c0c 1c0e
R 5c1 800025b2 800025b6 203f2923 0 0 0 3 1 1e 800025ae 3 1 1e 800025ae 0 0 800027c0 0 f 0 1 0 0 0 0 0 0 0 1 0 0 0 0 1c12 1c17
R 5c2 800025b6 800025ae bfe5 0 0 0 3 1 0 0 0 0 0 0 0 0 800025b8 f 0 0 b 0 0 0 0 0 0 0 1 0 0 0 0 1c16 1c18
R 5c3 800025ae 800025b2 f17 0 0 0 3 1 0 0 0 0 0 0 1e 800025ae 800025ae f 0 0 0 0 0 0 0 0 0 0 1 0 0 0 0 1c1e 1c20
R 5c4 800025b2 800025b6 203f2923 0 0 0 3 1 1e 800025ae 3 1 1e 800025ae 0 0 800027c0 0 f 0 1 0 0 0 0 0 0 0 1 0 0 0 0 1c23 1c26
R 5c5 800025b6 800025ae bfe5 0 0 0 3 1 0 0 0 0 0 0 0 0 800025b8 f 0 0 b 0 0 0 0 0 0 0 1 0 0 0 0 1c25 1c27
R 5c6 800025ae 800025b2 f17 0 0 0 3 1 0 0 0 0 0 0 1e 800025ae 800025ae f 0 0 0 0 0 0 0 0 0 0 1 0 0 0 0 1c2f 1c31
R 5c7 800025b2 800025b6 203f2923 0 0 0 3 1 1e 800025ae 3 1 1e 800025ae 0 0 800027c0 0 f 0 1 0 0 0 0 0 0 0 1 0 0 0 0 1c33 1c37
R 5c8 800025b6 800025ae bfe5 0 0 0 3 1 0 0 0 0 0 0 0 0 800025b8 f 0 0 b 0 0 0 0 0 0 0 1 0 0 0 0 1c36 1c38
R 5c9 800025ae 800025b2 f17 0 0 0 3 1 0 0 0 0 0 0 1e 800025ae 800025ae f 0 0 0 0 0 0 0 0 0 0 1 0 0 0 0 1c3e 1c40
R 5ca 800025b2 800025b6 203f2923 0 0 0 3 1 1e 800025ae 3 1 1e 800025ae 0 0 800027c0 0 f 0 1 0 0 0 0 0 0 0 1 0 0 0 0 1c42 1c47
R 5cb 800025b6 800025ae bfe5 0 0 0 3 1 0 0 0 0 0 0 0 0 800025b8 f 0 0 b 0 0 0 0 0 0 0 1 0 0 0 0 1c46 1c48
R 5cc 800025ae 800025b2 f17 0 0 0 3 1 0 0 0 0 0 0 1e 800025ae 800025ae f 0 0 0 0 0 0 0 0 0 0 1 0 0 0 0 1c4d 1c4f
R 5cd 800025b2 800025b6 203f2923 0 0 0 3 1 1e 800025ae 3 1 1e 800025ae 0 0 800027c0 0 f 0 1 0 0 0 0 0 0 0 1 0 0 0 0 1c52 1c57
R 5ce 800025b6 800025ae bfe5 0 0 0 3 1 0 0 0 0 0 0 0 0 800025b8 f 0 0 b 0 0 0 0 0 0 0 1 0 0 0 0 1c56 1c58
R 5cf 800025ae 800025b2 f17 0 0 0 3 1 0 0 0 0 0 0 1e 800025ae 800025ae f 0 0 0 0 0 0 0 0 0 0 1 0 0 0 0 1c5f 1c61
R 5d0 800025b2 800025b6 203f2923 0 0 0 3 1 1e 800025ae 3 1 1e 800025ae 0 0 800027c0 0 f 0 1 0 0 0 0 0 0 0 1 0 0 0 0 1c64 1c68
R 5d1 800025b6 800025ae bfe5 0 0 0 3 1 0 0 0 0 0 0 0 0 800025b8 f 0 0 b 0 0 0 0 0 0 0 1 0 0 0 0 1c67 1c69
R 5d2 800025ae 800025b2 f17 0 0 0 3 1 0 0 0 0 0 0 1e 800025ae 800025ae f 0 0 0 0 0 0 0 0 0 0 1 0 0 0 0 1c70 1c72
R 5d3 800025b2 800025b6 203f2923 0 0 0 3 1 1e 800025ae 3 1 1e 800025ae 0 0 800027c0 0 f 0 1 0 0 0 0 0 0 0 1 0 0 0 0 1c76 1c79
R 5d4 800025b6 800025ae bfe5 0 0 0 3 1 0 0 0 0 0 0 0 0 800025b8 f 0 0 b 0 0 0 0 0 0 0 1 0 0 0 0 1c78 1c7a
R 5d5 800025ae 800025b2 f17 0 0 0 3 1 0 0 0 0 0 0 1e 800025ae 800025ae f 0 0 0 0 0 0 0 0 0 0 1 0 0 0 0 1c7f 1c81
R 5d6 800025b2 800025b6 203f2923 0 0 0 3 1 1e 800025ae 3 1 1e 800025ae 0 0 800027c0 0 f 0 1 0 0 0 0 0 0 0 1 0 0 0 0 1c86 1c8a
R 5d7 800025b6 800025ae bfe5 0 0 0 3 1 0 0 0 0 0 0 0 0 800025b8 f 0 0 b 0 0 0 0 0 0 0 1 0 0 0 0 1c89 1c8b
R 5d8 800025ae 800025b2 f17 0 0 0 3 1 0 0 0 0 0 0 1e 800025ae 800025ae f 0 0 0 0 0 0 0 0 0 0 1 0 0 0 0 1c90 1c92
R 5d9 800025b2 800025b6 203f2923 0 0 0 3 1 1e 800025ae 3 1 1e 800025ae 0 0 800027c0 0 f 0 1 0 0 0 0 0 0 0 1 0 0 0 0 1c96 1c9b
R 5da 800025b6 800025ae bfe5 0 0 0 3 1 0 0 0 0 0 0 0 0 800025b8 f 0 0 b 0 0 0 0 0 0 0 1 0 0 0 0 1c9a 1c9c
R 5db 800025ae 800025b2 f17 0 0 0 3 1 0 0 0 0 0 0 1e 800025ae 800025ae f 0 0 0 0 0 0 0 0 0 0 1 0 0 0 0 1ca1 1ca3
R 5dc 800025b2 800025b6 203f2923 0 0 0 3 1 1e 800025ae 3 1 1e 800025ae 0 0 800027c0 0 f 0 1 0 0 0 0 0 0 0 1 0 0 0 0 1ca6 1ca9
R 5dd 800025b6 800025ae bfe5 0 0 0 3 1 0 0 0 0 0 0 0 0 800025b8 f 0 0 b 0 0 0 0 0 0 0 1 0 0 0 0 1ca8 1caa
R 5de 800025ae 800025b2 f17 0 0 0 3 1 0 0 0 0 0 0 1e 800025ae 800025ae f 0 0 0 0 0 0 0 0 0 0 1 0 0 0 0 1cb4 1cb6
R 5df 800025b2 800025b6 203f2923 0 0 0 3 1 1e 800025ae 3 1 1e 800025ae 0 0 800027c0 0 f 0 1 0 0 0 0 0 0 0 1 0 0 0 0 1cb8 1cbc
R 5e0 800025b6 800025ae bfe5 0 0 0 3 1 0 0 0 0 0 0 0 0 800025b8 f 0 0 b 0 0 0 0 0 0 0 1 0 0 0 0 1cbb 1cbd
R 5e1 800025ae 800025b2 f17 0 0 0 3 1 0 0 0 0 0 0 1e 800025ae 800025ae f 0 0 0 0 0 0 0 0 0 0 1 0 0 0 0 1cc5 1cc7
R 5e2 800025b2 800025b6 203f2923 0 0 0 3 1 1e 800025ae 3 1 1e 800025ae 0 0 800027c0 0 f 0 1 0 0 0 0 0 0 0 1 0 0 0 0 1ccb 1ccf
R 5e3 800025b6 800025ae bfe5 0 0 0 3 1 0 0 0 0 0 0 0 0 800025b8 f 0 0 b 0 0 0 0 0 0 0 1 0 0 0 0 1cce 1cd0
R 5e4 800025ae 800025b2 f17 0 0 0 3 1 0 0 0 0 0 0 1e 800025ae 800025ae f 0 0 0 0 0 0 0 0 0 0 1 0 0 0 0 1cd7 1cd9
R 5e5 800025b2 800025b6 203f2923 0 0 0 3 1 1e 800025ae 3 1 1e 800025ae 0 0 800027c0 0 f 0 1 0 0 0 0 0 0 0 1 0 0 0 0 1cdf 1ce3
R 5e6 800025b6 800025ae bfe5 0 0 0 3 1 0 0 0 0 0 0 0 0 800025b8 f 0 0 b 0 0 0 0 0 0 0 1 0 0 0 0 1ce2 1ce4
R 5e7 800025ae 800025b2 f17 0 0 0 3 1 0 0 0 0 0 0 1e 800025ae 800025ae f 0 0 0 0 0 0 0 0 0 0 1 0 0 0 0 1ce9 1ceb
R 5e8 800025b2 800025b6 203f2923 0 0 0 3 1 1e 800025ae 3 1 1e 800025ae 0 0 800027c0 0 f 0 1 0 0 0 0 0 0 0 1 0 0 0 0 1ceb 1cef
R 5e9 800025b6 800025ae bfe5 0 0 0 3 1 0 0 0 0 0 0 0 0 800025b8 f 0 0 b 0 0 0 0 0 0 0 1 0 0 0 0 1cee 1cf0
R 5ea 800025ae 800025b2 f17 0 0 0 3 1 0 0 0 0 0 0 1e 800025ae 800025ae f 0 0 0 0 0 0 0 0 0 0 1 0 0 0 0 1cf4 1cf6
R 5eb 800025b2 800025b6 203f2923 0 0 0 3 1 1e 800025ae 3 1 1e 800025ae 0 0 800027c0 0 f 0 1 0 0 0 0 0 0 0 1 0 0 0 0 1cf9 1cfe
R 5ec 800025b6 800025ae bfe5 0 0 0 3 1 0 0 0 0 0 0 0 0 800025b8 f 0 0 b 0 0 0 0 0 0 0 1 0 0 0 0 1cfd 1cff
R 5ed 800025ae 800025b2 f17 0 0 0 3 1 0 0 0 0 0 0 1e 800025ae 800025ae f 0 0 0 0 0 0 0 0 0 0 1 0 0 0 0 1d03 1d05
R 5ee 800025b2 800025b6 203f2923 0 0 0 3 1 1e 800025ae 3 1 1e 800025ae 0 0 800027c0 0 f 0 1 0 0 0 0 0 0 0 1 0 0 0 0 1d08 1d0d
R 5ef 800025b6 800025ae bfe5 0 0 0 3 1 0 0 0 0 0 0 0 0 800025b8 f 0 0 b 0 0 0 0 0 0 0 1 0 0 0 0 1d0c 1d0e
R 5f0 800025ae 800025b2 f17 0 0 0 3 1 0 0 0 0 0 0 1e 800025ae 800025ae f 0 0 0 0 0 0 0 0 0 0 1 0 0 0 0 1d13 1d15
R 5f1 800025b2 800025b6 203f2923 0 0 0 3 1 1e 800025ae 3 1 1e 800025ae 0 0 800027c0 0 f 0 1 0 0 0 0 0 0 0 1 0 0 0 0 1d19 1d1e
R 5f2 800025b6 800025ae bfe5 0 0 0 3 1 0 0 0 0 0 0 0 0 800025b8 f 0 0 b 0 0 0 0 0 0 0 1 0 0 0 0 1d1d 1d1f
R 5f3 800025ae 800025b2 f17 0 0 0 3 1 0 0 0 0 0 0 1e 800025ae 800025ae f 0 0 0 0 0 0 0 0 0 0 1 0 0 0 0 1d24 1d26
R 5f4 800025b2 800025b6 203f2923 0 0 0 3 1 1e 800025ae 3 1 1e 800025ae 0 0 800027c0 0 f 0 1 0 0 0 0 0 0 0 1 0 0 0 0 1d28 1d2b
R 5f5 800025b6 800025ae bfe5 0 0 0 3 1 0 0 0 0 0 0 0 0 800025b8 f 0 0 b 0 0 0 0 0 0 0 1 0 0 0 0 1d2a 1d2c
R 5f6 800025ae 800025b2 f17 0 0 0 3 1 0 0 0 0 0 0 1e 800025ae 800025ae f 0 0 0 0 0 0 0 0 0 0 1 0 0 0 0 1d30 1d32
R 5f7 800025b2 800025b6 203f2923 0 0 0 3 1 1e 800025ae 3 1 1e 800025ae 0 0 800027c0 0 f 0 1 0 0 0 0 0 0 0 1 0 0 0 0 1d35 1d39
R 5f8 800025b6 800025ae bfe5 0 0 0 3 1 0 0 0 0 0 0 0 0 800025b8 f 0 0 b 0 0 0 0 0 0 0 1 0 0 0 0 1d38 1d3a
R 5f9 800025ae 800025b2 f17 0 0 0 3 1 0 0 0 0 0 0 1e 800025ae 800025ae f 0 0 0 0 0 0 0 0 0 0 1 0 0 0 0 1d40 1d42
R 5fa 800025b2 800025b6 203f2923 0 0 0 3 1 1e 800025ae 3 1 1e 800025ae 0 0 800027c0 0 f 0 1 0 0 0 0 0 0 0 1 0 0 0 0 1d49 1d4c
R 5fb 800025b6 800025ae bfe5 0 0 0 3 1 0 0 0 0 0 0 0 0 800025b8 f 0 0 b 0 0 0 0 0 0 0 1 0 0 0 0 1d4b 1d4d
R 5fc 800025ae 800025b2 f17 0 0 0 3 1 0 0 0 0 0 0 1e 800025ae 800025ae f 0 0 0 0 0 0 0 0 0 0 1 0 0 0 0 1d55 1d57
R 5fd 800025b2 800025b6 203f2923 0 0 0 3 1 1e 800025ae 3 1 1e 800025ae 0 0 800027c0 0 f 0 1 0 0 0 0 0 0 0 1 0 0 0 0 1d5b 1d5f
R 5fe 800025b6 800025ae bfe5 0 0 0 3 1 0 0 0 0 0 0 0 0 800025b8 f 0 0 b 0 0 0 0 0 0 0 1 0 0 0 0 1d5e 1d60
R 5ff 800025ae 800025b2 f17 0 0 0 3 1 0 0 0 0 0 0 1e 800025ae 800025ae f 0 0 0 0 0 0 0 0 0 0 1 0 0 0 0 1d64 1d66
R 600 800025b2 800025b6 203f2923 0 0 0 3 1 1e 800025ae 3 1 1e 800025ae 0 0 800027c0 0 f 0 1 0 0 0 0 0 0 0 1 0 0 0 0 1d6b 1d70
R 601 800025b6 800025ae bfe5 0 0 0 3 1 0 0 0 0 0 0 0 0 800025b8 f 0 0 b 0 0 0 0 0 0 0 1 0 0 0 0 1d6f 1d71
R 602 800025ae 800025b2 f17 0 0 0 3 1 0 0 0 0 0 0 1e 800025ae 800025ae f 0 0 0 0 0 0 0 0 0 0 1 0 0 0 0 1d77 1d79
R 603 800025b2 800025b6 203f2923 0 0 0 3 1 1e 800025ae 3 1 1e 800025ae 0 0 800027c0 0 f 0 1 0 0 0 0 0 0 0 1 0 0 0 0 1d7a 1d7f
R 604 800025b6 800025ae bfe5 0 0 0 3 1 0 0 0 0 0 0 0 0 800025b8 f 0 0 b 0 0 0 0 0 0 0 1 0 0 0 0 1d7e 1d80
R 605 800025ae 800025b2 f17 0 0 0 3 1 0 0 0 0 0 0 1e 800025ae 800025ae f 0 0 0 0 0 0 0 0 0 0 1 0 0 0 0 1d83 1d85
R 606 800025b2 800025b6 203f2923 0 0 0 3 1 1e 800025ae 3 1 1e 800025ae 0 0 800027c0 0 f 0 1 0 0 0 0 0 0 0 1 0 0 0 0 1d8a 1d8d
R 607 800025b6 800025ae bfe5 0 0 0 3 1 0 0 0 0 0 0 0 0 800025b8 f 0 0 b 0 0 0 0 0 0 0 1 0 0 0 0 1d8c 1d8e
R 608 800025ae 800025b2 f17 0 0 0 3 1 0 0 0 0 0 0 1e 800025ae 800025ae f 0 0 0 0 0 0 0 0 0 0 1 0 0 0 0 1d95 1d97
R 609 800025b2 800025b6 203f2923 0 0 0 3 1 1e 800025ae 3 1 1e 800025ae 0 0 800027c0 0 f 0 1 0 0 0 0 0 0 0 1 0 0 0 0 1d9a 1d9e
R 60a 800025b6 800025ae bfe5 0 0 0 3 1 0 0 0 0 0 0 0 0 800025b8 f 0 0 b 0 0 0 0 0 0 0 1 0 0 0 0 1d9d 1d9f
R 60b 800025ae 800025b2 f17 0 0 0 3 1 0 0 0 0 0 0 1e 800025ae 800025ae f 0 0 0 0 0 0 0 0 0 0 1 0 0 0 0 1da7 1da9
R 60c 800025b2 800025b6 203f2923 0 0 0 3 1 1e 800025ae 3 1 1e 800025ae 0 0 800027c0 0 f 0 1 0 0 0 0 0 0 0 1 0 0 0 0 1dab 1db0
R 60d 800025b6 800025ae bfe5 0 0 0 3 1 0 0 0 0 0 0 0 0 800025b8 f 0 0 b 0 0 0 0 0 0 0 1 0 0 0 0 1daf 1db1
R 60e 800025ae 800025b2 f17 0 0 0 3 1 0 0 0 0 0 0 1e 800025ae 800025ae f 0 0 0 0 0 0 0 0 0 0 1 0 0 0 0 1db5 1db7
R 60f 800025b2 800025b6 203f2923 0 0 0 3 1 1e 800025ae 3 1 1e 800025ae 0 0 800027c0 0 f 0 1 0 0 0 0 0 0 0 1 0 0 0 0 1db9 1dbc
R 610 800025b6 800025ae bfe5 0 0 0 3 1 0 0 0 0 0 0 0 0 800025b8 f 0 0 b 0 0 0 0 0 0 0 1 0 0 0 0 1dbb 1dbd
R 611 800025ae 800025b2 f17 0 0 0 3 1 0 0 0 0 0 0 1e 800025ae 800025ae f 0 0 0 0 0 0 0 0 0 0 1 0 0 0 0 1dc4 1dc6
R 612 800025b2 800025b6 203f2923 0 0 0 3 1 1e 800025ae 3 1 1e 800025ae 0 0 800027c0 0 f 0 1 0 0 0 0 0 0 0 1 0 0 0 0 1dca 1dcf
R 613 800025b6 800025ae bfe5 0 0 0 3 1 0 0 0 0 0 0 0 0 800025b8 f 0 0 b 0 0 0 0 0 0 0 1 0 0 0 0 1dce 1dd0
R 614 800025ae 800025b2 f17 0 0 0 3 1 0 0 0 0 0 0 1e 800025ae 800025ae f 0 0 0 0 0 0 0 0 0 0 1 0 0 0 0 1dd5 1dd7
R 615 800025b2 800025b6 203f2923 0 0 0 3 1 1e 800025ae 3 1 1e 800025ae 0 0 800027c0 0 f 0 1 0 0 0 0 0 0 0 1 0 0 0 0 1dd9 1ddd
R 616 800025b6 800025ae bfe5 0 0 0 3 1 0 0 0 0 0 0 0 0 800025b8 f 0 0 b 0 0 0 0 0 0 0 1 0 0 0 0 1ddc 1dde
R 617 800025ae 800025b2 f17 0 0 0 3 1 0 0 0 0 0 0 1e 800025ae 800025ae f 0 0 0 0 0 0 0 0 0 0 1 0 0 0 0 1de1 1de3
R 618 800025b2 800025b6 203f2923 0 0 0 3 1 1e 800025ae 3 1 1e 800025ae 0 0 800027c0 0 f 0 1 0 0 0 0 0 0 0 1 0 0 0 0 1de8 1dec
R 619 800025b6 800025ae bfe5 0 0 0 3 1 0 0 0 0 0 0 0 0 800025b8 f 0 0 b 0 0 0 0 0 0 0 1 0 0 0 0 1deb 1ded
R 61a 800025ae 800025b2 f17 0 0 0 3 1 0 0 0 0 0 0 1e 800025ae 800025ae f 0 0 0 0 0 0 0 0 0 0 1 0 0 0 0 1df3 1df5
R 61b 800025b2 800025b6 203f2923 0 0 0 3 1 1e 800025ae 3 1 1e 800025ae 0 0 800027c0 0 f 0 1 0 0 0 0 0 0 0 1 0 0 0 0 1df8 1dfd
R 61c 800025b6 800025ae bfe5 0 0 0 3 1 0 0 0 0 0 0 0 0 800025b8 f 0 0 b 0 0 0 0 0 0 0 1 0 0 0 0 1dfc 1dfe
R 61d 800025ae 800025b2 f17 0 0 0 3 1 0 0 0 0 0 0 1e 800025ae 800025ae f 0 0 0 0 0 0 0 0 0 0 1 0 0 0 0 1e01 1e03
R 61e 800025b2 800025b6 203f2923 0 0 0 3 1 1e 800025ae 3 1 1e 800025ae 0 0 800027c0 0 f 0 1 0 0 0 0 0 0 0 1 0 0 0 0 1e07 1e0b
R 61f 800025b6 800025ae bfe5 0 0 0 3 1 0 0 0 0 0 0 0 0 800025b8 f 0 0 b 0 0 0 0 0 0 0 1 0 0 0 0 1e0a 1e0c
R 620 800025ae 800025b2 f17 0 0 0 3 1 0 0 0 0 0 0 1e 800025ae 800025ae f 0 0 0 0 0 0 0 0 0 0 1 0 0 0 0 1e11 1e13
R 621 800025b2 800025b6 203f2923 0 0 0 3 1 1e 800025ae 3 1 1e 800025ae 0 0 800027c0 0 f 0 1 0 0 0 0 0 0 0 1 0 0 0 0 1e17 1e1a
R 622 800025b6 800025ae bfe5 0 0 0 3 1 0 0 0 0 0 0 0 0 800025b8 f 0 0 b 0 0 0 0 0 0 0 1 0 0 0 0 1e19 1e1b
R 623 800025ae 800025b2 f17 0 0 0 3 1 0 0 0 0 0 0 1e 800025ae 800025ae f 0 0 0 0 0 0 0 0 0 0 1 0 0 0 0 1e22 1e24
R 624 800025b2 800025b6 203f2923 0 0 0 3 1 1e 800025ae 3 1 1e 800025ae 0 0 800027c0 0 f 0 1 0 0 0 0 0 0 0 1 0 0 0 0 1e24 1e28
R 625 800025b6 800025ae bfe5 0 0 0 3 1 0 0 0 0 0 0 0 0 800025b8 f 0 0 b 0 0 0 0 0 0 0 1 0 0 0 0 1e27 1e29
R 626 800025ae 800025b2 f17 0 0 0 3 1 0 0 0 0 0 0 1e 800025ae 800025ae f 0 0 0 0 0 0 0 0 0 0 1 0 0 0 0 1e2d 1e2f
R 627 800025b2 800025b6 203f2923 0 0 0 3 1 1e 800025ae 3 1 1e 800025ae 0 0 800027c0 0 f 0 1 0 0 0 0 0 0 0 1 0 0 0 0 1e34 1e39
R 628 800025b6 800025ae bfe5 0 0 0 3 1 0 0 0 0 0 0 0 0 800025b8 f 0 0 b 0 0 0 0 0 0 0 1 0 0 0 0 1e38 1e3a
R 629 800025ae 800025b2 f17 0 0 0 3 1 0 0 0 0 0 0 1e 800025ae 800025ae f 0 0 0 0 0 0 0 0 0 0 1 0 0 0 0 1e40 1e42
R 62a 800025b2 800025b6 203f2923 0 0 0 3 1 1e 800025ae 3 1 1e 800025ae 0 0 800027c0 0 f 0 1 0 0 0 0 0 0 0 1 0 0 0 0 1e44 1e49
R 62b 800025b6 800025ae bfe5 0 0 0 3 1 0 0 0 0 0 0 0 0 800025b8 f 0 0 b 0 0 0 0 0 0 0 1 0 0 0 0 1e48 1e4a
R 62c 800025ae 800025b2 f17 0 0 0 3 1 0 0 0 0 0 0 1e 800025ae 800025ae f 0 0 0 0 0 0 0 0 0 0 1 0 0 0 0 1e4f 1e51
R 62d 800025b2 800025b6 203f2923 0 0 0 3 1 1e 800025ae 3 1 1e 800025ae 0 0 800027c0 0 f 0 1 0 0 0 0 0 0 0 1 0 0 0 0 1e55 1e58
R 62e 800025b6 800025ae bfe5 0 0 0 3 1 0 0 0 0 0 0 0 0 800025b8 f 0 0 b 0 0 0 0 0 0 0 1 0 0 0 0 1e57 1e59
R 62f 800025ae 800025b2 f17 0 0 0 3 1 0 0 0 0 0 0 1e 800025ae 800025ae f 0 0 0 0 0 0 0 0 0 0 1 0 0 0 0 1e61 1e63
R 630 800025b2 800025b6 203f2923 0 0 0 3 1 1e 800025ae 3 1 1e 800025ae 0 0 800027c0 0 f 0 1 0 0 0 0 0 0 0 1 0 0 0 0 1e67 1e6a
R 631 800025b6 800025ae bfe5 0 0 0 3 1 0 0 0 0 0 0 0 0 800025b8 f 0 0 b 0 0 0 0 0 0 0 1 0 0 0 0 1e69 1e6b
R 632 800025ae 800025b2 f17 0 0 0 3 1 0 0 0 0 0 0 1e 800025ae 800025ae f 0 0 0 0 0 0 0 0 0 0 1 0 0 0 0 1e74 1e76
R 633 800025b2 800025b6 203f2923 0 0 0 3 1 1e 800025ae 3 1 1e 800025ae 0 0 800027c0 0 f 0 1 0 0 0 0 0 0 0 1 0 0 0 0 1e78 1e7c
R 634 800025b6 800025ae bfe5 0 0 0 3 1 0 0 0 0 0 0 0 0 800025b8 f 0 0 b 0 0 0 0 0 0 0 1 0 0 0 0 1e7b 1e7d
R 635 800025ae 800025b2 f17 0 0 0 3 1 0 0 0 0 0 0 1e 800025ae 800025ae f 0 0 0 0 0 0 0 0 0 0 1 0 0 0 0 1e80 1e82
R 636 800025b2 800025b6 203f2923 0 0 0 3 1 1e 800025ae 3 1 1e 800025ae 0 0 800027c0 0 f 0 1 0 0 0 0 0 0 0 1 0 0 0 0 1e86 1e89
R 637 800025b6 800025ae bfe5 0 0 0 3 1 0 0 0 0 0 0 0 0 800025b8 f 0 0 b 0 0 0 0 0 0 0 1 0 0 0 0 1e88 1e8a
R 638 800025ae 800025b2 f17 0 0 0 3 1 0 0 0 0 0 0 1e 800025ae 800025ae f 0 0 0 0 0 0 0 0 0 0 1 0 0 0 0 1e92 1e94
R 639 800025b2 800025b6 203f2923 0 0 0 3 1 1e 800025ae 3 1 1e 800025ae 0 0 800027c0 0 f 0 1 0 0 0 0 0 0 0 1 0 0 0 0 1e98 1e9c
R 63a 800025b6 800025ae bfe5 0 0 0 3 1 0 0 0 0 0 0 0 0 800025b8 f 0 0 b 0 0 0 0 0 0 0 1 0 0 0 0 1e9b 1e9d
R 63b 800025ae 800025b2 f17 0 0 0 3 1 0 0 0 0 0 0 1e 800025ae 800025ae f 0 0 0 0 0 0 0 0 0 0 1 0 0 0 0 1ea6 1ea8
R 63c 800025b2 800025b6 203f2923 0 0 0 3 1 1e 800025ae 3 1 1e 800025ae 0 0 800027c0 0 f 0 1 0 0 0 0 0 0 0 1 0 0 0 0 1eab 1eae
R 63d 800025b6 800025ae bfe5 0 0 0 3 1 0 0 0 0 0 0 0 0 800025b8 f 0 0 b 0 0 0 0 0 0 0 1 0 0 0 0 1ead 1eaf
R 63e 800025ae 800025b2 f17 0 0 0 3 1 0 0 0 0 0 0 1e 800025ae 800025ae f 0 0 0 0 0 0 0 0 0 0 1 0 0 0 0 1eb4 1eb6
R 63f 800025b2 800025b6 203f2923 0 0 0 3 1 1e 800025ae 3 1 1e 800025ae 0 0 800027c0 0 f 0 1 0 0 0 0 0 0 0 1 0 0 0 0 1eba 1ebe
R 640 800025b6 800025ae bfe5 0 0 0 3 1 0 0 0 0 0 0 0 0 800025b8 f 0 0 b 0 0 0 0 0 0 0 1 0 0 0 0 1ebd 1ebf
R 641 800025ae 800025b2 f17 0 0 0 3 1 0 0 0 0 0 0 1e 800025ae 800025ae f 0 0 0 0 0 0 0 0 0 0 1 0 0 0 0 1ec5 1ec7
R 642 800025b2 800025b6 203f2923 0 0 0 3 1 1e 800025ae 3 1 1e 800025ae 0 0 800027c0 0 f 0 1 0 0 0 0 0 0 0 1 0 0 0 0 1eca 1ece
R 643 800025b6 800025ae bfe5 0 0 0 3 1 0 0 0 0 0 0 0 0 800025b8 f 0 0 b 0 0 0 0 0 0 0 1 0 0 0 0 1ecd 1ecf
R 644 800025ae 800025b2 f17 0 0 0 3 1 0 0 0 0 0 0 1e 800025ae 800025ae f 0 0 0 0 0 0 0 0 0 0 1 0 0 0 0 1ed5 1ed7
R 645 800025b2 800025b6 203f2923 0 0 0 3 1 1e 800025ae 3 1 1e 800025ae 0 0 800027c0 0 f 0 1 0 0 0 0 0 0 0 1 0 0 0 0 1edc 1ee0
R 646 800025b6 800025ae bfe5 0 0 0 3 1 0 0 0 0 0 0 0 0 800025b8 f 0 0 b 0 0 0 0 0 0 0 1 0 0 0 0 1edf 1ee1
R 647 800025ae 800025b2 f17 0 0 0 3 1 0 0 0 0 0 0 1e 800025ae 800025ae f 0 0 0 0 0 0 0 0 0 0 1 0 0 0 0 1eea 1eec
R 648 800025b2 800025b6 203f2923 0 0 0 3 1 1e 800025ae 3 1 1e 800025ae 0 0 800027c0 0 f 0 1 0 0 0 0 0 0 0 1 0 0 0 0 1eef 1ef3
R 649 800025b6 800025ae bfe5 0 0 0 3 1 0 0 0 0 0 0 0 0 800025b8 f 0 0 b 0 0 0 0 0 0 0 1 0 0 0 0 1ef2 1ef4
R 64a 800025ae 800025b2 f17 0 0 0 3 1 0 0 0 0 0 0 1e 800025ae 800025ae f 0 0 0 0 0 0 0 0 0 0 1 0 0 0 0 1eff 1f01
R 64b 800025b2 800025b6 203f2923 0 0 0 3 1 1e 800025ae 3 1 1e 800025ae 0 0 800027c0 0 f 0 1 0 0 0 0 0 0 0 1 0 0 0 0 1f01 1f04
R 64c 800025b6 800025ae bfe5 0 0 0 3 1 0 0 0 0 0 0 0 0 800025b8 f 0 0 b 0 0 0 0 0 0 0 1 0 0 0 0 1f03 1f05
R 64d 800025ae 800025b2 f17 0 0 0 3 1 0 0 0 0 0 0 1e 800025ae 800025ae f 0 0 0 0 0 0 0 0 0 0 1 0 0 0 0 1f0e 1f10
R 64e 800025b2 800025b6 203f2923 0 0 0 3 1 1e 800025ae 3 1 1e 800025ae 0 0 800027c0 0 f 0 1 0 0 0 0 0 0 0 1 0 0 0 0 1f13 1f17
R 64f 800025b6 800025ae bfe5 0 0 0 3 1 0 0 0 0 0 0 0 0 800025b8 f 0 0 b 0 0 0 0 0 0 0 1 0 0 0 0 1f16 1f18
R 650 800025ae 800025b2 f17 0 0 0 3 1 0 0 0 0 0 0 1e 800025ae 800025ae f 0 0 0 0 0 0 0 0 0 0 1 0 0 0 0 1f1d 1f1f
R 651 800025b2 800025b6 203f2923 0 0 0 3 1 1e 800025ae 3 1 1e 800025ae 0 0 800027c0 0 f 0 1 0 0 0 0 0 0 0 1 0 0 0 0 1f22 1f26
R 652 800025b6 800025ae bfe5 0 0 0 3 1 0 0 0 0 0 0 0 0 800025b8 f 0 0 b 0 0 0 0 0 0 0 1 0 0 0 0 1f25 1f27
R 653 800025ae 800025b2 f17 0 0 0 3 1 0 0 0 0 0 0 1e 800025ae 800025ae f 0 0 0 0 0 0 0 0 0 0 1 0 0 0 0 1f2b 1f2d
R 654 800025b2 800025b6 203f2923 0 0 0 3 1 1e 800025ae 3 1 1e 800025ae 0 0 800027c0 0 f 0 1 0 0 0 0 0 0 0 1 0 0 0 0 1f32 1f36
R 655 800025b6 800025ae bfe5 0 0 0 3 1 0 0 0 0 0 0 0 0 800025b8 f 0 0 b 0 0 0 0 0 0 0 1 0 0 0 0 1f35 1f37
R 656 800025ae 800025b2 f17 0 0 0 3 1 0 0 0 0 0 0 1e 800025ae 800025ae f 0 0 0 0 0 0 0 0 0 0 1 0 0 0 0 1f3d 1f3f
R 657 800025b2 800025b6 203f2923 0 0 0 3 1 1e 800025ae 3 1 1e 800025ae 0 0 800027c0 0 f 0 1 0 0 0 0 0 0 0 1 0 0 0 0 1f43 1f47
R 658 800025b6 800025ae bfe5 0 0 0 3 1 0 0 0 0 0 0 0 0 800025b8 f 0 0 b 0 0 0 0 0 0 0 1 0 0 0 0 1f46 1f48
R 659 800025ae 800025b2 f17 0 0 0 3 1 0 0 0 0 0 0 1e 800025ae 800025ae f 0 0 0 0 0 0 0 0 0 0 1 0 0 0 0 1f4d 1f4f
R 65a 800025b2 800025b6 203f2923 0 0 0 3 1 1e 800025ae 3 1 1e 800025ae 0 0 800027c0 0 f 0 1 0 0 0 0 0 0 0 1 0 0 0 0 1f53 1f57
R 65b 800025b6 800025ae bfe5 0 0 0 3 1 0 0 0 0 0 0 0 0 800025b8 f 0 0 b 0 0 0 0 0 0 0 1 0 0 0 0 1f56 1f58
R 65c 800025ae 800025b2 f17 0 0 0 3 1 0 0 0 0 0 0 1e 800025ae 800025ae f 0 0 0 0 0 0 0 0 0 0 1 0 0 0 0 1f5f 1f61
R 65d 800025b2 800025b6 203f2923 0 0 0 3 1 1e 800025ae 3 1 1e 800025ae 0 0 800027c0 0 f 0 1 0 0 0 0 0 0 0 1 0 0 0 0 1f64 1f67
R 65e 800025b6 800025ae bfe5 0 0 0 3 1 0 0 0 0 0 0 0 0 800025b8 f 0 0 b 0 0 0 0 0 0 0 1 0 0 0 0 1f66 1f68
R 65f 800025ae 800025b2 f17 0 0 0 3 1 0 0 0 0 0 0 1e 800025ae 800025ae f 0 0 0 0 0 0 0 0 0 0 1 0 0 0 0 1f70 1f72
R 660 800025b2 800025b6 203f2923 0 0 0 3 1 1e 800025ae 3 1 1e 800025ae 0 0 800027c0 0 f 0 1 0 0 0 0 0 0 0 1 0 0 0 0 1f73 1f78
R 661 800025b6 800025ae bfe5 0 0 0 3 1 0 0 0 0 0 0 0 0 800025b8 f 0 0 b 0 0 0 0 0 0 0 1 0 0 0 0 1f77 1f79
R 662 800025ae 800025b2 f17 0 0 0 3 1 0 0 0 0 0 0 1e 800025ae 800025ae f 0 0 0 0 0 0 0 0 0 0 1 0 0 0 0 1f7f 1f81
R 663 800025b2 800025b6 203f2923 0 0 0 3 1 1e 800025ae 3 1 1e 800025ae 0 0 800027c0 0 f 0 1 0 0 0 0 0 0 0 1 0 0 0 0 1f88 1f8b
R 664 800025b6 800025ae bfe5 0 0 0 3 1 0 0 0 0 0 0 0 0 800025b8 f 0 0 b 0 0 0 0 0 0 0 1 0 0 0 0 1f8a 1f8c
R 665 800025ae 800025b2 f17 0 0 0 3 1 0 0 0 0 0 0 1e 800025ae 800025ae f 0 0 0 0 0 0 0 0 0 0 1 0 0 0 0 1f93 1f95
R 666 800025b2 800025b6 203f2923 0 0 0 3 1 1e 800025ae 3 1 1e 800025ae 0 0 800027c0 0 f 0 1 0 0 0 0 0 0 0 1 0 0 0 0 1f97 1f9a
R 667 800025b6 800025ae bfe5 0 0 0 3 1 0 0 0 0 0 0 0 0 800025b8 f 0 0 b 0 0 0 0 0 0 0 1 0 0 0 0 1f99 1f9b
R 668 800025ae 800025b2 f17 0 0 0 3 1 0 0 0 0 0 0 1e 800025ae 800025ae f 0 0 0 0 0 0 0 0 0 0 1 0 0 0 0 1fa1 1fa3
R 669 800025b2 800025b6 203f2923 0 0 0 3 1 1e 800025ae 3 1 1e 800025ae 0 0 800027c0 0 f 0 1 0 0 0 0 0 0 0 1 0 0 0 0 1fa7 1fab
R 66a 800025b6 800025ae bfe5 0 0 0 3 1 0 0 0 0 0 0 0 0 800025b8 f 0 0 b 0 0 0 0 0 0 0 1 0 0 0 0 1faa 1fac
R 66b 800025ae 800025b2 f17 0 0 0 3 1 0 0 0 0 0 0 1e 800025ae 800025ae f 0 0 0 0 0 0 0 0 0 0 1 0 0 0 0 1fb6 1fb8
R 66c 800025b2 800025b6 203f2923 0 0 0 3 1 1e 800025ae 3 1 1e 800025ae 0 0 800027c0 0 f 0 1 0 0 0 0 0 0 0 1 0 0 0 0 1fba 1fbe
R 66d 800025b6 800025ae bfe5 0 0 0 3 1 0 0 0 0 0 0 0 0 800025b8 f 0 0 b 0 0 0 0 0 0 0 1 0 0 0 0 1fbd 1fbf
R 66e 800025ae 800025b2 f17 0 0 0 3 1 0 0 0 0 0 0 1e 800025ae 800025ae f 0 0 0 0 0 0 0 0 0 0 1 0 0 0 0 1fc7 1fc9
R 66f 800025b2 800025b6 203f2923 0 0 0 3 1 1e 800025ae 3 1 1e 800025ae 0 0 800027c0 0 f 0 1 0 0 0 0 0 0 0 1 0 0 0 0 1fca 1fce
R 670 800025b6 800025ae bfe5 0 0 0 3 1 0 0 0 0 0 0 0 0 800025b8 f 0 0 b 0 0 0 0 0 0 0 1 0 0 0 0 1fcd 1fcf
R 671 800025ae 800025b2 f17 0 0 0 3 1 0 0 0 0 0 0 1e 800025ae 800025ae f 0 0 0 0 0 0 0 0 0 0 1 0 0 0 0 1fd3 1fd5
R 672 800025b2 800025b6 203f2923 0 0 0 3 1 1e 800025ae 3 1 1e 800025ae 0 0 800027c0 0 f 0 1 0 0 0 0 0 0 0 1 0 0 0 0 1fd8 1fdc
R 673 800025b6 800025ae bfe5 0 0 0 3 1 0 0 0 0 0 0 0 0 800025b8 f 0 0 b 0 0 0 0 0 0 0 1 0 0 0 0 1fdb 1fdd
R 674 800025ae 800025b2 f17 0 0 0 3 1 0 0 0 0 0 0 1e 800025ae 800025ae f 0 0 0 0 0 0 0 0 0 0 1 0 0 0 0 1fe5 1fe7
R 675 800025b2 800025b6 203f2923 0 0 0 3 1 1e 800025ae 3 1 1e 800025ae 0 0 800027c0 0 f 0 1 0 0 0 0 0 0 0 1 0 0 0 0 1fea 1fee
R 676 800025b6 800025ae bfe5 0 0 0 3 1 0 0 0 0 0 0 0 0 800025b8 f 0 0 b 0 0 0 0 0 0 0 1 0 0 0 0 1fed 1fef
R 677 800025ae 800025b2 f17 0 0 0 3 1 0 0 0 0 0 0 1e 800025ae 800025ae f 0 0 0 0 0 0 0 0 0 0 1 0 0 0 0 1ff5 1ff7
R 678 800025b2 800025b6 203f2923 0 0 0 3 1 1e 800025ae 3 1 1e 800025ae 0 0 800027c0 0 f 0 1 0 0 0 0 0 0 0 1 0 0 0 0 1ffa 1fff
R 679 800025b6 800025ae bfe5 0 0 0 3 1 0 0 0 0 0 0 0 0 800025b8 f 0 0 b 0 0 0 0 0 0 0 1 0 0 0 0 1ffe 2000
R 67a 800025ae 800025b2 f17 0 0 0 3 1 0 0 0 0 0 0 1e 800025ae 800025ae f 0 0 0 0 0 0 0 0 0 0 1 0 0 0 0 2007 2009
R 67b 800025b2 800025b6 203f2923 0 0 0 3 1 1e 800025ae 3 1 1e 800025ae 0 0 800027c0 0 f 0 1 0 0 0 0 0 0 0 1 0 0 0 0 200d 2011
R 67c 800025b6 800025ae bfe5 0 0 0 3 1 0 0 0 0 0 0 0 0 800025b8 f 0 0 b 0 0 0 0 0 0 0 1 0 0 0 0 2010 2012
R 67d 800025ae 800025b2 f17 0 0 0 3 1 0 0 0 0 0 0 1e 800025ae 800025ae f 0 0 0 0 0 0 0 0 0 0 1 0 0 0 0 2019 201b
R 67e 800025b2 800025b6 203f2923 0 0 0 3 1 1e 800025ae 3 1 1e 800025ae 0 0 800027c0 0 f 0 1 0 0 0 0 0 0 0 1 0 0 0 0 201e 2022
R 67f 800025b6 800025ae bfe5 0 0 0 3 1 0 0 0 0 0 0 0 0 800025b8 f 0 0 b 0 0 0 0 0 0 0 1 0 0 0 0 2021 2023
R 680 800025ae 800025b2 f17 0 0 0 3 1 0 0 0 0 0 0 1e 800025ae 800025ae f 0 0 0 0 0 0 0 0 0 0 1 0 0 0 0 2029 202b
R 681 800025b2 800025b6 203f2923 0 0 0 3 1 1e 800025ae 3 1 1e 800025ae 0 0 800027c0 0 f 0 1 0 0 0 0 0 0 0 1 0 0 0 0 202e 2033
R 682 800025b6 800025ae bfe5 0 0 0 3 1 0 0 0 0 0 0 0 0 800025b8 f 0 0 b 0 0 0 0 0 0 0 1 0 0 0 0 2032 2034
R 683 800025ae 800025b2 f17 0 0 0 3 1 0 0 0 0 0 0 1e 800025ae 800025ae f 0 0 0 0 0 0 0 0 0 0 1 0 0 0 0 203a 203c
R 684 800025b2 800025b6 203f2923 0 0 0 3 1 1e 800025ae 3 1 1e 800025ae 0 0 800027c0 0 f 0 1 0 0 0 0 0 0 0 1 0 0 0 0 203f 2043
R 685 800025b6 800025ae bfe5 0 0 0 3 1 0 0 0 0 0 0 0 0 800025b8 f 0 0 b 0 0 0 0 0 0 0 1 0 0 0 0 2042 2044
R 686 800025ae 800025b2 f17 0 0 0 3 1 0 0 0 0 0 0 1e 800025ae 800025ae f 0 0 0 0 0 0 0 0 0 0 1 0 0 0 0 204c 204e
R 687 800025b2 800025b6 203f2923 0 0 0 3 1 1e 800025ae 3 1 1e 800025ae 0 0 800027c0 0 f 0 1 0 0 0 0 0 0 0 1 0 0 0 0 204e 2051
R 688 800025b6 800025ae bfe5 0 0 0 3 1 0 0 0 0 0 0 0 0 800025b8 f 0 0 b 0 0 0 0 0 0 0 1 0 0 0 0 2050 2052
R 689 800025ae 800025b2 f17 0 0 0 3 1 0 0 0 0 0 0 1e 800025ae 800025ae f 0 0 0 0 0 0 0 0 0 0 1 0 0 0 0 205b 205d
R 68a 800025b2 800025b6 203f2923 0 0 0 3 1 1e 800025ae 3 1 1e 800025ae 0 0 800027c0 0 f 0 1 0 0 0 0 0 0 0 1 0 0 0 0 2061 2065
R 68b 800025b6 800025ae bfe5 0 0 0 3 1 0 0 0 0 0 0 0 0 800025b8 f 0 0 b 0 0 0 0 0 0 0 1 0 0 0 0 2064 2066
R 68c 800025ae 800025b2 f17 0 0 0 3 1 0 0 0 0 0 0 1e 800025ae 800025ae f 0 0 0 0 0 0 0 0 0 0 1 0 0 0 0 206b 206d
R 68d 800025b2 800025b6 203f2923 0 0 0 3 1 1e 800025ae 3 1 1e 800025ae 0 0 800027c0 0 f 0 1 0 0 0 0 0 0 0 1 0 0 0 0 2070 2074
R 68e 800025b6 800025ae bfe5 0 0 0 3 1 0 0 0 0 0 0 0 0 800025b8 f 0 0 b 0 0 0 0 0 0 0 1 0 0 0 0 2073 2075
R 68f 800025ae 800025b2 f17 0 0 0 3 1 0 0 0 0 0 0 1e 800025ae 800025ae f 0 0 0 0 0 0 0 0 0 0 1 0 0 0 0 207d 207f
R 690 800025b2 800025b6 203f2923 0 0 0 3 1 1e 800025ae 3 1 1e 800025ae 0 0 800027c0 0 f 0 1 0 0 0 0 0 0 0 1 0 0 0 0 2082 2087
R 691 800025b6 800025ae bfe5 0 0 0 3 1 0 0 0 0 0 0 0 0 800025b8 f 0 0 b 0 0 0 0 0 0 0 1 0 0 0 0 2086 2088
R 692 800025ae 800025b2 f17 0 0 0 3 1 0 0 0 0 0 0 1e 800025ae 800025ae f 0 0 0 0 0 0 0 0 0 0 1 0 0 0 0 2090 2092
R 693 800025b2 800025b6 203f2923 0 0 0 3 1 1e 800025ae 3 1 1e 800025ae 0 0 800027c0 0 f 0 1 0 0 0 0 0 0 0 1 0 0 0 0 2093 2097
R 694 800025b6 800025ae bfe5 0 0 0 3 1 0 0 0 0 0 0 0 0 800025b8 f 0 0 b 0 0 0 0 0 0 0 1 0 0 0 0 2096 2098
R 695 800025ae 800025b2 f17 0 0 0 3 1 0 0 0 0 0 0 1e 800025ae 800025ae f 0 0 0 0 0 0 0 0 0 0 1 0 0 0 0 20a0 20a2
R 696 800025b2 800025b6 203f2923 0 0 0 3 1 1e 800025ae 3 1 1e 800025ae 0 0 800027c0 0 f 0 1 0 0 0 0 0 0 0 1 0 0 0 0 20a2 20a7
R 697 800025b6 800025ae bfe5 0 0 0 3 1 0 0 0 0 0 0 0 0 800025b8 f 0 0 b 0 0 0 0 0 0 0 1 0 0 0 0 20a6 20a8
R 698 800025ae 800025b2 f17 0 0 0 3 1 0 0 0 0 0 0 1e 800025ae 800025ae f 0 0 0 0 0 0 0 0 0 0 1 0 0 0 0 20ae 20b0
R 699 800025b2 800025b6 203f2923 0 0 0 3 1 1e 800025ae 3 1 1e 800025ae 0 0 800027c0 0 f 0 1 0 0 0 0 0 0 0 1 0 0 0 0 20b5 20ba
R 69a 800025b6 800025ae bfe5 0 0 0 3 1 0 0 0 0 0 0 0 0 800025b8 f 0 0 b 0 0 0 0 0 0 0 1 0 0 0 0 20b9 20bb
R 69b 800025ae 800025b2 f17 0 0 0 3 1 0 0 0 0 0 0 1e 800025ae 800025ae f 0 0 0 0 0 0 0 0 0 0 1 0 0 0 0 20c1 20c3
R 69c 800025b2 800025b6 203f2923 0 0 0 3 1 1e 800025ae 3 1 1e 800025ae 0 0 800027c0 0 f 0 1 0 0 0 0 0 0 0 1 0 0 0 0 20c7 20cb
R 69d 800025b6 800025ae bfe5 0 0 0 3 1 0 0 0 0 0 0 0 0 800025b8 f 0 0 b 0 0 0 0 0 0 0 1 0 0 0 0 20ca 20cc
R 69e 800025ae 800025b2 f17 0 0 0 3 1 0 0 0 0 0 0 1e 800025ae 800025ae f 0 0 0 0 0 0 0 0 0 0 1 0 0 0 0 20d1 20d3
R 69f 800025b2 800025b6 203f2923 0 0 0 3 1 1e 800025ae 3 1 1e 800025ae 0 0 800027c0 0 f 0 1 0 0 0 0 0 0 0 1 0 0 0 0 20d7 20dc
R 6a0 800025b6 800025ae bfe5 0 0 0 3 1 0 0 0 0 0 0 0 0 800025b8 f 0 0 b 0 0 0 0 0 0 0 1 0 0 0 0 20db 20dd
R 6a1 800025ae 800025b2 f17 0 0 0 3 1 0 0 0 0 0 0 1e 800025ae 800025ae f 0 0 0 0 0 0 0 0 0 0 1 0 0 0 0 20e4 20e6
R 6a2 800025b2 800025b6 203f2923 0 0 0 3 1 1e 800025ae 3 1 1e 800025ae 0 0 800027c0 0 f 0 1 0 0 0 0 0 0 0 1 0 0 0 0 20e9 20ec
R 6a3 800025b6 800025ae bfe5 0 0 0 3 1 0 0 0 0 0 0 0 0 800025b8 f 0 0 b 0 0 0 0 0 0 0 1 0 0 0 0 20eb 20ed
R 6a4 800025ae 800025b2 f17 0 0 0 3 1 0 0 0 0 0 0 1e 800025ae 800025ae f 0 0 0 0 0 0 0 0 0 0 1 0 0 0 0 20f4 20f6
R 6a5 800025b2 800025b6 203f2923 0 0 0 3 1 1e 800025ae 3 1 1e 800025ae 0 0 800027c0 0 f 0 1 0 0 0 0 0 0 0 1 0 0 0 0 20fb 2100
R 6a6 800025b6 800025ae bfe5 0 0 0 3 1 0 0 0 0 0 0 0 0 800025b8 f 0 0 b 0 0 0 0 0 0 0 1 0 0 0 0 20ff 2101
R 6a7 800025ae 800025b2 f17 0 0 0 3 1 0 0 0 0 0 0 1e 800025ae 800025ae f 0 0 0 0 0 0 0 0 0 0 1 0 0 0 0 2106 2108
R 6a8 800025b2 800025b6 203f2923 0 0 0 3 1 1e 800025ae 3 1 1e 800025ae 0 0 800027c0 0 f 0 1 0 0 0 0 0 0 0 1 0 0 0 0 210c 2110
R 6a9 800025b6 800025ae bfe5 0 0 0 3 1 0 0 0 0 0 0 0 0 800025b8 f 0 0 b 0 0 0 0 0 0 0 1 0 0 0 0 210f 2111
R 6aa 800025ae 800025b2 f17 0 0 0 3 1 0 0 0 0 0 0 1e 800025ae 800025ae f 0 0 0 0 0 0 0 0 0 0 1 0 0 0 0 2116 2118
R 6ab 800025b2 800025b6 203f2923 0 0 0 3 1 1e 800025ae 3 1 1e 800025ae 0 0 800027c0 0 f 0 1 0 0 0 0 0 0 0 1 0 0 0 0 211a 211f
R 6ac 800025b6 800025ae bfe5 0 0 0 3 1 0 0 0 0 0 0 0 0 800025b8 f 0 0 b 0 0 0 0 0 0 0 1 0 0 0 0 211e 2120
R 6ad 800025ae 800025b2 f17 0 0 0 3 1 0 0 0 0 0 0 1e 800025ae 800025ae f 0 0 0 0 0 0 0 0 0 0 1 0 0 0 0 2122 2124
R 6ae 800025b2 800025b6 203f2923 0 0 0 3 1 1e 800025ae 3 1 1e 800025ae 0 0 800027c0 0 f 0 1 0 0 0 0 0 0 0 1 0 0 0 0 2128 212d
R 6af 800025b6 800025ae bfe5 0 0 0 3 1 0 0 0 0 0 0 0 0 800025b8 f 0 0 b 0 0 0 0 0 0 0 1 0 0 0 0 212c 212e
R 6b0 800025ae 800025b2 f17 0 0 0 3 1 0 0 0 0 0 0 1e 800025ae 800025ae f 0 0 0 0 0 0 0 0 0 0 1 0 0 0 0 2133 2135
R 6b1 800025b2 800025b6 203f2923 0 0 0 3 1 1e 800025ae 3 1 1e 800025ae 0 0 800027c0 0 f 0 1 0 0 0 0 0 0 0 1 0 0 0 0 2135 2139
R 6b2 800025b6 800025ae bfe5 0 0 0 3 1 0 0 0 0 0 0 0 0 800025b8 f 0 0 b 0 0 0 0 0 0 0 1 0 0 0 0 2138 213a
R 6b3 800025ae 800025b2 f17 0 0 0 3 1 0 0 0 0 0 0 1e 800025ae 800025ae f 0 0 0 0 0 0 0 0 0 0 1 0 0 0 0 213e 2140
R 6b4 800025b2 800025b6 203f2923 0 0 0 3 1 1e 800025ae 3 1 1e 800025ae 0 0 800027c0 0 f 0 1 0 0 0 0 0 0 0 1 0 0 0 0 2143 2146
R 6b5 800025b6 800025ae bfe5 0 0 0 3 1 0 0 0 0 0 0 0 0 800025b8 f 0 0 b 0 0 0 0 0 0 0 1 0 0 0 0 2145 2147
R 6b6 800025ae 800025b2 f17 0 0 0 3 1 0 0 0 0 0 0 1e 800025ae 800025ae f 0 0 0 0 0 0 0 0 0 0 1 0 0 0 0 214d 214f
R 6b7 800025b2 800025b6 203f2923 0 0 0 3 1 1e 800025ae 3 1 1e 800025ae 0 0 800027c0 0 f 0 1 0 0 0 0 0 0 0 1 0 0 0 0 2151 2155
R 6b8 800025b6 800025ae bfe5 0 0 0 3 1 0 0 0 0 0 0 0 0 800025b8 f 0 0 b 0 0 0 0 0 0 0 1 0 0 0 0 2154 2156
R 6b9 800025ae 800025b2 f17 0 0 0 3 1 0 0 0 0 0 0 1e 800025ae 800025ae f 0 0 0 0 0 0 0 0 0 0 1 0 0 0 0 215e 2160
R 6ba 800025b2 800025b6 203f2923 0 0 0 3 1 1e 800025ae 3 1 1e 800025ae 0 0 800027c0 0 f 0 1 0 0 0 0 0 0 0 1 0 0 0 0 2162 2166
R 6bb 800025b6 800025ae bfe5 0 0 0 3 1 0 0 0 0 0 0 0 0 800025b8 f 0 0 b 0 0 0 0 0 0 0 1 0 0 0 0 2165 2167
R 6bc 800025ae 800025b2 f17 0 0 0 3 1 0 0 0 0 0 0 1e 800025ae 800025ae f 0 0 0 0 0 0 0 0 0 0 1 0 0 0 0 2170 2172
R 6bd 800025b2 800025b6 203f2923 0 0 0 3 1 1e 800025ae 3 1 1e 800025ae 0 0 800027c0 0 f 0 1 0 0 0 0 0 0 0 1 0 0 0 0 2174 2177
R 6be 800025b6 800025ae bfe5 0 0 0 3 1 0 0 0 0 0 0 0 0 800025b8 f 0 0 b 0 0 0 0 0 0 0 1 0 0 0 0 2176 2178
R 6bf 800025ae 800025b2 f17 0 0 0 3 1 0 0 0 0 0 0 1e 800025ae 800025ae f 0 0 0 0 0 0 0 0 0 0 1 0 0 0 0 2180 2182
R 6c0 800025b2 800025b6 203f2923 0 0 0 3 1 1e 800025ae 3 1 1e 800025ae 0 0 800027c0 0 f 0 1 0 0 0 0 0 0 0 1 0 0 0 0 2183 2188
R 6c1 800025b6 800025ae bfe5 0 0 0 3 1 0 0 0 0 0 0 0 0 800025b8 f 0 0 b 0 0 0 0 0 0 0 1 0 0 0 0 2187 2189
R 6c2 800025ae 800025b2 f17 0 0 0 3 1 0 0 0 0 0 0 1e 800025ae 800025ae f 0 0 0 0 0 0 0 0 0 0 1 0 0 0 0 218e 2190
R 6c3 800025b2 800025b6 203f2923 0 0 0 3 1 1e 800025ae 3 1 1e 800025ae 0 0 800027c0 0 f 0 1 0 0 0 0 0 0 0 1 0 0 0 0 2193 2198
R 6c4 800025b6 800025ae bfe5 0 0 0 3 1 0 0 0 0 0 0 0 0 800025b8 f 0 0 b 0 0 0 0 0 0 0 1 0 0 0 0 2197 2199
R 6c5 800025ae 800025b2 f17 0 0 0 3 1 0 0 0 0 0 0 1e 800025ae 800025ae f 0 0 0 0 0 0 0 0 0 0 1 0 0 0 0 219e 21a0
R 6c6 800025b2 800025b6 203f2923 0 0 0 3 1 1e 800025ae 3 1 1e 800025ae 0 0 800027c0 0 f 0 1 0 0 0 0 0 0 0 1 0 0 0 0 21a3 21a7
R 6c7 800025b6 800025ae bfe5 0 0 0 3 1 0 0 0 0 0 0 0 0 800025b8 f 0 0 b 0 0 0 0 0 0 0 1 0 0 0 0 21a6 21a8
R 6c8 800025ae 800025b2 f17 0 0 0 3 1 0 0 0 0 0 0 1e 800025ae 800025ae f 0 0 0 0 0 0 0 0 0 0 1 0 0 0 0 21ae 21b0
R 6c9 800025b2 800025b6 203f2923 0 0 0 3 1 1e 800025ae 3 1 1e 800025ae 0 0 800027c0 0 f 0 1 0 0 0 0 0 0 0 1 0 0 0 0 21b2 21b5
R 6ca 800025b6 800025ae bfe5 0 0 0 3 1 0 0 0 0 0 0 0 0 800025b8 f 0 0 b 0 0 0 0 0 0 0 1 0 0 0 0 21b4 21b6
R 6cb 800025ae 800025b2 f17 0 0 0 3 1 0 0 0 0 0 0 1e 800025ae 800025ae f 0 0 0 0 0 0 0 0 0 0 1 0 0 0 0 21bd 21bf
R 6cc 800025b2 800025b6 203f2923 0 0 0 3 1 1e 800025ae 3 1 1e 800025ae 0 0 800027c0 0 f 0 1 0 0 0 0 0 0 0 1 0 0 0 0 21c0 21c5
R 6cd 800025b6 800025ae bfe5 0 0 0 3 1 0 0 0 0 0 0 0 0 800025b8 f 0 0 b 0 0 0 0 0 0 0 1 0 0 0 0 21c4 21c6
R 6ce 800025ae 800025b2 f17 0 0 0 3 1 0 0 0 0 0 0 1e 800025ae 800025ae f 0 0 0 0 0 0 0 0 0 0 1 0 0 0 0 21cf 21d1
R 6cf 800025b2 800025b6 203f2923 0 0 0 3 1 1e 800025ae 3 1 1e 800025ae 0 0 800027c0 0 f 0 1 0 0 0 0 0 0 0 1 0 0 0 0 21d4 21d7
R 6d0 800025b6 800025ae bfe5 0 0 0 3 1 0 0 0 0 0 0 0 0 800025b8 f 0 0 b 0 0 0 0 0 0 0 1 0 0 0 0 21d6 21d8
R 6d1 800025ae 800025b2 f17 0 0 0 3 1 0 0 0 0 0 0 1e 800025ae 800025ae f 0 0 0 0 0 0 0 0 0 0 1 0 0 0 0 21df 21e1
R 6d2 800025b2 800025b6 203f2923 0 0 0 3 1 1e 800025ae 3 1 1e 800025ae 0 0 800027c0 0 f 0 1 0 0 0 0 0 0 0 1 0 0 0 0 21e6 21eb
R 6d3 800025b6 800025ae bfe5 0 0 0 3 1 0 0 0 0 0 0 0 0 800025b8 f 0 0 b 0 0 0 0 0 0 0 1 0 0 0 0 21ea 21ec
R 6d4 800025ae 800025b2 f17 0 0 0 3 1 0 0 0 0 0 0 1e 800025ae 800025ae f 0 0 0 0 0 0 0 0 0 0 1 0 0 0 0 21f0 21f2
R 6d5 800025b2 800025b6 203f2923 0 0 0 3 1 1e 800025ae 3 1 1e 800025ae 0 0 800027c0 0 f 0 1 0 0 0 0 0 0 0 1 0 0 0 0 21f5 21f9
R 6d6 800025b6 800025ae bfe5 0 0 0 3 1 0 0 0 0 0 0 0 0 800025b8 f 0 0 b 0 0 0 0 0 0 0 1 0 0 0 0 21f8 21fa
R 6d7 800025ae 800025b2 f17 0 0 0 3 1 0 0 0 0 0 0 1e 800025ae 800025ae f 0 0 0 0 0 0 0 0 0 0 1 0 0 0 0 2201 2203
R 6d8 800025b2 800025b6 203f2923 0 0 0 3 1 1e 800025ae 3 1 1e 800025ae 0 0 800027c0 0 f 0 1 0 0 0 0 0 0 0 1 0 0 0 0 2208 220c
R 6d9 800025b6 800025ae bfe5 0 0 0 3 1 0 0 0 0 0 0 0 0 800025b8 f 0 0 b 0 0 0 0 0 0 0 1 0 0 0 0 220b 220d
R 6da 800025ae 800025b2 f17 0 0 0 3 1 0 0 0 0 0 0 1e 800025ae 800025ae f 0 0 0 0 0 0 0 0 0 0 1 0 0 0 0 2211 2213
R 6db 800025b2 800025b6 203f2923 0 0 0 3 1 1e 800025ae 3 1 1e 800025ae 0 0 800027c0 0 f 0 1 0 0 0 0 0 0 0 1 0 0 0 0 2215 2219
R 6dc 800025b6 800025ae bfe5 0 0 0 3 1 0 0 0 0 0 0 0 0 800025b8 f 0 0 b 0 0 0 0 0 0 0 1 0 0 0 0 2218 221a
R 6dd 800025ae 800025b2 f17 0 0 0 3 1 0 0 0 0 0 0 1e 800025ae 800025ae f 0 0 0 0 0 0 0 0 0 0 1 0 0 0 0 221f 2221
R 6de 800025b2 800025b6 203f2923 0 0 0 3 1 1e 800025ae 3 1 1e 800025ae 0 0 800027c0 0 f 0 1 0 0 0 0 0 0 0 1 0 0 0 0 2223 2228
R 6df 800025b6 800025ae bfe5 0 0 0 3 1 0 0 0 0 0 0 0 0 800025b8 f 0 0 b 0 0 0 0 0 0 0 1 0 0 0 0 2227 2229
R 6e0 800025ae 800025b2 f17 0 0 0 3 1 0 0 0 0 0 0 1e 800025ae 800025ae f 0 0 0 0 0 0 0 0 0 0 1 0 0 0 0 222e 2230
R 6e1 800025b2 800025b6 203f2923 0 0 0 3 1 1e 800025ae 3 1 1e 800025ae 0 0 800027c0 0 f 0 1 0 0 0 0 0 0 0 1 0 0 0 0 2233 2238
R 6e2 800025b6 800025ae bfe5 0 0 0 3 1 0 0 0 0 0 0 0 0 800025b8 f 0 0 b 0 0 0 0 0 0 0 1 0 0 0 0 2237 2239
R 6e3 800025ae 800025b2 f17 0 0 0 3 1 0 0 0 0 0 0 1e 800025ae 800025ae f 0 0 0 0 0 0 0 0 0 0 1 0 0 0 0 223f 2241
R 6e4 800025b2 800025b6 203f2923 0 0 0 3 1 1e 800025ae 3 1 1e 800025ae 0 0 800027c0 0 f 0 1 0 0 0 0 0 0 0 1 0 0 0 0 2243 2247
R 6e5 800025b6 800025ae bfe5 0 0 0 3 1 0 0 0 0 0 0 0 0 800025b8 f 0 0 b 0 0 0 0 0 0 0 1 0 0 0 0 2246 2248
R 6e6 800025ae 800025b2 f17 0 0 0 3 1 0 0 0 0 0 0 1e 800025ae 800025ae f 0 0 0 0 0 0 0 0 0 0 1 0 0 0 0 224f 2251
R 6e7 800025b2 800025b6 203f2923 0 0 0 3 1 1e 800025ae 3 1 1e 800025ae 0 0 800027c0 0 f 0 1 0 0 0 0 0 0 0 1 0 0 0 0 2254 2257
R 6e8 800025b6 800025ae bfe5 0 0 0 3 1 0 0 0 0 0 0 0 0 800025b8 f 0 0 b 0 0 0 0 0 0 0 1 0 0 0 0 2256 2258
R 6e9 800025ae 800025b2 f17 0 0 0 3 1 0 0 0 0 0 0 1e 800025ae 800025ae f 0 0 0 0 0 0 0 0 0 0 1 0 0 0 0 225f 2261
R 6ea 800025b2 800025b6 203f2923 0 0 0 3 1 1e 800025ae 3 1 1e 800025ae 0 0 800027c0 0 f 0 1 0 0 0 0 0 0 0 1 0 0 0 0 2263 2266
R 6eb 800025b6 800025ae bfe5 0 0 0 3 1 0 0 0 0 0 0 0 0 800025b8 f 0 0 b 0 0 0 0 0 0 0 1 0 0 0 0 2265 2267
R 6ec 800025ae 800025b2 f17 0 0 0 3 1 0 0 0 0 0 0 1e 800025ae 800025ae f 0 0 0 0 0 0 0 0 0 0 1 0 0 0 0 226e 2270
R 6ed 800025b2 800025b6 203f2923 0 0 0 3 1 1e 800025ae 3 1 1e 800025ae 0 0 800027c0 0 f 0 1 0 0 0 0 0 0 0 1 0 0 0 0 2271 2275
R 6ee 800025b6 800025ae bfe5 0 0 0 3 1 0 0 0 0 0 0 0 0 800025b8 f 0 0 b 0 0 0 0 0 0 0 1 0 0 0 0 2274 2276
R 6ef 800025ae 800025b2 f17 0 0 0 3 1 0 0 0 0 0 0 1e 800025ae 800025ae f 0 0 0 0 0 0 0 0 0 0 1 0 0 0 0 227e 2280
R 6f0 800025b2 800025b6 203f2923 0 0 0 3 1 1e 800025ae 3 1 1e 800025ae 0 0 800027c0 0 f 0 1 0 0 0 0 0 0 0 1 0 0 0 0 2283 2288
R 6f1 800025b6 800025ae bfe5 0 0 0 3 1 0 0 0 0 0 0 0 0 800025b8 f 0 0 b 0 0 0 0 0 0 0 1 0 0 0 0 2287 2289
R 6f2 800025ae 800025b2 f17 0 0 0 3 1 0 0 0 0 0 0 1e 800025ae 800025ae f 0 0 0 0 0 0 0 0 0 0 1 0 0 0 0 228d 228f
R 6f3 800025b2 800025b6 203f2923 0 0 0 3 1 1e 800025ae 3 1 1e 800025ae 0 0 800027c0 0 f 0 1 0 0 0 0 0 0 0 1 0 0 0 0 2292 2295
R 6f4 800025b6 800025ae bfe5 0 0 0 3 1 0 0 0 0 0 0 0 0 800025b8 f 0 0 b 0 0 0 0 0 0 0 1 0 0 0 0 2294 2296
R 6f5 800025ae 800025b2 f17 0 0 0 3 1 0 0 0 0 0 0 1e 800025ae 800025ae f 0 0 0 0 0 0 0 0 0 0 1 0 0 0 0 229d 229f
R 6f6 800025b2 800025b6 203f2923 0 0 0 3 1 1e 800025ae 3 1 1e 800025ae 0 0 800027c0 0 f 0 1 0 0 0 0 0 0 0 1 0 0 0 0 22a2 22a6
R 6f7 800025b6 800025ae bfe5 0 0 0 3 1 0 0 0 0 0 0 0 0 800025b8 f 0 0 b 0 0 0 0 0 0 0 1 0 0 0 0 22a5 22a7
R 6f8 800025ae 800025b2 f17 0 0 0 3 1 0 0 0 0 0 0 1e 800025ae 800025ae f 0 0 0 0 0 0 0 0 0 0 1 0 0 0 0 22ab 22ad
R 6f9 800025b2 800025b6 203f2923 0 0 0 3 1 1e 800025ae 3 1 1e 800025ae 0 0 800027c0 0 f 0 1 0 0 0 0 0 0 0 1 0 0 0 0 22af 22b3
R 6fa 800025b6 800025ae bfe5 0 0 0 3 1 0 0 0 0 0 0 0 0 800025b8 f 0 0 b 0 0 0 0 0 0 0 1 0 0 0 0 22b2 22b4
R 6fb 800025ae 800025b2 f17 0 0 0 3 1 0 0 0 0 0 0 1e 800025ae 800025ae f 0 0 0 0 0 0 0 0 0 0 1 0 0 0 0 22bb 22bd
R 6fc 800025b2 800025b6 203f2923 0 0 0 3 1 1e 800025ae 3 1 1e 800025ae 0 0 800027c0 0 f 0 1 0 0 0 0 0 0 0 1 0 0 0 0 22c1 22c4
R 6fd 800025b6 800025ae bfe5 0 0 0 3 1 0 0 0 0 0 0 0 0 800025b8 f 0 0 b 0 0 0 0 0 0 0 1 0 0 0 0 22c3 22c5
R 6fe 800025ae 800025b2 f17 0 0 0 3 1 0 0 0 0 0 0 1e 800025ae 800025ae f 0 0 0 0 0 0 0 0 0 0 1 0 0 0 0 22ce 22d0
R 6ff 800025b2 800025b6 203f2923 0 0 0 3 1 1e 800025ae 3 1 1e 800025ae 0 0 800027c0 0 f 0 1 0 0 0 0 0 0 0 1 0 0 0 0 22d6 22db
R 700 800025b6 800025ae bfe5 0 0 0 3 1 0 0 0 0 0 0 0 0 800025b8 f 0 0 b 0 0 0 0 0 0 0 1 0 0 0 0 22da 22dc
R 701 800025ae 800025b2 f17 0 0 0 3 1 0 0 0 0 0 0 1e 800025ae 800025ae f 0 0 0 0 0 0 0 0 0 0 1 0 0 0 0 22e0 22e2
R 702 800025b2 800025b6 203f2923 0 0 0 3 1 1e 800025ae 3 1 1e 800025ae 0 0 800027c0 0 f 0 1 0 0 0 0 0 0 0 1 0 0 0 0 22e4 22e7
R 703 800025b6 800025ae bfe5 0 0 0 3 1 0 0 0 0 0 0 0 0 800025b8 f 0 0 b 0 0 0 0 0 0 0 1 0 0 0 0 22e6 22e8
R 704 800025ae 800025b2 f17 0 0 0 3 1 0 0 0 0 0 0 1e 800025ae 800025ae f 0 0 0 0 0 0 0 0 0 0 1 0 0 0 0 22ef 22f1
R 705 800025b2 800025b6 203f2923 0 0 0 3 1 1e 800025ae 3 1 1e 800025ae 0 0 800027c0 0 f 0 1 0 0 0 0 0 0 0 1 0 0 0 0 22f2 22f5
R 706 800025b6 800025ae bfe5 0 0 0 3 1 0 0 0 0 0 0 0 0 800025b8 f 0 0 b 0 0 0 0 0 0 0 1 0 0 0 0 22f4 22f6
R 707 800025ae 800025b2 f17 0 0 0 3 1 0 0 0 0 0 0 1e 800025ae 800025ae f 0 0 0 0 0 0 0 0 0 0 1 0 0 0 0 22fd 22ff
R 708 800025b2 800025b6 203f2923 0 0 0 3 1 1e 800025ae 3 1 1e 800025ae 0 0 800027c0 0 f 0 1 0 0 0 0 0 0 0 1 0 0 0 0 2305 2309
R 709 800025b6 800025ae bfe5 0 0 0 3 1 0 0 0 0 0 0 0 0 800025b8 f 0 0 b 0 0 0 0 0 0 0 1 0 0 0 0 2308 230a
R 70a 800025ae 800025b2 f17 0 0 0 3 1 0 0 0 0 0 0 1e 800025ae 800025ae f 0 0 0 0 0 0 0 0 0 0 1 0 0 0 0 230f 2311
R 70b 800025b2 800025b6 203f2923 0 0 0 3 1 1e 800025ae 3 1 1e 800025ae 0 0 800027c0 0 f 0 1 0 0 0 0 0 0 0 1 0 0 0 0 2314 2317
R 70c 800025b6 800025ae bfe5 0 0 0 3 1 0 0 0 0 0 0 0 0 800025b8 f 0 0 b 0 0 0 0 0 0 0 1 0 0 0 0 2316 2318
R 70d 800025ae 800025b2 f17 0 0 0 3 1 0 0 0 0 0 0 1e 800025ae 800025ae f 0 0 0 0 0 0 0 0 0 0 1 0 0 0 0 2321 2323
R 70e 800025b2 800025b6 203f2923 0 0 0 3 1 1e 800025ae 3 1 1e 800025ae 0 0 800027c0 0 f 0 1 0 0 0 0 0 0 0 1 0 0 0 0 2325 2329
R 70f 800025b6 800025ae bfe5 0 0 0 3 1 0 0 0 0 0 0 0 0 800025b8 f 0 0 b 0 0 0 0 0 0 0 1 0 0 0 0 2328 232a
R 710 800025ae 800025b2 f17 0 0 0 3 1 0 0 0 0 0 0 1e 800025ae 800025ae f 0 0 0 0 0 0 0 0 0 0 1 0 0 0 0 232f 2331
R 711 800025b2 800025b6 203f2923 0 0 0 3 1 1e 800025ae 3 1 1e 800025ae 0 0 800027c0 0 f 0 1 0 0 0 0 0 0 0 1 0 0 0 0 2336 233b
R 712 800025b6 800025ae bfe5 0 0 0 3 1 0 0 0 0 0 0 0 0 800025b8 f 0 0 b 0 0 0 0 0 0 0 1 0 0 0 0 233a 233c
R 713 800025ae 800025b2 f17 0 0 0 3 1 0 0 0 0 0 0 1e 800025ae 800025ae f 0 0 0 0 0 0 0 0 0 0 1 0 0 0 0 233d 233f
R 714 800025b2 800025b6 203f2923 0 0 0 3 1 1e 800025ae 3 1 1e 800025ae 0 0 800027c0 0 f 0 1 0 0 0 0 0 0 0 1 0 0 0 0 2342 2347
R 715 800025b6 800025ae bfe5 0 0 0 3 1 0 0 0 0 0 0 0 0 800025b8 f 0 0 b 0 0 0 0 0 0 0 1 0 0 0 0 2346 2348
R 716 800025ae 800025b2 f17 0 0 0 3 1 0 0 0 0 0 0 1e 800025ae 800025ae f 0 0 0 0 0 0 0 0 0 0 1 0 0 0 0 234f 2351
R 717 800025b2 800025b6 203f2923 0 0 0 3 1 1e 800025ae 3 1 1e 800025ae 0 0 800027c0 0 f 0 1 0 0 0 0 0 0 0 1 0 0 0 0 2356 235a
R 718 800025b6 800025ae bfe5 0 0 0 3 1 0 0 0 0 0 0 0 0 800025b8 f 0 0 b 0 0 0 0 0 0 0 1 0 0 0 0 2359 235b
R 719 800025ae 800025b2 f17 0 0 0 3 1 0 0 0 0 0 0 1e 800025ae 800025ae f 0 0 0 0 0 0 0 0 0 0 1 0 0 0 0 2360 2362
R 71a 800025b2 800025b6 203f2923 0 0 0 3 1 1e 800025ae 3 1 1e 800025ae 0 0 800027c0 0 f 0 1 0 0 0 0 0 0 0 1 0 0 0 0 2364 2367
R 71b 800025b6 800025ae bfe5 0 0 0 3 1 0 0 0 0 0 0 0 0 800025b8 f 0 0 b 0 0 0 0 0 0 0 1 0 0 0 0 2366 2368
R 71c 800025ae 800025b2 f17 0 0 0 3 1 0 0 0 0 0 0 1e 800025ae 800025ae f 0 0 0 0 0 0 0 0 0 0 1 0 0 0 0 2371 2373
R 71d 800025b2 800025b6 203f2923 0 0 0 3 1 1e 800025ae 3 1 1e 800025ae 0 0 800027c0 0 f 0 1 0 0 0 0 0 0 0 1 0 0 0 0 2376 237a
R 71e 800025b6 800025ae bfe5 0 0 0 3 1 0 0 0 0 0 0 0 0 800025b8 f 0 0 b 0 0 0 0 0 0 0 1 0 0 0 0 2379 237b
R 71f 800025ae 800025b2 f17 0 0 0 3 1 0 0 0 0 0 0 1e 800025ae 800025ae f 0 0 0 0 0 0 0 0 0 0 1 0 0 0 0 2382 2384
R 720 800025b2 800025b6 203f2923 0 0 0 3 1 1e 800025ae 3 1 1e 800025ae 0 0 800027c0 0 f 0 1 0 0 0 0 0 0 0 1 0 0 0 0 2388 238d
R 721 800025b6 800025ae bfe5 0 0 0 3 1 0 0 0 0 0 0 0 0 800025b8 f 0 0 b 0 0 0 0 0 0 0 1 0 0 0 0 238c 238e
R 722 800025ae 800025b2 f17 0 0 0 3 1 0 0 0 0 0 0 1e 800025ae 800025ae f 0 0 0 0 0 0 0 0 0 0 1 0 0 0 0 2394 2396
R 723 800025b2 800025b6 203f2923 0 0 0 3 1 1e 800025ae 3 1 1e 800025ae 0 0 800027c0 0 f 0 1 0 0 0 0 0 0 0 1 0 0 0 0 2399 239e
R 724 800025b6 800025ae bfe5 0 0 0 3 1 0 0 0 0 0 0 0 0 800025b8 f 0 0 b 0 0 0 0 0 0 0 1 0 0 0 0 239d 239f
R 725 800025ae 800025b2 f17 0 0 0 3 1 0 0 0 0 0 0 1e 800025ae 800025ae f 0 0 0 0 0 0 0 0 0 0 1 0 0 0 0 23a4 23a6
R 726 800025b2 800025b6 203f2923 0 0 0 3 1 1e 800025ae 3 1 1e 800025ae 0 0 800027c0 0 f 0 1 0 0 0 0 0 0 0 1 0 0 0 0 23ab 23ae
R 727 800025b6 800025ae bfe5 0 0 0 3 1 0 0 0 0 0 0 0 0 800025b8 f 0 0 b 0 0 0 0 0 0 0 1 0 0 0 0 23ad 23af
R 728 800025ae 800025b2 f17 0 0 0 3 1 0 0 0 0 0 0 1e 800025ae 800025ae f 0 0 0 0 0 0 0 0 0 0 1 0 0 0 0 23b7 23b9
R 729 800025b2 800025b6 203f2923 0 0 0 3 1 1e 800025ae 3 1 1e 800025ae 0 0 800027c0 0 f 0 1 0 0 0 0 0 0 0 1 0 0 0 0 23bb 23c0
R 72a 800025b6 800025ae bfe5 0 0 0 3 1 0 0 0 0 0 0 0 0 800025b8 f 0 0 b 0 0 0 0 0 0 0 1 0 0 0 0 23bf 23c1
R 72b 800025ae 800025b2 f17 0 0 0 3 1 0 0 0 0 0 0 1e 800025ae 800025ae f 0 0 0 0 0 0 0 0 0 0 1 0 0 0 0 23c7 23c9
R 72c 800025b2 800025b6 203f2923 0 0 0 3 1 1e 800025ae 3 1 1e 800025ae 0 0 800027c0 0 f 0 1 0 0 0 0 0 0 0 1 0 0 0 0 23cb 23cf
R 72d 800025b6 800025ae bfe5 0 0 0 3 1 0 0 0 0 0 0 0 0 800025b8 f 0 0 b 0 0 0 0 0 0 0 1 0 0 0 0 23ce 23d0
R 72e 800025ae 800025b2 f17 0 0 0 3 1 0 0 0 0 0 0 1e 800025ae 800025ae f 0 0 0 0 0 0 0 0 0 0 1 0 0 0 0 23d4 23d6
R 72f 800025b2 800025b6 203f2923 0 0 0 3 1 1e 800025ae 3 1 1e 800025ae 0 0 800027c0 0 f 0 1 0 0 0 0 0 0 0 1 0 0 0 0 23da 23de
R 730 800025b6 800025ae bfe5 0 0 0 3 1 0 0 0 0 0 0 0 0 800025b8 f 0 0 b 0 0 0 0 0 0 0 1 0 0 0 0 23dd 23df
R 731 800025ae 800025b2 f17 0 0 0 3 1 0 0 0 0 0 0 1e 800025ae 800025ae f 0 0 0 0 0 0 0 0 0 0 1 0 0 0 0 23e6 23e8
R 732 800025b2 800025b6 203f2923 0 0 0 3 1 1e 800025ae 3 1 1e 800025ae 0 0 800027c0 0 f 0 1 0 0 0 0 0 0 0 1 0 0 0 0 23eb 23f0
R 733 800025b6 800025ae bfe5 0 0 0 3 1 0 0 0 0 0 0 0 0 800025b8 f 0 0 b 0 0 0 0 0 0 0 1 0 0 0 0 23ef 23f1
R 734 800025ae 800025b2 f17 0 0 0 3 1 0 0 0 0 0 0 1e 800025ae 800025ae f 0 0 0 0 0 0 0 0 0 0 1 0 0 0 0 23f8 23fa
R 735 800025b2 800025b6 203f2923 0 0 0 3 1 1e 800025ae 3 1 1e 800025ae 0 0 800027c0 0 f 0 1 0 0 0 0 0 0 0 1 0 0 0 0 23fc 2401
R 736 800025b6 800025ae bfe5 0 0 0 3 1 0 0 0 0 0 0 0 0 800025b8 f 0 0 b 0 0 0 0 0 0 0 1 0 0 0 0 2400 2402
R 737 800025ae 800025b2 f17 0 0 0 3 1 0 0 0 0 0 0 1e 800025ae 800025ae f 0 0 0 0 0 0 0 0 0 0 1 0 0 0 0 240a 240c
R 738 800025b2 800025b6 203f2923 0 0 0 3 1 1e 800025ae 3 1 1e 800025ae 0 0 800027c0 0 f 0 1 0 0 0 0 0 0 0 1 0 0 0 0 240f 2412
R 739 800025b6 800025ae bfe5 0 0 0 3 1 0 0 0 0 0 0 0 0 800025b8 f 0 0 b 0 0 0 0 0 0 0 1 0 0 0 0 2411 2413
R 73a 800025ae 800025b2 f17 0 0 0 3 1 0 0 0 0 0 0 1e 800025ae 800025ae f 0 0 0 0 0 0 0 0 0 0 1 0 0 0 0 2417 2419
R 73b 800025b2 800025b6 203f2923 0 0 0 3 1 1e 800025ae 3 1 1e 800025ae 0 0 800027c0 0 f 0 1 0 0 0 0 0 0 0 1 0 0 0 0 241e 2422
R 73c 800025b6 800025ae bfe5 0 0 0 3 1 0 0 0 0 0 0 0 0 800025b8 f 0 0 b 0 0 0 0 0 0 0 1 0 0 0 0 2421 2423
R 73d 800025ae 800025b2 f17 0 0 0 3 1 0 0 0 0 0 0 1e 800025ae 800025ae f 0 0 0 0 0 0 0 0 0 0 1 0 0 0 0 2429 242b
R 73e 800025b2 800025b6 203f2923 0 0 0 3 1 1e 800025ae 3 1 1e 800025ae 0 0 800027c0 0 f 0 1 0 0 0 0 0 0 0 1 0 0 0 0 2431 2436
R 73f 800025b6 800025ae bfe5 0 0 0 3 1 0 0 0 0 0 0 0 0 800025b8 f 0 0 b 0 0 0 0 0 0 0 1 0 0 0 0 2435 2437
R 740 800025ae 800025b2 f17 0 0 0 3 1 0 0 0 0 0 0 1e 800025ae 800025ae f 0 0 0 0 0 0 0 0 0 0 1 0 0 0 0 243c 243e
R 741 800025b2 800025b6 203f2923 0 0 0 3 1 1e 800025ae 3 1 1e 800025ae 0 0 800027c0 0 f 0 1 0 0 0 0 0 0 0 1 0 0 0 0 2440 2445
R 742 800025b6 800025ae bfe5 0 0 0 3 1 0 0 0 0 0 0 0 0 800025b8 f 0 0 b 0 0 0 0 0 0 0 1 0 0 0 0 2444 2446
R 743 800025ae 800025b2 f17 0 0 0 3 1 0 0 0 0 0 0 1e 800025ae 800025ae f 0 0 0 0 0 0 0 0 0 0 1 0 0 0 0 244c 244e
R 744 800025b2 800025b6 203f2923 0 0 0 3 1 1e 800025ae 3 1 1e 800025ae 0 0 800027c0 0 f 0 1 0 0 0 0 0 0 0 1 0 0 0 0 2451 2454
R 745 800025b6 800025ae bfe5 0 0 0 3 1 0 0 0 0 0 0 0 0 800025b8 f 0 0 b 0 0 0 0 0 0 0 1 0 0 0 0 2453 2455
R 746 800025ae 800025b2 f17 0 0 0 3 1 0 0 0 0 0 0 1e 800025ae 800025ae f 0 0 0 0 0 0 0 0 0 0 1 0 0 0 0 245b 245d
R 747 800025b2 800025b6 203f2923 0 0 0 3 1 1e 800025ae 3 1 1e 800025ae 0 0 800027c0 0 f 0 1 0 0 0 0 0 0 0 1 0 0 0 0 2461 2465
R 748 800025b6 800025ae bfe5 0 0 0 3 1 0 0 0 0 0 0 0 0 800025b8 f 0 0 b 0 0 0 0 0 0 0 1 0 0 0 0 2464 2466
R 749 800025ae 800025b2 f17 0 0 0 3 1 0 0 0 0 0 0 1e 800025ae 800025ae f 0 0 0 0 0 0 0 0 0 0 1 0 0 0 0 246d 246f
R 74a 800025b2 800025b6 203f2923 0 0 0 3 1 1e 800025ae 3 1 1e 800025ae 0 0 800027c0 0 f 0 1 0 0 0 0 0 0 0 1 0 0 0 0 2472 2477
R 74b 800025b6 800025ae bfe5 0 0 0 3 1 0 0 0 0 0 0 0 0 800025b8 f 0 0 b 0 0 0 0 0 0 0 1 0 0 0 0 2476 2478
R 74c 800025ae 800025b2 f17 0 0 0 3 1 0 0 0 0 0 0 1e 800025ae 800025ae f 0 0 0 0 0 0 0 0 0 0 1 0 0 0 0 247c 247e
R 74d 800025b2 800025b6 203f2923 0 0 0 3 1 1e 800025ae 3 1 1e 800025ae 0 0 800027c0 0 f 0 1 0 0 0 0 0 0 0 1 0 0 0 0 2481 2486
R 74e 800025b6 800025ae bfe5 0 0 0 3 1 0 0 0 0 0 0 0 0 800025b8 f 0 0 b 0 0 0 0 0 0 0 1 0 0 0 0 2485 2487
R 74f 800025ae 800025b2 f17 0 0 0 3 1 0 0 0 0 0 0 1e 800025ae 800025ae f 0 0 0 0 0 0 0 0 0 0 1 0 0 0 0 248b 248d
R 750 800025b2 800025b6 203f2923 0 0 0 3 1 1e 800025ae 3 1 1e 800025ae 0 0 800027c0 0 f 0 1 0 0 0 0 0 0 0 1 0 0 0 0 2491 2496
R 751 800025b6 800025ae bfe5 0 0 0 3 1 0 0 0 0 0 0 0 0 800025b8 f 0 0 b 0 0 0 0 0 0 0 1 0 0 0 0 2495 2497
R 752 800025ae 800025b2 f17 0 0 0 3 1 0 0 0 0 0 0 1e 800025ae 800025ae f 0 0 0 0 0 0 0 0 0 0 1 0 0 0 0 249e 24a0
R 753 800025b2 800025b6 203f2923 0 0 0 3 1 1e 800025ae 3 1 1e 800025ae 0 0 800027c0 0 f 0 1 0 0 0 0 0 0 0 1 0 0 0 0 24a2 24a6
R 754 800025b6 800025ae bfe5 0 0 0 3 1 0 0 0 0 0 0 0 0 800025b8 f 0 0 b 0 0 0 0 0 0 0 1 0 0 0 0 24a5 24a7
R 755 800025ae 800025b2 f17 0 0 0 3 1 0 0 0 0 0 0 1e 800025ae 800025ae f 0 0 0 0 0 0 0 0 0 0 1 0 0 0 0 24ae 24b0
R 756 800025b2 800025b6 203f2923 0 0 0 3 1 1e 800025ae 3 1 1e 800025ae 0 0 800027c0 0 f 0 1 0 0 0 0 0 0 0 1 0 0 0 0 24b3 24b8
R 757 800025b6 800025ae bfe5 0 0 0 3 1 0 0 0 0 0 0 0 0 800025b8 f 0 0 b 0 0 0 0 0 0 0 1 0 0 0 0 24b7 24b9
R 758 800025ae 800025b2 f17 0 0 0 3 1 0 0 0 0 0 0 1e 800025ae 800025ae f 0 0 0 0 0 0 0 0 0 0 1 0 0 0 0 24c0 24c2
R 759 800025b2 800025b6 203f2923 0 0 0 3 1 1e 800025ae 3 1 1e 800025ae 0 0 800027c0 0 f 0 1 0 0 0 0 0 0 0 1 0 0 0 0 24c4 24c8
R 75a 800025b6 800025ae bfe5 0 0 0 3 1 0 0 0 0 0 0 0 0 800025b8 f 0 0 b 0 0 0 0 0 0 0 1 0 0 0 0 24c7 24c9
R 75b 800025ae 800025b2 f17 0 0 0 3 1 0 0 0 0 0 0 1e 800025ae 800025ae f 0 0 0 0 0 0 0 0 0 0 1 0 0 0 0 24cd 24cf
R 75c 800025b2 800025b6 203f2923 0 0 0 3 1 1e 800025ae 3 1 1e 800025ae 0 0 800027c0 0 f 0 1 0 0 0 0 0 0 0 1 0 0 0 0 24d0 24d3
R 75d 800025b6 800025ae bfe5 0 0 0 3 1 0 0 0 0 0 0 0 0 800025b8 f 0 0 b 0 0 0 0 0 0 0 1 0 0 0 0 24d2 24d4
R 75e 800025ae 800025b2 f17 0 0 0 3 1 0 0 0 0 0 0 1e 800025ae 800025ae f 0 0 0 0 0 0 0 0 0 0 1 0 0 0 0 24db 24dd
R 75f 800025b2 800025b6 203f2923 0 0 0 3 1 1e 800025ae 3 1 1e 800025ae 0 0 800027c0 0 f 0 1 0 0 0 0 0 0 0 1 0 0 0 0 24de 24e3
R 760 800025b6 800025ae bfe5 0 0 0 3 1 0 0 0 0 0 0 0 0 800025b8 f 0 0 b 0 0 0 0 0 0 0 1 0 0 0 0 24e2 24e4
R 761 800025ae 800025b2 f17 0 0 0 3 1 0 0 0 0 0 0 1e 800025ae 800025ae f 0 0 0 0 0 0 0 0 0 0 1 0 0 0 0 24e9 24eb
R 762 800025b2 800025b6 203f2923 0 0 0 3 1 1e 800025ae 3 1 1e 800025ae 0 0 800027c0 0 f 0 1 0 0 0 0 0 0 0 1 0 0 0 0 24f2 24f7
R 763 800025b6 800025ae bfe5 0 0 0 3 1 0 0 0 0 0 0 0 0 800025b8 f 0 0 b 0 0 0 0 0 0 0 1 0 0 0 0 24f6 24f8
R 764 800025ae 800025b2 f17 0 0 0 3 1 0 0 0 0 0 0 1e 800025ae 800025ae f 0 0 0 0 0 0 0 0 0 0 1 0 0 0 0 24fd 24ff
R 765 800025b2 800025b6 203f2923 0 0 0 3 1 1e 800025ae 3 1 1e 800025ae 0 0 800027c0 0 f 0 1 0 0 0 0 0 0 0 1 0 0 0 0 2504 2508
R 766 800025b6 800025ae bfe5 0 0 0 3 1 0 0 0 0 0 0 0 0 800025b8 f 0 0 b 0 0 0 0 0 0 0 1 0 0 0 0 2507 2509
R 767 800025ae 800025b2 f17 0 0 0 3 1 0 0 0 0 0 0 1e 800025ae 800025ae f 0 0 0 0 0 0 0 0 0 0 1 0 0 0 0 2512 2514
R 768 800025b2 800025b6 203f2923 0 0 0 3 1 1e 800025ae 3 1 1e 800025ae 0 0 800027c0 0 f 0 1 0 0 0 0 0 0 0 1 0 0 0 0 2515 2519
R 769 800025b6 800025ae bfe5 0 0 0 3 1 0 0 0 0 0 0 0 0 800025b8 f 0 0 b 0 0 0 0 0 0 0 1 0 0 0 0 2518 251a
R 76a 800025ae 800025b2 f17 0 0 0 3 1 0 0 0 0 0 0 1e 800025ae 800025ae f 0 0 0 0 0 0 0 0 0 0 1 0 0 0 0 2520 2522
R 76b 800025b2 800025b6 203f2923 0 0 0 3 1 1e 800025ae 3 1 1e 800025ae 0 0 800027c0 0 f 0 1 0 0 0 0 0 0 0 1 0 0 0 0 2526 252b
R 76c 800025b6 800025ae bfe5 0 0 0 3 1 0 0 0 0 0 0 0 0 800025b8 f 0 0 b 0 0 0 0 0 0 0 1 0 0 0 0 252a 252c
R 76d 800025ae 800025b2 f17 0 0 0 3 1 0 0 0 0 0 0 1e 800025ae 800025ae f 0 0 0 0 0 0 0 0 0 0 1 0 0 0 0 2531 2533
R 76e 800025b2 800025b6 203f2923 0 0 0 3 1 1e 800025ae 3 1 1e 800025ae 0 0 800027c0 0 f 0 1 0 0 0 0 0 0 0 1 0 0 0 0 2536 253a
R 76f 800025b6 800025ae bfe5 0 0 0 3 1 0 0 0 0 0 0 0 0 800025b8 f 0 0 b 0 0 0 0 0 0 0 1 0 0 0 0 2539 253b
R 770 800025ae 800025b2 f17 0 0 0 3 1 0 0 0 0 0 0 1e 800025ae 800025ae f 0 0 0 0 0 0 0 0 0 0 1 0 0 0 0 2541 2543
R 771 800025b2 800025b6 203f2923 0 0 0 3 1 1e 800025ae 3 1 1e 800025ae 0 0 800027c0 0 f 0 1 0 0 0 0 0 0 0 1 0 0 0 0 2548 254d
R 772 800025b6 800025ae bfe5 0 0 0 3 1 0 0 0 0 0 0 0 0 800025b8 f 0 0 b 0 0 0 0 0 0 0 1 0 0 0 0 254c 254e
R 773 800025ae 800025b2 f17 0 0 0 3 1 0 0 0 0 0 0 1e 800025ae 800025ae f 0 0 0 0 0 0 0 0 0 0 1 0 0 0 0 2557 2559
R 774 800025b2 800025b6 203f2923 0 0 0 3 1 1e 800025ae 3 1 1e 800025ae 0 0 800027c0 0 f 0 1 0 0 0 0 0 0 0 1 0 0 0 0 2559 255c
R 775 800025b6 800025ae bfe5 0 0 0 3 1 0 0 0 0 0 0 0 0 800025b8 f 0 0 b 0 0 0 0 0 0 0 1 0 0 0 0 255b 255d
R 776 800025ae 800025b2 f17 0 0 0 3 1 0 0 0 0 0 0 1e 800025ae 800025ae f 0 0 0 0 0 0 0 0 0 0 1 0 0 0 0 2560 2562
R 777 800025b2 800025b6 203f2923 0 0 0 3 1 1e 800025ae 3 1 1e 800025ae 0 0 800027c0 0 f 0 1 0 0 0 0 0 0 0 1 0 0 0 0 2567 256a
R 778 800025b6 800025ae bfe5 0 0 0 3 1 0 0 0 0 0 0 0 0 800025b8 f 0 0 b 0 0 0 0 0 0 0 1 0 0 0 0 2569 256b
R 779 800025ae 800025b2 f17 0 0 0 3 1 0 0 0 0 0 0 1e 800025ae 800025ae f 0 0 0 0 0 0 0 0 0 0 1 0 0 0 0 2575 2577
R 77a 800025b2 800025b6 203f2923 0 0 0 3 1 1e 800025ae 3 1 1e 800025ae 0 0 800027c0 0 f 0 1 0 0 0 0 0 0 0 1 0 0 0 0 2578 257d
R 77b 800025b6 800025ae bfe5 0 0 0 3 1 0 0 0 0 0 0 0 0 800025b8 f 0 0 b 0 0 0 0 0 0 0 1 0 0 0 0 257c 257e
R 77c 800025ae 800025b2 f17 0 0 0 3 1 0 0 0 0 0 0 1e 800025ae 800025ae f 0 0 0 0 0 0 0 0 0 0 1 0 0 0 0 2583 2585
R 77d 800025b2 800025b6 203f2923 0 0 0 3 1 1e 800025ae 3 1 1e 800025ae 0 0 800027c0 0 f 0 1 0 0 0 0 0 0 0 1 0 0 0 0 258a 258e
R 77e 800025b6 800025ae bfe5 0 0 0 3 1 0 0 0 0 0 0 0 0 800025b8 f 0 0 b 0 0 0 0 0 0 0 1 0 0 0 0 258d 258f
R 77f 800025ae 800025b2 f17 0 0 0 3 1 0 0 0 0 0 0 1e 800025ae 800025ae f 0 0 0 0 0 0 0 0 0 0 1 0 0 0 0 2598 259a
R 780 800025b2 800025b6 203f2923 0 0 0 3 1 1e 800025ae 3 1 1e 800025ae 0 0 800027c0 0 f 0 1 0 0 0 0 0 0 0 1 0 0 0 0 259c 25a1
R 781 800025b6 800025ae bfe5 0 0 0 3 1 0 0 0 0 0 0 0 0 800025b8 f 0 0 b 0 0 0 0 0 0 0 1 0 0 0 0 25a0 25a2
R 782 800025ae 800025b2 f17 0 0 0 3 1 0 0 0 0 0 0 1e 800025ae 800025ae f 0 0 0 0 0 0 0 0 0 0 1 0 0 0 0 25a6 25a8
R 783 800025b2 800025b6 203f2923 0 0 0 3 1 1e 800025ae 3 1 1e 800025ae 0 0 800027c0 0 f 0 1 0 0 0 0 0 0 0 1 0 0 0 0 25ab 25b0
R 784 800025b6 800025ae bfe5 0 0 0 3 1 0 0 0 0 0 0 0 0 800025b8 f 0 0 b 0 0 0 0 0 0 0 1 0 0 0 0 25af 25b1
R 785 800025ae 800025b2 f17 0 0 0 3 1 0 0 0 0 0 0 1e 800025ae 800025ae f 0 0 0 0 0 0 0 0 0 0 1 0 0 0 0 25b6 25b8
R 786 800025b2 800025b6 203f2923 0 0 0 3 1 1e 800025ae 3 1 1e 800025ae 0 0 800027c0 0 f 0 1 0 0 0 0 0 0 0 1 0 0 0 0 25bc 25bf
R 787 800025b6 800025ae bfe5 0 0 0 3 1 0 0 0 0 0 0 0 0 800025b8 f 0 0 b 0 0 0 0 0 0 0 1 0 0 0 0 25be 25c0
R 788 800025ae 800025b2 f17 0 0 0 3 1 0 0 0 0 0 0 1e 800025ae 800025ae f 0 0 0 0 0 0 0 0 0 0 1 0 0 0 0 25c6 25c8
R 789 800025b2 800025b6 203f2923 0 0 0 3 1 1e 800025ae 3 1 1e 800025ae 0 0 800027c0 0 f 0 1 0 0 0 0 0 0 0 1 0 0 0 0 25cb 25d0
R 78a 800025b6 800025ae bfe5 0 0 0 3 1 0 0 0 0 0 0 0 0 800025b8 f 0 0 b 0 0 0 0 0 0 0 1 0 0 0 0 25cf 25d1
R 78b 800025ae 800025b2 f17 0 0 0 3 1 0 0 0 0 0 0 1e 800025ae 800025ae f 0 0 0 0 0 0 0 0 0 0 1 0 0 0 0 25d8 25da
R 78c 800025b2 800025b6 203f2923 0 0 0 3 1 1e 800025ae 3 1 1e 800025ae 0 0 800027c0 0 f 0 1 0 0 0 0 0 0 0 1 0 0 0 0 25dd 25e1
R 78d 800025b6 800025ae bfe5 0 0 0 3 1 0 0 0 0 0 0 0 0 800025b8 f 0 0 b 0 0 0 0 0 0 0 1 0 0 0 0 25e0 25e2
R 78e 800025ae 800025b2 f17 0 0 0 3 1 0 0 0 0 0 0 1e 800025ae 800025ae f 0 0 0 0 0 0 0 0 0 0 1 0 0 0 0 25e5 25e7
R 78f 800025b2 800025b6 203f2923 0 0 0 3 1 1e 800025ae 3 1 1e 800025ae 0 0 800027c0 0 f 0 1 0 0 0 0 0 0 0 1 0 0 0 0 25ec 25ef
R 790 800025b6 800025ae bfe5 0 0 0 3 1 0 0 0 0 0 0 0 0 800025b8 f 0 0 b 0 0 0 0 0 0 0 1 0 0 0 0 25ee 25f0
R 791 800025ae 800025b2 f17 0 0 0 3 1 0 0 0 0 0 0 1e 800025ae 800025ae f 0 0 0 0 0 0 0 0 0 0 1 0 0 0 0 25f8 25fa
R 792 800025b2 800025b6 203f2923 0 0 0 3 1 1e 800025ae 3 1 1e 800025ae 0 0 800027c0 0 f 0 1 0 0 0 0 0 0 0 1 0 0 0 0 25fd 2600
R 793 800025b6 800025ae bfe5 0 0 0 3 1 0 0 0 0 0 0 0 0 800025b8 f 0 0 b 0 0 0 0 0 0 0 1 0 0 0 0 25ff 2601
R 794 800025ae 800025b2 f17 0 0 0 3 1 0 0 0 0 0 0 1e 800025ae 800025ae f 0 0 0 0 0 0 0 0 0 0 1 0 0 0 0 260b 260d
R 795 800025b2 800025b6 203f2923 0 0 0 3 1 1e 800025ae 3 1 1e 800025ae 0 0 800027c0 0 f 0 1 0 0 0 0 0 0 0 1 0 0 0 0 2610 2613
R 796 800025b6 800025ae bfe5 0 0 0 3 1 0 0 0 0 0 0 0 0 800025b8 f 0 0 b 0 0 0 0 0 0 0 1 0 0 0 0 2612 2614
R 797 800025ae 800025b2 f17 0 0 0 3 1 0 0 0 0 0 0 1e 800025ae 800025ae f 0 0 0 0 0 0 0 0 0 0 1 0 0 0 0 2618 261a
R 798 800025b2 800025b6 203f2923 0 0 0 3 1 1e 800025ae 3 1 1e 800025ae 0 0 800027c0 0 f 0 1 0 0 0 0 0 0 0 1 0 0 0 0 261b 261f
R 799 800025b6 800025ae bfe5 0 0 0 3 1 0 0 0 0 0 0 0 0 800025b8 f 0 0 b 0 0 0 0 0 0 0 1 0 0 0 0 261e 2620
R 79a 800025ae 800025b2 f17 0 0 0 3 1 0 0 0 0 0 0 1e 800025ae 800025ae f 0 0 0 0 0 0 0 0 0 0 1 0 0 0 0 2629 262b
R 79b 800025b2 800025b6 203f2923 0 0 0 3 1 1e 800025ae 3 1 1e 800025ae 0 0 800027c0 0 f 0 1 0 0 0 0 0 0 0 1 0 0 0 0 262d 2630
R 79c 800025b6 800025ae bfe5 0 0 0 3 1 0 0 0 0 0 0 0 0 800025b8 f 0 0 b 0 0 0 0 0 0 0 1 0 0 0 0 262f 2631
R 79d 800025ae 800025b2 f17 0 0 0 3 1 0 0 0 0 0 0 1e 800025ae 800025ae f 0 0 0 0 0 0 0 0 0 0 1 0 0 0 0 2638 263a
R 79e 800025b2 800025b6 203f2923 0 0 0 3 1 1e 800025ae 3 1 1e 800025ae 0 0 800027c0 0 f 0 1 0 0 0 0 0 0 0 1 0 0 0 0 263f 2643
R 79f 800025b6 800025ae bfe5 0 0 0 3 1 0 0 0 0 0 0 0 0 800025b8 f 0 0 b 0 0 0 0 0 0 0 1 0 0 0 0 2642 2644
R 7a0 800025ae 800025b2 f17 0 0 0 3 1 0 0 0 0 0 0 1e 800025ae 800025ae f 0 0 0 0 0 0 0 0 0 0 1 0 0 0 0 2648 264a
R 7a1 800025b2 800025b6 203f2923 0 0 0 3 1 1e 800025ae 3 1 1e 800025ae 0 0 800027c0 0 f 0 1 0 0 0 0 0 0 0 1 0 0 0 0 2650 2655
R 7a2 800025b6 800025ae bfe5 0 0 0 3 1 0 0 0 0 0 0 0 0 800025b8 f 0 0 b 0 0 0 0 0 0 0 1 0 0 0 0 2654 2656
R 7a3 800025ae 800025b2 f17 0 0 0 3 1 0 0 0 0 0 0 1e 800025ae 800025ae f 0 0 0 0 0 0 0 0 0 0 1 0 0 0 0 265a 265c
R 7a4 800025b2 800025b6 203f2923 0 0 0 3 1 1e 800025ae 3 1 1e 800025ae 0 0 800027c0 0 f 0 1 0 0 0 0 0 0 0 1 0 0 0 0 2660 2663
R 7a5 800025b6 800025ae bfe5 0 0 0 3 1 0 0 0 0 0 0 0 0 800025b8 f 0 0 b 0 0 0 0 0 0 0 1 0 0 0 0 2662 2664
R 7a6 800025ae 800025b2 f17 0 0 0 3 1 0 0 0 0 0 0 1e 800025ae 800025ae f 0 0 0 0 0 0 0 0 0 0 1 0 0 0 0 266a 266c
R 7a7 800025b2 800025b6 203f2923 0 0 0 3 1 1e 800025ae 3 1 1e 800025ae 0 0 800027c0 0 f 0 1 0 0 0 0 0 0 0 1 0 0 0 0 266f 2674
R 7a8 800025b6 800025ae bfe5 0 0 0 3 1 0 0 0 0 0 0 0 0 800025b8 f 0 0 b 0 0 0 0 0 0 0 1 0 0 0 0 2673 2675
R 7a9 800025ae 800025b2 f17 0 0 0 3 1 0 0 0 0 0 0 1e 800025ae 800025ae f 0 0 0 0 0 0 0 0 0 0 1 0 0 0 0 2678 267a
R 7aa 800025b2 800025b6 203f2923 0 0 0 3 1 1e 800025ae 3 1 1e 800025ae 0 0 800027c0 0 f 0 1 0 0 0 0 0 0 0 1 0 0 0 0 267e 2683
R 7ab 800025b6 800025ae bfe5 0 0 0 3 1 0 0 0 0 0 0 0 0 800025b8 f 0 0 b 0 0 0 0 0 0 0 1 0 0 0 0 2682 2684
R 7ac 800025ae 800025b2 f17 0 0 0 3 1 0 0 0 0 0 0 1e 800025ae 800025ae f 0 0 0 0 0 0 0 0 0 0 1 0 0 0 0 268a 268c
R 7ad 800025b2 800025b6 203f2923 0 0 0 3 1 1e 800025ae 3 1 1e 800025ae 0 0 800027c0 0 f 0 1 0 0 0 0 0 0 0 1 0 0 0 0 2690 2693
R 7ae 800025b6 800025ae bfe5 0 0 0 3 1 0 0 0 0 0 0 0 0 800025b8 f 0 0 b 0 0 0 0 0 0 0 1 0 0 0 0 2692 2694
R 7af 800025ae 800025b2 f17 0 0 0 3 1 0 0 0 0 0 0 1e 800025ae 800025ae f 0 0 0 0 0 0 0 0 0 0 1 0 0 0 0 2699 269b
R 7b0 800025b2 800025b6 203f2923 0 0 0 3 1 1e 800025ae 3 1 1e 800025ae 0 0 800027c0 0 f 0 1 0 0 0 0 0 0 0 1 0 0 0 0 269f 26a3
R 7b1 800025b6 800025ae bfe5 0 0 0 3 1 0 0 0 0 0 0 0 0 800025b8 f 0 0 b 0 0 0 0 0 0 0 1 0 0 0 0 26a2 26a4
R 7b2 800025ae 800025b2 f17 0 0 0 3 1 0 0 0 0 0 0 1e 800025ae 800025ae f 0 0 0 0 0 0 0 0 0 0 1 0 0 0 0 26ab 26ad
R 7b3 800025b2 800025b6 203f2923 0 0 0 3 1 1e 800025ae 3 1 1e 800025ae 0 0 800027c0 0 f 0 1 0 0 0 0 0 0 0 1 0 0 0 0 26b2 26b7
R 7b4 800025b6 800025ae bfe5 0 0 0 3 1 0 0 0 0 0 0 0 0 800025b8 f 0 0 b 0 0 0 0 0 0 0 1 0 0 0 0 26b6 26b8
R 7b5 800025ae 800025b2 f17 0 0 0 3 1 0 0 0 0 0 0 1e 800025ae 800025ae f 0 0 0 0 0 0 0 0 0 0 1 0 0 0 0 26be 26c0
R 7b6 800025b2 800025b6 203f2923 0 0 0 3 1 1e 800025ae 3 1 1e 800025ae 0 0 800027c0 0 f 0 1 0 0 0 0 0 0 0 1 0 0 0 0 26c3 26c6
R 7b7 800025b6 800025ae bfe5 0 0 0 3 1 0 0 0 0 0 0 0 0 800025b8 f 0 0 b 0 0 0 0 0 0 0 1 0 0 0 0 26c5 26c7
R 7b8 800025ae 800025b2 f17 0 0 0 3 1 0 0 0 0 0 0 1e 800025ae 800025ae f 0 0 0 0 0 0 0 0 0 0 1 0 0 0 0 26cb 26cd
R 7b9 800025b2 800025b6 203f2923 0 0 0 3 1 1e 800025ae 3 1 1e 800025ae 0 0 800027c0 0 f 0 1 0 0 0 0 0 0 0 1 0 0 0 0 26d2 26d6
R 7ba 800025b6 800025ae bfe5 0 0 0 3 1 0 0 0 0 0 0 0 0 800025b8 f 0 0 b 0 0 0 0 0 0 0 1 0 0 0 0 26d5 26d7
R 7bb 800025ae 800025b2 f17 0 0 0 3 1 0 0 0 0 0 0 1e 800025ae 800025ae f 0 0 0 0 0 0 0 0 0 0 1 0 0 0 0 26e0 26e2
R 7bc 800025b2 800025b6 203f2923 0 0 0 3 1 1e 800025ae 3 1 1e 800025ae 0 0 800027c0 0 f 0 1 0 0 0 0 0 0 0 1 0 0 0 0 26e6 26ea
R 7bd 800025b6 800025ae bfe5 0 0 0 3 1 0 0 0 0 0 0 0 0 800025b8 f 0 0 b 0 0 0 0 0 0 0 1 0 0 0 0 26e9 26eb
R 7be 800025ae 800025b2 f17 0 0 0 3 1 0 0 0 0 0 0 1e 800025ae 800025ae f 0 0 0 0 0 0 0 0 0 0 1 0 0 0 0 26f2 26f4
R 7bf 800025b2 800025b6 203f2923 0 0 0 3 1 1e 800025ae 3 1 1e 800025ae 0 0 800027c0 0 f 0 1 0 0 0 0 0 0 0 1 0 0 0 0 26f6 26f9
R 7c0 800025b6 800025ae bfe5 0 0 0 3 1 0 0 0 0 0 0 0 0 800025b8 f 0 0 b 0 0 0 0 0 0 0 1 0 0 0 0 26f8 26fa
R 7c1 800025ae 800025b2 f17 0 0 0 3 1 0 0 0 0 0 0 1e 800025ae 800025ae f 0 0 0 0 0 0 0 0 0 0 1 0 0 0 0 2701 2703
R 7c2 800025b2 800025b6 203f2923 0 0 0 3 1 1e 800025ae 3 1 1e 800025ae 0 0 800027c0 0 f 0 1 0 0 0 0 0 0 0 1 0 0 0 0 2704 2709
R 7c3 800025b6 800025ae bfe5 0 0 0 3 1 0 0 0 0 0 0 0 0 800025b8 f 0 0 b 0 0 0 0 0 0 0 1 0 0 0 0 2708 270a
R 7c4 800025ae 800025b2 f17 0 0 0 3 1 0 0 0 0 0 0 1e 800025ae 800025ae f 0 0 0 0 0 0 0 0 0 0 1 0 0 0 0 270e 2710
R 7c5 800025b2 800025b6 203f2923 0 0 0 3 1 1e 800025ae 3 1 1e 800025ae 0 0 800027c0 0 f 0 1 0 0 0 0 0 0 0 1 0 0 0 0 2713 2718
R 7c6 800025b6 800025ae bfe5 0 0 0 3 1 0 0 0 0 0 0 0 0 800025b8 f 0 0 b 0 0 0 0 0 0 0 1 0 0 0 0 2717 2719
R 7c7 800025ae 800025b2 f17 0 0 0 3 1 0 0 0 0 0 0 1e 800025ae 800025ae f 0 0 0 0 0 0 0 0 0 0 1 0 0 0 0 271f 2721
R 7c8 800025b2 800025b6 203f2923 0 0 0 3 1 1e 800025ae 3 1 1e 800025ae 0 0 800027c0 0 f 0 1 0 0 0 0 0 0 0 1 0 0 0 0 2722 2726
R 7c9 800025b6 800025ae bfe5 0 0 0 3 1 0 0 0 0 0 0 0 0 800025b8 f 0 0 b 0 0 0 0 0 0 0 1 0 0 0 0 2725 2727
R 7ca 800025ae 800025b2 f17 0 0 0 3 1 0 0 0 0 0 0 1e 800025ae 800025ae f 0 0 0 0 0 0 0 0 0 0 1 0 0 0 0 272d 272f
R 7cb 800025b2 800025b6 203f2923 0 0 0 3 1 1e 800025ae 3 1 1e 800025ae 0 0 800027c0 0 f 0 1 0 0 0 0 0 0 0 1 0 0 0 0 2732 2735
R 7cc 800025b6 800025ae bfe5 0 0 0 3 1 0 0 0 0 0 0 0 0 800025b8 f 0 0 b 0 0 0 0 0 0 0 1 0 0 0 0 2734 2736
R 7cd 800025ae 800025b2 f17 0 0 0 3 1 0 0 0 0 0 0 1e 800025ae 800025ae f 0 0 0 0 0 0 0 0 0 0 1 0 0 0 0 273d 273f
R 7ce 800025b2 800025b6 203f2923 0 0 0 3 1 1e 800025ae 3 1 1e 800025ae 0 0 800027c0 0 f 0 1 0 0 0 0 0 0 0 1 0 0 0 0 2741 2744
R 7cf 800025b6 800025ae bfe5 0 0 0 3 1 0 0 0 0 0 0 0 0 800025b8 f 0 0 b 0 0 0 0 0 0 0 1 0 0 0 0 2743 2745
R 7d0 800025ae 800025b2 f17 0 0 0 3 1 0 0 0 0 0 0 1e 800025ae 800025ae f 0 0 0 0 0 0 0 0 0 0 1 0 0 0 0 274d 274f
R 7d1 800025b2 800025b6 203f2923 0 0 0 3 1 1e 800025ae 3 1 1e 800025ae 0 0 800027c0 0 f 0 1 0 0 0 0 0 0 0 1 0 0 0 0 274f 2752
R 7d2 800025b6 800025ae bfe5 0 0 0 3 1 0 0 0 0 0 0 0 0 800025b8 f 0 0 b 0 0 0 0 0 0 0 1 0 0 0 0 2751 2753
R 7d3 800025ae 800025b2 f17 0 0 0 3 1 0 0 0 0 0 0 1e 800025ae 800025ae f 0 0 0 0 0 0 0 0 0 0 1 0 0 0 0 2759 275b
R 7d4 800025b2 800025b6 203f2923 0 0 0 3 1 1e 800025ae 3 1 1e 800025ae 0 0 800027c0 0 f 0 1 0 0 0 0 0 0 0 1 0 0 0 0 275f 2763
R 7d5 800025b6 800025ae bfe5 0 0 0 3 1 0 0 0 0 0 0 0 0 800025b8 f 0 0 b 0 0 0 0 0 0 0 1 0 0 0 0 2762 2764
R 7d6 800025ae 800025b2 f17 0 0 0 3 1 0 0 0 0 0 0 1e 800025ae 800025ae f 0 0 0 0 0 0 0 0 0 0 1 0 0 0 0 276a 276c
R 7d7 800025b2 800025b6 203f2923 0 0 0 3 1 1e 800025ae 3 1 1e 800025ae 0 0 800027c0 0 f 0 1 0 0 0 0 0 0 0 1 0 0 0 0 276e 2773
R 7d8 800025b6 800025ae bfe5 0 0 0 3 1 0 0 0 0 0 0 0 0 800025b8 f 0 0 b 0 0 0 0 0 0 0 1 0 0 0 0 2772 2774
# flush seq=2 records=2008 retired=2008 markers=0 events=0 cycle=10106
# end records=2008 retired=2008 markers=0 events=0
