item,group,test,tier,seeds,verdicts,fired,bins,bins_unhit,unhit_list,witness_bins,witness_marked,hold,carve,status
TP-BIT-001,gen_bit_ratified,gen_test_bit_ratified,smoke,3,PASS,none,59,59,CG-BIT-011.cp_legal_insn.andn (not declared); CG-BIT-011.cp_legal_insn.bclr (not declared); CG-BIT-011.cp_legal_insn.bclri (not declared); CG-BIT-011.cp_legal_insn.bext (not declared); CG-BIT-011.cp_legal_insn.bexti (not declared); CG-BIT-011.cp_legal_insn.bfp (not declared); CG-BIT-011.cp_legal_insn.binv (not declared); CG-BIT-011.cp_legal_insn.binvi (not declared); CG-BIT-011.cp_legal_insn.bset (not declared); CG-BIT-011.cp_legal_insn.bseti (not declared); CG-BIT-011.cp_legal_insn.clmul (not declared); CG-BIT-011.cp_legal_insn.clmulh (not declared); CG-BIT-011.cp_legal_insn.clmulr (not declared); CG-BIT-011.cp_legal_insn.clz (not declared); CG-BIT-011.cp_legal_insn.cmix (not declared); CG-BIT-011.cp_legal_insn.cmov (not declared); CG-BIT-011.cp_legal_insn.cpop (not declared); CG-BIT-011.cp_legal_insn.crc32_b (not declared); CG-BIT-011.cp_legal_insn.crc32_h (not declared); CG-BIT-011.cp_legal_insn.crc32_w (not declared); CG-BIT-011.cp_legal_insn.crc32c_b (not declared); CG-BIT-011.cp_legal_insn.crc32c_h (not declared); CG-BIT-011.cp_legal_insn.crc32c_w (not declared); CG-BIT-011.cp_legal_insn.ctz (not declared); CG-BIT-011.cp_legal_insn.fsl (not declared); CG-BIT-011.cp_legal_insn.fsr (not declared); CG-BIT-011.cp_legal_insn.fsri (not declared); CG-BIT-011.cp_legal_insn.gorc (not declared); CG-BIT-011.cp_legal_insn.gorci (not declared); CG-BIT-011.cp_legal_insn.grev (not declared); CG-BIT-011.cp_legal_insn.grevi (not declared); CG-BIT-011.cp_legal_insn.max (not declared); CG-BIT-011.cp_legal_insn.maxu (not declared); CG-BIT-011.cp_legal_insn.min (not declared); CG-BIT-011.cp_legal_insn.minu (not declared); CG-BIT-011.cp_legal_insn.orn (not declared); CG-BIT-011.cp_legal_insn.pack (not declared); CG-BIT-011.cp_legal_insn.packh (not declared); CG-BIT-011.cp_legal_insn.packu (not declared); CG-BIT-011.cp_legal_insn.rol (not declared); CG-BIT-011.cp_legal_insn.ror (not declared); CG-BIT-011.cp_legal_insn.rori (not declared); CG-BIT-011.cp_legal_insn.sext_b (not declared); CG-BIT-011.cp_legal_insn.sext_h (not declared); CG-BIT-011.cp_legal_insn.sh1add (not declared); CG-BIT-011.cp_legal_insn.sh2add (not declared); CG-BIT-011.cp_legal_insn.sh3add (not declared); CG-BIT-011.cp_legal_insn.shfl (not declared); CG-BIT-011.cp_legal_insn.shfli (not declared); CG-BIT-011.cp_legal_insn.slo (not declared); CG-BIT-011.cp_legal_insn.sloi (not declared); CG-BIT-011.cp_legal_insn.sro (not declared); CG-BIT-011.cp_legal_insn.sroi (not declared); CG-BIT-011.cp_legal_insn.unshfl (not declared); CG-BIT-011.cp_legal_insn.unshfli (not declared); CG-BIT-011.cp_legal_insn.xnor (not declared); CG-BIT-011.cp_legal_insn.xperm_b (not declared); CG-BIT-011.cp_legal_insn.xperm_h (not declared); CG-BIT-011.cp_legal_insn.xperm_n (not declared),0,no,,,NOT-FIRED (no fire line: not built or not reached)
TP-BIT-002,gen_bit_ratified,gen_test_bit_ratified,smoke,3,PASS,yes,71,2,CG-BIT-001.cr_op_rs1.sh1add_neg_rand (bins_not_hit); CG-BIT-001.cr_op_rs1.sh2add_neg_rand (bins_not_hit),0,no,,,UNHIT (2 of 71 bins)
TP-BIT-003,gen_bit_ratified,gen_test_bit_ratified,targeted,3,PASS,yes,99,24,CG-BIT-001.cp_same_regs.all_same (bins_not_hit); CG-BIT-001.cr_op_eq.pack_yes (bins_not_hit); CG-BIT-001.cr_op_eq.packh_yes (bins_not_hit); CG-BIT-001.cr_op_eq.packu_yes (bins_not_hit); CG-BIT-001.cr_op_same.andn_all_same (bins_not_hit); CG-BIT-001.cr_op_same.andn_rs1_eq_rs2 (bins_not_hit); CG-BIT-001.cr_op_same.max_all_same (bins_not_hit); CG-BIT-001.cr_op_same.maxu_all_same (bins_not_hit); CG-BIT-001.cr_op_same.maxu_rs1_eq_rs2 (bins_not_hit); CG-BIT-001.cr_op_same.min_all_same (bins_not_hit); CG-BIT-001.cr_op_same.minu_all_same (bins_not_hit); CG-BIT-001.cr_op_same.orn_all_same (bins_not_hit); CG-BIT-001.cr_op_same.orn_rs1_eq_rs2 (bins_not_hit); CG-BIT-001.cr_op_same.pack_all_same (bins_not_hit); CG-BIT-001.cr_op_same.pack_rs1_eq_rs2 (bins_not_hit); CG-BIT-001.cr_op_same.packh_all_same (bins_not_hit); CG-BIT-001.cr_op_same.packh_rs1_eq_rs2 (bins_not_hit); CG-BIT-001.cr_op_same.packu_all_same (bins_not_hit); CG-BIT-001.cr_op_same.packu_rs1_eq_rs2 (bins_not_hit); CG-BIT-001.cr_op_same.sh1add_all_same (bins_not_hit); CG-BIT-001.cr_op_same.sh2add_all_same (bins_not_hit); CG-BIT-001.cr_op_same.sh3add_all_same (bins_not_hit); CG-BIT-001.cr_op_same.xnor_all_same (bins_not_hit); CG-BIT-001.cr_op_same.xnor_rs1_eq_rs2 (bins_not_hit),0,no,,,UNHIT (24 of 99 bins)
TP-BIT-004,gen_bit_ratified,gen_test_bit_ratified,smoke,3,PASS,yes,73,3,CG-BIT-001.cr_op_rs1.andn_neg_rand (bins_not_hit); CG-BIT-001.cr_op_rs1.orn_neg_rand (bins_not_hit); CG-BIT-001.cr_op_rs1.xnor_neg_rand (bins_not_hit),0,no,,,UNHIT (3 of 73 bins)
TP-BIT-005,gen_bit_ratified,gen_test_bit_ratified,smoke,3,PASS,yes,51,0,,0,no,,,CREDITED
TP-BIT-006,gen_bit_ratified,gen_test_bit_ratified,targeted,3,PASS,yes,145,0,,0,no,,,CREDITED
TP-BIT-007,gen_bit_ratified,gen_test_bit_ratified,smoke,3,PASS,yes,109,3,CG-BIT-001.cr_op_rs1.maxu_neg_rand (bins_not_hit); CG-BIT-001.cr_op_rs1.min_neg_rand (bins_not_hit); CG-BIT-001.cr_op_rs1.minu_neg_rand (bins_not_hit),0,no,,,UNHIT (3 of 109 bins)
TP-BIT-008,gen_bit_ratified,gen_test_bit_ratified,targeted,3,PASS,yes,65,3,CG-BIT-001.cr_op_eq.pack_yes (bins_not_hit); CG-BIT-001.cr_op_eq.packh_yes (bins_not_hit); CG-BIT-001.cr_op_eq.packu_yes (bins_not_hit),0,no,,,UNHIT (3 of 65 bins)
TP-BIT-009,gen_bit_ratified,gen_test_bit_ratified,smoke,3,PASS,yes,6,0,,0,no,,,CREDITED
TP-BIT-010,gen_bit_ratified,gen_test_bit_ratified,smoke,3,PASS,yes,22,1,CG-BIT-001.cr_op_rs1.zext_h_neg_rand (bins_not_hit),0,no,,,UNHIT (1 of 22 bins)
TP-BIT-011,gen_bit_draft,gen_test_bit_draft,targeted,3,PASS,none,83,83,CG-BIT-001.cp_op.pack; CG-BIT-001.cp_op.packh; CG-BIT-001.cp_op.packu; CG-BIT-001.cp_rs1_class.all_ones; CG-BIT-001.cp_rs1_class.byte_msb; CG-BIT-001.cp_rs1_class.e0000000; CG-BIT-001.cp_rs1_class.half_msb; CG-BIT-001.cp_rs1_class.int_max; CG-BIT-001.cp_rs1_class.int_min; CG-BIT-001.cp_rs1_class.neg_rand; CG-BIT-001.cp_rs1_class.one; CG-BIT-001.cp_rs1_class.pos_rand; CG-BIT-001.cp_rs1_class.zero; CG-BIT-001.cp_rs2_class.all_ones; CG-BIT-001.cp_rs2_class.int_max; CG-BIT-001.cp_rs2_class.int_min; CG-BIT-001.cp_rs2_class.neg_rand; CG-BIT-001.cp_rs2_class.one; CG-BIT-001.cp_rs2_class.pos_rand; CG-BIT-001.cp_rs2_class.zero; CG-BIT-001.cp_same_regs.all_same; CG-BIT-001.cp_same_regs.distinct; CG-BIT-001.cp_same_regs.rs1_eq_rs2; CG-BIT-001.cr_op_rs1.pack_all_ones; CG-BIT-001.cr_op_rs1.pack_byte_msb; CG-BIT-001.cr_op_rs1.pack_e0000000; CG-BIT-001.cr_op_rs1.pack_half_msb; CG-BIT-001.cr_op_rs1.pack_int_max; CG-BIT-001.cr_op_rs1.pack_int_min; CG-BIT-001.cr_op_rs1.pack_neg_rand; CG-BIT-001.cr_op_rs1.pack_one; CG-BIT-001.cr_op_rs1.pack_pos_rand; CG-BIT-001.cr_op_rs1.pack_zero; CG-BIT-001.cr_op_rs1.packh_all_ones; CG-BIT-001.cr_op_rs1.packh_byte_msb; CG-BIT-001.cr_op_rs1.packh_e0000000; CG-BIT-001.cr_op_rs1.packh_half_msb; CG-BIT-001.cr_op_rs1.packh_int_max; CG-BIT-001.cr_op_rs1.packh_int_min; CG-BIT-001.cr_op_rs1.packh_neg_rand; CG-BIT-001.cr_op_rs1.packh_one; CG-BIT-001.cr_op_rs1.packh_pos_rand; CG-BIT-001.cr_op_rs1.packh_zero; CG-BIT-001.cr_op_rs1.packu_all_ones; CG-BIT-001.cr_op_rs1.packu_byte_msb; CG-BIT-001.cr_op_rs1.packu_e0000000; CG-BIT-001.cr_op_rs1.packu_half_msb; CG-BIT-001.cr_op_rs1.packu_int_max; CG-BIT-001.cr_op_rs1.packu_int_min; CG-BIT-001.cr_op_rs1.packu_neg_rand; CG-BIT-001.cr_op_rs1.packu_one; CG-BIT-001.cr_op_rs1.packu_pos_rand; CG-BIT-001.cr_op_rs1.packu_zero; CG-BIT-001.cr_op_rs2.pack_all_ones; CG-BIT-001.cr_op_rs2.pack_int_max; CG-BIT-001.cr_op_rs2.pack_int_min; CG-BIT-001.cr_op_rs2.pack_neg_rand; CG-BIT-001.cr_op_rs2.pack_one; CG-BIT-001.cr_op_rs2.pack_pos_rand; CG-BIT-001.cr_op_rs2.pack_zero; CG-BIT-001.cr_op_rs2.packh_all_ones; CG-BIT-001.cr_op_rs2.packh_int_max; CG-BIT-001.cr_op_rs2.packh_int_min; CG-BIT-001.cr_op_rs2.packh_neg_rand; CG-BIT-001.cr_op_rs2.packh_one; CG-BIT-001.cr_op_rs2.packh_pos_rand; CG-BIT-001.cr_op_rs2.packh_zero; CG-BIT-001.cr_op_rs2.packu_all_ones; CG-BIT-001.cr_op_rs2.packu_int_max; CG-BIT-001.cr_op_rs2.packu_int_min; CG-BIT-001.cr_op_rs2.packu_neg_rand; CG-BIT-001.cr_op_rs2.packu_one; CG-BIT-001.cr_op_rs2.packu_pos_rand; CG-BIT-001.cr_op_rs2.packu_zero; CG-BIT-001.cr_op_same.pack_all_same; CG-BIT-001.cr_op_same.pack_distinct; CG-BIT-001.cr_op_same.pack_rs1_eq_rs2; CG-BIT-001.cr_op_same.packh_all_same; CG-BIT-001.cr_op_same.packh_distinct; CG-BIT-001.cr_op_same.packh_rs1_eq_rs2; CG-BIT-001.cr_op_same.packu_all_same; CG-BIT-001.cr_op_same.packu_distinct; CG-BIT-001.cr_op_same.packu_rs1_eq_rs2,0,no,,,UNVERIFIED (no fcov check with per-bin results in the round)
TP-BIT-014,gen_bit_ratified,gen_test_bit_ratified,smoke,3,PASS,yes,13,10,CG-BIT-004.cp_bit25.b0 (not declared); CG-BIT-004.cp_grev_ctrl.c7 (not declared); CG-BIT-004.cp_op.gorci (not declared); CG-BIT-004.cp_operand.bytes_01020304 (not declared); CG-BIT-004.cp_operand.single_bit (not declared); CG-BIT-004.cr_op_operand.gorci_all_ones (not declared); CG-BIT-004.cr_op_operand.gorci_bytes_01020304 (not declared); CG-BIT-004.cr_op_operand.gorci_rand (not declared); CG-BIT-004.cr_op_operand.gorci_single_bit (not declared); CG-BIT-004.cr_op_operand.gorci_zero (not declared),0,no,,,UNHIT (10 of 13 bins)
TP-BIT-015,gen_bit_ratified,gen_test_bit_ratified,smoke,3,PASS,yes,3,3,CG-BIT-004.cp_grev_ctrl.c24 (not declared); CG-BIT-004.cp_op.grevi (not declared); CG-BIT-004.cp_operand.bytes_01020304 (not declared),0,no,,,UNHIT (3 of 3 bins)
TP-BIT-016,gen_bit_draft,gen_test_bit_draft,targeted,3,PASS,yes,15,15,CG-BIT-004.cp_grev_ctrl.c0; CG-BIT-004.cp_grev_ctrl.c31; CG-BIT-004.cp_op.gorc; CG-BIT-004.cp_op.grev; CG-BIT-004.cp_operand.single_bit; CG-BIT-004.cp_rs2_upper.nonzero; CG-BIT-004.cp_rs2_upper.zero; CG-BIT-004.cr_grev_ctrl.gorc_c0; CG-BIT-004.cr_grev_ctrl.gorc_c31; CG-BIT-004.cr_grev_ctrl.grev_c0; CG-BIT-004.cr_grev_ctrl.grev_c31; CG-BIT-004.cr_reg_upper.gorc_nonzero; CG-BIT-004.cr_reg_upper.gorc_zero; CG-BIT-004.cr_reg_upper.grev_nonzero; CG-BIT-004.cr_reg_upper.grev_zero,0,no,,,UNVERIFIED (no fcov check with per-bin results in the round)
TP-BIT-017,gen_bit_ratified,gen_test_bit_ratified,smoke,3,PASS,yes,33,0,,0,no,,,CREDITED
TP-BIT-018,gen_bit_ratified,gen_test_bit_ratified,smoke,3,PASS,yes,48,0,,0,no,,,CREDITED
TP-BIT-019,gen_bit_ratified,gen_test_bit_ratified,targeted,3,PASS,yes,16,5,CG-BIT-006.cp_binv_twice.yes (bins_not_hit); CG-BIT-011.cp_illegal_class.bclri_bit25 (not declared); CG-BIT-011.cp_illegal_class.bexti_bit25 (not declared); CG-BIT-011.cp_illegal_class.binvi_bit25 (not declared); CG-BIT-011.cp_illegal_class.bseti_bit25 (not declared),0,no,,,UNHIT (5 of 16 bins)
TP-BIT-020,gen_bit_ratified,gen_test_bit_ratified,smoke,3,PASS,yes,43,37,CG-BIT-007.cp_op.clmul (not declared); CG-BIT-007.cp_op.clmulh (not declared); CG-BIT-007.cp_op.clmulr (not declared); CG-BIT-007.cp_rs1_class.rand (not declared); CG-BIT-007.cp_rs1_class.single_bit (not declared); CG-BIT-007.cp_rs2_class.rand (not declared); CG-BIT-007.cp_rs2_class.single_bit (not declared); CG-BIT-007.cr_clmul_rs2.clmul_all_ones (not declared); CG-BIT-007.cr_clmul_rs2.clmul_one (not declared); CG-BIT-007.cr_clmul_rs2.clmul_rand (not declared); CG-BIT-007.cr_clmul_rs2.clmul_single_bit (not declared); CG-BIT-007.cr_clmul_rs2.clmul_zero (not declared); CG-BIT-007.cr_clmul_rs2.clmulh_all_ones (not declared); CG-BIT-007.cr_clmul_rs2.clmulh_one (not declared); CG-BIT-007.cr_clmul_rs2.clmulh_rand (not declared); CG-BIT-007.cr_clmul_rs2.clmulh_single_bit (not declared); CG-BIT-007.cr_clmul_rs2.clmulh_zero (not declared); CG-BIT-007.cr_clmul_rs2.clmulr_all_ones (not declared); CG-BIT-007.cr_clmul_rs2.clmulr_one (not declared); CG-BIT-007.cr_clmul_rs2.clmulr_rand (not declared); CG-BIT-007.cr_clmul_rs2.clmulr_single_bit (not declared); CG-BIT-007.cr_clmul_rs2.clmulr_zero (not declared); CG-BIT-007.cr_op_rs1.clmul_all_ones (not declared); CG-BIT-007.cr_op_rs1.clmul_one (not declared); CG-BIT-007.cr_op_rs1.clmul_rand (not declared); CG-BIT-007.cr_op_rs1.clmul_single_bit (not declared); CG-BIT-007.cr_op_rs1.clmul_zero (not declared); CG-BIT-007.cr_op_rs1.clmulh_all_ones (not declared); CG-BIT-007.cr_op_rs1.clmulh_one (not declared); CG-BIT-007.cr_op_rs1.clmulh_rand (not declared); CG-BIT-007.cr_op_rs1.clmulh_single_bit (not declared); CG-BIT-007.cr_op_rs1.clmulh_zero (not declared); CG-BIT-007.cr_op_rs1.clmulr_all_ones (not declared); CG-BIT-007.cr_op_rs1.clmulr_one (not declared); CG-BIT-007.cr_op_rs1.clmulr_rand (not declared); CG-BIT-007.cr_op_rs1.clmulr_single_bit (not declared); CG-BIT-007.cr_op_rs1.clmulr_zero (not declared),0,no,,,UNHIT (37 of 43 bins)
TP-BIT-021,gen_bit_ratified,gen_test_bit_ratified,targeted,3,PASS,yes,15,11,CG-BIT-007.cp_bit_sum.ge32 (not declared); CG-BIT-007.cp_bit_sum.lt32 (not declared); CG-BIT-007.cp_op.clmul (not declared); CG-BIT-007.cp_op.clmulh (not declared); CG-BIT-007.cp_op.clmulr (not declared); CG-BIT-007.cr_clmul_bitsum.clmul_ge32 (not declared); CG-BIT-007.cr_clmul_bitsum.clmul_lt32 (not declared); CG-BIT-007.cr_clmul_bitsum.clmulh_ge32 (not declared); CG-BIT-007.cr_clmul_bitsum.clmulh_lt32 (not declared); CG-BIT-007.cr_clmul_bitsum.clmulr_ge32 (not declared); CG-BIT-007.cr_clmul_bitsum.clmulr_lt32 (not declared),0,no,,,UNHIT (11 of 15 bins)
TP-BIT-022,gen_bit_draft,gen_test_bit_draft,targeted,3,PASS,none,51,51,CG-BIT-003.cp_amount.a0; CG-BIT-003.cp_amount.a1; CG-BIT-003.cp_amount.a31; CG-BIT-003.cp_amount.mid; CG-BIT-003.cp_op.slo; CG-BIT-003.cp_op.sloi; CG-BIT-003.cp_op.sro; CG-BIT-003.cp_op.sroi; CG-BIT-003.cp_operand.all_ones; CG-BIT-003.cp_operand.lsb_only; CG-BIT-003.cp_operand.msb_only; CG-BIT-003.cp_operand.rand; CG-BIT-003.cp_operand.zero; CG-BIT-003.cp_sloi_bits.b00; CG-BIT-003.cp_sroi_bit25.b0; CG-BIT-003.cr_op_amount.slo_a0; CG-BIT-003.cr_op_amount.slo_a1; CG-BIT-003.cr_op_amount.slo_a31; CG-BIT-003.cr_op_amount.slo_mid; CG-BIT-003.cr_op_amount.sloi_a0; CG-BIT-003.cr_op_amount.sloi_a1; CG-BIT-003.cr_op_amount.sloi_a31; CG-BIT-003.cr_op_amount.sloi_mid; CG-BIT-003.cr_op_amount.sro_a0; CG-BIT-003.cr_op_amount.sro_a1; CG-BIT-003.cr_op_amount.sro_a31; CG-BIT-003.cr_op_amount.sro_mid; CG-BIT-003.cr_op_amount.sroi_a0; CG-BIT-003.cr_op_amount.sroi_a1; CG-BIT-003.cr_op_amount.sroi_a31; CG-BIT-003.cr_op_amount.sroi_mid; CG-BIT-003.cr_op_operand.slo_all_ones; CG-BIT-003.cr_op_operand.slo_lsb_only; CG-BIT-003.cr_op_operand.slo_msb_only; CG-BIT-003.cr_op_operand.slo_rand; CG-BIT-003.cr_op_operand.slo_zero; CG-BIT-003.cr_op_operand.sloi_all_ones; CG-BIT-003.cr_op_operand.sloi_lsb_only; CG-BIT-003.cr_op_operand.sloi_msb_only; CG-BIT-003.cr_op_operand.sloi_rand; CG-BIT-003.cr_op_operand.sloi_zero; CG-BIT-003.cr_op_operand.sro_all_ones; CG-BIT-003.cr_op_operand.sro_lsb_only; CG-BIT-003.cr_op_operand.sro_msb_only; CG-BIT-003.cr_op_operand.sro_rand; CG-BIT-003.cr_op_operand.sro_zero; CG-BIT-003.cr_op_operand.sroi_all_ones; CG-BIT-003.cr_op_operand.sroi_lsb_only; CG-BIT-003.cr_op_operand.sroi_msb_only; CG-BIT-003.cr_op_operand.sroi_rand; CG-BIT-003.cr_op_operand.sroi_zero,0,no,,,UNVERIFIED (no fcov check with per-bin results in the round)
TP-BIT-023,gen_bit_draft,gen_test_bit_draft,targeted,3,PASS,none,27,27,CG-BIT-003.cp_amount.a0; CG-BIT-003.cp_amount.a31; CG-BIT-003.cp_op.rol; CG-BIT-003.cp_op.ror; CG-BIT-003.cp_op.slo; CG-BIT-003.cp_op.sro; CG-BIT-003.cp_operand.zero; CG-BIT-003.cp_rs2_upper.all_ones; CG-BIT-003.cp_rs2_upper.is32; CG-BIT-003.cp_rs2_upper.other_nonzero; CG-BIT-003.cp_rs2_upper.zero; CG-BIT-003.cr_reg_upper.rol_all_ones; CG-BIT-003.cr_reg_upper.rol_is32; CG-BIT-003.cr_reg_upper.rol_other_nonzero; CG-BIT-003.cr_reg_upper.rol_zero; CG-BIT-003.cr_reg_upper.ror_all_ones; CG-BIT-003.cr_reg_upper.ror_is32; CG-BIT-003.cr_reg_upper.ror_other_nonzero; CG-BIT-003.cr_reg_upper.ror_zero; CG-BIT-003.cr_reg_upper.slo_all_ones; CG-BIT-003.cr_reg_upper.slo_is32; CG-BIT-003.cr_reg_upper.slo_other_nonzero; CG-BIT-003.cr_reg_upper.slo_zero; CG-BIT-003.cr_reg_upper.sro_all_ones; CG-BIT-003.cr_reg_upper.sro_is32; CG-BIT-003.cr_reg_upper.sro_other_nonzero; CG-BIT-003.cr_reg_upper.sro_zero,0,no,,,UNVERIFIED (no fcov check with per-bin results in the round)
TP-BIT-024,gen_bit_draft,gen_test_bit_draft,targeted,3,PASS,none,10,10,CG-BIT-004.cp_op.shfl; CG-BIT-004.cp_op.shfli; CG-BIT-004.cp_op.unshfl; CG-BIT-004.cp_op.unshfli; CG-BIT-004.cp_shfl_ctrl.c15; CG-BIT-004.cr_shfl_ctrl.shfl_c15; CG-BIT-004.cr_shfl_ctrl.shfli_c15; CG-BIT-004.cr_shfl_ctrl.unshfl_c15; CG-BIT-004.cr_shfl_ctrl.unshfli_c15; CG-BIT-011.cp_illegal_class.shfli_bit26,0,no,,,UNVERIFIED (no fcov check with per-bin results in the round)
TP-BIT-025,gen_bit_draft,gen_test_bit_draft,targeted,3,PASS,none,43,43,CG-BIT-005.cp_index_pattern.all_oob; CG-BIT-005.cp_index_pattern.all_same; CG-BIT-005.cp_index_pattern.identity; CG-BIT-005.cp_index_pattern.mixed_oob; CG-BIT-005.cp_index_pattern.rand; CG-BIT-005.cp_index_pattern.reverse; CG-BIT-005.cp_op.xperm_b; CG-BIT-005.cp_op.xperm_h; CG-BIT-005.cp_op.xperm_n; CG-BIT-005.cp_rs1_class.all_ones; CG-BIT-005.cp_rs1_class.distinct_lanes; CG-BIT-005.cp_rs1_class.rand; CG-BIT-005.cp_rs1_class.zero; CG-BIT-005.cr_op_pattern.xperm_b_all_oob; CG-BIT-005.cr_op_pattern.xperm_b_all_same; CG-BIT-005.cr_op_pattern.xperm_b_identity; CG-BIT-005.cr_op_pattern.xperm_b_mixed_oob; CG-BIT-005.cr_op_pattern.xperm_b_rand; CG-BIT-005.cr_op_pattern.xperm_b_reverse; CG-BIT-005.cr_op_pattern.xperm_h_all_oob; CG-BIT-005.cr_op_pattern.xperm_h_all_same; CG-BIT-005.cr_op_pattern.xperm_h_identity; CG-BIT-005.cr_op_pattern.xperm_h_mixed_oob; CG-BIT-005.cr_op_pattern.xperm_h_rand; CG-BIT-005.cr_op_pattern.xperm_h_reverse; CG-BIT-005.cr_op_pattern.xperm_n_all_oob; CG-BIT-005.cr_op_pattern.xperm_n_all_same; CG-BIT-005.cr_op_pattern.xperm_n_identity; CG-BIT-005.cr_op_pattern.xperm_n_mixed_oob; CG-BIT-005.cr_op_pattern.xperm_n_rand; CG-BIT-005.cr_op_pattern.xperm_n_reverse; CG-BIT-005.cr_op_rs1.xperm_b_all_ones; CG-BIT-005.cr_op_rs1.xperm_b_distinct_lanes; CG-BIT-005.cr_op_rs1.xperm_b_rand; CG-BIT-005.cr_op_rs1.xperm_b_zero; CG-BIT-005.cr_op_rs1.xperm_h_all_ones; CG-BIT-005.cr_op_rs1.xperm_h_distinct_lanes; CG-BIT-005.cr_op_rs1.xperm_h_rand; CG-BIT-005.cr_op_rs1.xperm_h_zero; CG-BIT-005.cr_op_rs1.xperm_n_all_ones; CG-BIT-005.cr_op_rs1.xperm_n_distinct_lanes; CG-BIT-005.cr_op_rs1.xperm_n_rand; CG-BIT-005.cr_op_rs1.xperm_n_zero,0,no,,,UNVERIFIED (no fcov check with per-bin results in the round)
TP-BIT-026,gen_bit_draft,gen_test_bit_draft,targeted,3,PASS,none,18,18,CG-BIT-005.cp_index_pattern.all_oob; CG-BIT-005.cp_index_pattern.mixed_oob; CG-BIT-005.cp_oob_lanes.all; CG-BIT-005.cp_oob_lanes.none; CG-BIT-005.cp_oob_lanes.some; CG-BIT-005.cp_op.xperm_b; CG-BIT-005.cp_op.xperm_h; CG-BIT-005.cp_op.xperm_n; CG-BIT-005.cp_rs1_class.all_ones; CG-BIT-005.cr_op_oob.xperm_b_all; CG-BIT-005.cr_op_oob.xperm_b_none; CG-BIT-005.cr_op_oob.xperm_b_some; CG-BIT-005.cr_op_oob.xperm_h_all; CG-BIT-005.cr_op_oob.xperm_h_none; CG-BIT-005.cr_op_oob.xperm_h_some; CG-BIT-005.cr_op_oob.xperm_n_all; CG-BIT-005.cr_op_oob.xperm_n_none; CG-BIT-005.cr_op_oob.xperm_n_some,0,no,,,UNVERIFIED (no fcov check with per-bin results in the round)
TP-BIT-027,gen_bit_draft,gen_test_bit_draft,targeted,3,PASS,none,46,46,CG-BIT-008.cp_cmix_mask.all_ones; CG-BIT-008.cp_cmix_mask.alt; CG-BIT-008.cp_cmix_mask.rand; CG-BIT-008.cp_cmix_mask.zero; CG-BIT-008.cp_cmov_ctrl.msb_only; CG-BIT-008.cp_cmov_ctrl.nonzero_rand; CG-BIT-008.cp_cmov_ctrl.one; CG-BIT-008.cp_cmov_ctrl.zero; CG-BIT-008.cp_op.cmix; CG-BIT-008.cp_op.cmov; CG-BIT-008.cp_rs1_rs3_class.equal; CG-BIT-008.cp_rs1_rs3_class.ones_zero; CG-BIT-008.cp_rs1_rs3_class.rand; CG-BIT-008.cp_rs1_rs3_class.zero_ones; CG-BIT-008.cp_rs3_choice.distinct; CG-BIT-008.cp_rs3_choice.eq_rd; CG-BIT-008.cp_rs3_choice.eq_rs1; CG-BIT-008.cp_rs3_choice.eq_rs2; CG-BIT-008.cp_rs3_choice.x0; CG-BIT-008.cr_op_rs13.cmix_equal; CG-BIT-008.cr_op_rs13.cmix_ones_zero; CG-BIT-008.cr_op_rs13.cmix_rand; CG-BIT-008.cr_op_rs13.cmix_zero_ones; CG-BIT-008.cr_op_rs13.cmov_equal; CG-BIT-008.cr_op_rs13.cmov_ones_zero; CG-BIT-008.cr_op_rs13.cmov_rand; CG-BIT-008.cr_op_rs13.cmov_zero_ones; CG-BIT-008.cr_op_rs3.cmix_distinct; CG-BIT-008.cr_op_rs3.cmix_eq_rd; CG-BIT-008.cr_op_rs3.cmix_eq_rs1; CG-BIT-008.cr_op_rs3.cmix_eq_rs2; CG-BIT-008.cr_op_rs3.cmix_x0; CG-BIT-008.cr_op_rs3.cmov_distinct; CG-BIT-008.cr_op_rs3.cmov_eq_rd; CG-BIT-008.cr_op_rs3.cmov_eq_rs1; CG-BIT-008.cr_op_rs3.cmov_eq_rs2; CG-BIT-008.cr_op_rs3.cmov_x0; CG-BIT-010.cp_delta.d2; CG-BIT-010.cp_fetch_stall.no; CG-BIT-010.cp_op.cmix; CG-BIT-010.cp_op.cmov; CG-BIT-010.cp_op_class.ternary; CG-BIT-010.cp_wb_busy.no; CG-BIT-010.cr_class_delta_clean.ternary_d2; CG-BIT-010.cr_op_delta_clean.cmix_d2; CG-BIT-010.cr_op_delta_clean.cmov_d2,0,no,,,UNVERIFIED (no fcov check with per-bin results in the round)
TP-BIT-028,gen_bit_draft,gen_test_bit_draft,targeted,3,PASS,none,80,80,CG-BIT-008.cp_funnel_amt.a0; CG-BIT-008.cp_funnel_amt.a1; CG-BIT-008.cp_funnel_amt.a31; CG-BIT-008.cp_funnel_amt.a32; CG-BIT-008.cp_funnel_amt.a33; CG-BIT-008.cp_funnel_amt.a63; CG-BIT-008.cp_funnel_amt.mid_hi; CG-BIT-008.cp_funnel_amt.mid_lo; CG-BIT-008.cp_op.fsl; CG-BIT-008.cp_op.fsr; CG-BIT-008.cp_op.fsri; CG-BIT-008.cp_rs1_rs3_class.equal; CG-BIT-008.cp_rs1_rs3_class.ones_zero; CG-BIT-008.cp_rs1_rs3_class.rand; CG-BIT-008.cp_rs1_rs3_class.zero_ones; CG-BIT-008.cp_rs2_upper6.zero; CG-BIT-008.cp_rs3_choice.distinct; CG-BIT-008.cp_rs3_choice.eq_rd; CG-BIT-008.cp_rs3_choice.eq_rs1; CG-BIT-008.cp_rs3_choice.eq_rs2; CG-BIT-008.cp_rs3_choice.x0; CG-BIT-008.cr_funnel_amt.fsl_a0; CG-BIT-008.cr_funnel_amt.fsl_a1; CG-BIT-008.cr_funnel_amt.fsl_a31; CG-BIT-008.cr_funnel_amt.fsl_a32; CG-BIT-008.cr_funnel_amt.fsl_a33; CG-BIT-008.cr_funnel_amt.fsl_a63; CG-BIT-008.cr_funnel_amt.fsl_mid_hi; CG-BIT-008.cr_funnel_amt.fsl_mid_lo; CG-BIT-008.cr_funnel_amt.fsr_a0; CG-BIT-008.cr_funnel_amt.fsr_a1; CG-BIT-008.cr_funnel_amt.fsr_a31; CG-BIT-008.cr_funnel_amt.fsr_a32; CG-BIT-008.cr_funnel_amt.fsr_a33; CG-BIT-008.cr_funnel_amt.fsr_a63; CG-BIT-008.cr_funnel_amt.fsr_mid_hi; CG-BIT-008.cr_funnel_amt.fsr_mid_lo; CG-BIT-008.cr_funnel_amt.fsri_a0; CG-BIT-008.cr_funnel_amt.fsri_a1; CG-BIT-008.cr_funnel_amt.fsri_a31; CG-BIT-008.cr_funnel_amt.fsri_a32; CG-BIT-008.cr_funnel_amt.fsri_a33; CG-BIT-008.cr_funnel_amt.fsri_a63; CG-BIT-008.cr_funnel_amt.fsri_mid_hi; CG-BIT-008.cr_funnel_amt.fsri_mid_lo; CG-BIT-008.cr_op_rs13.fsl_equal; CG-BIT-008.cr_op_rs13.fsl_ones_zero; CG-BIT-008.cr_op_rs13.fsl_rand; CG-BIT-008.cr_op_rs13.fsl_zero_ones; CG-BIT-008.cr_op_rs13.fsr_equal; CG-BIT-008.cr_op_rs13.fsr_ones_zero; CG-BIT-008.cr_op_rs13.fsr_rand; CG-BIT-008.cr_op_rs13.fsr_zero_ones; CG-BIT-008.cr_op_rs13.fsri_equal; CG-BIT-008.cr_op_rs13.fsri_ones_zero; CG-BIT-008.cr_op_rs13.fsri_rand; CG-BIT-008.cr_op_rs13.fsri_zero_ones; CG-BIT-008.cr_op_rs3.fsl_distinct; CG-BIT-008.cr_op_rs3.fsl_eq_rd; CG-BIT-008.cr_op_rs3.fsl_eq_rs1; CG-BIT-008.cr_op_rs3.fsl_eq_rs2; CG-BIT-008.cr_op_rs3.fsl_x0; CG-BIT-008.cr_op_rs3.fsr_distinct; CG-BIT-008.cr_op_rs3.fsr_eq_rd; CG-BIT-008.cr_op_rs3.fsr_eq_rs1; CG-BIT-008.cr_op_rs3.fsr_eq_rs2; CG-BIT-008.cr_op_rs3.fsr_x0; CG-BIT-008.cr_op_rs3.fsri_distinct; CG-BIT-008.cr_op_rs3.fsri_eq_rd; CG-BIT-008.cr_op_rs3.fsri_eq_rs1; CG-BIT-008.cr_op_rs3.fsri_eq_rs2; CG-BIT-008.cr_op_rs3.fsri_x0; CG-BIT-010.cp_delta.d2; CG-BIT-010.cp_op.fsl; CG-BIT-010.cp_op.fsr; CG-BIT-010.cp_op.fsri; CG-BIT-010.cp_wb_busy.no; CG-BIT-010.cr_op_delta_clean.fsl_d2; CG-BIT-010.cr_op_delta_clean.fsr_d2; CG-BIT-010.cr_op_delta_clean.fsri_d2,0,no,,,UNVERIFIED (no fcov check with per-bin results in the round)
TP-BIT-029,gen_bit_draft,gen_test_bit_draft,targeted,3,PASS,none,11,11,CG-BIT-008.cp_fsri_hi5.other; CG-BIT-008.cp_funnel_amt.a0; CG-BIT-008.cp_funnel_amt.a31; CG-BIT-008.cp_funnel_amt.a32; CG-BIT-008.cp_funnel_amt.a33; CG-BIT-008.cp_funnel_amt.a63; CG-BIT-008.cp_op.fsl; CG-BIT-008.cp_op.fsr; CG-BIT-008.cp_rs2_upper6.nonzero; CG-BIT-008.cr_funnel_upper.fsl_nonzero; CG-BIT-008.cr_funnel_upper.fsr_nonzero,0,no,,,UNVERIFIED (no fcov check with per-bin results in the round)
TP-BIT-030,gen_bit_draft,gen_test_bit_draft,targeted,3,PASS,none,54,54,CG-BIT-009.cp_ctrl_upper.nonzero; CG-BIT-009.cp_ctrl_upper.zero; CG-BIT-009.cp_data_class.above_len_set; CG-BIT-009.cp_data_class.all_ones; CG-BIT-009.cp_data_class.rand; CG-BIT-009.cp_data_class.zero; CG-BIT-009.cp_delta.d1; CG-BIT-009.cp_len.l0; CG-BIT-009.cp_len.l1; CG-BIT-009.cp_len.l15; CG-BIT-009.cp_len.mid; CG-BIT-009.cp_off.mid; CG-BIT-009.cp_off.mid_hi; CG-BIT-009.cp_off.o0; CG-BIT-009.cp_off.o16; CG-BIT-009.cp_off.o31; CG-BIT-009.cp_overflow.no; CG-BIT-009.cp_rd_x0.no; CG-BIT-009.cp_rs1_class.all_ones; CG-BIT-009.cp_rs1_class.rand; CG-BIT-009.cp_rs1_class.zero; CG-BIT-009.cr_data_rs1.above_len_set_all_ones; CG-BIT-009.cr_data_rs1.above_len_set_rand; CG-BIT-009.cr_data_rs1.above_len_set_zero; CG-BIT-009.cr_data_rs1.all_ones_all_ones; CG-BIT-009.cr_data_rs1.all_ones_rand; CG-BIT-009.cr_data_rs1.all_ones_zero; CG-BIT-009.cr_data_rs1.rand_all_ones; CG-BIT-009.cr_data_rs1.rand_rand; CG-BIT-009.cr_data_rs1.rand_zero; CG-BIT-009.cr_data_rs1.zero_all_ones; CG-BIT-009.cr_data_rs1.zero_rand; CG-BIT-009.cr_data_rs1.zero_zero; CG-BIT-009.cr_len_off.l0_mid; CG-BIT-009.cr_len_off.l0_mid_hi; CG-BIT-009.cr_len_off.l0_o0; CG-BIT-009.cr_len_off.l0_o16; CG-BIT-009.cr_len_off.l0_o31; CG-BIT-009.cr_len_off.l15_mid; CG-BIT-009.cr_len_off.l15_mid_hi; CG-BIT-009.cr_len_off.l15_o0; CG-BIT-009.cr_len_off.l15_o16; CG-BIT-009.cr_len_off.l15_o31; CG-BIT-009.cr_len_off.l1_mid; CG-BIT-009.cr_len_off.l1_mid_hi; CG-BIT-009.cr_len_off.l1_o0; CG-BIT-009.cr_len_off.l1_o16; CG-BIT-009.cr_len_off.l1_o31; CG-BIT-009.cr_len_off.mid_mid; CG-BIT-009.cr_len_off.mid_mid_hi; CG-BIT-009.cr_len_off.mid_o0; CG-BIT-009.cr_len_off.mid_o16; CG-BIT-009.cr_len_off.mid_o31; CG-BIT-011.cp_legal_insn.bfp,0,no,,,UNVERIFIED (no fcov check with per-bin results in the round)
TP-BIT-031,gen_bit_draft,gen_test_bit_draft,targeted,3,PASS,none,10,10,CG-BIT-009.cp_data_class.above_len_set; CG-BIT-009.cp_len.l0; CG-BIT-009.cp_len.l15; CG-BIT-009.cp_len.mid; CG-BIT-009.cp_off.o16; CG-BIT-009.cp_off.o31; CG-BIT-009.cp_overflow.yes; CG-BIT-009.cr_overflow_len.yes_l0; CG-BIT-009.cr_overflow_len.yes_l15; CG-BIT-009.cr_overflow_len.yes_mid,0,no,,,UNVERIFIED (no fcov check with per-bin results in the round)
TP-BIT-032,gen_bit_draft,gen_test_bit_draft,targeted,3,PASS,none,70,70,CG-BIT-007.cp_op.crc32_b; CG-BIT-007.cp_op.crc32_h; CG-BIT-007.cp_op.crc32_w; CG-BIT-007.cp_op.crc32c_b; CG-BIT-007.cp_op.crc32c_h; CG-BIT-007.cp_op.crc32c_w; CG-BIT-007.cp_rs1_class.all_ones; CG-BIT-007.cp_rs1_class.high_only; CG-BIT-007.cp_rs1_class.low_only; CG-BIT-007.cp_rs1_class.one; CG-BIT-007.cp_rs1_class.rand; CG-BIT-007.cp_rs1_class.single_bit; CG-BIT-007.cp_rs1_class.zero; CG-BIT-007.cr_op_rs1.crc32_b_all_ones; CG-BIT-007.cr_op_rs1.crc32_b_high_only; CG-BIT-007.cr_op_rs1.crc32_b_low_only; CG-BIT-007.cr_op_rs1.crc32_b_one; CG-BIT-007.cr_op_rs1.crc32_b_rand; CG-BIT-007.cr_op_rs1.crc32_b_single_bit; CG-BIT-007.cr_op_rs1.crc32_b_zero; CG-BIT-007.cr_op_rs1.crc32_h_all_ones; CG-BIT-007.cr_op_rs1.crc32_h_high_only; CG-BIT-007.cr_op_rs1.crc32_h_low_only; CG-BIT-007.cr_op_rs1.crc32_h_one; CG-BIT-007.cr_op_rs1.crc32_h_rand; CG-BIT-007.cr_op_rs1.crc32_h_single_bit; CG-BIT-007.cr_op_rs1.crc32_h_zero; CG-BIT-007.cr_op_rs1.crc32_w_all_ones; CG-BIT-007.cr_op_rs1.crc32_w_low_only; CG-BIT-007.cr_op_rs1.crc32_w_one; CG-BIT-007.cr_op_rs1.crc32_w_rand; CG-BIT-007.cr_op_rs1.crc32_w_single_bit; CG-BIT-007.cr_op_rs1.crc32_w_zero; CG-BIT-007.cr_op_rs1.crc32c_b_all_ones; CG-BIT-007.cr_op_rs1.crc32c_b_high_only; CG-BIT-007.cr_op_rs1.crc32c_b_low_only; CG-BIT-007.cr_op_rs1.crc32c_b_one; CG-BIT-007.cr_op_rs1.crc32c_b_rand; CG-BIT-007.cr_op_rs1.crc32c_b_single_bit; CG-BIT-007.cr_op_rs1.crc32c_b_zero; CG-BIT-007.cr_op_rs1.crc32c_h_all_ones; CG-BIT-007.cr_op_rs1.crc32c_h_high_only; CG-BIT-007.cr_op_rs1.crc32c_h_low_only; CG-BIT-007.cr_op_rs1.crc32c_h_one; CG-BIT-007.cr_op_rs1.crc32c_h_rand; CG-BIT-007.cr_op_rs1.crc32c_h_single_bit; CG-BIT-007.cr_op_rs1.crc32c_h_zero; CG-BIT-007.cr_op_rs1.crc32c_w_all_ones; CG-BIT-007.cr_op_rs1.crc32c_w_low_only; CG-BIT-007.cr_op_rs1.crc32c_w_one; CG-BIT-007.cr_op_rs1.crc32c_w_rand; CG-BIT-007.cr_op_rs1.crc32c_w_single_bit; CG-BIT-007.cr_op_rs1.crc32c_w_zero; CG-BIT-010.cp_delta.d2; CG-BIT-010.cp_fetch_stall.no; CG-BIT-010.cp_op.crc32_b; CG-BIT-010.cp_op.crc32_h; CG-BIT-010.cp_op.crc32_w; CG-BIT-010.cp_op.crc32c_b; CG-BIT-010.cp_op.crc32c_h; CG-BIT-010.cp_op.crc32c_w; CG-BIT-010.cp_op_class.crc; CG-BIT-010.cp_wb_busy.no; CG-BIT-010.cr_class_delta_clean.crc_d2; CG-BIT-010.cr_op_delta_clean.crc32_b_d2; CG-BIT-010.cr_op_delta_clean.crc32_h_d2; CG-BIT-010.cr_op_delta_clean.crc32_w_d2; CG-BIT-010.cr_op_delta_clean.crc32c_b_d2; CG-BIT-010.cr_op_delta_clean.crc32c_h_d2; CG-BIT-010.cr_op_delta_clean.crc32c_w_d2,0,no,,,UNVERIFIED (no fcov check with per-bin results in the round)
TP-BIT-033,gen_bit_draft,gen_test_bit_draft,targeted,3,PASS,none,5,5,CG-BIT-007.cp_rs1_class.all_ones; CG-BIT-007.cp_rs1_class.high_only; CG-BIT-007.cp_rs1_class.low_only; CG-BIT-007.cp_rs1_class.single_bit; CG-BIT-007.cp_rs1_class.zero,0,no,,,UNVERIFIED (no fcov check with per-bin results in the round)
TP-BIT-038,gen_bit_ratified,gen_test_bit_ratified,targeted,3,PASS,yes,196,99,CG-BIT-001.cr_op_rd_x0.pack_no (bins_not_hit); CG-BIT-001.cr_op_rd_x0.packh_no (bins_not_hit); CG-BIT-001.cr_op_rd_x0.packu_no (bins_not_hit); CG-BIT-003.cp_op.rol (not declared); CG-BIT-003.cp_op.ror (not declared); CG-BIT-003.cp_op.rori (not declared); CG-BIT-003.cp_op.slo (not declared); CG-BIT-003.cp_op.sloi (not declared); CG-BIT-003.cp_op.sro (not declared); CG-BIT-003.cp_op.sroi (not declared); CG-BIT-003.cr_op_rd_x0.rol_no (not declared); CG-BIT-003.cr_op_rd_x0.rol_yes (not declared); CG-BIT-003.cr_op_rd_x0.ror_no (not declared); CG-BIT-003.cr_op_rd_x0.ror_yes (not declared); CG-BIT-003.cr_op_rd_x0.rori_no (not declared); CG-BIT-003.cr_op_rd_x0.rori_yes (not declared); CG-BIT-003.cr_op_rd_x0.slo_no (not declared); CG-BIT-003.cr_op_rd_x0.slo_yes (not declared); CG-BIT-003.cr_op_rd_x0.sloi_no (not declared); CG-BIT-003.cr_op_rd_x0.sloi_yes (not declared); CG-BIT-003.cr_op_rd_x0.sro_no (not declared); CG-BIT-003.cr_op_rd_x0.sro_yes (not declared); CG-BIT-003.cr_op_rd_x0.sroi_no (not declared); CG-BIT-003.cr_op_rd_x0.sroi_yes (not declared); CG-BIT-004.cp_op.gorc (not declared); CG-BIT-004.cp_op.gorci (not declared); CG-BIT-004.cp_op.grev (not declared); CG-BIT-004.cp_op.grevi (not declared); CG-BIT-004.cp_op.shfl (not declared); CG-BIT-004.cp_op.shfli (not declared); CG-BIT-004.cp_op.unshfl (not declared); CG-BIT-004.cp_op.unshfli (not declared); CG-BIT-004.cr_op_rd_x0.gorc_no (not declared); CG-BIT-004.cr_op_rd_x0.gorc_yes (not declared); CG-BIT-004.cr_op_rd_x0.gorci_no (not declared); CG-BIT-004.cr_op_rd_x0.gorci_yes (not declared); CG-BIT-004.cr_op_rd_x0.grev_no (not declared); CG-BIT-004.cr_op_rd_x0.grev_yes (not declared); CG-BIT-004.cr_op_rd_x0.grevi_no (not declared); CG-BIT-004.cr_op_rd_x0.grevi_yes (not declared); CG-BIT-004.cr_op_rd_x0.shfl_no (not declared); CG-BIT-004.cr_op_rd_x0.shfl_yes (not declared); CG-BIT-004.cr_op_rd_x0.shfli_no (not declared); CG-BIT-004.cr_op_rd_x0.shfli_yes (not declared); CG-BIT-004.cr_op_rd_x0.unshfl_no (not declared); CG-BIT-004.cr_op_rd_x0.unshfl_yes (not declared); CG-BIT-004.cr_op_rd_x0.unshfli_no (not declared); CG-BIT-004.cr_op_rd_x0.unshfli_yes (not declared); CG-BIT-005.cp_op.xperm_b (not declared); CG-BIT-005.cp_op.xperm_h (not declared); CG-BIT-005.cp_op.xperm_n (not declared); CG-BIT-005.cr_op_rd_x0.xperm_b_no (not declared); CG-BIT-005.cr_op_rd_x0.xperm_b_yes (not declared); CG-BIT-005.cr_op_rd_x0.xperm_h_no (not declared); CG-BIT-005.cr_op_rd_x0.xperm_h_yes (not declared); CG-BIT-005.cr_op_rd_x0.xperm_n_no (not declared); CG-BIT-005.cr_op_rd_x0.xperm_n_yes (not declared); CG-BIT-007.cp_op.clmul (not declared); CG-BIT-007.cp_op.clmulh (not declared); CG-BIT-007.cp_op.clmulr (not declared); CG-BIT-007.cp_op.crc32_b (not declared); CG-BIT-007.cp_op.crc32_h (not declared); CG-BIT-007.cp_op.crc32_w (not declared); CG-BIT-007.cp_op.crc32c_b (not declared); CG-BIT-007.cp_op.crc32c_h (not declared); CG-BIT-007.cp_op.crc32c_w (not declared); CG-BIT-007.cr_op_rd_x0.clmul_no (not declared); CG-BIT-007.cr_op_rd_x0.clmul_yes (not declared); CG-BIT-007.cr_op_rd_x0.clmulh_no (not declared); CG-BIT-007.cr_op_rd_x0.clmulh_yes (not declared); CG-BIT-007.cr_op_rd_x0.clmulr_no (not declared); CG-BIT-007.cr_op_rd_x0.clmulr_yes (not declared); CG-BIT-007.cr_op_rd_x0.crc32_b_no (not declared); CG-BIT-007.cr_op_rd_x0.crc32_b_yes (not declared); CG-BIT-007.cr_op_rd_x0.crc32_h_no (not declared); CG-BIT-007.cr_op_rd_x0.crc32_h_yes (not declared); CG-BIT-007.cr_op_rd_x0.crc32_w_no (not declared); CG-BIT-007.cr_op_rd_x0.crc32_w_yes (not declared); CG-BIT-007.cr_op_rd_x0.crc32c_b_no (not declared); CG-BIT-007.cr_op_rd_x0.crc32c_b_yes (not declared); CG-BIT-007.cr_op_rd_x0.crc32c_h_no (not declared); CG-BIT-007.cr_op_rd_x0.crc32c_h_yes (not declared); CG-BIT-007.cr_op_rd_x0.crc32c_w_no (not declared); CG-BIT-007.cr_op_rd_x0.crc32c_w_yes (not declared); CG-BIT-008.cp_op.cmix (not declared); CG-BIT-008.cp_op.cmov (not declared); CG-BIT-008.cp_op.fsl (not declared); CG-BIT-008.cp_op.fsr (not declared); CG-BIT-008.cp_op.fsri (not declared); CG-BIT-008.cr_op_rd_x0.cmix_no (not declared); CG-BIT-008.cr_op_rd_x0.cmix_yes (not declared); CG-BIT-008.cr_op_rd_x0.cmov_no (not declared); CG-BIT-008.cr_op_rd_x0.cmov_yes (not declared); CG-BIT-008.cr_op_rd_x0.fsl_no (not declared); CG-BIT-008.cr_op_rd_x0.fsl_yes (not declared); CG-BIT-008.cr_op_rd_x0.fsr_no (not declared); CG-BIT-008.cr_op_rd_x0.fsr_yes (not declared); CG-BIT-008.cr_op_rd_x0.fsri_no (not declared); CG-BIT-008.cr_op_rd_x0.fsri_yes (not declared),0,no,,,UNHIT (99 of 196 bins)
TP-BIT-040,gen_bit_ratified,gen_test_bit_ratified,smoke,3,PASS,yes,4,4,CG-BIT-011.cp_misa.b_clear (not declared); CG-BIT-011.cp_misa.c_set (not declared); CG-BIT-011.cp_misa.m_set (not declared); CG-BIT-011.cp_misa.x_set (not declared),0,no,,,UNHIT (4 of 4 bins)
TP-CMP-001,gen_cmp_zca,gen_test_cmp_zca,smoke,3,PASS,yes,137,21,CG-CMP-001.cr_insn_align.c_jalr_half (bins_not_hit); CG-CMP-001.cr_insn_next.c_add_n16 (bins_not_hit); CG-CMP-001.cr_insn_next.c_addi4spn_n16 (bins_not_hit); CG-CMP-001.cr_insn_next.c_and_n16 (bins_not_hit); CG-CMP-001.cr_insn_next.c_andi_n16 (bins_not_hit); CG-CMP-001.cr_insn_next.c_beqz_n16 (bins_not_hit); CG-CMP-001.cr_insn_next.c_bnez_n16 (bins_not_hit); CG-CMP-001.cr_insn_next.c_jal_n16 (bins_not_hit); CG-CMP-001.cr_insn_next.c_jalr_n16 (bins_not_hit); CG-CMP-001.cr_insn_next.c_jr_n16 (bins_not_hit); CG-CMP-001.cr_insn_next.c_lui_n16 (bins_not_hit); CG-CMP-001.cr_insn_next.c_lw_n16 (bins_not_hit); CG-CMP-001.cr_insn_next.c_lwsp_n16 (bins_not_hit); CG-CMP-001.cr_insn_next.c_mv_n16 (bins_not_hit); CG-CMP-001.cr_insn_next.c_or_n16 (bins_not_hit); CG-CMP-001.cr_insn_next.c_srai_n16 (bins_not_hit); CG-CMP-001.cr_insn_next.c_srli_n16 (bins_not_hit); CG-CMP-001.cr_insn_next.c_sub_n16 (bins_not_hit); CG-CMP-001.cr_insn_next.c_sw_n16 (bins_not_hit); CG-CMP-001.cr_insn_next.c_swsp_n16 (bins_not_hit); CG-CMP-001.cr_insn_next.c_xor_n16 (bins_not_hit),0,no,,,UNHIT (21 of 137 bins)
TP-CMP-002,gen_cmp_zca,gen_test_cmp_zca,smoke,3,PASS,yes,12,0,,0,no,,,CREDITED
TP-CMP-004,gen_cmp_zca,gen_test_cmp_zca,smoke,3,PASS,yes,5,0,,0,no,,,CREDITED
TP-CMP-005,gen_cmp_zca,gen_test_cmp_zca,smoke,3,PASS,yes,20,2,CG-CMP-001.cr_insn_rdfull.c_lwsp_x3_7 (bins_not_hit); CG-CMP-001.cr_insn_rdfull.c_lwsp_x8_15 (bins_not_hit),0,no,,,UNHIT (2 of 20 bins)
TP-CMP-008,gen_cmp_zca,gen_test_cmp_zca,smoke,3,PASS,yes,13,0,,0,no,,,CREDITED
TP-CMP-010,gen_cmp_zca,gen_test_cmp_zca,smoke,3,PASS,yes,12,0,,0,no,,,CREDITED
TP-CMP-011,gen_cmp_zca,gen_test_cmp_zca,targeted,3,PASS,yes,7,1,CG-CMP-002.cp_cj_off.self (bins_not_hit),0,no,,,UNHIT (1 of 7 bins)
TP-CMP-012,gen_cmp_zca,gen_test_cmp_zca,smoke,3,PASS,yes,6,0,,0,no,,,CREDITED
TP-CMP-014,gen_cmp_zca,gen_test_cmp_zca,smoke,3,PASS,yes,6,0,,0,no,,,CREDITED
TP-CMP-016,gen_cmp_zca,gen_test_cmp_zca,smoke,3,PASS,yes,12,0,,0,no,,,CREDITED
TP-CMP-017,gen_cmp_zca,gen_test_cmp_zca,targeted,3,PASS,yes,12,1,CG-CMP-004.cp_class.addi16sp_imm0 (not declared),0,no,,,UNHIT (1 of 12 bins)
TP-CMP-018,gen_cmp_zca,gen_test_cmp_zca,smoke,3,PASS,yes,17,0,,0,no,,,CREDITED
TP-CMP-020,gen_cmp_zca,gen_test_cmp_zca,smoke,3,PASS,yes,12,0,,0,no,,,CREDITED
TP-CMP-021,gen_cmp_zca,gen_test_cmp_zca,smoke,3,PASS,yes,36,0,,0,no,,,CREDITED
TP-CMP-023,gen_cmp_zca,gen_test_cmp_zca,smoke,3,PASS,yes,30,0,,0,no,,,CREDITED
TP-CMP-024,gen_cmp_zca,gen_test_cmp_zca,smoke,3,PASS,yes,26,0,,0,no,,,CREDITED
TP-CMP-026,gen_cmp_zca,gen_test_cmp_zca,smoke,3,PASS,yes,11,0,,0,no,,,CREDITED
TP-CMP-028,gen_cmp_zca,gen_test_cmp_zca,smoke,3,PASS,yes,6,0,,0,no,,,CREDITED
TP-CMP-030,gen_cmp_zca,gen_test_cmp_zca,smoke,3,PASS,yes,11,0,,0,no,,,CREDITED
TP-CMP-032,gen_cmp_zca,gen_test_cmp_zca,smoke,3,PASS,yes,5,0,,0,no,,,CREDITED
TP-CMP-033,gen_cmp_zca,gen_test_cmp_zca,targeted,3,PASS,yes,12,12,CG-ISA-009.cp_debug_mode.no (not declared); CG-ISA-009.cp_ebreakm.clr (not declared); CG-ISA-009.cp_ebreakm.set (not declared); CG-ISA-009.cp_ebreaku.set (not declared); CG-ISA-009.cp_op.c_ebreak (not declared); CG-ISA-009.cp_outcome.debug_entry (not declared); CG-ISA-009.cp_outcome.exception (not declared); CG-ISA-009.cp_priv.m (not declared); CG-ISA-009.cp_priv.u (not declared); CG-ISA-009.cr_ebreak.c_m_dbg (not declared); CG-ISA-009.cr_ebreak.c_m_exc (not declared); CG-ISA-009.cr_ebreak.c_u_dbg (not declared),0,no,,,UNHIT (12 of 12 bins)
TP-CMP-034,gen_cmp_zcb,gen_test_cmp_zcb,smoke,3,PASS,yes,45,0,,0,no,,,CREDITED
TP-CMP-036,gen_cmp_zcb,gen_test_cmp_zcb,smoke,3,PASS,yes,41,6,CG-CMP-005.cp_alu_operand.rand (bins_not_hit); CG-CMP-005.cr_alu_operand.c_not_rand (bins_not_hit); CG-CMP-005.cr_alu_operand.c_sext_b_rand (bins_not_hit); CG-CMP-005.cr_alu_operand.c_sext_h_rand (bins_not_hit); CG-CMP-005.cr_alu_operand.c_zext_b_rand (bins_not_hit); CG-CMP-005.cr_alu_operand.c_zext_h_rand (bins_not_hit),0,no,,,UNHIT (6 of 41 bins)
TP-CMP-038,gen_cmp_zcb,gen_test_cmp_zcb,smoke,3,PASS,yes,24,8,CG-MUL-001.cp_rs1_class.all_ones (bins_not_hit); CG-MUL-001.cp_rs1_class.int_max (bins_not_hit); CG-MUL-001.cp_rs1_class.int_min (bins_not_hit); CG-MUL-001.cp_rs1_class.zero (bins_not_hit); CG-MUL-001.cr_op_rs1.c_mul_all_ones (bins_not_hit); CG-MUL-001.cr_op_rs1.c_mul_int_max (bins_not_hit); CG-MUL-001.cr_op_rs1.c_mul_int_min (bins_not_hit); CG-MUL-001.cr_op_rs1.c_mul_zero (bins_not_hit),0,no,,,UNHIT (8 of 24 bins)
TP-CMP-039,gen_cmp_zcmp_basic,gen_test_cmp_zcmp_basic,smoke,3,PASS,yes,72,4,CG-CMP-006.cr_insn_delay.cm_push_long (bins_not_hit); CG-CMP-006.cr_insn_delay.cm_push_min1 (bins_not_hit); CG-CMP-006.cr_insn_delay.cm_push_mixed (bins_not_hit); CG-CMP-006.cr_insn_delay.cm_push_short (bins_not_hit),0,no,,,UNHIT (4 of 72 bins)
TP-CMP-040,gen_cmp_zcmp_basic,gen_test_cmp_zcmp_basic,targeted,3,PASS,yes,5,0,,0,no,,,CREDITED
TP-CMP-041,gen_cmp_zcmp_basic,gen_test_cmp_zcmp_basic,targeted,3,PASS,yes,5,0,,0,no,,,CREDITED
TP-CMP-042,gen_cmp_zcmp_basic,gen_test_cmp_zcmp_basic,targeted,3,PASS,yes,10,0,,0,no,,,CREDITED
TP-CMP-043,gen_cmp_zcmp_basic,gen_test_cmp_zcmp_basic,targeted,3,PASS,yes,11,0,,0,no,,,CREDITED
TP-CMP-045,gen_cmp_zcmp_basic,gen_test_cmp_zcmp_basic,smoke,3,PASS,yes,67,0,,0,no,,,CREDITED
TP-CMP-046,gen_cmp_zcmp_basic,gen_test_cmp_zcmp_basic,targeted,3,PASS,yes,5,0,,0,no,,,CREDITED
TP-CMP-047,gen_cmp_zcmp_basic,gen_test_cmp_zcmp_basic,smoke,3,PASS,yes,71,49,CG-CMP-006.cp_ret_align.odd (bins_not_hit); CG-CMP-006.cr_insn_rlist_spimm.cm_popret_r10_s0 (bins_not_hit); CG-CMP-006.cr_insn_rlist_spimm.cm_popret_r10_s1 (bins_not_hit); CG-CMP-006.cr_insn_rlist_spimm.cm_popret_r10_s2 (bins_not_hit); CG-CMP-006.cr_insn_rlist_spimm.cm_popret_r10_s3 (bins_not_hit); CG-CMP-006.cr_insn_rlist_spimm.cm_popret_r11_s0 (bins_not_hit); CG-CMP-006.cr_insn_rlist_spimm.cm_popret_r11_s1 (bins_not_hit); CG-CMP-006.cr_insn_rlist_spimm.cm_popret_r11_s2 (bins_not_hit); CG-CMP-006.cr_insn_rlist_spimm.cm_popret_r11_s3 (bins_not_hit); CG-CMP-006.cr_insn_rlist_spimm.cm_popret_r12_s0 (bins_not_hit); CG-CMP-006.cr_insn_rlist_spimm.cm_popret_r12_s1 (bins_not_hit); CG-CMP-006.cr_insn_rlist_spimm.cm_popret_r12_s2 (bins_not_hit); CG-CMP-006.cr_insn_rlist_spimm.cm_popret_r12_s3 (bins_not_hit); CG-CMP-006.cr_insn_rlist_spimm.cm_popret_r13_s0 (bins_not_hit); CG-CMP-006.cr_insn_rlist_spimm.cm_popret_r13_s1 (bins_not_hit); CG-CMP-006.cr_insn_rlist_spimm.cm_popret_r13_s2 (bins_not_hit); CG-CMP-006.cr_insn_rlist_spimm.cm_popret_r13_s3 (bins_not_hit); CG-CMP-006.cr_insn_rlist_spimm.cm_popret_r14_s0 (bins_not_hit); CG-CMP-006.cr_insn_rlist_spimm.cm_popret_r14_s1 (bins_not_hit); CG-CMP-006.cr_insn_rlist_spimm.cm_popret_r14_s2 (bins_not_hit); CG-CMP-006.cr_insn_rlist_spimm.cm_popret_r14_s3 (bins_not_hit); CG-CMP-006.cr_insn_rlist_spimm.cm_popret_r15_s0 (bins_not_hit); CG-CMP-006.cr_insn_rlist_spimm.cm_popret_r15_s1 (bins_not_hit); CG-CMP-006.cr_insn_rlist_spimm.cm_popret_r15_s2 (bins_not_hit); CG-CMP-006.cr_insn_rlist_spimm.cm_popret_r15_s3 (bins_not_hit); CG-CMP-006.cr_insn_rlist_spimm.cm_popret_r4_s0 (bins_not_hit); CG-CMP-006.cr_insn_rlist_spimm.cm_popret_r4_s2 (bins_not_hit); CG-CMP-006.cr_insn_rlist_spimm.cm_popret_r4_s3 (bins_not_hit); CG-CMP-006.cr_insn_rlist_spimm.cm_popret_r5_s0 (bins_not_hit); CG-CMP-006.cr_insn_rlist_spimm.cm_popret_r5_s1 (bins_not_hit); CG-CMP-006.cr_insn_rlist_spimm.cm_popret_r5_s2 (bins_not_hit); CG-CMP-006.cr_insn_rlist_spimm.cm_popret_r5_s3 (bins_not_hit); CG-CMP-006.cr_insn_rlist_spimm.cm_popret_r6_s0 (bins_not_hit); CG-CMP-006.cr_insn_rlist_spimm.cm_popret_r6_s1 (bins_not_hit); CG-CMP-006.cr_insn_rlist_spimm.cm_popret_r6_s2 (bins_not_hit); CG-CMP-006.cr_insn_rlist_spimm.cm_popret_r6_s3 (bins_not_hit); CG-CMP-006.cr_insn_rlist_spimm.cm_popret_r7_s0 (bins_not_hit); CG-CMP-006.cr_insn_rlist_spimm.cm_popret_r7_s1 (bins_not_hit); CG-CMP-006.cr_insn_rlist_spimm.cm_popret_r7_s2 (bins_not_hit); CG-CMP-006.cr_insn_rlist_spimm.cm_popret_r7_s3 (bins_not_hit); CG-CMP-006.cr_insn_rlist_spimm.cm_popret_r8_s0 (bins_not_hit); CG-CMP-006.cr_insn_rlist_spimm.cm_popret_r8_s1 (bins_not_hit); CG-CMP-006.cr_insn_rlist_spimm.cm_popret_r8_s2 (bins_not_hit); CG-CMP-006.cr_insn_rlist_spimm.cm_popret_r8_s3 (bins_not_hit); CG-CMP-006.cr_insn_rlist_spimm.cm_popret_r9_s0 (bins_not_hit); CG-CMP-006.cr_insn_rlist_spimm.cm_popret_r9_s1 (bins_not_hit); CG-CMP-006.cr_insn_rlist_spimm.cm_popret_r9_s2 (bins_not_hit); CG-CMP-006.cr_insn_rlist_spimm.cm_popret_r9_s3 (bins_not_hit); CG-CMP-006.cr_ret_align.cm_popret_odd (bins_not_hit),0,no,,,UNHIT (49 of 71 bins)
TP-CMP-048,gen_cmp_zcmp_basic,gen_test_cmp_zcmp_basic,smoke,3,PASS,yes,71,50,CG-CMP-006.cp_ret_align.odd (bins_not_hit); CG-CMP-006.cr_insn_rlist_spimm.cm_popretz_r10_s0 (bins_not_hit); CG-CMP-006.cr_insn_rlist_spimm.cm_popretz_r10_s1 (bins_not_hit); CG-CMP-006.cr_insn_rlist_spimm.cm_popretz_r10_s2 (bins_not_hit); CG-CMP-006.cr_insn_rlist_spimm.cm_popretz_r10_s3 (bins_not_hit); CG-CMP-006.cr_insn_rlist_spimm.cm_popretz_r11_s0 (bins_not_hit); CG-CMP-006.cr_insn_rlist_spimm.cm_popretz_r11_s1 (bins_not_hit); CG-CMP-006.cr_insn_rlist_spimm.cm_popretz_r11_s2 (bins_not_hit); CG-CMP-006.cr_insn_rlist_spimm.cm_popretz_r11_s3 (bins_not_hit); CG-CMP-006.cr_insn_rlist_spimm.cm_popretz_r12_s0 (bins_not_hit); CG-CMP-006.cr_insn_rlist_spimm.cm_popretz_r12_s1 (bins_not_hit); CG-CMP-006.cr_insn_rlist_spimm.cm_popretz_r12_s2 (bins_not_hit); CG-CMP-006.cr_insn_rlist_spimm.cm_popretz_r12_s3 (bins_not_hit); CG-CMP-006.cr_insn_rlist_spimm.cm_popretz_r13_s0 (bins_not_hit); CG-CMP-006.cr_insn_rlist_spimm.cm_popretz_r13_s1 (bins_not_hit); CG-CMP-006.cr_insn_rlist_spimm.cm_popretz_r13_s2 (bins_not_hit); CG-CMP-006.cr_insn_rlist_spimm.cm_popretz_r13_s3 (bins_not_hit); CG-CMP-006.cr_insn_rlist_spimm.cm_popretz_r14_s0 (bins_not_hit); CG-CMP-006.cr_insn_rlist_spimm.cm_popretz_r14_s1 (bins_not_hit); CG-CMP-006.cr_insn_rlist_spimm.cm_popretz_r14_s2 (bins_not_hit); CG-CMP-006.cr_insn_rlist_spimm.cm_popretz_r14_s3 (bins_not_hit); CG-CMP-006.cr_insn_rlist_spimm.cm_popretz_r15_s0 (bins_not_hit); CG-CMP-006.cr_insn_rlist_spimm.cm_popretz_r15_s1 (bins_not_hit); CG-CMP-006.cr_insn_rlist_spimm.cm_popretz_r15_s2 (bins_not_hit); CG-CMP-006.cr_insn_rlist_spimm.cm_popretz_r15_s3 (bins_not_hit); CG-CMP-006.cr_insn_rlist_spimm.cm_popretz_r4_s0 (bins_not_hit); CG-CMP-006.cr_insn_rlist_spimm.cm_popretz_r4_s1 (bins_not_hit); CG-CMP-006.cr_insn_rlist_spimm.cm_popretz_r4_s2 (bins_not_hit); CG-CMP-006.cr_insn_rlist_spimm.cm_popretz_r4_s3 (bins_not_hit); CG-CMP-006.cr_insn_rlist_spimm.cm_popretz_r5_s0 (bins_not_hit); CG-CMP-006.cr_insn_rlist_spimm.cm_popretz_r5_s1 (bins_not_hit); CG-CMP-006.cr_insn_rlist_spimm.cm_popretz_r5_s2 (bins_not_hit); CG-CMP-006.cr_insn_rlist_spimm.cm_popretz_r5_s3 (bins_not_hit); CG-CMP-006.cr_insn_rlist_spimm.cm_popretz_r6_s0 (bins_not_hit); CG-CMP-006.cr_insn_rlist_spimm.cm_popretz_r6_s1 (bins_not_hit); CG-CMP-006.cr_insn_rlist_spimm.cm_popretz_r6_s2 (bins_not_hit); CG-CMP-006.cr_insn_rlist_spimm.cm_popretz_r6_s3 (bins_not_hit); CG-CMP-006.cr_insn_rlist_spimm.cm_popretz_r7_s0 (bins_not_hit); CG-CMP-006.cr_insn_rlist_spimm.cm_popretz_r7_s1 (bins_not_hit); CG-CMP-006.cr_insn_rlist_spimm.cm_popretz_r7_s2 (bins_not_hit); CG-CMP-006.cr_insn_rlist_spimm.cm_popretz_r7_s3 (bins_not_hit); CG-CMP-006.cr_insn_rlist_spimm.cm_popretz_r8_s0 (bins_not_hit); CG-CMP-006.cr_insn_rlist_spimm.cm_popretz_r8_s1 (bins_not_hit); CG-CMP-006.cr_insn_rlist_spimm.cm_popretz_r8_s2 (bins_not_hit); CG-CMP-006.cr_insn_rlist_spimm.cm_popretz_r8_s3 (bins_not_hit); CG-CMP-006.cr_insn_rlist_spimm.cm_popretz_r9_s0 (bins_not_hit); CG-CMP-006.cr_insn_rlist_spimm.cm_popretz_r9_s1 (bins_not_hit); CG-CMP-006.cr_insn_rlist_spimm.cm_popretz_r9_s2 (bins_not_hit); CG-CMP-006.cr_insn_rlist_spimm.cm_popretz_r9_s3 (bins_not_hit); CG-CMP-006.cr_ret_align.cm_popretz_odd (bins_not_hit),0,no,,,UNHIT (50 of 71 bins)
TP-CMP-049,gen_cmp_zcmp_basic,gen_test_cmp_zcmp_basic,targeted,3,PASS,yes,8,3,CG-CMP-009.cp_hazard.popret_ra_deferred (bins_not_hit); CG-CMP-009.cr_hazard_delay.popret_ra_deferred_long (bins_not_hit); CG-CMP-009.cr_hazard_delay.popret_ra_deferred_short (bins_not_hit),0,no,,,UNHIT (3 of 8 bins)
TP-CMP-050,gen_cmp_zcmp_basic,gen_test_cmp_zcmp_basic,smoke,3,PASS,yes,76,0,,0,no,,,CREDITED
TP-CMP-052,gen_cmp_zcmp_basic,gen_test_cmp_zcmp_basic,smoke,3,PASS,yes,81,0,,0,no,,,CREDITED
TP-CMP-053,gen_cmp_zcmp_basic,gen_test_cmp_zcmp_basic,targeted,3,PASS,yes,8,0,,0,no,,,CREDITED
TP-CMP-055,gen_cmp_zcmp_basic,gen_test_cmp_zcmp_basic,targeted,3,PASS,yes,3,0,,0,no,,,CREDITED
TP-CMP-066,gen_cmp_zcmp_basic,gen_test_cmp_zcmp_basic,targeted,3,PASS,yes,36,16,CG-CMP-006.cr_insn_delay.cm_pop_long (bins_not_hit); CG-CMP-006.cr_insn_delay.cm_pop_min1 (bins_not_hit); CG-CMP-006.cr_insn_delay.cm_pop_mixed (bins_not_hit); CG-CMP-006.cr_insn_delay.cm_pop_short (bins_not_hit); CG-CMP-006.cr_insn_delay.cm_popret_long (bins_not_hit); CG-CMP-006.cr_insn_delay.cm_popret_min1 (bins_not_hit); CG-CMP-006.cr_insn_delay.cm_popret_mixed (bins_not_hit); CG-CMP-006.cr_insn_delay.cm_popret_short (bins_not_hit); CG-CMP-006.cr_insn_delay.cm_popretz_long (bins_not_hit); CG-CMP-006.cr_insn_delay.cm_popretz_min1 (bins_not_hit); CG-CMP-006.cr_insn_delay.cm_popretz_mixed (bins_not_hit); CG-CMP-006.cr_insn_delay.cm_popretz_short (bins_not_hit); CG-CMP-006.cr_insn_delay.cm_push_long (bins_not_hit); CG-CMP-006.cr_insn_delay.cm_push_min1 (bins_not_hit); CG-CMP-006.cr_insn_delay.cm_push_mixed (bins_not_hit); CG-CMP-006.cr_insn_delay.cm_push_short (bins_not_hit),0,no,,,UNHIT (16 of 36 bins)
TP-CMP-068,gen_cmp_zcmp_basic,gen_test_cmp_zcmp_basic,targeted,3,PASS,none,10,6,CG-CMP-006.cp_sp_wrap.pop_above_max (not declared); CG-CMP-006.cp_sp_wrap.push_below_zero (not declared); CG-CMP-006.cr_insn_wrap.pop_above_max (not declared); CG-CMP-006.cr_insn_wrap.popret_above_max (not declared); CG-CMP-006.cr_insn_wrap.popretz_above_max (not declared); CG-CMP-006.cr_insn_wrap.push_below_zero (not declared),0,no,,,NOT-FIRED (no fire line: not built or not reached)
TP-CMP-069,gen_cmp_zcmp_basic,gen_test_cmp_zcmp_basic,targeted,3,PASS,yes,39,20,CG-CMP-007.cr_insn_hazard.cm_mvsa01_load_prev (bins_not_hit); CG-CMP-009.cp_rlist_class.r15 (bins_not_hit); CG-CMP-009.cr_hazard_delay.load_pushed_reg_then_push_long (bins_not_hit); CG-CMP-009.cr_hazard_delay.load_pushed_reg_then_push_min1 (bins_not_hit); CG-CMP-009.cr_hazard_delay.load_pushed_reg_then_push_short (bins_not_hit); CG-CMP-009.cr_hazard_delay.load_then_mva01s_long (bins_not_hit); CG-CMP-009.cr_hazard_delay.load_then_mva01s_min1 (bins_not_hit); CG-CMP-009.cr_hazard_delay.load_then_mva01s_short (bins_not_hit); CG-CMP-009.cr_hazard_delay.store_same_slot_then_pop_long (bins_not_hit); CG-CMP-009.cr_hazard_delay.store_same_slot_then_pop_min1 (bins_not_hit); CG-CMP-009.cr_hazard_delay.store_same_slot_then_pop_short (bins_not_hit); CG-CMP-009.cr_hazard_delay.write_pushed_reg_then_push_long (bins_not_hit); CG-CMP-009.cr_hazard_delay.write_pushed_reg_then_push_min1 (bins_not_hit); CG-CMP-009.cr_hazard_delay.write_pushed_reg_then_push_short (bins_not_hit); CG-CMP-009.cr_hazard_rlist.load_pushed_reg_then_push_r15 (bins_not_hit); CG-CMP-009.cr_hazard_rlist.load_pushed_reg_then_push_r4 (bins_not_hit); CG-CMP-009.cr_hazard_rlist.store_same_slot_then_pop_r15 (bins_not_hit); CG-CMP-009.cr_hazard_rlist.store_same_slot_then_pop_r4 (bins_not_hit); CG-CMP-009.cr_hazard_rlist.write_pushed_reg_then_push_r15 (bins_not_hit); CG-CMP-009.cr_hazard_rlist.write_pushed_reg_then_push_r4 (bins_not_hit),0,no,,,UNHIT (20 of 39 bins)
TP-CMP-073,gen_cmp_zcmp_basic,gen_test_cmp_zcmp_basic,targeted,3,PASS,yes,22,10,CG-CMP-009.cr_ft_kind.popret_ft_cm_cm_mva01s (bins_not_hit); CG-CMP-009.cr_ft_kind.popret_ft_cm_cm_mvsa01 (bins_not_hit); CG-CMP-009.cr_ft_kind.popret_ft_cm_cm_pop (bins_not_hit); CG-CMP-009.cr_ft_kind.popret_ft_cm_cm_popret (bins_not_hit); CG-CMP-009.cr_ft_kind.popret_ft_cm_cm_popretz (bins_not_hit); CG-CMP-009.cr_ft_kind.popretz_ft_cm_cm_mva01s (bins_not_hit); CG-CMP-009.cr_ft_kind.popretz_ft_cm_cm_mvsa01 (bins_not_hit); CG-CMP-009.cr_ft_kind.popretz_ft_cm_cm_popret (bins_not_hit); CG-CMP-009.cr_ft_kind.popretz_ft_cm_cm_popretz (bins_not_hit); CG-CMP-009.cr_ft_kind.popretz_ft_cm_cm_push (bins_not_hit),0,no,,,UNHIT (10 of 22 bins)
TP-CSR-001,gen_csr_access,gen_test_csr_access,smoke,3,PASS,yes,29,29,CG-CSR-001.cp_aclass.rw_m (not declared); CG-CSR-001.cp_iclass.none (not declared); CG-CSR-001.cp_op.csrrc (not declared); CG-CSR-001.cp_op.csrrci (not declared); CG-CSR-001.cp_op.csrrs (not declared); CG-CSR-001.cp_op.csrrsi (not declared); CG-CSR-001.cp_op.csrrw (not declared); CG-CSR-001.cp_op.csrrwi (not declared); CG-CSR-001.cp_priv.m (not declared); CG-CSR-001.cp_rd.nonx0 (not declared); CG-CSR-001.cr_iclass_priv.none_m (not declared); CG-CSR-001.cr_rd_x0_write.csrrw_rdnz_rw_m (not declared); CG-CSR-003.cp_csr.mscratch (not declared); CG-CSR-003.cp_csr.mtval (not declared); CG-CSR-003.cp_op.csrrc (not declared); CG-CSR-003.cp_op.csrrci (not declared); CG-CSR-003.cp_op.csrrs (not declared); CG-CSR-003.cp_op.csrrsi (not declared); CG-CSR-003.cp_op.csrrw (not declared); CG-CSR-003.cp_op.csrrwi (not declared); CG-CSR-003.cr_csr_op.mscratch_csrrc (not declared); CG-CSR-003.cr_csr_op.mscratch_csrrci (not declared); CG-CSR-003.cr_csr_op.mscratch_csrrs (not declared); CG-CSR-003.cr_csr_op.mscratch_csrrsi (not declared); CG-CSR-003.cr_csr_op.mscratch_csrrw (not declared); CG-CSR-003.cr_csr_op.mscratch_csrrwi (not declared); CG-CSR-003.cr_csr_op.mtval_csrrc (not declared); CG-CSR-003.cr_csr_op.mtval_csrrs (not declared); CG-CSR-003.cr_csr_op.mtval_csrrw (not declared),0,no,,,UNHIT (29 of 29 bins)
TP-CSR-002,gen_csr_access,gen_test_csr_access,smoke,3,PASS,yes,21,20,CG-CSR-001.cp_aclass.rw_m (not declared); CG-CSR-001.cp_op.csrrc (not declared); CG-CSR-001.cp_op.csrrci (not declared); CG-CSR-001.cp_op.csrrs (not declared); CG-CSR-001.cp_op.csrrsi (not declared); CG-CSR-001.cp_rs1.zero (not declared); CG-CSR-001.cr_rd_x0_write.csrrc_rdx0_rw_m (not declared); CG-CSR-001.cr_rd_x0_write.csrrci_rdx0_rw_m (not declared); CG-CSR-001.cr_rd_x0_write.csrrs_rdx0_rw_m (not declared); CG-CSR-001.cr_rd_x0_write.csrrsi_rdx0_rw_m (not declared); CG-CSR-010.cp_gap.g1 (not declared); CG-CSR-010.cp_op.csrrc (not declared); CG-CSR-010.cp_op.csrrci (not declared); CG-CSR-010.cp_op.csrrs (not declared); CG-CSR-010.cp_op.csrrsi (not declared); CG-CSR-010.cp_rs1.zero (not declared); CG-CSR-010.cr_op_form_gap.csrrc_x0_g1 (not declared); CG-CSR-010.cr_op_form_gap.csrrci_0_g1 (not declared); CG-CSR-010.cr_op_form_gap.csrrs_x0_g1 (not declared); CG-CSR-010.cr_op_form_gap.csrrsi_0_g1 (not declared),0,no,,,UNHIT (20 of 21 bins)
TP-CSR-003,gen_csr_access,gen_test_csr_access,smoke,3,PASS,yes,19,14,CG-CSR-001.cp_aclass.rw_m (not declared); CG-CSR-001.cp_op.csrrw (not declared); CG-CSR-001.cp_op.csrrwi (not declared); CG-CSR-001.cr_rd_x0_write.csrrw_rdx0_rw_m (not declared); CG-CSR-001.cr_rd_x0_write.csrrwi_rdx0_rw_m (not declared); CG-CSR-003.cp_csr.mscratch (not declared); CG-CSR-003.cp_csr.mtval (not declared); CG-CSR-003.cr_csr_wpat.mscratch_all0 (not declared); CG-CSR-003.cr_csr_wpat.mtval_all0 (not declared); CG-CSR-012.cp_fam.other_flush (not declared); CG-CSR-012.cp_op.csrrw (not declared); CG-CSR-012.cp_op.csrrwi (not declared); CG-CSR-012.cr_fam_op.other_csrrw (not declared); CG-CSR-012.cr_fam_op.other_csrrwi (not declared),0,no,,,UNHIT (14 of 19 bins)
TP-CSR-004,gen_csr_access,gen_test_csr_access,smoke,3,PASS,yes,15,13,CG-CSR-001.cp_aclass.pmp (not declared); CG-CSR-001.cp_aclass.rw_m (not declared); CG-CSR-001.cp_aclass.wi_m (not declared); CG-CSR-001.cp_op.csrrw (not declared); CG-CSR-001.cp_op.csrrwi (not declared); CG-CSR-001.cp_priv.m (not declared); CG-CSR-001.cp_trap.ok (not declared); CG-CSR-001.cr_priv_aclass_trap.m_pmp_ok (not declared); CG-CSR-001.cr_priv_aclass_trap.m_rw_m_ok (not declared); CG-CSR-001.cr_priv_aclass_trap.m_wi_m_ok (not declared); CG-CSR-001.cr_rd_x0_write.csrrw_rdx0_rw_m (not declared); CG-CSR-001.cr_rd_x0_write.csrrw_rdx0_wi_m (not declared); CG-CSR-001.cr_rd_x0_write.csrrwi_rdx0_rw_m (not declared),0,no,,,UNHIT (13 of 15 bins)
TP-CSR-005,gen_csr_access,gen_test_csr_access,targeted,3,PASS,none,3,3,CG-CSR-001.cp_op.f3_100 (not declared); CG-CSR-001.cp_trap.trap (not declared); CG-CSR-001.cr_f3_100.f3_100_trap (not declared),0,no,,,NOT-FIRED (no fire line: not built or not reached)
TP-CSR-012,gen_csr_access,gen_test_csr_access,smoke,3,PASS,yes,21,21,CG-CSR-001.cp_aclass.alias_impl (not declared); CG-CSR-001.cp_aclass.alias_unimpl (not declared); CG-CSR-001.cp_aclass.info_ro (not declared); CG-CSR-001.cp_op.csrrc (not declared); CG-CSR-001.cp_op.csrrci (not declared); CG-CSR-001.cp_op.csrrs (not declared); CG-CSR-001.cp_op.csrrsi (not declared); CG-CSR-001.cp_priv.m (not declared); CG-CSR-001.cp_rs1.zero (not declared); CG-CSR-001.cp_trap.ok (not declared); CG-CSR-001.cr_priv_aclass_trap.m_alias_impl_ok (not declared); CG-CSR-001.cr_priv_aclass_trap.m_alias_unimpl_ok (not declared); CG-CSR-001.cr_priv_aclass_trap.m_info_ro_ok (not declared); CG-CSR-001.cr_rs1zero_ro.csrrc_x0_alias_ok (not declared); CG-CSR-001.cr_rs1zero_ro.csrrc_x0_info_ok (not declared); CG-CSR-001.cr_rs1zero_ro.csrrci_0_alias_ok (not declared); CG-CSR-001.cr_rs1zero_ro.csrrci_0_info_ok (not declared); CG-CSR-001.cr_rs1zero_ro.csrrs_x0_alias_ok (not declared); CG-CSR-001.cr_rs1zero_ro.csrrs_x0_info_ok (not declared); CG-CSR-001.cr_rs1zero_ro.csrrsi_0_alias_ok (not declared); CG-CSR-001.cr_rs1zero_ro.csrrsi_0_info_ok (not declared),0,no,,,UNHIT (21 of 21 bins)
TP-CSR-023,gen_csr_trap_setup,gen_test_csr_trap_setup,smoke,3,PASS,yes,36,0,,0,no,,,CREDITED
TP-CSR-024,gen_csr_trap_setup,gen_test_csr_trap_setup,targeted,3,PASS,yes,24,9,CG-PRV-001.cp_from.m (not declared); CG-PRV-001.cp_from.u (not declared); CG-PRV-001.cp_to.m (not declared); CG-PRV-001.cp_to.u (not declared); CG-PRV-001.cp_via.ecall (not declared); CG-PRV-001.cp_via.mret (not declared); CG-PRV-001.cr_trans.m_m_mret (not declared); CG-PRV-001.cr_trans.m_u_mret (not declared); CG-PRV-001.cr_trans.u_m_ecall (not declared),0,no,,,UNHIT (9 of 24 bins)
TP-CSR-025,gen_csr_trap_setup,gen_test_csr_trap_setup,smoke,3,PASS,yes,6,0,,0,no,,,CREDITED
TP-CSR-027,gen_csr_trap_setup,gen_test_csr_trap_setup,smoke,3,PASS,yes,22,1,CG-CSR-002.cr_csr_op.mstatush_csrrsi (bins_not_hit),0,no,,,UNHIT (1 of 22 bins)
TP-CSR-028,gen_csr_trap_setup,gen_test_csr_trap_setup,smoke,3,PASS,yes,34,3,CG-CSR-002.cr_csr_wpat.menvcfg_all1 (bins_not_hit); CG-CSR-002.cr_csr_wpat.menvcfg_msb (bins_not_hit); CG-CSR-002.cr_csr_wpat.menvcfgh_msb (bins_not_hit),0,no,,,UNHIT (3 of 34 bins)
TP-CSR-029,gen_csr_trap_setup,gen_test_csr_trap_setup,smoke,3,PASS,yes,37,1,CG-CSR-002.cr_csr_wpat.mie_msb (bins_not_hit),1,no,,,UNHIT (1 of 37 bins)
TP-CSR-030,gen_csr_trap_setup,gen_test_csr_trap_setup,smoke,3,PASS,yes,8,0,,0,no,,,CREDITED
TP-CSR-035,gen_csr_trap_setup,gen_test_csr_trap_setup,smoke,3,PASS,yes,37,9,CG-PRV-008.cp_base.sw_high (not declared); CG-PRV-008.cp_base.sw_low (not declared); CG-PRV-008.cp_cause.exc (not declared); CG-PRV-008.cp_cause.irq_fast (not declared); CG-PRV-008.cp_cause.irq_sw (not declared); CG-PRV-008.cr_base_cause.high_exc (not declared); CG-PRV-008.cr_base_cause.high_irq_fast (not declared); CG-PRV-008.cr_base_cause.low_exc (not declared); CG-PRV-008.cr_base_cause.low_irq_sw (not declared),0,no,,,UNHIT (9 of 37 bins)
TP-CSR-036,gen_csr_trap_setup,gen_test_csr_trap_setup,smoke,3,PASS,yes,23,0,,0,no,,,CREDITED
TP-CSR-037,gen_csr_reset,gen_test_csr_reset,smoke,3,PASS,yes,12,12,CG-CSR-016.cp_boot_lo.nonzero; CG-CSR-016.cp_boot_lo.zero; CG-CSR-016.cp_csr.mtvec; CG-CSR-016.cp_when.early; CG-CSR-016.cp_when.first_insn; CG-CSR-016.cr_mtvec_first.mtvec_early_nonzero; CG-CSR-016.cr_mtvec_first.mtvec_early_zero; CG-CSR-016.cr_mtvec_first.mtvec_first_nonzero; CG-CSR-016.cr_mtvec_first.mtvec_first_zero; CG-PRV-008.cp_base.boot_page; CG-PRV-008.cp_cause.exc; CG-PRV-008.cr_base_cause.boot_exc,0,no,,,UNVERIFIED (no fcov check with per-bin results in the round)
TP-CSR-105,gen_csr_reset,gen_test_csr_reset,smoke,3,PASS,yes,19,19,CG-CSR-016.cp_csr.marchid; CG-CSR-016.cp_csr.mconfigptr; CG-CSR-016.cp_csr.mcounteren; CG-CSR-016.cp_csr.menvcfg; CG-CSR-016.cp_csr.menvcfgh; CG-CSR-016.cp_csr.mhartid; CG-CSR-016.cp_csr.mie; CG-CSR-016.cp_csr.mimpid; CG-CSR-016.cp_csr.misa; CG-CSR-016.cp_csr.mstatus; CG-CSR-016.cp_csr.mstatush; CG-CSR-016.cp_csr.mtvec; CG-CSR-016.cp_csr.mvendorid; CG-CSR-016.cp_dbg.nondbg; CG-CSR-016.cp_when.early; CG-CSR-016.cp_when.first_insn; CG-CSR-016.cr_first_csr.mie_first; CG-CSR-016.cr_first_csr.misa_first; CG-CSR-016.cr_first_csr.mstatus_first,0,no,,,UNVERIFIED (no fcov check with per-bin results in the round)
TP-CSR-106,gen_csr_reset,gen_test_csr_reset,smoke,3,PASS,yes,5,5,CG-CSR-016.cp_csr.mcause; CG-CSR-016.cp_csr.mepc; CG-CSR-016.cp_csr.mip; CG-CSR-016.cp_csr.mscratch; CG-CSR-016.cp_csr.mtval,0,no,,,UNVERIFIED (no fcov check with per-bin results in the round)
TP-CSR-107,gen_csr_reset,gen_test_csr_reset,smoke,3,PASS,yes,15,15,CG-CSR-016.cp_csr.cycle_alias; CG-CSR-016.cp_csr.hpm; CG-CSR-016.cp_csr.hpm_alias; CG-CSR-016.cp_csr.hpm_unimpl; CG-CSR-016.cp_csr.hpmh; CG-CSR-016.cp_csr.instret_alias; CG-CSR-016.cp_csr.mcountinhibit; CG-CSR-016.cp_csr.mcycle; CG-CSR-016.cp_csr.mcycleh; CG-CSR-016.cp_csr.mhpmevent; CG-CSR-016.cp_csr.mhpmevent_unimpl; CG-CSR-016.cp_csr.minstret; CG-CSR-016.cp_csr.minstreth; CG-CSR-016.cr_first_csr.mcycle_first; CG-CSR-016.cr_first_csr.minstret_first,0,no,,,UNVERIFIED (no fcov check with per-bin results in the round)
TP-CSR-108,gen_csr_reset,gen_test_csr_reset,smoke,3,PASS,yes,20,20,CG-CSR-007.cp_csr.dcsr; CG-CSR-007.cp_dbg.dbg; CG-CSR-007.cp_trap.ok; CG-CSR-007.cr_csr_dbg_trap.dcsr_dbg_ok; CG-CSR-008.cp_csr.tdata1; CG-CSR-008.cp_dbg.nondbg; CG-CSR-008.cp_form.rd_only; CG-CSR-008.cr_csr_dbg_form.tdata1_nondbg_rd; CG-CSR-016.cp_csr.dcsr; CG-CSR-016.cp_csr.dpc; CG-CSR-016.cp_csr.dscratch0; CG-CSR-016.cp_csr.dscratch1; CG-CSR-016.cp_csr.tdata1; CG-CSR-016.cp_csr.tdata2; CG-CSR-016.cp_csr.tselect; CG-CSR-016.cp_dbg.dbg; CG-CSR-016.cr_dbg_reset.dcsr_dbg; CG-CSR-016.cr_dbg_reset.dpc_dbg; CG-CSR-016.cr_dbg_reset.dscratch0_dbg; CG-CSR-016.cr_dbg_reset.dscratch1_dbg,0,no,,,UNVERIFIED (no fcov check with per-bin results in the round)
TP-CSR-109,gen_csr_reset,gen_test_csr_reset,smoke,3,PASS,yes,13,13,CG-CSR-009.cp_key_pin.hi; CG-CSR-009.cp_key_pin.lo; CG-CSR-010.cr_form_priv_trap.rd_m_ok; CG-CSR-011.cp_fam.addr; CG-CSR-011.cp_fam.cfg; CG-CSR-016.cp_csr.cpuctrlsts; CG-CSR-016.cp_csr.mseccfg; CG-CSR-016.cp_csr.mseccfgh; CG-CSR-016.cp_csr.pmpaddr; CG-CSR-016.cp_csr.pmpcfg; CG-CSR-016.cp_csr.secureseed; CG-CSR-016.cp_when.later; CG-CSR-016.cr_first_csr.cpuctrlsts_first,0,no,,,UNVERIFIED (no fcov check with per-bin results in the round)
TP-ISA-001,gen_isa_alu,gen_test_isa_alu,smoke,3,PASS,yes,130,0,,0,no,,,CREDITED
TP-ISA-002,gen_isa_alu,gen_test_isa_alu,targeted,3,PASS,yes,4,0,,0,no,,,CREDITED
TP-ISA-003,gen_isa_alu,gen_test_isa_alu,targeted,3,PASS,yes,15,0,,0,no,,,CREDITED
TP-ISA-004,gen_isa_alu,gen_test_isa_alu,targeted,3,PASS,yes,30,0,,0,no,,,CREDITED
TP-ISA-005,gen_isa_alu,gen_test_isa_alu,smoke,3,PASS,yes,26,0,,0,no,,,CREDITED
TP-ISA-006,gen_isa_alu,gen_test_isa_alu,targeted,3,PASS,yes,13,2,CG-ISA-004.cp_pc_region.high (bins_not_hit); CG-ISA-004.cp_pc_region.low (bins_not_hit),0,no,,,UNHIT (2 of 13 bins)
TP-ISA-007,gen_isa_alu,gen_test_isa_alu,smoke,3,PASS,yes,224,0,,0,no,,,CREDITED
TP-ISA-008,gen_isa_alu,gen_test_isa_alu,targeted,3,PASS,yes,15,0,,0,no,,,CREDITED
TP-ISA-009,gen_isa_alu,gen_test_isa_alu,targeted,3,PASS,yes,127,13,CG-ISA-002.cr_slt_boundary.slt_all_ones_int_max (bins_not_hit); CG-ISA-002.cr_slt_boundary.slt_int_max_all_ones (bins_not_hit); CG-ISA-002.cr_slt_boundary.slt_int_min_zero (bins_not_hit); CG-ISA-002.cr_slt_boundary.sltu_all_ones_int_max (bins_not_hit); CG-ISA-002.cr_slt_boundary.sltu_all_ones_int_min (bins_not_hit); CG-ISA-002.cr_slt_boundary.sltu_all_ones_zero (bins_not_hit); CG-ISA-002.cr_slt_boundary.sltu_int_max_one (bins_not_hit); CG-ISA-002.cr_slt_boundary.sltu_int_min_all_ones (bins_not_hit); CG-ISA-002.cr_slt_boundary.sltu_one_int_max (bins_not_hit); CG-ISA-002.cr_slt_boundary.sltu_one_int_min (bins_not_hit); CG-ISA-002.cr_slt_boundary.sltu_one_zero (bins_not_hit); CG-ISA-002.cr_slt_boundary.sltu_zero_int_max (bins_not_hit); CG-ISA-002.cr_slt_boundary.sltu_zero_int_min (bins_not_hit),0,no,,,UNHIT (13 of 127 bins)
TP-ISA-010,gen_isa_shift,gen_test_isa_shift,smoke,3,PASS,yes,57,0,,0,no,,,CREDITED
TP-ISA-011,gen_isa_shift,gen_test_isa_shift,targeted,3,PASS,yes,22,0,,0,no,,,CREDITED
TP-ISA-013,gen_isa_shift,gen_test_isa_shift,smoke,3,PASS,yes,39,0,,0,no,,,CREDITED
TP-ISA-014,gen_isa_shift,gen_test_isa_shift,targeted,3,PASS,yes,27,0,,0,no,,,CREDITED
TP-ISA-015,gen_isa_cti,gen_test_isa_cti,smoke,3,PASS,yes,22,0,,0,no,,,CREDITED
TP-ISA-016,gen_isa_cti,gen_test_isa_cti,targeted,3,PASS,none,40,28,CG-ISA-006.cp_jal_off.max_bwd (not declared); CG-ISA-006.cp_jal_off.max_fwd (not declared); CG-ISA-006.cp_jal_off.self (not declared); CG-ISA-006.cp_pc_region.zero_page (not declared); CG-ISA-006.cp_wrap.yes (not declared); CG-ISA-006.cr_jal_off_rd.jal_max_bwd_other (not declared); CG-ISA-006.cr_jal_off_rd.jal_max_bwd_x0 (not declared); CG-ISA-006.cr_jal_off_rd.jal_max_bwd_x1 (not declared); CG-ISA-006.cr_jal_off_rd.jal_max_bwd_x5 (not declared); CG-ISA-006.cr_jal_off_rd.jal_max_fwd_other (not declared); CG-ISA-006.cr_jal_off_rd.jal_max_fwd_x0 (not declared); CG-ISA-006.cr_jal_off_rd.jal_max_fwd_x1 (not declared); CG-ISA-006.cr_jal_off_rd.jal_max_fwd_x5 (not declared); CG-ISA-006.cr_jal_off_rd.jal_self_other (not declared); CG-ISA-006.cr_jal_off_rd.jal_self_x0 (not declared); CG-ISA-006.cr_jal_off_rd.jal_self_x1 (not declared); CG-ISA-006.cr_jal_off_rd.jal_self_x5 (not declared); CG-ISA-006.cr_op_wrap.c_j_no (not declared); CG-ISA-006.cr_op_wrap.c_j_yes (not declared); CG-ISA-006.cr_op_wrap.c_jal_no (not declared); CG-ISA-006.cr_op_wrap.c_jal_yes (not declared); CG-ISA-006.cr_op_wrap.c_jalr_no (not declared); CG-ISA-006.cr_op_wrap.c_jr_no (not declared); CG-ISA-006.cr_op_wrap.jal_no (not declared); CG-ISA-006.cr_op_wrap.jal_yes (not declared); CG-ISA-006.cr_op_wrap.jalr_no (not declared); CG-ISA-006.cr_op_wrap.jalr_yes (not declared); CG-ISA-006.cr_zero_page_bwd.jal_zero_page_neg (not declared),0,no,,,NOT-FIRED (no fire line: not built or not reached)
TP-ISA-017,gen_isa_cti,gen_test_isa_cti,targeted,3,PASS,yes,17,0,,0,no,,,CREDITED
TP-ISA-018,gen_isa_cti,gen_test_isa_cti,smoke,3,PASS,yes,18,4,CG-ISA-006.cp_jalr_rs1.x0 (bins_not_hit); CG-ISA-006.cr_jalr_rs1_imm.x0_max_pos (bins_not_hit); CG-ISA-006.cr_jalr_rs1_imm.x0_min_neg (bins_not_hit); CG-ISA-006.cr_jalr_rs1_imm.x0_zero (bins_not_hit),0,no,,,UNHIT (4 of 18 bins)
TP-ISA-019,gen_isa_cti,gen_test_isa_cti,targeted,3,PASS,yes,10,0,,0,no,,,CREDITED
TP-ISA-020,gen_isa_cti,gen_test_isa_cti,targeted,3,PASS,yes,13,0,,0,no,,,CREDITED
TP-ISA-022,gen_isa_cti,gen_test_isa_cti,targeted,3,PASS,none,15,9,CG-ISA-006.cp_jalr_rs1.x0 (bins_not_hit); CG-ISA-006.cp_pc_region.high (not declared); CG-ISA-006.cp_wrap.yes (not declared); CG-ISA-006.cr_jalr_rs1_imm.x0_max_pos (bins_not_hit); CG-ISA-006.cr_jalr_rs1_imm.x0_min_neg (bins_not_hit); CG-ISA-006.cr_jalr_rs1_imm.x0_neg_rand (not declared); CG-ISA-006.cr_jalr_rs1_imm.x0_odd (not declared); CG-ISA-006.cr_jalr_rs1_imm.x0_pos_rand (not declared); CG-ISA-006.cr_jalr_rs1_imm.x0_zero (bins_not_hit),0,no,,,NOT-FIRED (no fire line: not built or not reached)
TP-ISA-023,gen_isa_cti,gen_test_isa_cti,smoke,3,PASS,yes,122,0,,0,no,,,CREDITED
TP-ISA-024,gen_isa_cti,gen_test_isa_cti,targeted,3,PASS,none,9,9,CG-BTALU-001.cp_delta.d1 (not declared); CG-BTALU-001.cp_delta.d2 (not declared); CG-BTALU-001.cp_delta.d3plus (not declared); CG-BTALU-001.cp_dit.off (not declared); CG-BTALU-001.cp_fetch_stall.no (not declared); CG-BTALU-001.cp_redirect.no (not declared); CG-BTALU-001.cr_taken_dit_delta.nt_dit0_d1 (not declared); CG-BTALU-001.cr_taken_dit_delta.t_dit0_d2 (not declared); CG-BTALU-001.cr_taken_dit_redirect.nt_dit0_noredir (not declared),1,no,,,NOT-FIRED (no fire line: not built or not reached)
TP-ISA-026,gen_isa_cti,gen_test_isa_cti,targeted,3,PASS,none,70,62,CG-ISA-007.cp_offset.max_bwd (not declared); CG-ISA-007.cp_offset.max_fwd (not declared); CG-ISA-007.cp_offset.self (not declared); CG-ISA-007.cp_op.c_beqz (bins_not_hit); CG-ISA-007.cp_op.c_bnez (bins_not_hit); CG-ISA-007.cp_wrap.yes (not declared); CG-ISA-007.cr_op_offset_taken.beq_max_bwd_no (not declared); CG-ISA-007.cr_op_offset_taken.beq_max_bwd_yes (not declared); CG-ISA-007.cr_op_offset_taken.beq_max_fwd_no (not declared); CG-ISA-007.cr_op_offset_taken.beq_max_fwd_yes (not declared); CG-ISA-007.cr_op_offset_taken.beq_self_no (not declared); CG-ISA-007.cr_op_offset_taken.beq_self_yes (not declared); CG-ISA-007.cr_op_offset_taken.bge_max_bwd_no (not declared); CG-ISA-007.cr_op_offset_taken.bge_max_bwd_yes (not declared); CG-ISA-007.cr_op_offset_taken.bge_max_fwd_no (not declared); CG-ISA-007.cr_op_offset_taken.bge_max_fwd_yes (not declared); CG-ISA-007.cr_op_offset_taken.bge_self_no (not declared); CG-ISA-007.cr_op_offset_taken.bge_self_yes (not declared); CG-ISA-007.cr_op_offset_taken.bgeu_max_bwd_no (not declared); CG-ISA-007.cr_op_offset_taken.bgeu_max_bwd_yes (not declared); CG-ISA-007.cr_op_offset_taken.bgeu_max_fwd_no (not declared); CG-ISA-007.cr_op_offset_taken.bgeu_max_fwd_yes (not declared); CG-ISA-007.cr_op_offset_taken.bgeu_self_no (not declared); CG-ISA-007.cr_op_offset_taken.bgeu_self_yes (not declared); CG-ISA-007.cr_op_offset_taken.blt_max_bwd_no (not declared); CG-ISA-007.cr_op_offset_taken.blt_max_bwd_yes (not declared); CG-ISA-007.cr_op_offset_taken.blt_max_fwd_no (not declared); CG-ISA-007.cr_op_offset_taken.blt_max_fwd_yes (not declared); CG-ISA-007.cr_op_offset_taken.blt_self_no (not declared); CG-ISA-007.cr_op_offset_taken.blt_self_yes (not declared); CG-ISA-007.cr_op_offset_taken.bltu_max_bwd_no (not declared); CG-ISA-007.cr_op_offset_taken.bltu_max_bwd_yes (not declared); CG-ISA-007.cr_op_offset_taken.bltu_max_fwd_no (not declared); CG-ISA-007.cr_op_offset_taken.bltu_max_fwd_yes (not declared); CG-ISA-007.cr_op_offset_taken.bltu_self_no (not declared); CG-ISA-007.cr_op_offset_taken.bltu_self_yes (not declared); CG-ISA-007.cr_op_offset_taken.bne_max_bwd_no (not declared); CG-ISA-007.cr_op_offset_taken.bne_max_bwd_yes (not declared); CG-ISA-007.cr_op_offset_taken.bne_max_fwd_no (not declared); CG-ISA-007.cr_op_offset_taken.bne_max_fwd_yes (not declared); CG-ISA-007.cr_op_offset_taken.bne_self_no (not declared); CG-ISA-007.cr_op_offset_taken.bne_self_yes (not declared); CG-ISA-007.cr_op_offset_taken.c_beqz_max_bwd_no (not declared); CG-ISA-007.cr_op_offset_taken.c_beqz_max_bwd_yes (not declared); CG-ISA-007.cr_op_offset_taken.c_beqz_max_fwd_no (not declared); CG-ISA-007.cr_op_offset_taken.c_beqz_max_fwd_yes (not declared); CG-ISA-007.cr_op_offset_taken.c_beqz_self_no (not declared); CG-ISA-007.cr_op_offset_taken.c_beqz_self_yes (not declared); CG-ISA-007.cr_op_offset_taken.c_bnez_max_bwd_no (not declared); CG-ISA-007.cr_op_offset_taken.c_bnez_max_bwd_yes (not declared); CG-ISA-007.cr_op_offset_taken.c_bnez_max_fwd_no (not declared); CG-ISA-007.cr_op_offset_taken.c_bnez_max_fwd_yes (not declared); CG-ISA-007.cr_op_offset_taken.c_bnez_self_no (not declared); CG-ISA-007.cr_op_offset_taken.c_bnez_self_yes (not declared); CG-ISA-007.cr_wrap.beq_yes (not declared); CG-ISA-007.cr_wrap.bge_yes (not declared); CG-ISA-007.cr_wrap.bgeu_yes (not declared); CG-ISA-007.cr_wrap.blt_yes (not declared); CG-ISA-007.cr_wrap.bltu_yes (not declared); CG-ISA-007.cr_wrap.bne_yes (not declared); CG-ISA-007.cr_wrap.c_beqz_yes (not declared); CG-ISA-007.cr_wrap.c_bnez_yes (not declared),0,no,,,NOT-FIRED (no fire line: not built or not reached)
TP-ISA-027,gen_isa_cti,gen_test_isa_cti,targeted,3,PASS,yes,74,10,CG-ISA-007.cp_op.c_beqz (bins_not_hit); CG-ISA-007.cp_op.c_bnez (bins_not_hit); CG-ISA-007.cr_op_taken_cmp.c_beqz_no_intmin_zero (bins_not_hit); CG-ISA-007.cr_op_taken_cmp.c_beqz_no_ones_zero (bins_not_hit); CG-ISA-007.cr_op_taken_cmp.c_beqz_no_slt_ugt (bins_not_hit); CG-ISA-007.cr_op_taken_cmp.c_beqz_yes_equal (bins_not_hit); CG-ISA-007.cr_op_taken_cmp.c_bnez_no_equal (bins_not_hit); CG-ISA-007.cr_op_taken_cmp.c_bnez_yes_intmin_zero (bins_not_hit); CG-ISA-007.cr_op_taken_cmp.c_bnez_yes_ones_zero (bins_not_hit); CG-ISA-007.cr_op_taken_cmp.c_bnez_yes_slt_ugt (bins_not_hit),0,no,,,UNHIT (10 of 74 bins)
TP-ISA-052,gen_isa_alu,gen_test_isa_alu,targeted,3,PASS,yes,60,26,CG-ISA-005.cr_writer_read.bit_1cyc_rs1_zero (bins_not_hit); CG-ISA-005.cr_writer_read.bit_1cyc_rs2_zero (bins_not_hit); CG-ISA-005.cr_writer_read.bit_2cyc_none (bins_not_hit); CG-ISA-005.cr_writer_read.bit_2cyc_rs1_zero (bins_not_hit); CG-ISA-005.cr_writer_read.bit_2cyc_rs2_zero (bins_not_hit); CG-ISA-005.cr_writer_read.cmp_hint_none (bins_not_hit); CG-ISA-005.cr_writer_read.cmp_hint_rs1_zero (bins_not_hit); CG-ISA-005.cr_writer_read.cmp_hint_rs2_zero (bins_not_hit); CG-ISA-005.cr_writer_read.csrr_rs2_zero (bins_not_hit); CG-ISA-005.cr_writer_read.div_rem_none (bins_not_hit); CG-ISA-005.cr_writer_read.div_rem_rs1_zero (bins_not_hit); CG-ISA-005.cr_writer_read.div_rem_rs2_zero (bins_not_hit); CG-ISA-005.cr_writer_read.jal_rs1_zero (bins_not_hit); CG-ISA-005.cr_writer_read.jal_rs2_zero (bins_not_hit); CG-ISA-005.cr_writer_read.jalr_none (bins_not_hit); CG-ISA-005.cr_writer_read.jalr_rs1_zero (bins_not_hit); CG-ISA-005.cr_writer_read.jalr_rs2_zero (bins_not_hit); CG-ISA-005.cr_writer_read.load_none (bins_not_hit); CG-ISA-005.cr_writer_read.load_rs1_zero (bins_not_hit); CG-ISA-005.cr_writer_read.load_rs2_zero (bins_not_hit); CG-ISA-005.cr_writer_read.mul_none (bins_not_hit); CG-ISA-005.cr_writer_read.mul_rs1_zero (bins_not_hit); CG-ISA-005.cr_writer_read.mul_rs2_zero (bins_not_hit); CG-ISA-005.cr_writer_read.mulh_rs1_zero (bins_not_hit); CG-ISA-005.cr_writer_read.mulh_rs2_zero (bins_not_hit); CG-ISA-005.cr_writer_read.shift_rs2_zero (bins_not_hit),0,no,,,UNHIT (26 of 60 bins)
TP-ISA-053,gen_isa_cti,gen_test_isa_cti,targeted,3,PASS,yes,30,4,CG-ISA-007.cp_op.c_beqz (bins_not_hit); CG-ISA-007.cp_op.c_bnez (bins_not_hit); CG-ISA-007.cr_op_align.c_beqz_half (bins_not_hit); CG-ISA-007.cr_op_align.c_bnez_half (bins_not_hit),0,no,,,UNHIT (4 of 30 bins)
TP-MUL-001,gen_mul_mul,gen_test_mul_mul,smoke,3,PASS,yes,63,0,,0,no,,,CREDITED
TP-MUL-002,gen_mul_mul,gen_test_mul_mul,targeted,3,PASS,yes,268,0,,0,no,,,CREDITED
TP-MUL-003,gen_mul_mul,gen_test_mul_mul,smoke,3,PASS,none,6,1,CG-MUL-002.cr_op_delta_clean.mulh_d2 (not declared),0,no,,,NOT-FIRED (no fire line: not built or not reached)
TP-MUL-004,gen_mul_mul,gen_test_mul_mul,targeted,3,PASS,yes,291,0,,0,no,,,CREDITED
TP-MUL-005,gen_mul_mul,gen_test_mul_mul,smoke,3,PASS,yes,6,0,,0,no,,,CREDITED
TP-MUL-006,gen_mul_mul,gen_test_mul_mul,targeted,3,PASS,yes,267,0,,0,no,,,CREDITED
TP-MUL-007,gen_mul_mul,gen_test_mul_mul,smoke,3,PASS,yes,6,0,,0,no,,,CREDITED
TP-MUL-008,gen_mul_mul,gen_test_mul_mul,targeted,3,PASS,yes,290,0,,0,no,,,CREDITED
TP-MUL-012,gen_mul_div,gen_test_mul_div,smoke,3,PASS,none,33,11,CG-MUL-003.cr_op_dividend.div_all_ones (not declared); CG-MUL-003.cr_op_dividend.div_int_max (not declared); CG-MUL-003.cr_op_dividend.div_int_min (not declared); CG-MUL-003.cr_op_dividend.div_neg_rand (not declared); CG-MUL-003.cr_op_dividend.div_one (not declared); CG-MUL-003.cr_op_dividend.div_pos_rand (not declared); CG-MUL-003.cr_op_dividend.div_seven (not declared); CG-MUL-003.cr_op_dividend.div_two (not declared); CG-MUL-003.cr_op_dividend.div_zero (not declared); CG-MUL-004.cp_delta.d37 (not declared); CG-MUL-004.cr_dit_div0_delta.dit0_nodiv0_d37 (not declared),0,no,,,NOT-FIRED (no fire line: not built or not reached)
TP-MUL-013,gen_mul_div,gen_test_mul_div,smoke,3,PASS,yes,39,0,,0,no,,,CREDITED
TP-MUL-014,gen_mul_div,gen_test_mul_div,smoke,3,PASS,yes,27,1,CG-MUL-003.cr_op_dividend.rem_two (bins_not_hit),0,no,,,UNHIT (1 of 27 bins)
TP-MUL-015,gen_mul_div,gen_test_mul_div,smoke,3,PASS,yes,39,0,,0,no,,,CREDITED
TP-MUL-016,gen_mul_div,gen_test_mul_div,targeted,3,PASS,yes,79,25,CG-MUL-003.cr_div0.div_zero_neg_rand (bins_not_hit); CG-MUL-003.cr_div0.div_zero_pos_rand (bins_not_hit); CG-MUL-003.cr_div0.div_zero_seven (bins_not_hit); CG-MUL-003.cr_div0.div_zero_two (bins_not_hit); CG-MUL-003.cr_div0.divu_zero_neg_rand (bins_not_hit); CG-MUL-003.cr_div0.divu_zero_pos_rand (bins_not_hit); CG-MUL-003.cr_div0.divu_zero_seven (bins_not_hit); CG-MUL-003.cr_div0.divu_zero_two (bins_not_hit); CG-MUL-003.cr_div0.rem_zero_neg_rand (bins_not_hit); CG-MUL-003.cr_div0.rem_zero_pos_rand (bins_not_hit); CG-MUL-003.cr_div0.rem_zero_seven (bins_not_hit); CG-MUL-003.cr_div0.rem_zero_two (bins_not_hit); CG-MUL-003.cr_div0.remu_zero_neg_rand (bins_not_hit); CG-MUL-003.cr_div0.remu_zero_pos_rand (bins_not_hit); CG-MUL-003.cr_div0.remu_zero_seven (bins_not_hit); CG-MUL-003.cr_div0.remu_zero_two (bins_not_hit); CG-MUL-004.cp_dit.on (bins_not_hit); CG-MUL-004.cr_op_div0.div_no_on (bins_not_hit); CG-MUL-004.cr_op_div0.div_yes_on (bins_not_hit); CG-MUL-004.cr_op_div0.divu_no_on (bins_not_hit); CG-MUL-004.cr_op_div0.divu_yes_on (bins_not_hit); CG-MUL-004.cr_op_div0.rem_no_on (bins_not_hit); CG-MUL-004.cr_op_div0.rem_yes_on (bins_not_hit); CG-MUL-004.cr_op_div0.remu_no_on (bins_not_hit); CG-MUL-004.cr_op_div0.remu_yes_on (bins_not_hit),0,no,,,UNHIT (25 of 79 bins)
TP-MUL-017,gen_mul_div,gen_test_mul_div,targeted,3,PASS,yes,57,16,CG-MUL-003.cr_div0.div_zero_neg_rand (bins_not_hit); CG-MUL-003.cr_div0.div_zero_pos_rand (bins_not_hit); CG-MUL-003.cr_div0.div_zero_seven (bins_not_hit); CG-MUL-003.cr_div0.div_zero_two (bins_not_hit); CG-MUL-003.cr_div0.divu_zero_neg_rand (bins_not_hit); CG-MUL-003.cr_div0.divu_zero_pos_rand (bins_not_hit); CG-MUL-003.cr_div0.divu_zero_seven (bins_not_hit); CG-MUL-003.cr_div0.divu_zero_two (bins_not_hit); CG-MUL-003.cr_div0.rem_zero_neg_rand (bins_not_hit); CG-MUL-003.cr_div0.rem_zero_pos_rand (bins_not_hit); CG-MUL-003.cr_div0.rem_zero_seven (bins_not_hit); CG-MUL-003.cr_div0.rem_zero_two (bins_not_hit); CG-MUL-003.cr_div0.remu_zero_neg_rand (bins_not_hit); CG-MUL-003.cr_div0.remu_zero_pos_rand (bins_not_hit); CG-MUL-003.cr_div0.remu_zero_seven (bins_not_hit); CG-MUL-003.cr_div0.remu_zero_two (bins_not_hit),0,no,,,UNHIT (16 of 57 bins)
TP-MUL-018,gen_mul_div,gen_test_mul_div,targeted,3,PASS,yes,11,0,,0,no,,,CREDITED
TP-MUL-019,gen_mul_div,gen_test_mul_div,targeted,3,PASS,yes,27,0,,0,no,,,CREDITED
TP-MUL-020,gen_mul_div,gen_test_mul_div,targeted,3,PASS,yes,57,0,,0,no,,,CREDITED
TP-MUL-021,gen_mul_div,gen_test_mul_div,targeted,3,PASS,yes,26,0,,0,no,,,CREDITED
TP-MUL-022,gen_mul_div,gen_test_mul_div,targeted,3,PASS,none,23,12,CG-MUL-004.cp_delta.d37 (not declared); CG-MUL-004.cp_dit.on (bins_not_hit); CG-MUL-004.cr_dit_div0_delta.dit1_div0_d37 (not declared); CG-MUL-004.cr_dit_div0_delta.dit1_nodiv0_d37 (not declared); CG-MUL-004.cr_op_div0.div_no_on (bins_not_hit); CG-MUL-004.cr_op_div0.div_yes_on (bins_not_hit); CG-MUL-004.cr_op_div0.divu_no_on (bins_not_hit); CG-MUL-004.cr_op_div0.divu_yes_on (bins_not_hit); CG-MUL-004.cr_op_div0.rem_no_on (bins_not_hit); CG-MUL-004.cr_op_div0.rem_yes_on (bins_not_hit); CG-MUL-004.cr_op_div0.remu_no_on (bins_not_hit); CG-MUL-004.cr_op_div0.remu_yes_on (bins_not_hit),0,no,,,NOT-FIRED (no fire line: not built or not reached)
TP-MUL-026,gen_mul_div,gen_test_mul_div,targeted,3,PASS,yes,44,2,CG-MUL-001.cp_op.c_mul (bins_not_hit); CG-MUL-001.cr_op_rd_x0.c_mul_no (bins_not_hit),0,no,,,UNHIT (2 of 44 bins)
TP-MUL-027,gen_mul_mul,gen_test_mul_mul,targeted,3,PASS,yes,4,0,,0,no,,,CREDITED
TP-PMP-001,gen_pmp_csr_warl,gen_test_pmp_csr_warl,smoke,3,PASS,yes,113,113,CG-PMP-001.cp_entry.e0; CG-PMP-001.cp_entry.e1; CG-PMP-001.cp_entry.e10; CG-PMP-001.cp_entry.e11; CG-PMP-001.cp_entry.e12; CG-PMP-001.cp_entry.e13; CG-PMP-001.cp_entry.e14; CG-PMP-001.cp_entry.e15; CG-PMP-001.cp_entry.e2; CG-PMP-001.cp_entry.e3; CG-PMP-001.cp_entry.e4; CG-PMP-001.cp_entry.e5; CG-PMP-001.cp_entry.e6; CG-PMP-001.cp_entry.e7; CG-PMP-001.cp_entry.e8; CG-PMP-001.cp_entry.e9; CG-PMP-001.cp_op.csrrw; CG-PMP-001.cp_outcome.written; CG-PMP-001.cp_prelock.unlocked; CG-PMP-001.cp_res_bits.zero; CG-PMP-001.cp_rlb.rlb0; CG-PMP-001.cp_wr_lrwx.c0000; CG-PMP-001.cp_wr_lrwx.c0001; CG-PMP-001.cp_wr_lrwx.c0010; CG-PMP-001.cp_wr_lrwx.c0011; CG-PMP-001.cp_wr_lrwx.c0100; CG-PMP-001.cp_wr_lrwx.c0101; CG-PMP-001.cp_wr_lrwx.c0110; CG-PMP-001.cp_wr_lrwx.c0111; CG-PMP-001.cp_wr_lrwx.c1000; CG-PMP-001.cp_wr_lrwx.c1001; CG-PMP-001.cp_wr_lrwx.c1010; CG-PMP-001.cp_wr_lrwx.c1011; CG-PMP-001.cp_wr_lrwx.c1100; CG-PMP-001.cp_wr_lrwx.c1101; CG-PMP-001.cp_wr_lrwx.c1110; CG-PMP-001.cp_wr_lrwx.c1111; CG-PMP-001.cp_wr_mode.na4; CG-PMP-001.cp_wr_mode.napot; CG-PMP-001.cp_wr_mode.off; CG-PMP-001.cp_wr_mode.tor; CG-PMP-001.cr_mode_lrwx.na4_c0000; CG-PMP-001.cr_mode_lrwx.na4_c0001; CG-PMP-001.cr_mode_lrwx.na4_c0010; CG-PMP-001.cr_mode_lrwx.na4_c0011; CG-PMP-001.cr_mode_lrwx.na4_c0100; CG-PMP-001.cr_mode_lrwx.na4_c0101; CG-PMP-001.cr_mode_lrwx.na4_c0110; CG-PMP-001.cr_mode_lrwx.na4_c0111; CG-PMP-001.cr_mode_lrwx.na4_c1000; CG-PMP-001.cr_mode_lrwx.na4_c1001; CG-PMP-001.cr_mode_lrwx.na4_c1010; CG-PMP-001.cr_mode_lrwx.na4_c1011; CG-PMP-001.cr_mode_lrwx.na4_c1100; CG-PMP-001.cr_mode_lrwx.na4_c1101; CG-PMP-001.cr_mode_lrwx.na4_c1110; CG-PMP-001.cr_mode_lrwx.na4_c1111; CG-PMP-001.cr_mode_lrwx.napot_c0000; CG-PMP-001.cr_mode_lrwx.napot_c0001; CG-PMP-001.cr_mode_lrwx.napot_c0010; CG-PMP-001.cr_mode_lrwx.napot_c0011; CG-PMP-001.cr_mode_lrwx.napot_c0100; CG-PMP-001.cr_mode_lrwx.napot_c0101; CG-PMP-001.cr_mode_lrwx.napot_c0110; CG-PMP-001.cr_mode_lrwx.napot_c0111; CG-PMP-001.cr_mode_lrwx.napot_c1000; CG-PMP-001.cr_mode_lrwx.napot_c1001; CG-PMP-001.cr_mode_lrwx.napot_c1010; CG-PMP-001.cr_mode_lrwx.napot_c1011; CG-PMP-001.cr_mode_lrwx.napot_c1100; CG-PMP-001.cr_mode_lrwx.napot_c1101; CG-PMP-001.cr_mode_lrwx.napot_c1110; CG-PMP-001.cr_mode_lrwx.napot_c1111; CG-PMP-001.cr_mode_lrwx.off_c0000; CG-PMP-001.cr_mode_lrwx.off_c0001; CG-PMP-001.cr_mode_lrwx.off_c0010; CG-PMP-001.cr_mode_lrwx.off_c0011; CG-PMP-001.cr_mode_lrwx.off_c0100; CG-PMP-001.cr_mode_lrwx.off_c0101; CG-PMP-001.cr_mode_lrwx.off_c0110; CG-PMP-001.cr_mode_lrwx.off_c0111; CG-PMP-001.cr_mode_lrwx.off_c1000; CG-PMP-001.cr_mode_lrwx.off_c1001; CG-PMP-001.cr_mode_lrwx.off_c1010; CG-PMP-001.cr_mode_lrwx.off_c1011; CG-PMP-001.cr_mode_lrwx.off_c1100; CG-PMP-001.cr_mode_lrwx.off_c1101; CG-PMP-001.cr_mode_lrwx.off_c1110; CG-PMP-001.cr_mode_lrwx.off_c1111; CG-PMP-001.cr_mode_lrwx.tor_c0000; CG-PMP-001.cr_mode_lrwx.tor_c0001; CG-PMP-001.cr_mode_lrwx.tor_c0010; CG-PMP-001.cr_mode_lrwx.tor_c0011; CG-PMP-001.cr_mode_lrwx.tor_c0100; CG-PMP-001.cr_mode_lrwx.tor_c0101; CG-PMP-001.cr_mode_lrwx.tor_c0110; CG-PMP-001.cr_mode_lrwx.tor_c0111; CG-PMP-001.cr_mode_lrwx.tor_c1000; CG-PMP-001.cr_mode_lrwx.tor_c1001; CG-PMP-001.cr_mode_lrwx.tor_c1010; CG-PMP-001.cr_mode_lrwx.tor_c1011; CG-PMP-001.cr_mode_lrwx.tor_c1100; CG-PMP-001.cr_mode_lrwx.tor_c1101; CG-PMP-001.cr_mode_lrwx.tor_c1110; CG-PMP-001.cr_mode_lrwx.tor_c1111; CG-PMP-004.cp_class.pmpcfg; CG-PMP-004.cp_dbg.d0; CG-PMP-004.cp_op.csrrw; CG-PMP-004.cp_priv.m; CG-PMP-004.cp_rw.write; CG-PMP-004.cp_trap.none; CG-PMP-004.cr_op_class.csrrw_pmpcfg; CG-PMP-004.cr_priv_trap.m_none,0,no,,,UNVERIFIED (no fcov check with per-bin results in the round)
TP-PMP-002,gen_pmp_csr_warl,gen_test_pmp_csr_warl,smoke,3,PASS,yes,44,44,CG-PMP-002.cp_hi_bits.bit30; CG-PMP-002.cp_hi_bits.bit31; CG-PMP-002.cp_hi_bits.both; CG-PMP-002.cp_hi_bits.none; CG-PMP-002.cp_idx.a0; CG-PMP-002.cp_idx.a1; CG-PMP-002.cp_idx.a10; CG-PMP-002.cp_idx.a11; CG-PMP-002.cp_idx.a12; CG-PMP-002.cp_idx.a13; CG-PMP-002.cp_idx.a14; CG-PMP-002.cp_idx.a15; CG-PMP-002.cp_idx.a2; CG-PMP-002.cp_idx.a3; CG-PMP-002.cp_idx.a4; CG-PMP-002.cp_idx.a5; CG-PMP-002.cp_idx.a6; CG-PMP-002.cp_idx.a7; CG-PMP-002.cp_idx.a8; CG-PMP-002.cp_idx.a9; CG-PMP-002.cp_next_cfg.next_unlocked_other; CG-PMP-002.cp_op.csrrw; CG-PMP-002.cp_outcome.written; CG-PMP-002.cp_rlb.rlb0; CG-PMP-002.cp_self_lock.unlocked; CG-PMP-002.cp_self_mode.na4; CG-PMP-002.cp_self_mode.napot; CG-PMP-002.cp_self_mode.off; CG-PMP-002.cp_self_mode.tor; CG-PMP-002.cr_hi_mode.bit30_na4; CG-PMP-002.cr_hi_mode.bit30_napot; CG-PMP-002.cr_hi_mode.bit30_off; CG-PMP-002.cr_hi_mode.bit30_tor; CG-PMP-002.cr_hi_mode.bit31_na4; CG-PMP-002.cr_hi_mode.bit31_napot; CG-PMP-002.cr_hi_mode.bit31_off; CG-PMP-002.cr_hi_mode.bit31_tor; CG-PMP-002.cr_hi_mode.both_na4; CG-PMP-002.cr_hi_mode.both_napot; CG-PMP-002.cr_hi_mode.both_off; CG-PMP-002.cr_hi_mode.both_tor; CG-PMP-002.cr_self_lock.unlocked_rlb0_written; CG-PMP-004.cp_class.pmpaddr; CG-PMP-004.cr_op_class.csrrw_pmpaddr,0,no,,,UNVERIFIED (no fcov check with per-bin results in the round)
TP-PMP-003,gen_pmp_csr_warl,gen_test_pmp_csr_warl,targeted,3,PASS,yes,4,4,CG-PMP-001.cp_res_bits.nonzero; CG-PMP-001.cr_res_op.nonzero_csrrc; CG-PMP-001.cr_res_op.nonzero_csrrs; CG-PMP-001.cr_res_op.nonzero_csrrw,0,no,,,UNVERIFIED (no fcov check with per-bin results in the round)
TP-PMP-004,gen_pmp_csr_warl,gen_test_pmp_csr_warl,targeted,3,PASS,yes,7,7,CG-PMP-001.cp_mml.mml0; CG-PMP-001.cp_outcome.w_dropped; CG-PMP-001.cp_wr_lrwx.c0010; CG-PMP-001.cp_wr_lrwx.c0011; CG-PMP-001.cp_wr_lrwx.c1010; CG-PMP-001.cp_wr_lrwx.c1011; CG-PMP-001.cr_rw01_mml.rw01_mml0_wdrop,0,no,,,UNVERIFIED (no fcov check with per-bin results in the round)
TP-PMP-005,gen_pmp_csr_warl,gen_test_pmp_csr_warl,targeted,3,PASS,yes,3,3,CG-PMP-001.cp_mml.mml1; CG-PMP-001.cr_rw01_mml.rw01_mml1_l1_rlb1_stored; CG-PMP-001.cr_rw01_mml.rw01_mml1_stored,0,no,,,UNVERIFIED (no fcov check with per-bin results in the round)
TP-PMP-006,gen_pmp_csr_warl,gen_test_pmp_csr_warl,smoke,3,PASS,yes,7,7,CG-PMP-001.cp_wr_mode.na4; CG-PMP-001.cp_wr_mode.napot; CG-PMP-001.cp_wr_mode.off; CG-PMP-001.cp_wr_mode.tor; CG-PMP-005.cp_mode.na4; CG-PMP-005.cp_mode.napot; CG-PMP-005.cp_mode.tor,0,no,,,UNVERIFIED (no fcov check with per-bin results in the round)
TP-PMP-007,gen_pmp_csr_warl,gen_test_pmp_csr_warl,targeted,3,PASS,yes,91,91,CG-PMP-001.cp_op.csrrc; CG-PMP-001.cp_op.csrrs; CG-PMP-002.cp_op.csrrc; CG-PMP-002.cp_op.csrrs; CG-PMP-002.cr_idx_op.a0_csrrc; CG-PMP-002.cr_idx_op.a0_csrrs; CG-PMP-002.cr_idx_op.a0_csrrw; CG-PMP-002.cr_idx_op.a10_csrrc; CG-PMP-002.cr_idx_op.a10_csrrs; CG-PMP-002.cr_idx_op.a10_csrrw; CG-PMP-002.cr_idx_op.a11_csrrc; CG-PMP-002.cr_idx_op.a11_csrrs; CG-PMP-002.cr_idx_op.a11_csrrw; CG-PMP-002.cr_idx_op.a12_csrrc; CG-PMP-002.cr_idx_op.a12_csrrs; CG-PMP-002.cr_idx_op.a12_csrrw; CG-PMP-002.cr_idx_op.a13_csrrc; CG-PMP-002.cr_idx_op.a13_csrrs; CG-PMP-002.cr_idx_op.a13_csrrw; CG-PMP-002.cr_idx_op.a14_csrrc; CG-PMP-002.cr_idx_op.a14_csrrs; CG-PMP-002.cr_idx_op.a14_csrrw; CG-PMP-002.cr_idx_op.a15_csrrc; CG-PMP-002.cr_idx_op.a15_csrrs; CG-PMP-002.cr_idx_op.a15_csrrw; CG-PMP-002.cr_idx_op.a1_csrrc; CG-PMP-002.cr_idx_op.a1_csrrs; CG-PMP-002.cr_idx_op.a1_csrrw; CG-PMP-002.cr_idx_op.a2_csrrc; CG-PMP-002.cr_idx_op.a2_csrrs; CG-PMP-002.cr_idx_op.a2_csrrw; CG-PMP-002.cr_idx_op.a3_csrrc; CG-PMP-002.cr_idx_op.a3_csrrs; CG-PMP-002.cr_idx_op.a3_csrrw; CG-PMP-002.cr_idx_op.a4_csrrc; CG-PMP-002.cr_idx_op.a4_csrrs; CG-PMP-002.cr_idx_op.a4_csrrw; CG-PMP-002.cr_idx_op.a5_csrrc; CG-PMP-002.cr_idx_op.a5_csrrs; CG-PMP-002.cr_idx_op.a5_csrrw; CG-PMP-002.cr_idx_op.a6_csrrc; CG-PMP-002.cr_idx_op.a6_csrrs; CG-PMP-002.cr_idx_op.a6_csrrw; CG-PMP-002.cr_idx_op.a7_csrrc; CG-PMP-002.cr_idx_op.a7_csrrs; CG-PMP-002.cr_idx_op.a7_csrrw; CG-PMP-002.cr_idx_op.a8_csrrc; CG-PMP-002.cr_idx_op.a8_csrrs; CG-PMP-002.cr_idx_op.a8_csrrw; CG-PMP-002.cr_idx_op.a9_csrrc; CG-PMP-002.cr_idx_op.a9_csrrs; CG-PMP-002.cr_idx_op.a9_csrrw; CG-PMP-003.cp_op.csrrc; CG-PMP-003.cp_op.csrrs; CG-PMP-003.cp_op.csrrw; CG-PMP-004.cp_class.mseccfg; CG-PMP-004.cp_class.mseccfgh; CG-PMP-004.cp_class.pmpaddr; CG-PMP-004.cp_class.pmpcfg; CG-PMP-004.cp_op.csrrc; CG-PMP-004.cp_op.csrrci; CG-PMP-004.cp_op.csrrs; CG-PMP-004.cp_op.csrrsi; CG-PMP-004.cp_op.csrrw; CG-PMP-004.cp_op.csrrwi; CG-PMP-004.cp_rw.read_only; CG-PMP-004.cp_rw.write; CG-PMP-004.cr_op_class.csrrc_mseccfg; CG-PMP-004.cr_op_class.csrrc_mseccfgh; CG-PMP-004.cr_op_class.csrrc_pmpaddr; CG-PMP-004.cr_op_class.csrrc_pmpcfg; CG-PMP-004.cr_op_class.csrrci_mseccfg; CG-PMP-004.cr_op_class.csrrci_mseccfgh; CG-PMP-004.cr_op_class.csrrci_pmpaddr; CG-PMP-004.cr_op_class.csrrci_pmpcfg; CG-PMP-004.cr_op_class.csrrs_mseccfg; CG-PMP-004.cr_op_class.csrrs_mseccfgh; CG-PMP-004.cr_op_class.csrrs_pmpaddr; CG-PMP-004.cr_op_class.csrrs_pmpcfg; CG-PMP-004.cr_op_class.csrrsi_mseccfg; CG-PMP-004.cr_op_class.csrrsi_mseccfgh; CG-PMP-004.cr_op_class.csrrsi_pmpaddr; CG-PMP-004.cr_op_class.csrrsi_pmpcfg; CG-PMP-004.cr_op_class.csrrw_mseccfg; CG-PMP-004.cr_op_class.csrrw_mseccfgh; CG-PMP-004.cr_op_class.csrrw_pmpaddr; CG-PMP-004.cr_op_class.csrrw_pmpcfg; CG-PMP-004.cr_op_class.csrrwi_mseccfg; CG-PMP-004.cr_op_class.csrrwi_mseccfgh; CG-PMP-004.cr_op_class.csrrwi_pmpaddr; CG-PMP-004.cr_op_class.csrrwi_pmpcfg,0,no,,,UNVERIFIED (no fcov check with per-bin results in the round)
TP-PMP-008,gen_pmp_csr_warl,gen_test_pmp_csr_warl,targeted,3,PASS,yes,11,11,CG-PMP-004.cp_priv.u; CG-PMP-004.cp_trap.illegal; CG-PMP-004.cr_priv_trap.u_illegal; CG-PMP-004.cr_u_class.u_mseccfg_read_only; CG-PMP-004.cr_u_class.u_mseccfg_write; CG-PMP-004.cr_u_class.u_mseccfgh_read_only; CG-PMP-004.cr_u_class.u_mseccfgh_write; CG-PMP-004.cr_u_class.u_pmpaddr_read_only; CG-PMP-004.cr_u_class.u_pmpaddr_write; CG-PMP-004.cr_u_class.u_pmpcfg_read_only; CG-PMP-004.cr_u_class.u_pmpcfg_write,0,no,,,UNVERIFIED (no fcov check with per-bin results in the round)
TP-PMP-011,gen_pmp_mseccfg,gen_test_pmp_mseccfg,targeted,3,PASS,yes,11,11,CG-PMP-003.cp_csr.mseccfg; CG-PMP-003.cp_hi_bits.nonzero; CG-PMP-003.cp_hi_bits.zero; CG-PMP-003.cp_post.s000; CG-PMP-003.cp_post.s001; CG-PMP-003.cp_pre_rlb.p0; CG-PMP-003.cp_pre_rlb.p1; CG-PMP-003.cp_wr_rlb.w0; CG-PMP-003.cp_wr_rlb.w1; CG-PMP-003.cr_hi_bits.mseccfg_hi_nonzero; CG-PMP-004.cr_op_class.csrrw_mseccfg,0,no,,,UNVERIFIED (no fcov check with per-bin results in the round)
TP-PMP-012,gen_pmp_mseccfg,gen_test_pmp_mseccfg,targeted,3,PASS,yes,10,10,CG-PMP-003.cp_csr.mseccfgh; CG-PMP-003.cr_mseccfgh.mseccfgh_nonzero_csrrc; CG-PMP-003.cr_mseccfgh.mseccfgh_nonzero_csrrs; CG-PMP-003.cr_mseccfgh.mseccfgh_nonzero_csrrw; CG-PMP-004.cr_op_class.csrrc_mseccfgh; CG-PMP-004.cr_op_class.csrrci_mseccfgh; CG-PMP-004.cr_op_class.csrrs_mseccfgh; CG-PMP-004.cr_op_class.csrrsi_mseccfgh; CG-PMP-004.cr_op_class.csrrw_mseccfgh; CG-PMP-004.cr_op_class.csrrwi_mseccfgh,0,no,,,UNVERIFIED (no fcov check with per-bin results in the round)
TP-PMP-013,gen_pmp_lock,gen_test_pmp_lock,targeted,3,PASS,yes,10,10,CG-PMP-001.cp_outcome.ignored_lock; CG-PMP-001.cp_prelock.locked; CG-PMP-001.cp_word_lockmix.all; CG-PMP-001.cp_word_lockmix.none; CG-PMP-001.cp_word_lockmix.some; CG-PMP-001.cr_lock_outcome.locked_rlb0_ignored; CG-PMP-001.cr_lock_outcome.unlocked_rlb0_written; CG-PMP-001.cr_lockmix_op.some_csrrc; CG-PMP-001.cr_lockmix_op.some_csrrs; CG-PMP-001.cr_lockmix_op.some_csrrw,0,no,,,UNVERIFIED (no fcov check with per-bin results in the round)
TP-PMP-014,gen_pmp_lock,gen_test_pmp_lock,targeted,3,PASS,yes,7,7,CG-PMP-002.cp_outcome.ignored_self_lock; CG-PMP-002.cp_self_lock.locked; CG-PMP-002.cp_self_mode.na4; CG-PMP-002.cp_self_mode.napot; CG-PMP-002.cp_self_mode.off; CG-PMP-002.cp_self_mode.tor; CG-PMP-002.cr_self_lock.locked_rlb0_ignored,0,no,,,UNVERIFIED (no fcov check with per-bin results in the round)
TP-PMP-015,gen_pmp_lock,gen_test_pmp_lock,targeted,3,PASS,yes,3,3,CG-PMP-002.cp_next_cfg.next_locked_tor; CG-PMP-002.cp_outcome.ignored_tor_lock; CG-PMP-002.cr_tor_lock.nl_tor_rlb0_ignored,0,no,,,UNVERIFIED (no fcov check with per-bin results in the round)
TP-PMP-016,gen_pmp_lock,gen_test_pmp_lock,targeted,3,PASS,yes,2,2,CG-PMP-002.cp_next_cfg.next_locked_other; CG-PMP-002.cr_tor_lock.nl_other_rlb0_written,0,no,,,UNVERIFIED (no fcov check with per-bin results in the round)
TP-PMP-017,gen_pmp_lock,gen_test_pmp_lock,targeted,3,PASS,yes,2,2,CG-PMP-002.cp_next_cfg.next_unlocked_tor; CG-PMP-002.cr_tor_lock.nu_tor_rlb0_written,0,no,,,UNVERIFIED (no fcov check with per-bin results in the round)
TP-PMP-018,gen_pmp_lock,gen_test_pmp_lock,targeted,3,PASS,yes,4,4,CG-PMP-002.cp_next_cfg.top; CG-PMP-002.cr_top_lock.top_locked_ignored; CG-PMP-002.cr_top_lock.top_unlocked_written; CG-PMP-002.cr_tor_lock.top_rlb0_written,0,no,,,UNVERIFIED (no fcov check with per-bin results in the round)
TP-PMP-019,gen_pmp_lock,gen_test_pmp_lock,targeted,3,PASS,yes,4,4,CG-PMP-001.cp_wr_mode.off; CG-PMP-001.cr_lock_outcome.locked_rlb0_ignored; CG-PMP-003.cp_locked_off_only.yes; CG-PMP-003.cr_rlb_trans.rlb_0_w1_lockedoff_blocked,0,no,,,UNVERIFIED (no fcov check with per-bin results in the round)
TP-PMP-020,gen_pmp_lock,gen_test_pmp_lock,targeted,3,PASS,yes,11,11,CG-PMP-001.cr_lock_outcome.locked_rlb0_ignored; CG-PMP-001.cr_prelock_wrl.setlock_c1000; CG-PMP-001.cr_prelock_wrl.setlock_c1001; CG-PMP-001.cr_prelock_wrl.setlock_c1100; CG-PMP-001.cr_prelock_wrl.setlock_c1101; CG-PMP-001.cr_prelock_wrl.setlock_c1110; CG-PMP-001.cr_prelock_wrl.setlock_c1111; CG-PMP-002.cr_self_lock.locked_rlb0_ignored; CG-PMP-011.cp_bb.lock_then_addr; CG-PMP-011.cp_bb.lock_then_cfg; CG-PMP-011.cp_bb.lock_then_rlb,0,no,,,UNVERIFIED (no fcov check with per-bin results in the round)
TP-PMP-021,gen_pmp_lock,gen_test_pmp_lock,targeted,3,PASS,yes,6,6,CG-PMP-001.cp_rlb.rlb1; CG-PMP-001.cr_lock_outcome.locked_rlb1_written; CG-PMP-001.cr_lock_outcome.unlocked_rlb1_written; CG-PMP-002.cp_rlb.rlb1; CG-PMP-002.cr_self_lock.locked_rlb1_written; CG-PMP-002.cr_tor_lock.nl_tor_rlb1_written,0,no,,,UNVERIFIED (no fcov check with per-bin results in the round)
TP-PMP-022,gen_pmp_mseccfg,gen_test_pmp_mseccfg,targeted,3,PASS,yes,10,10,CG-PMP-003.cp_pre_mml.p0; CG-PMP-003.cp_pre_mml.p1; CG-PMP-003.cp_wr_mml.w0; CG-PMP-003.cp_wr_mml.w1; CG-PMP-003.cr_mml_trans.mml_0_w0_stay0; CG-PMP-003.cr_mml_trans.mml_0_w1_set; CG-PMP-003.cr_mml_trans.mml_1_w0_hold; CG-PMP-003.cr_mml_trans.mml_1_w1_hold; CG-PMP-003.cr_op_trans.csrrc_mml_hold; CG-PMP-003.cr_op_trans.csrrw_mml_hold,0,no,,,UNVERIFIED (no fcov check with per-bin results in the round)
TP-PMP-023,gen_pmp_mseccfg,gen_test_pmp_mseccfg,targeted,3,PASS,yes,10,10,CG-PMP-003.cp_pre_mmwp.p0; CG-PMP-003.cp_pre_mmwp.p1; CG-PMP-003.cp_wr_mmwp.w0; CG-PMP-003.cp_wr_mmwp.w1; CG-PMP-003.cr_mmwp_trans.mmwp_0_w0_stay0; CG-PMP-003.cr_mmwp_trans.mmwp_0_w1_set; CG-PMP-003.cr_mmwp_trans.mmwp_1_w0_hold; CG-PMP-003.cr_mmwp_trans.mmwp_1_w1_hold; CG-PMP-003.cr_op_trans.csrrc_mmwp_hold; CG-PMP-003.cr_op_trans.csrrw_mmwp_hold,0,no,,,UNVERIFIED (no fcov check with per-bin results in the round)
TP-PMP-024,gen_pmp_mseccfg,gen_test_pmp_mseccfg,targeted,3,PASS,yes,5,5,CG-PMP-003.cp_any_locked.none; CG-PMP-003.cr_rlb_trans.rlb_0_w0_nolock_stay; CG-PMP-003.cr_rlb_trans.rlb_0_w1_nolock_set; CG-PMP-003.cr_rlb_trans.rlb_1_w0_clear; CG-PMP-003.cr_rlb_trans.rlb_1_w1_hold,0,no,,,UNVERIFIED (no fcov check with per-bin results in the round)
TP-PMP-025,gen_pmp_mseccfg,gen_test_pmp_mseccfg,targeted,3,PASS,yes,4,4,CG-PMP-003.cp_any_locked.some; CG-PMP-003.cp_locked_off_only.no; CG-PMP-003.cr_rlb_trans.rlb_0_w0_locked_stay; CG-PMP-003.cr_rlb_trans.rlb_0_w1_locked_blocked,0,no,,,UNVERIFIED (no fcov check with per-bin results in the round)
TP-PMP-026,gen_pmp_mseccfg,gen_test_pmp_mseccfg,targeted,3,PASS,yes,5,5,CG-PMP-003.cr_rlb_trans.rlb_0_w1_locked_blocked; CG-PMP-003.cr_rlb_trans.rlb_1_w0_clear; CG-PMP-003.cr_state_trans.s000_to_s000; CG-PMP-003.cr_state_trans.s000_to_s001; CG-PMP-003.cr_state_trans.s001_to_s000,0,no,,,UNVERIFIED (no fcov check with per-bin results in the round)
TP-PMP-027,gen_pmp_mseccfg,gen_test_pmp_mseccfg,targeted,3,PASS,yes,9,9,CG-PMP-001.cp_outcome.ignored_mml_exec; CG-PMP-001.cr_mml_exec_suppress.rlb0_c1001_suppressed; CG-PMP-001.cr_mml_exec_suppress.rlb0_c1010_suppressed; CG-PMP-001.cr_mml_exec_suppress.rlb0_c1011_suppressed; CG-PMP-001.cr_mml_exec_suppress.rlb0_c1101_suppressed; CG-PMP-001.cr_rw01_mml.rw01_mml1_l1_rlb0_suppressed; CG-PMP-001.cr_suppress_mode.na4; CG-PMP-001.cr_suppress_mode.napot; CG-PMP-001.cr_suppress_mode.tor,0,no,,,UNVERIFIED (no fcov check with per-bin results in the round)
TP-PMP-028,gen_pmp_mseccfg,gen_test_pmp_mseccfg,targeted,3,PASS,yes,1,1,CG-PMP-001.cr_suppress_mode.off,0,no,,,UNVERIFIED (no fcov check with per-bin results in the round)
TP-PMP-029,gen_pmp_mseccfg,gen_test_pmp_mseccfg,targeted,3,PASS,yes,4,4,CG-PMP-001.cr_mml_nonexec_accept.c1000_written; CG-PMP-001.cr_mml_nonexec_accept.c1100_written; CG-PMP-001.cr_mml_nonexec_accept.c1110_written; CG-PMP-001.cr_mml_nonexec_accept.c1111_written,0,no,,,UNVERIFIED (no fcov check with per-bin results in the round)
TP-PMP-030,gen_pmp_mseccfg,gen_test_pmp_mseccfg,targeted,3,PASS,yes,5,5,CG-PMP-001.cr_mml_exec_suppress.rlb1_c1001_written; CG-PMP-001.cr_mml_exec_suppress.rlb1_c1010_written; CG-PMP-001.cr_mml_exec_suppress.rlb1_c1011_written; CG-PMP-001.cr_mml_exec_suppress.rlb1_c1101_written; CG-PMP-001.cr_rw01_mml.rw01_mml1_l1_rlb1_stored,0,no,,,UNVERIFIED (no fcov check with per-bin results in the round)
TP-PMP-031,gen_pmp_mseccfg,gen_test_pmp_mseccfg,targeted,3,PASS,yes,6,6,CG-PMP-003.cr_mml_trans.mml_0_w1_set; CG-PMP-005.cr_truth_mml0.c0111_m_load; CG-PMP-005.cr_truth_mml0.c1110_u_load; CG-PMP-005.cr_truth_mml1.c0111_m_load; CG-PMP-005.cr_truth_mml1.c1110_u_load; CG-PMP-011.cr_csr_data.mseccfg_mml_now_denied,0,no,,,UNVERIFIED (no fcov check with per-bin results in the round)
TP-PMP-108,gen_pmp_mseccfg,gen_test_pmp_mseccfg,targeted,3,PASS,none,49,49,CG-PMP-003.cp_post.s000; CG-PMP-003.cp_post.s001; CG-PMP-003.cp_post.s010; CG-PMP-003.cp_post.s011; CG-PMP-003.cp_post.s100; CG-PMP-003.cp_post.s101; CG-PMP-003.cp_post.s110; CG-PMP-003.cp_post.s111; CG-PMP-003.cp_pre.s000; CG-PMP-003.cp_pre.s001; CG-PMP-003.cp_pre.s010; CG-PMP-003.cp_pre.s011; CG-PMP-003.cp_pre.s100; CG-PMP-003.cp_pre.s101; CG-PMP-003.cp_pre.s110; CG-PMP-003.cp_pre.s111; CG-PMP-003.cr_state_trans.s000_to_s000; CG-PMP-003.cr_state_trans.s000_to_s001; CG-PMP-003.cr_state_trans.s000_to_s010; CG-PMP-003.cr_state_trans.s000_to_s011; CG-PMP-003.cr_state_trans.s000_to_s100; CG-PMP-003.cr_state_trans.s000_to_s101; CG-PMP-003.cr_state_trans.s000_to_s110; CG-PMP-003.cr_state_trans.s000_to_s111; CG-PMP-003.cr_state_trans.s001_to_s000; CG-PMP-003.cr_state_trans.s001_to_s001; CG-PMP-003.cr_state_trans.s001_to_s010; CG-PMP-003.cr_state_trans.s001_to_s011; CG-PMP-003.cr_state_trans.s001_to_s100; CG-PMP-003.cr_state_trans.s001_to_s101; CG-PMP-003.cr_state_trans.s001_to_s110; CG-PMP-003.cr_state_trans.s001_to_s111; CG-PMP-003.cr_state_trans.s010_to_s010; CG-PMP-003.cr_state_trans.s010_to_s011; CG-PMP-003.cr_state_trans.s010_to_s110; CG-PMP-003.cr_state_trans.s010_to_s111; CG-PMP-003.cr_state_trans.s011_to_s010; CG-PMP-003.cr_state_trans.s011_to_s011; CG-PMP-003.cr_state_trans.s011_to_s110; CG-PMP-003.cr_state_trans.s011_to_s111; CG-PMP-003.cr_state_trans.s100_to_s100; CG-PMP-003.cr_state_trans.s100_to_s110; CG-PMP-003.cr_state_trans.s101_to_s100; CG-PMP-003.cr_state_trans.s101_to_s101; CG-PMP-003.cr_state_trans.s101_to_s110; CG-PMP-003.cr_state_trans.s101_to_s111; CG-PMP-003.cr_state_trans.s110_to_s110; CG-PMP-003.cr_state_trans.s111_to_s110; CG-PMP-003.cr_state_trans.s111_to_s111,0,no,,,UNVERIFIED (no fcov check with per-bin results in the round)
TP-PMP-112,gen_pmp_lock,gen_test_pmp_lock,targeted,3,PASS,yes,11,11,CG-PMP-001.cr_lock_outcome.locked_rlb0_ignored; CG-PMP-002.cr_self_lock.locked_rlb0_ignored; CG-PMP-002.cr_tor_lock.nl_tor_rlb0_ignored; CG-PMP-003.cr_rlb_trans.rlb_0_w1_locked_blocked; CG-PMP-003.cr_rlb_trans.rlb_1_w0_clear; CG-PMP-003.cr_state_trans.s001_to_s000; CG-PMP-003.cr_state_trans.s011_to_s010; CG-PMP-003.cr_state_trans.s101_to_s100; CG-PMP-003.cr_state_trans.s111_to_s110; CG-PMP-011.cp_bb.rlbclr_then_addr; CG-PMP-011.cp_bb.rlbclr_then_cfg,0,no,,,UNVERIFIED (no fcov check with per-bin results in the round)
TP-RST-001,gen_rst_boot,gen_test_rst_boot,smoke,3,PASS,none,3,3,CG-RST-001.cp_fetch_en_at_release.off (not declared); CG-RST-001.cp_fetch_en_at_release.on (not declared); CG-RST-001.cp_reset_kind.power_on (not declared),0,no,,,NOT-FIRED (no fire line: not built or not reached)
TP-RST-002,gen_rst_boot,gen_test_rst_boot,smoke,3,PASS,none,10,9,CG-RST-001.cp_boot_addr.low (not declared); CG-RST-001.cp_boot_addr.mid (not declared); CG-RST-001.cp_boot_addr.zero (bins_not_hit); CG-RST-001.cp_boot_low_byte.zero (not declared); CG-RST-001.cr_boot_kind.high_power_on (not declared); CG-RST-001.cr_boot_kind.low_power_on (not declared); CG-RST-001.cr_boot_kind.mid_power_on (not declared); CG-RST-001.cr_boot_kind.zero_power_on (not declared); CG-RST-001.cr_pending_first.none_first_instr_retire (not declared),0,no,,,NOT-FIRED (no fire line: not built or not reached)
TP-RST-003,gen_rst_boot,gen_test_rst_boot,smoke,3,PASS,yes,3,1,CG-RST-001.cp_boot_addr.zero (bins_not_hit),0,no,,,UNHIT (1 of 3 bins)
TP-RST-004,gen_rst_boot,gen_test_rst_boot,targeted,3,PASS,none,5,5,CG-RST-001.cp_boot_to_req_cycles.two (not declared); CG-SEC-005.cp_boot_addr_change_ctx.in_handler (not declared); CG-SEC-005.cp_boot_addr_change_ctx.in_wfi (not declared); CG-SEC-005.cp_boot_addr_change_ctx.running (not declared); CG-SEC-005.cp_event.boot_addr_change (not declared),0,no,,,NOT-FIRED (no fire line: not built or not reached)
TP-RST-005,gen_rst_boot,gen_test_rst_boot,targeted,3,PASS,none,3,3,CG-RST-001.cp_hart_id.max (not declared); CG-RST-001.cp_hart_id.random (not declared); CG-RST-001.cp_hart_id.zero (not declared),0,no,,,NOT-FIRED (no fire line: not built or not reached)
TP-RST-006,gen_rst_boot,gen_test_rst_boot,smoke,3,PASS,yes,3,1,CG-RST-001.cr_pending_first.irq_enabled_later_first_instr_retire (bins_not_hit),0,no,,,UNHIT (1 of 3 bins)
TP-RST-007,gen_rst_boot,gen_test_rst_boot,smoke,3,PASS,yes,3,1,CG-SEC-005.cp_bit8_readback.zero (bins_not_hit),0,no,,,UNHIT (1 of 3 bins)
TP-RST-008,gen_rst_boot,gen_test_rst_boot,smoke,3,PASS,none,3,3,CG-RST-001.cp_boot_to_req_cycles.two (not declared); CG-RST-001.cr_fetch_en_first.on_first_instr_retire (not declared); CG-SEC-006.cp_value.on (not declared),0,no,,,NOT-FIRED (no fire line: not built or not reached)
TP-RST-027,gen_rst_boot,gen_test_rst_boot,smoke,3,PASS,none,1,1,CG-RVFI-001.cp_order_step.first (not declared),0,no,,,NOT-FIRED (no fire line: not built or not reached)
TP-RVFI-036,gen_rst_boot,gen_test_rst_boot,smoke,3,PASS,none,2,2,CG-RST-001.cp_reset_kind.mid_run (not declared); CG-RST-001.cp_reset_kind.power_on (not declared),0,no,,,NOT-FIRED (no fire line: not built or not reached)
TP-SEC-031,gen_rst_boot,gen_test_rst_boot,smoke,3,PASS,none,10,10,CG-SEC-004.cp_trigger.boot (not declared); CG-SEC-004.cp_trigger.first_id (not declared); CG-SEC-004.cp_trigger.reset (not declared); CG-SEC-004.cp_value_class.boot_page (not declared); CG-SEC-004.cp_value_class.zero (not declared); CG-SEC-004.cr_field_trigger.current_pc_first_id (not declared); CG-SEC-004.cr_field_trigger.exception_addr_reset (not declared); CG-SEC-004.cr_field_trigger.exception_pc_reset (not declared); CG-SEC-004.cr_field_trigger.last_data_addr_reset (not declared); CG-SEC-004.cr_field_trigger.next_pc_boot (not declared),0,no,,,NOT-FIRED (no fire line: not built or not reached)
