item,group,test,tier,seeds,verdicts,fired,bins,bins_unhit,unhit_list,witness_bins,witness_marked,hold,status
TP-BIT-001,gen_bit_ratified,gen_test_bit_ratified,smoke,3,FAIL,none,59,59,CG-BIT-011.cp_legal_insn.andn (not declared); CG-BIT-011.cp_legal_insn.bclr (not declared); CG-BIT-011.cp_legal_insn.bclri (not declared); CG-BIT-011.cp_legal_insn.bext (not declared); CG-BIT-011.cp_legal_insn.bexti (not declared); CG-BIT-011.cp_legal_insn.bfp (not declared); CG-BIT-011.cp_legal_insn.binv (not declared); CG-BIT-011.cp_legal_insn.binvi (not declared); CG-BIT-011.cp_legal_insn.bset (not declared); CG-BIT-011.cp_legal_insn.bseti (not declared); CG-BIT-011.cp_legal_insn.clmul (not declared); CG-BIT-011.cp_legal_insn.clmulh (not declared); CG-BIT-011.cp_legal_insn.clmulr (not declared); CG-BIT-011.cp_legal_insn.clz (not declared); CG-BIT-011.cp_legal_insn.cmix (not declared); CG-BIT-011.cp_legal_insn.cmov (not declared); CG-BIT-011.cp_legal_insn.cpop (not declared); CG-BIT-011.cp_legal_insn.crc32_b (not declared); CG-BIT-011.cp_legal_insn.crc32_h (not declared); CG-BIT-011.cp_legal_insn.crc32_w (not declared); CG-BIT-011.cp_legal_insn.crc32c_b (not declared); CG-BIT-011.cp_legal_insn.crc32c_h (not declared); CG-BIT-011.cp_legal_insn.crc32c_w (not declared); CG-BIT-011.cp_legal_insn.ctz (not declared); CG-BIT-011.cp_legal_insn.fsl (not declared); CG-BIT-011.cp_legal_insn.fsr (not declared); CG-BIT-011.cp_legal_insn.fsri (not declared); CG-BIT-011.cp_legal_insn.gorc (not declared); CG-BIT-011.cp_legal_insn.gorci (not declared); CG-BIT-011.cp_legal_insn.grev (not declared); CG-BIT-011.cp_legal_insn.grevi (not declared); CG-BIT-011.cp_legal_insn.max (not declared); CG-BIT-011.cp_legal_insn.maxu (not declared); CG-BIT-011.cp_legal_insn.min (not declared); CG-BIT-011.cp_legal_insn.minu (not declared); CG-BIT-011.cp_legal_insn.orn (not declared); CG-BIT-011.cp_legal_insn.pack (not declared); CG-BIT-011.cp_legal_insn.packh (not declared); CG-BIT-011.cp_legal_insn.packu (not declared); CG-BIT-011.cp_legal_insn.rol (not declared); CG-BIT-011.cp_legal_insn.ror (not declared); CG-BIT-011.cp_legal_insn.rori (not declared); CG-BIT-011.cp_legal_insn.sext_b (not declared); CG-BIT-011.cp_legal_insn.sext_h (not declared); CG-BIT-011.cp_legal_insn.sh1add (not declared); CG-BIT-011.cp_legal_insn.sh2add (not declared); CG-BIT-011.cp_legal_insn.sh3add (not declared); CG-BIT-011.cp_legal_insn.shfl (not declared); CG-BIT-011.cp_legal_insn.shfli (not declared); CG-BIT-011.cp_legal_insn.slo (not declared); CG-BIT-011.cp_legal_insn.sloi (not declared); CG-BIT-011.cp_legal_insn.sro (not declared); CG-BIT-011.cp_legal_insn.sroi (not declared); CG-BIT-011.cp_legal_insn.unshfl (not declared); CG-BIT-011.cp_legal_insn.unshfli (not declared); CG-BIT-011.cp_legal_insn.xnor (not declared); CG-BIT-011.cp_legal_insn.xperm_b (not declared); CG-BIT-011.cp_legal_insn.xperm_h (not declared); CG-BIT-011.cp_legal_insn.xperm_n (not declared),0,no,,NOT-RUN-CLEAN (fcov expectation unverifiable: per-test urg report has no grpinfo.txt )
TP-BIT-002,gen_bit_ratified,gen_test_bit_ratified,smoke,3,FAIL,yes,71,71,CG-BIT-001.cp_op.sh1add; CG-BIT-001.cp_op.sh2add; CG-BIT-001.cp_op.sh3add; CG-BIT-001.cp_rs1_class.all_ones; CG-BIT-001.cp_rs1_class.byte_msb; CG-BIT-001.cp_rs1_class.e0000000; CG-BIT-001.cp_rs1_class.half_msb; CG-BIT-001.cp_rs1_class.int_max; CG-BIT-001.cp_rs1_class.int_min; CG-BIT-001.cp_rs1_class.neg_rand; CG-BIT-001.cp_rs1_class.one; CG-BIT-001.cp_rs1_class.pos_rand; CG-BIT-001.cp_rs1_class.zero; CG-BIT-001.cp_rs2_class.all_ones; CG-BIT-001.cp_rs2_class.int_max; CG-BIT-001.cp_rs2_class.int_min; CG-BIT-001.cp_rs2_class.neg_rand; CG-BIT-001.cp_rs2_class.one; CG-BIT-001.cp_rs2_class.pos_rand; CG-BIT-001.cp_rs2_class.zero; CG-BIT-001.cr_op_rs1.sh1add_all_ones; CG-BIT-001.cr_op_rs1.sh1add_byte_msb; CG-BIT-001.cr_op_rs1.sh1add_e0000000; CG-BIT-001.cr_op_rs1.sh1add_half_msb; CG-BIT-001.cr_op_rs1.sh1add_int_max; CG-BIT-001.cr_op_rs1.sh1add_int_min; CG-BIT-001.cr_op_rs1.sh1add_neg_rand; CG-BIT-001.cr_op_rs1.sh1add_one; CG-BIT-001.cr_op_rs1.sh1add_pos_rand; CG-BIT-001.cr_op_rs1.sh1add_zero; CG-BIT-001.cr_op_rs1.sh2add_all_ones; CG-BIT-001.cr_op_rs1.sh2add_byte_msb; CG-BIT-001.cr_op_rs1.sh2add_e0000000; CG-BIT-001.cr_op_rs1.sh2add_half_msb; CG-BIT-001.cr_op_rs1.sh2add_int_max; CG-BIT-001.cr_op_rs1.sh2add_int_min; CG-BIT-001.cr_op_rs1.sh2add_neg_rand; CG-BIT-001.cr_op_rs1.sh2add_one; CG-BIT-001.cr_op_rs1.sh2add_pos_rand; CG-BIT-001.cr_op_rs1.sh2add_zero; CG-BIT-001.cr_op_rs1.sh3add_all_ones; CG-BIT-001.cr_op_rs1.sh3add_byte_msb; CG-BIT-001.cr_op_rs1.sh3add_e0000000; CG-BIT-001.cr_op_rs1.sh3add_half_msb; CG-BIT-001.cr_op_rs1.sh3add_int_max; CG-BIT-001.cr_op_rs1.sh3add_int_min; CG-BIT-001.cr_op_rs1.sh3add_neg_rand; CG-BIT-001.cr_op_rs1.sh3add_one; CG-BIT-001.cr_op_rs1.sh3add_pos_rand; CG-BIT-001.cr_op_rs1.sh3add_zero; CG-BIT-001.cr_op_rs2.sh1add_all_ones; CG-BIT-001.cr_op_rs2.sh1add_int_max; CG-BIT-001.cr_op_rs2.sh1add_int_min; CG-BIT-001.cr_op_rs2.sh1add_neg_rand; CG-BIT-001.cr_op_rs2.sh1add_one; CG-BIT-001.cr_op_rs2.sh1add_pos_rand; CG-BIT-001.cr_op_rs2.sh1add_zero; CG-BIT-001.cr_op_rs2.sh2add_all_ones; CG-BIT-001.cr_op_rs2.sh2add_int_max; CG-BIT-001.cr_op_rs2.sh2add_int_min; CG-BIT-001.cr_op_rs2.sh2add_neg_rand; CG-BIT-001.cr_op_rs2.sh2add_one; CG-BIT-001.cr_op_rs2.sh2add_pos_rand; CG-BIT-001.cr_op_rs2.sh2add_zero; CG-BIT-001.cr_op_rs2.sh3add_all_ones; CG-BIT-001.cr_op_rs2.sh3add_int_max; CG-BIT-001.cr_op_rs2.sh3add_int_min; CG-BIT-001.cr_op_rs2.sh3add_neg_rand; CG-BIT-001.cr_op_rs2.sh3add_one; CG-BIT-001.cr_op_rs2.sh3add_pos_rand; CG-BIT-001.cr_op_rs2.sh3add_zero,0,no,,NOT-RUN-CLEAN (fcov expectation unverifiable: per-test urg report has no grpinfo.txt )
TP-BIT-003,gen_bit_ratified,gen_test_bit_ratified,targeted,3,FAIL,yes,99,99,CG-BIT-001.cp_eq_operands.no; CG-BIT-001.cp_eq_operands.yes; CG-BIT-001.cp_op.andn; CG-BIT-001.cp_op.max; CG-BIT-001.cp_op.maxu; CG-BIT-001.cp_op.min; CG-BIT-001.cp_op.minu; CG-BIT-001.cp_op.orn; CG-BIT-001.cp_op.pack; CG-BIT-001.cp_op.packh; CG-BIT-001.cp_op.packu; CG-BIT-001.cp_op.sext_b; CG-BIT-001.cp_op.sext_h; CG-BIT-001.cp_op.sh1add; CG-BIT-001.cp_op.sh2add; CG-BIT-001.cp_op.sh3add; CG-BIT-001.cp_op.xnor; CG-BIT-001.cp_op.zext_h; CG-BIT-001.cp_rs1_class.all_ones; CG-BIT-001.cp_rs1_class.e0000000; CG-BIT-001.cp_same_regs.all_same; CG-BIT-001.cp_same_regs.distinct; CG-BIT-001.cp_same_regs.rs1_eq_rs2; CG-BIT-001.cp_wrap.no; CG-BIT-001.cp_wrap.yes; CG-BIT-001.cr_op_eq.andn_no; CG-BIT-001.cr_op_eq.andn_yes; CG-BIT-001.cr_op_eq.max_no; CG-BIT-001.cr_op_eq.max_yes; CG-BIT-001.cr_op_eq.maxu_no; CG-BIT-001.cr_op_eq.maxu_yes; CG-BIT-001.cr_op_eq.min_no; CG-BIT-001.cr_op_eq.min_yes; CG-BIT-001.cr_op_eq.minu_no; CG-BIT-001.cr_op_eq.minu_yes; CG-BIT-001.cr_op_eq.orn_no; CG-BIT-001.cr_op_eq.orn_yes; CG-BIT-001.cr_op_eq.pack_no; CG-BIT-001.cr_op_eq.pack_yes; CG-BIT-001.cr_op_eq.packh_no; CG-BIT-001.cr_op_eq.packh_yes; CG-BIT-001.cr_op_eq.packu_no; CG-BIT-001.cr_op_eq.packu_yes; CG-BIT-001.cr_op_eq.sh1add_no; CG-BIT-001.cr_op_eq.sh1add_yes; CG-BIT-001.cr_op_eq.sh2add_no; CG-BIT-001.cr_op_eq.sh2add_yes; CG-BIT-001.cr_op_eq.sh3add_no; CG-BIT-001.cr_op_eq.sh3add_yes; CG-BIT-001.cr_op_eq.xnor_no; CG-BIT-001.cr_op_eq.xnor_yes; CG-BIT-001.cr_op_same.andn_all_same; CG-BIT-001.cr_op_same.andn_distinct; CG-BIT-001.cr_op_same.andn_rs1_eq_rs2; CG-BIT-001.cr_op_same.max_all_same; CG-BIT-001.cr_op_same.max_distinct; CG-BIT-001.cr_op_same.max_rs1_eq_rs2; CG-BIT-001.cr_op_same.maxu_all_same; CG-BIT-001.cr_op_same.maxu_distinct; CG-BIT-001.cr_op_same.maxu_rs1_eq_rs2; CG-BIT-001.cr_op_same.min_all_same; CG-BIT-001.cr_op_same.min_distinct; CG-BIT-001.cr_op_same.min_rs1_eq_rs2; CG-BIT-001.cr_op_same.minu_all_same; CG-BIT-001.cr_op_same.minu_distinct; CG-BIT-001.cr_op_same.minu_rs1_eq_rs2; CG-BIT-001.cr_op_same.orn_all_same; CG-BIT-001.cr_op_same.orn_distinct; CG-BIT-001.cr_op_same.orn_rs1_eq_rs2; CG-BIT-001.cr_op_same.pack_all_same; CG-BIT-001.cr_op_same.pack_distinct; CG-BIT-001.cr_op_same.pack_rs1_eq_rs2; CG-BIT-001.cr_op_same.packh_all_same; CG-BIT-001.cr_op_same.packh_distinct; CG-BIT-001.cr_op_same.packh_rs1_eq_rs2; CG-BIT-001.cr_op_same.packu_all_same; CG-BIT-001.cr_op_same.packu_distinct; CG-BIT-001.cr_op_same.packu_rs1_eq_rs2; CG-BIT-001.cr_op_same.sext_b_distinct; CG-BIT-001.cr_op_same.sext_h_distinct; CG-BIT-001.cr_op_same.sh1add_all_same; CG-BIT-001.cr_op_same.sh1add_distinct; CG-BIT-001.cr_op_same.sh1add_rs1_eq_rs2; CG-BIT-001.cr_op_same.sh2add_all_same; CG-BIT-001.cr_op_same.sh2add_distinct; CG-BIT-001.cr_op_same.sh2add_rs1_eq_rs2; CG-BIT-001.cr_op_same.sh3add_all_same; CG-BIT-001.cr_op_same.sh3add_distinct; CG-BIT-001.cr_op_same.sh3add_rs1_eq_rs2; CG-BIT-001.cr_op_same.xnor_all_same; CG-BIT-001.cr_op_same.xnor_distinct; CG-BIT-001.cr_op_same.xnor_rs1_eq_rs2; CG-BIT-001.cr_op_same.zext_h_distinct; CG-BIT-001.cr_shadd_wrap.sh1add_no; CG-BIT-001.cr_shadd_wrap.sh1add_yes; CG-BIT-001.cr_shadd_wrap.sh2add_no; CG-BIT-001.cr_shadd_wrap.sh2add_yes; CG-BIT-001.cr_shadd_wrap.sh3add_no; CG-BIT-001.cr_shadd_wrap.sh3add_yes,0,no,,NOT-RUN-CLEAN (fcov expectation unverifiable: per-test urg report has no grpinfo.txt )
TP-BIT-004,gen_bit_ratified,gen_test_bit_ratified,smoke,3,FAIL,yes,73,73,CG-BIT-001.cp_op.andn; CG-BIT-001.cp_op.orn; CG-BIT-001.cp_op.xnor; CG-BIT-001.cp_result_class.all_ones; CG-BIT-001.cp_result_class.zero; CG-BIT-001.cp_rs1_class.all_ones; CG-BIT-001.cp_rs1_class.byte_msb; CG-BIT-001.cp_rs1_class.e0000000; CG-BIT-001.cp_rs1_class.half_msb; CG-BIT-001.cp_rs1_class.int_max; CG-BIT-001.cp_rs1_class.int_min; CG-BIT-001.cp_rs1_class.neg_rand; CG-BIT-001.cp_rs1_class.one; CG-BIT-001.cp_rs1_class.pos_rand; CG-BIT-001.cp_rs1_class.zero; CG-BIT-001.cp_rs2_class.all_ones; CG-BIT-001.cp_rs2_class.int_max; CG-BIT-001.cp_rs2_class.int_min; CG-BIT-001.cp_rs2_class.neg_rand; CG-BIT-001.cp_rs2_class.one; CG-BIT-001.cp_rs2_class.pos_rand; CG-BIT-001.cp_rs2_class.zero; CG-BIT-001.cr_op_rs1.andn_all_ones; CG-BIT-001.cr_op_rs1.andn_byte_msb; CG-BIT-001.cr_op_rs1.andn_e0000000; CG-BIT-001.cr_op_rs1.andn_half_msb; CG-BIT-001.cr_op_rs1.andn_int_max; CG-BIT-001.cr_op_rs1.andn_int_min; CG-BIT-001.cr_op_rs1.andn_neg_rand; CG-BIT-001.cr_op_rs1.andn_one; CG-BIT-001.cr_op_rs1.andn_pos_rand; CG-BIT-001.cr_op_rs1.andn_zero; CG-BIT-001.cr_op_rs1.orn_all_ones; CG-BIT-001.cr_op_rs1.orn_byte_msb; CG-BIT-001.cr_op_rs1.orn_e0000000; CG-BIT-001.cr_op_rs1.orn_half_msb; CG-BIT-001.cr_op_rs1.orn_int_max; CG-BIT-001.cr_op_rs1.orn_int_min; CG-BIT-001.cr_op_rs1.orn_neg_rand; CG-BIT-001.cr_op_rs1.orn_one; CG-BIT-001.cr_op_rs1.orn_pos_rand; CG-BIT-001.cr_op_rs1.orn_zero; CG-BIT-001.cr_op_rs1.xnor_all_ones; CG-BIT-001.cr_op_rs1.xnor_byte_msb; CG-BIT-001.cr_op_rs1.xnor_e0000000; CG-BIT-001.cr_op_rs1.xnor_half_msb; CG-BIT-001.cr_op_rs1.xnor_int_max; CG-BIT-001.cr_op_rs1.xnor_int_min; CG-BIT-001.cr_op_rs1.xnor_neg_rand; CG-BIT-001.cr_op_rs1.xnor_one; CG-BIT-001.cr_op_rs1.xnor_pos_rand; CG-BIT-001.cr_op_rs1.xnor_zero; CG-BIT-001.cr_op_rs2.andn_all_ones; CG-BIT-001.cr_op_rs2.andn_int_max; CG-BIT-001.cr_op_rs2.andn_int_min; CG-BIT-001.cr_op_rs2.andn_neg_rand; CG-BIT-001.cr_op_rs2.andn_one; CG-BIT-001.cr_op_rs2.andn_pos_rand; CG-BIT-001.cr_op_rs2.andn_zero; CG-BIT-001.cr_op_rs2.orn_all_ones; CG-BIT-001.cr_op_rs2.orn_int_max; CG-BIT-001.cr_op_rs2.orn_int_min; CG-BIT-001.cr_op_rs2.orn_neg_rand; CG-BIT-001.cr_op_rs2.orn_one; CG-BIT-001.cr_op_rs2.orn_pos_rand; CG-BIT-001.cr_op_rs2.orn_zero; CG-BIT-001.cr_op_rs2.xnor_all_ones; CG-BIT-001.cr_op_rs2.xnor_int_max; CG-BIT-001.cr_op_rs2.xnor_int_min; CG-BIT-001.cr_op_rs2.xnor_neg_rand; CG-BIT-001.cr_op_rs2.xnor_one; CG-BIT-001.cr_op_rs2.xnor_pos_rand; CG-BIT-001.cr_op_rs2.xnor_zero,0,no,,NOT-RUN-CLEAN (fcov expectation unverifiable: per-test urg report has no grpinfo.txt )
TP-BIT-005,gen_bit_ratified,gen_test_bit_ratified,smoke,3,FAIL,yes,51,51,CG-BIT-002.cp_op.clz; CG-BIT-002.cp_op.cpop; CG-BIT-002.cp_op.ctz; CG-BIT-002.cp_operand.all_ones; CG-BIT-002.cp_operand.alt_5; CG-BIT-002.cp_operand.alt_a; CG-BIT-002.cp_operand.int_max; CG-BIT-002.cp_operand.lsb_only; CG-BIT-002.cp_operand.msb_only; CG-BIT-002.cp_operand.rand; CG-BIT-002.cp_operand.single_other; CG-BIT-002.cp_operand.zero; CG-BIT-002.cp_result.other; CG-BIT-002.cp_result.r1; CG-BIT-002.cp_result.r16; CG-BIT-002.cr_op_operand.clz_all_ones; CG-BIT-002.cr_op_operand.clz_alt_5; CG-BIT-002.cr_op_operand.clz_alt_a; CG-BIT-002.cr_op_operand.clz_int_max; CG-BIT-002.cr_op_operand.clz_lsb_only; CG-BIT-002.cr_op_operand.clz_msb_only; CG-BIT-002.cr_op_operand.clz_rand; CG-BIT-002.cr_op_operand.clz_single_other; CG-BIT-002.cr_op_operand.clz_zero; CG-BIT-002.cr_op_operand.cpop_all_ones; CG-BIT-002.cr_op_operand.cpop_alt_5; CG-BIT-002.cr_op_operand.cpop_alt_a; CG-BIT-002.cr_op_operand.cpop_int_max; CG-BIT-002.cr_op_operand.cpop_lsb_only; CG-BIT-002.cr_op_operand.cpop_msb_only; CG-BIT-002.cr_op_operand.cpop_rand; CG-BIT-002.cr_op_operand.cpop_single_other; CG-BIT-002.cr_op_operand.cpop_zero; CG-BIT-002.cr_op_operand.ctz_all_ones; CG-BIT-002.cr_op_operand.ctz_alt_5; CG-BIT-002.cr_op_operand.ctz_alt_a; CG-BIT-002.cr_op_operand.ctz_int_max; CG-BIT-002.cr_op_operand.ctz_lsb_only; CG-BIT-002.cr_op_operand.ctz_msb_only; CG-BIT-002.cr_op_operand.ctz_rand; CG-BIT-002.cr_op_operand.ctz_single_other; CG-BIT-002.cr_op_operand.ctz_zero; CG-BIT-002.cr_op_result.clz_other; CG-BIT-002.cr_op_result.clz_r1; CG-BIT-002.cr_op_result.clz_r16; CG-BIT-002.cr_op_result.cpop_other; CG-BIT-002.cr_op_result.cpop_r1; CG-BIT-002.cr_op_result.cpop_r16; CG-BIT-002.cr_op_result.ctz_other; CG-BIT-002.cr_op_result.ctz_r1; CG-BIT-002.cr_op_result.ctz_r16,0,no,,NOT-RUN-CLEAN (fcov expectation unverifiable: per-test urg report has no grpinfo.txt )
TP-BIT-006,gen_bit_ratified,gen_test_bit_ratified,targeted,3,FAIL,yes,145,145,CG-BIT-002.cp_op.clz; CG-BIT-002.cp_op.cpop; CG-BIT-002.cp_op.ctz; CG-BIT-002.cp_operand.all_ones; CG-BIT-002.cp_operand.zero; CG-BIT-002.cp_result.r0; CG-BIT-002.cp_result.r31; CG-BIT-002.cp_result.r32; CG-BIT-002.cp_single_pos.p0; CG-BIT-002.cp_single_pos.p1; CG-BIT-002.cp_single_pos.p10; CG-BIT-002.cp_single_pos.p11; CG-BIT-002.cp_single_pos.p12; CG-BIT-002.cp_single_pos.p13; CG-BIT-002.cp_single_pos.p14; CG-BIT-002.cp_single_pos.p15; CG-BIT-002.cp_single_pos.p16; CG-BIT-002.cp_single_pos.p17; CG-BIT-002.cp_single_pos.p18; CG-BIT-002.cp_single_pos.p19; CG-BIT-002.cp_single_pos.p2; CG-BIT-002.cp_single_pos.p20; CG-BIT-002.cp_single_pos.p21; CG-BIT-002.cp_single_pos.p22; CG-BIT-002.cp_single_pos.p23; CG-BIT-002.cp_single_pos.p24; CG-BIT-002.cp_single_pos.p25; CG-BIT-002.cp_single_pos.p26; CG-BIT-002.cp_single_pos.p27; CG-BIT-002.cp_single_pos.p28; CG-BIT-002.cp_single_pos.p29; CG-BIT-002.cp_single_pos.p3; CG-BIT-002.cp_single_pos.p30; CG-BIT-002.cp_single_pos.p31; CG-BIT-002.cp_single_pos.p4; CG-BIT-002.cp_single_pos.p5; CG-BIT-002.cp_single_pos.p6; CG-BIT-002.cp_single_pos.p7; CG-BIT-002.cp_single_pos.p8; CG-BIT-002.cp_single_pos.p9; CG-BIT-002.cr_op_result.clz_r0; CG-BIT-002.cr_op_result.clz_r31; CG-BIT-002.cr_op_result.clz_r32; CG-BIT-002.cr_op_result.cpop_r0; CG-BIT-002.cr_op_result.cpop_r31; CG-BIT-002.cr_op_result.cpop_r32; CG-BIT-002.cr_op_result.ctz_r0; CG-BIT-002.cr_op_result.ctz_r31; CG-BIT-002.cr_op_result.ctz_r32; CG-BIT-002.cr_op_single.clz_p0; CG-BIT-002.cr_op_single.clz_p1; CG-BIT-002.cr_op_single.clz_p10; CG-BIT-002.cr_op_single.clz_p11; CG-BIT-002.cr_op_single.clz_p12; CG-BIT-002.cr_op_single.clz_p13; CG-BIT-002.cr_op_single.clz_p14; CG-BIT-002.cr_op_single.clz_p15; CG-BIT-002.cr_op_single.clz_p16; CG-BIT-002.cr_op_single.clz_p17; CG-BIT-002.cr_op_single.clz_p18; CG-BIT-002.cr_op_single.clz_p19; CG-BIT-002.cr_op_single.clz_p2; CG-BIT-002.cr_op_single.clz_p20; CG-BIT-002.cr_op_single.clz_p21; CG-BIT-002.cr_op_single.clz_p22; CG-BIT-002.cr_op_single.clz_p23; CG-BIT-002.cr_op_single.clz_p24; CG-BIT-002.cr_op_single.clz_p25; CG-BIT-002.cr_op_single.clz_p26; CG-BIT-002.cr_op_single.clz_p27; CG-BIT-002.cr_op_single.clz_p28; CG-BIT-002.cr_op_single.clz_p29; CG-BIT-002.cr_op_single.clz_p3; CG-BIT-002.cr_op_single.clz_p30; CG-BIT-002.cr_op_single.clz_p31; CG-BIT-002.cr_op_single.clz_p4; CG-BIT-002.cr_op_single.clz_p5; CG-BIT-002.cr_op_single.clz_p6; CG-BIT-002.cr_op_single.clz_p7; CG-BIT-002.cr_op_single.clz_p8; CG-BIT-002.cr_op_single.clz_p9; CG-BIT-002.cr_op_single.cpop_p0; CG-BIT-002.cr_op_single.cpop_p1; CG-BIT-002.cr_op_single.cpop_p10; CG-BIT-002.cr_op_single.cpop_p11; CG-BIT-002.cr_op_single.cpop_p12; CG-BIT-002.cr_op_single.cpop_p13; CG-BIT-002.cr_op_single.cpop_p14; CG-BIT-002.cr_op_single.cpop_p15; CG-BIT-002.cr_op_single.cpop_p16; CG-BIT-002.cr_op_single.cpop_p17; CG-BIT-002.cr_op_single.cpop_p18; CG-BIT-002.cr_op_single.cpop_p19; CG-BIT-002.cr_op_single.cpop_p2; CG-BIT-002.cr_op_single.cpop_p20; CG-BIT-002.cr_op_single.cpop_p21; CG-BIT-002.cr_op_single.cpop_p22; CG-BIT-002.cr_op_single.cpop_p23; CG-BIT-002.cr_op_single.cpop_p24; CG-BIT-002.cr_op_single.cpop_p25; CG-BIT-002.cr_op_single.cpop_p26; CG-BIT-002.cr_op_single.cpop_p27; CG-BIT-002.cr_op_single.cpop_p28; CG-BIT-002.cr_op_single.cpop_p29; CG-BIT-002.cr_op_single.cpop_p3; CG-BIT-002.cr_op_single.cpop_p30; CG-BIT-002.cr_op_single.cpop_p31; CG-BIT-002.cr_op_single.cpop_p4; CG-BIT-002.cr_op_single.cpop_p5; CG-BIT-002.cr_op_single.cpop_p6; CG-BIT-002.cr_op_single.cpop_p7; CG-BIT-002.cr_op_single.cpop_p8; CG-BIT-002.cr_op_single.cpop_p9; CG-BIT-002.cr_op_single.ctz_p0; CG-BIT-002.cr_op_single.ctz_p1; CG-BIT-002.cr_op_single.ctz_p10; CG-BIT-002.cr_op_single.ctz_p11; CG-BIT-002.cr_op_single.ctz_p12; CG-BIT-002.cr_op_single.ctz_p13; CG-BIT-002.cr_op_single.ctz_p14; CG-BIT-002.cr_op_single.ctz_p15; CG-BIT-002.cr_op_single.ctz_p16; CG-BIT-002.cr_op_single.ctz_p17; CG-BIT-002.cr_op_single.ctz_p18; CG-BIT-002.cr_op_single.ctz_p19; CG-BIT-002.cr_op_single.ctz_p2; CG-BIT-002.cr_op_single.ctz_p20; CG-BIT-002.cr_op_single.ctz_p21; CG-BIT-002.cr_op_single.ctz_p22; CG-BIT-002.cr_op_single.ctz_p23; CG-BIT-002.cr_op_single.ctz_p24; CG-BIT-002.cr_op_single.ctz_p25; CG-BIT-002.cr_op_single.ctz_p26; CG-BIT-002.cr_op_single.ctz_p27; CG-BIT-002.cr_op_single.ctz_p28; CG-BIT-002.cr_op_single.ctz_p29; CG-BIT-002.cr_op_single.ctz_p3; CG-BIT-002.cr_op_single.ctz_p30; CG-BIT-002.cr_op_single.ctz_p31; CG-BIT-002.cr_op_single.ctz_p4; CG-BIT-002.cr_op_single.ctz_p5; CG-BIT-002.cr_op_single.ctz_p6; CG-BIT-002.cr_op_single.ctz_p7; CG-BIT-002.cr_op_single.ctz_p8; CG-BIT-002.cr_op_single.ctz_p9,0,no,,NOT-RUN-CLEAN (fcov expectation unverifiable: per-test urg report has no grpinfo.txt )
TP-BIT-007,gen_bit_ratified,gen_test_bit_ratified,smoke,3,FAIL,yes,109,109,CG-BIT-001.cp_op.max; CG-BIT-001.cp_op.maxu; CG-BIT-001.cp_op.min; CG-BIT-001.cp_op.minu; CG-BIT-001.cp_rs1_class.all_ones; CG-BIT-001.cp_rs1_class.byte_msb; CG-BIT-001.cp_rs1_class.e0000000; CG-BIT-001.cp_rs1_class.half_msb; CG-BIT-001.cp_rs1_class.int_max; CG-BIT-001.cp_rs1_class.int_min; CG-BIT-001.cp_rs1_class.neg_rand; CG-BIT-001.cp_rs1_class.one; CG-BIT-001.cp_rs1_class.pos_rand; CG-BIT-001.cp_rs1_class.zero; CG-BIT-001.cp_rs2_class.all_ones; CG-BIT-001.cp_rs2_class.int_max; CG-BIT-001.cp_rs2_class.int_min; CG-BIT-001.cp_rs2_class.neg_rand; CG-BIT-001.cp_rs2_class.one; CG-BIT-001.cp_rs2_class.pos_rand; CG-BIT-001.cp_rs2_class.zero; CG-BIT-001.cp_sign_pair.nn; CG-BIT-001.cp_sign_pair.np; CG-BIT-001.cp_sign_pair.pn; CG-BIT-001.cp_sign_pair.pp; CG-BIT-001.cr_minmax_sign.max_nn; CG-BIT-001.cr_minmax_sign.max_np; CG-BIT-001.cr_minmax_sign.max_pn; CG-BIT-001.cr_minmax_sign.max_pp; CG-BIT-001.cr_minmax_sign.maxu_nn; CG-BIT-001.cr_minmax_sign.maxu_np; CG-BIT-001.cr_minmax_sign.maxu_pn; CG-BIT-001.cr_minmax_sign.maxu_pp; CG-BIT-001.cr_minmax_sign.min_nn; CG-BIT-001.cr_minmax_sign.min_np; CG-BIT-001.cr_minmax_sign.min_pn; CG-BIT-001.cr_minmax_sign.min_pp; CG-BIT-001.cr_minmax_sign.minu_nn; CG-BIT-001.cr_minmax_sign.minu_np; CG-BIT-001.cr_minmax_sign.minu_pn; CG-BIT-001.cr_minmax_sign.minu_pp; CG-BIT-001.cr_op_rs1.max_all_ones; CG-BIT-001.cr_op_rs1.max_byte_msb; CG-BIT-001.cr_op_rs1.max_e0000000; CG-BIT-001.cr_op_rs1.max_half_msb; CG-BIT-001.cr_op_rs1.max_int_max; CG-BIT-001.cr_op_rs1.max_int_min; CG-BIT-001.cr_op_rs1.max_neg_rand; CG-BIT-001.cr_op_rs1.max_one; CG-BIT-001.cr_op_rs1.max_pos_rand; CG-BIT-001.cr_op_rs1.max_zero; CG-BIT-001.cr_op_rs1.maxu_all_ones; CG-BIT-001.cr_op_rs1.maxu_byte_msb; CG-BIT-001.cr_op_rs1.maxu_e0000000; CG-BIT-001.cr_op_rs1.maxu_half_msb; CG-BIT-001.cr_op_rs1.maxu_int_max; CG-BIT-001.cr_op_rs1.maxu_int_min; CG-BIT-001.cr_op_rs1.maxu_neg_rand; CG-BIT-001.cr_op_rs1.maxu_one; CG-BIT-001.cr_op_rs1.maxu_pos_rand; CG-BIT-001.cr_op_rs1.maxu_zero; CG-BIT-001.cr_op_rs1.min_all_ones; CG-BIT-001.cr_op_rs1.min_byte_msb; CG-BIT-001.cr_op_rs1.min_e0000000; CG-BIT-001.cr_op_rs1.min_half_msb; CG-BIT-001.cr_op_rs1.min_int_max; CG-BIT-001.cr_op_rs1.min_int_min; CG-BIT-001.cr_op_rs1.min_neg_rand; CG-BIT-001.cr_op_rs1.min_one; CG-BIT-001.cr_op_rs1.min_pos_rand; CG-BIT-001.cr_op_rs1.min_zero; CG-BIT-001.cr_op_rs1.minu_all_ones; CG-BIT-001.cr_op_rs1.minu_byte_msb; CG-BIT-001.cr_op_rs1.minu_e0000000; CG-BIT-001.cr_op_rs1.minu_half_msb; CG-BIT-001.cr_op_rs1.minu_int_max; CG-BIT-001.cr_op_rs1.minu_int_min; CG-BIT-001.cr_op_rs1.minu_neg_rand; CG-BIT-001.cr_op_rs1.minu_one; CG-BIT-001.cr_op_rs1.minu_pos_rand; CG-BIT-001.cr_op_rs1.minu_zero; CG-BIT-001.cr_op_rs2.max_all_ones; CG-BIT-001.cr_op_rs2.max_int_max; CG-BIT-001.cr_op_rs2.max_int_min; CG-BIT-001.cr_op_rs2.max_neg_rand; CG-BIT-001.cr_op_rs2.max_one; CG-BIT-001.cr_op_rs2.max_pos_rand; CG-BIT-001.cr_op_rs2.max_zero; CG-BIT-001.cr_op_rs2.maxu_all_ones; CG-BIT-001.cr_op_rs2.maxu_int_max; CG-BIT-001.cr_op_rs2.maxu_int_min; CG-BIT-001.cr_op_rs2.maxu_neg_rand; CG-BIT-001.cr_op_rs2.maxu_one; CG-BIT-001.cr_op_rs2.maxu_pos_rand; CG-BIT-001.cr_op_rs2.maxu_zero; CG-BIT-001.cr_op_rs2.min_all_ones; CG-BIT-001.cr_op_rs2.min_int_max; CG-BIT-001.cr_op_rs2.min_int_min; CG-BIT-001.cr_op_rs2.min_neg_rand; CG-BIT-001.cr_op_rs2.min_one; CG-BIT-001.cr_op_rs2.min_pos_rand; CG-BIT-001.cr_op_rs2.min_zero; CG-BIT-001.cr_op_rs2.minu_all_ones; CG-BIT-001.cr_op_rs2.minu_int_max; CG-BIT-001.cr_op_rs2.minu_int_min; CG-BIT-001.cr_op_rs2.minu_neg_rand; CG-BIT-001.cr_op_rs2.minu_one; CG-BIT-001.cr_op_rs2.minu_pos_rand; CG-BIT-001.cr_op_rs2.minu_zero,0,no,,NOT-RUN-CLEAN (fcov expectation unverifiable: per-test urg report has no grpinfo.txt )
TP-BIT-008,gen_bit_ratified,gen_test_bit_ratified,targeted,3,FAIL,yes,65,65,CG-BIT-001.cp_eq_operands.no; CG-BIT-001.cp_eq_operands.yes; CG-BIT-001.cp_op.andn; CG-BIT-001.cp_op.max; CG-BIT-001.cp_op.maxu; CG-BIT-001.cp_op.min; CG-BIT-001.cp_op.minu; CG-BIT-001.cp_op.orn; CG-BIT-001.cp_op.pack; CG-BIT-001.cp_op.packh; CG-BIT-001.cp_op.packu; CG-BIT-001.cp_op.sh1add; CG-BIT-001.cp_op.sh2add; CG-BIT-001.cp_op.sh3add; CG-BIT-001.cp_op.xnor; CG-BIT-001.cp_rs1_class.all_ones; CG-BIT-001.cp_rs1_class.int_min; CG-BIT-001.cp_rs2_class.int_max; CG-BIT-001.cp_rs2_class.one; CG-BIT-001.cp_sign_pair.nn; CG-BIT-001.cp_sign_pair.np; CG-BIT-001.cp_sign_pair.pn; CG-BIT-001.cp_sign_pair.pp; CG-BIT-001.cr_minmax_sign.max_nn; CG-BIT-001.cr_minmax_sign.max_np; CG-BIT-001.cr_minmax_sign.max_pn; CG-BIT-001.cr_minmax_sign.max_pp; CG-BIT-001.cr_minmax_sign.maxu_nn; CG-BIT-001.cr_minmax_sign.maxu_np; CG-BIT-001.cr_minmax_sign.maxu_pn; CG-BIT-001.cr_minmax_sign.maxu_pp; CG-BIT-001.cr_minmax_sign.min_nn; CG-BIT-001.cr_minmax_sign.min_np; CG-BIT-001.cr_minmax_sign.min_pn; CG-BIT-001.cr_minmax_sign.min_pp; CG-BIT-001.cr_minmax_sign.minu_nn; CG-BIT-001.cr_minmax_sign.minu_np; CG-BIT-001.cr_minmax_sign.minu_pn; CG-BIT-001.cr_minmax_sign.minu_pp; CG-BIT-001.cr_op_eq.andn_no; CG-BIT-001.cr_op_eq.andn_yes; CG-BIT-001.cr_op_eq.max_no; CG-BIT-001.cr_op_eq.max_yes; CG-BIT-001.cr_op_eq.maxu_no; CG-BIT-001.cr_op_eq.maxu_yes; CG-BIT-001.cr_op_eq.min_no; CG-BIT-001.cr_op_eq.min_yes; CG-BIT-001.cr_op_eq.minu_no; CG-BIT-001.cr_op_eq.minu_yes; CG-BIT-001.cr_op_eq.orn_no; CG-BIT-001.cr_op_eq.orn_yes; CG-BIT-001.cr_op_eq.pack_no; CG-BIT-001.cr_op_eq.pack_yes; CG-BIT-001.cr_op_eq.packh_no; CG-BIT-001.cr_op_eq.packh_yes; CG-BIT-001.cr_op_eq.packu_no; CG-BIT-001.cr_op_eq.packu_yes; CG-BIT-001.cr_op_eq.sh1add_no; CG-BIT-001.cr_op_eq.sh1add_yes; CG-BIT-001.cr_op_eq.sh2add_no; CG-BIT-001.cr_op_eq.sh2add_yes; CG-BIT-001.cr_op_eq.sh3add_no; CG-BIT-001.cr_op_eq.sh3add_yes; CG-BIT-001.cr_op_eq.xnor_no; CG-BIT-001.cr_op_eq.xnor_yes,0,no,,NOT-RUN-CLEAN (fcov expectation unverifiable: per-test urg report has no grpinfo.txt )
TP-BIT-009,gen_bit_ratified,gen_test_bit_ratified,smoke,3,FAIL,yes,6,6,CG-BIT-001.cp_op.sext_b; CG-BIT-001.cp_op.sext_h; CG-BIT-001.cp_rs1_class.byte_msb; CG-BIT-001.cp_rs1_class.half_msb; CG-CMP-005.cp_insn.c_sext_b; CG-CMP-005.cp_insn.c_sext_h,0,no,,NOT-RUN-CLEAN (fcov expectation unverifiable: per-test urg report has no grpinfo.txt )
TP-BIT-010,gen_bit_ratified,gen_test_bit_ratified,smoke,3,FAIL,yes,22,22,CG-BIT-001.cp_op.zext_h; CG-BIT-001.cp_rs1_class.all_ones; CG-BIT-001.cp_rs1_class.byte_msb; CG-BIT-001.cp_rs1_class.e0000000; CG-BIT-001.cp_rs1_class.half_msb; CG-BIT-001.cp_rs1_class.int_max; CG-BIT-001.cp_rs1_class.int_min; CG-BIT-001.cp_rs1_class.neg_rand; CG-BIT-001.cp_rs1_class.one; CG-BIT-001.cp_rs1_class.pos_rand; CG-BIT-001.cp_rs1_class.zero; CG-BIT-001.cr_op_rs1.zext_h_all_ones; CG-BIT-001.cr_op_rs1.zext_h_byte_msb; CG-BIT-001.cr_op_rs1.zext_h_e0000000; CG-BIT-001.cr_op_rs1.zext_h_half_msb; CG-BIT-001.cr_op_rs1.zext_h_int_max; CG-BIT-001.cr_op_rs1.zext_h_int_min; CG-BIT-001.cr_op_rs1.zext_h_neg_rand; CG-BIT-001.cr_op_rs1.zext_h_one; CG-BIT-001.cr_op_rs1.zext_h_pos_rand; CG-BIT-001.cr_op_rs1.zext_h_zero; CG-CMP-005.cp_insn.c_zext_h,0,no,,NOT-RUN-CLEAN (fcov expectation unverifiable: per-test urg report has no grpinfo.txt )
TP-BIT-011,gen_bit_draft,gen_test_bit_draft,targeted,3,FAIL,none,83,83,CG-BIT-001.cp_op.pack (not declared); CG-BIT-001.cp_op.packh (not declared); CG-BIT-001.cp_op.packu (not declared); CG-BIT-001.cp_rs1_class.all_ones (not declared); CG-BIT-001.cp_rs1_class.byte_msb (not declared); CG-BIT-001.cp_rs1_class.e0000000 (not declared); CG-BIT-001.cp_rs1_class.half_msb (not declared); CG-BIT-001.cp_rs1_class.int_max (not declared); CG-BIT-001.cp_rs1_class.int_min (not declared); CG-BIT-001.cp_rs1_class.neg_rand (not declared); CG-BIT-001.cp_rs1_class.one (not declared); CG-BIT-001.cp_rs1_class.pos_rand (not declared); CG-BIT-001.cp_rs1_class.zero (not declared); CG-BIT-001.cp_rs2_class.all_ones (not declared); CG-BIT-001.cp_rs2_class.int_max (not declared); CG-BIT-001.cp_rs2_class.int_min (not declared); CG-BIT-001.cp_rs2_class.neg_rand (not declared); CG-BIT-001.cp_rs2_class.one (not declared); CG-BIT-001.cp_rs2_class.pos_rand (not declared); CG-BIT-001.cp_rs2_class.zero (not declared); CG-BIT-001.cp_same_regs.all_same (not declared); CG-BIT-001.cp_same_regs.distinct (not declared); CG-BIT-001.cp_same_regs.rs1_eq_rs2 (not declared); CG-BIT-001.cr_op_rs1.pack_all_ones (not declared); CG-BIT-001.cr_op_rs1.pack_byte_msb (not declared); CG-BIT-001.cr_op_rs1.pack_e0000000 (not declared); CG-BIT-001.cr_op_rs1.pack_half_msb (not declared); CG-BIT-001.cr_op_rs1.pack_int_max (not declared); CG-BIT-001.cr_op_rs1.pack_int_min (not declared); CG-BIT-001.cr_op_rs1.pack_neg_rand (not declared); CG-BIT-001.cr_op_rs1.pack_one (not declared); CG-BIT-001.cr_op_rs1.pack_pos_rand (not declared); CG-BIT-001.cr_op_rs1.pack_zero (not declared); CG-BIT-001.cr_op_rs1.packh_all_ones (not declared); CG-BIT-001.cr_op_rs1.packh_byte_msb (not declared); CG-BIT-001.cr_op_rs1.packh_e0000000 (not declared); CG-BIT-001.cr_op_rs1.packh_half_msb (not declared); CG-BIT-001.cr_op_rs1.packh_int_max (not declared); CG-BIT-001.cr_op_rs1.packh_int_min (not declared); CG-BIT-001.cr_op_rs1.packh_neg_rand (not declared); CG-BIT-001.cr_op_rs1.packh_one (not declared); CG-BIT-001.cr_op_rs1.packh_pos_rand (not declared); CG-BIT-001.cr_op_rs1.packh_zero (not declared); CG-BIT-001.cr_op_rs1.packu_all_ones (not declared); CG-BIT-001.cr_op_rs1.packu_byte_msb (not declared); CG-BIT-001.cr_op_rs1.packu_e0000000 (not declared); CG-BIT-001.cr_op_rs1.packu_half_msb (not declared); CG-BIT-001.cr_op_rs1.packu_int_max (not declared); CG-BIT-001.cr_op_rs1.packu_int_min (not declared); CG-BIT-001.cr_op_rs1.packu_neg_rand (not declared); CG-BIT-001.cr_op_rs1.packu_one (not declared); CG-BIT-001.cr_op_rs1.packu_pos_rand (not declared); CG-BIT-001.cr_op_rs1.packu_zero (not declared); CG-BIT-001.cr_op_rs2.pack_all_ones (not declared); CG-BIT-001.cr_op_rs2.pack_int_max (not declared); CG-BIT-001.cr_op_rs2.pack_int_min (not declared); CG-BIT-001.cr_op_rs2.pack_neg_rand (not declared); CG-BIT-001.cr_op_rs2.pack_one (not declared); CG-BIT-001.cr_op_rs2.pack_pos_rand (not declared); CG-BIT-001.cr_op_rs2.pack_zero (not declared); CG-BIT-001.cr_op_rs2.packh_all_ones (not declared); CG-BIT-001.cr_op_rs2.packh_int_max (not declared); CG-BIT-001.cr_op_rs2.packh_int_min (not declared); CG-BIT-001.cr_op_rs2.packh_neg_rand (not declared); CG-BIT-001.cr_op_rs2.packh_one (not declared); CG-BIT-001.cr_op_rs2.packh_pos_rand (not declared); CG-BIT-001.cr_op_rs2.packh_zero (not declared); CG-BIT-001.cr_op_rs2.packu_all_ones (not declared); CG-BIT-001.cr_op_rs2.packu_int_max (not declared); CG-BIT-001.cr_op_rs2.packu_int_min (not declared); CG-BIT-001.cr_op_rs2.packu_neg_rand (not declared); CG-BIT-001.cr_op_rs2.packu_one (not declared); CG-BIT-001.cr_op_rs2.packu_pos_rand (not declared); CG-BIT-001.cr_op_rs2.packu_zero (not declared); CG-BIT-001.cr_op_same.pack_all_same (not declared); CG-BIT-001.cr_op_same.pack_distinct (not declared); CG-BIT-001.cr_op_same.pack_rs1_eq_rs2 (not declared); CG-BIT-001.cr_op_same.packh_all_same (not declared); CG-BIT-001.cr_op_same.packh_distinct (not declared); CG-BIT-001.cr_op_same.packh_rs1_eq_rs2 (not declared); CG-BIT-001.cr_op_same.packu_all_same (not declared); CG-BIT-001.cr_op_same.packu_distinct (not declared); CG-BIT-001.cr_op_same.packu_rs1_eq_rs2 (not declared),0,no,,NOT-RUN-CLEAN (fcov expectation unverifiable: per-test urg report has no grpinfo.txt )
TP-BIT-014,gen_bit_ratified,gen_test_bit_ratified,smoke,3,FAIL,yes,13,13,CG-BIT-004.cp_bit25.b0; CG-BIT-004.cp_grev_ctrl.c7; CG-BIT-004.cp_op.gorci; CG-BIT-004.cp_operand.all_ones; CG-BIT-004.cp_operand.bytes_01020304; CG-BIT-004.cp_operand.rand; CG-BIT-004.cp_operand.single_bit; CG-BIT-004.cp_operand.zero; CG-BIT-004.cr_op_operand.gorci_all_ones; CG-BIT-004.cr_op_operand.gorci_bytes_01020304; CG-BIT-004.cr_op_operand.gorci_rand; CG-BIT-004.cr_op_operand.gorci_single_bit; CG-BIT-004.cr_op_operand.gorci_zero,0,no,,NOT-RUN-CLEAN (fcov expectation unverifiable: per-test urg report has no grpinfo.txt )
TP-BIT-015,gen_bit_ratified,gen_test_bit_ratified,smoke,3,FAIL,yes,3,3,CG-BIT-004.cp_grev_ctrl.c24; CG-BIT-004.cp_op.grevi; CG-BIT-004.cp_operand.bytes_01020304,0,no,,NOT-RUN-CLEAN (fcov expectation unverifiable: per-test urg report has no grpinfo.txt )
TP-BIT-016,gen_bit_draft,gen_test_bit_draft,targeted,3,FAIL,yes,15,15,CG-BIT-004.cp_grev_ctrl.c0; CG-BIT-004.cp_grev_ctrl.c31; CG-BIT-004.cp_op.gorc; CG-BIT-004.cp_op.grev; CG-BIT-004.cp_operand.single_bit; CG-BIT-004.cp_rs2_upper.nonzero; CG-BIT-004.cp_rs2_upper.zero; CG-BIT-004.cr_grev_ctrl.gorc_c0; CG-BIT-004.cr_grev_ctrl.gorc_c31; CG-BIT-004.cr_grev_ctrl.grev_c0; CG-BIT-004.cr_grev_ctrl.grev_c31; CG-BIT-004.cr_reg_upper.gorc_nonzero; CG-BIT-004.cr_reg_upper.gorc_zero; CG-BIT-004.cr_reg_upper.grev_nonzero; CG-BIT-004.cr_reg_upper.grev_zero,0,no,,NOT-RUN-CLEAN (fcov expectation unverifiable: per-test urg report has no grpinfo.txt )
TP-BIT-017,gen_bit_ratified,gen_test_bit_ratified,smoke,3,FAIL,yes,33,33,CG-BIT-006.cp_index.i0; CG-BIT-006.cp_index.i31; CG-BIT-006.cp_index.mid; CG-BIT-006.cp_op.bclr; CG-BIT-006.cp_op.bext; CG-BIT-006.cp_op.binv; CG-BIT-006.cp_op.bset; CG-BIT-006.cp_prior_bit.clear; CG-BIT-006.cp_prior_bit.set; CG-BIT-006.cr_op_index_prior.bclr_i0_clear; CG-BIT-006.cr_op_index_prior.bclr_i0_set; CG-BIT-006.cr_op_index_prior.bclr_i31_clear; CG-BIT-006.cr_op_index_prior.bclr_i31_set; CG-BIT-006.cr_op_index_prior.bclr_mid_clear; CG-BIT-006.cr_op_index_prior.bclr_mid_set; CG-BIT-006.cr_op_index_prior.bext_i0_clear; CG-BIT-006.cr_op_index_prior.bext_i0_set; CG-BIT-006.cr_op_index_prior.bext_i31_clear; CG-BIT-006.cr_op_index_prior.bext_i31_set; CG-BIT-006.cr_op_index_prior.bext_mid_clear; CG-BIT-006.cr_op_index_prior.bext_mid_set; CG-BIT-006.cr_op_index_prior.binv_i0_clear; CG-BIT-006.cr_op_index_prior.binv_i0_set; CG-BIT-006.cr_op_index_prior.binv_i31_clear; CG-BIT-006.cr_op_index_prior.binv_i31_set; CG-BIT-006.cr_op_index_prior.binv_mid_clear; CG-BIT-006.cr_op_index_prior.binv_mid_set; CG-BIT-006.cr_op_index_prior.bset_i0_clear; CG-BIT-006.cr_op_index_prior.bset_i0_set; CG-BIT-006.cr_op_index_prior.bset_i31_clear; CG-BIT-006.cr_op_index_prior.bset_i31_set; CG-BIT-006.cr_op_index_prior.bset_mid_clear; CG-BIT-006.cr_op_index_prior.bset_mid_set,0,no,,NOT-RUN-CLEAN (fcov expectation unverifiable: per-test urg report has no grpinfo.txt )
TP-BIT-018,gen_bit_ratified,gen_test_bit_ratified,smoke,3,FAIL,yes,48,48,CG-BIT-006.cp_index.i0; CG-BIT-006.cp_index.i31; CG-BIT-006.cp_index.mid; CG-BIT-006.cp_op.bclri; CG-BIT-006.cp_op.bexti; CG-BIT-006.cp_op.binvi; CG-BIT-006.cp_op.bseti; CG-BIT-006.cp_operand.all_ones; CG-BIT-006.cp_operand.rand; CG-BIT-006.cp_operand.zero; CG-BIT-006.cp_prior_bit.clear; CG-BIT-006.cp_prior_bit.set; CG-BIT-006.cr_op_index_prior.bclri_i0_clear; CG-BIT-006.cr_op_index_prior.bclri_i0_set; CG-BIT-006.cr_op_index_prior.bclri_i31_clear; CG-BIT-006.cr_op_index_prior.bclri_i31_set; CG-BIT-006.cr_op_index_prior.bclri_mid_clear; CG-BIT-006.cr_op_index_prior.bclri_mid_set; CG-BIT-006.cr_op_index_prior.bexti_i0_clear; CG-BIT-006.cr_op_index_prior.bexti_i0_set; CG-BIT-006.cr_op_index_prior.bexti_i31_clear; CG-BIT-006.cr_op_index_prior.bexti_i31_set; CG-BIT-006.cr_op_index_prior.bexti_mid_clear; CG-BIT-006.cr_op_index_prior.bexti_mid_set; CG-BIT-006.cr_op_index_prior.binvi_i0_clear; CG-BIT-006.cr_op_index_prior.binvi_i0_set; CG-BIT-006.cr_op_index_prior.binvi_i31_clear; CG-BIT-006.cr_op_index_prior.binvi_i31_set; CG-BIT-006.cr_op_index_prior.binvi_mid_clear; CG-BIT-006.cr_op_index_prior.binvi_mid_set; CG-BIT-006.cr_op_index_prior.bseti_i0_clear; CG-BIT-006.cr_op_index_prior.bseti_i0_set; CG-BIT-006.cr_op_index_prior.bseti_i31_clear; CG-BIT-006.cr_op_index_prior.bseti_i31_set; CG-BIT-006.cr_op_index_prior.bseti_mid_clear; CG-BIT-006.cr_op_index_prior.bseti_mid_set; CG-BIT-006.cr_op_operand.bclri_all_ones; CG-BIT-006.cr_op_operand.bclri_rand; CG-BIT-006.cr_op_operand.bclri_zero; CG-BIT-006.cr_op_operand.bexti_all_ones; CG-BIT-006.cr_op_operand.bexti_rand; CG-BIT-006.cr_op_operand.bexti_zero; CG-BIT-006.cr_op_operand.binvi_all_ones; CG-BIT-006.cr_op_operand.binvi_rand; CG-BIT-006.cr_op_operand.binvi_zero; CG-BIT-006.cr_op_operand.bseti_all_ones; CG-BIT-006.cr_op_operand.bseti_rand; CG-BIT-006.cr_op_operand.bseti_zero,0,no,,NOT-RUN-CLEAN (fcov expectation unverifiable: per-test urg report has no grpinfo.txt )
TP-BIT-019,gen_bit_ratified,gen_test_bit_ratified,targeted,3,FAIL,yes,16,16,CG-BIT-006.cp_binv_twice.yes; CG-BIT-006.cp_index.i0; CG-BIT-006.cp_index.i31; CG-BIT-006.cp_op.bclr; CG-BIT-006.cp_op.bext; CG-BIT-006.cp_op.binv; CG-BIT-006.cp_op.bset; CG-BIT-006.cp_rs2_upper.all_ones; CG-BIT-006.cr_reg_upper.bclr_all_ones; CG-BIT-006.cr_reg_upper.bext_all_ones; CG-BIT-006.cr_reg_upper.binv_all_ones; CG-BIT-006.cr_reg_upper.bset_all_ones; CG-BIT-011.cp_illegal_class.bclri_bit25; CG-BIT-011.cp_illegal_class.bexti_bit25; CG-BIT-011.cp_illegal_class.binvi_bit25; CG-BIT-011.cp_illegal_class.bseti_bit25,0,no,,NOT-RUN-CLEAN (fcov expectation unverifiable: per-test urg report has no grpinfo.txt )
TP-BIT-020,gen_bit_ratified,gen_test_bit_ratified,smoke,3,FAIL,yes,43,43,CG-BIT-007.cp_op.clmul; CG-BIT-007.cp_op.clmulh; CG-BIT-007.cp_op.clmulr; CG-BIT-007.cp_rs1_class.all_ones; CG-BIT-007.cp_rs1_class.one; CG-BIT-007.cp_rs1_class.rand; CG-BIT-007.cp_rs1_class.single_bit; CG-BIT-007.cp_rs1_class.zero; CG-BIT-007.cp_rs2_class.all_ones; CG-BIT-007.cp_rs2_class.one; CG-BIT-007.cp_rs2_class.rand; CG-BIT-007.cp_rs2_class.single_bit; CG-BIT-007.cp_rs2_class.zero; CG-BIT-007.cr_clmul_rs2.clmul_all_ones; CG-BIT-007.cr_clmul_rs2.clmul_one; CG-BIT-007.cr_clmul_rs2.clmul_rand; CG-BIT-007.cr_clmul_rs2.clmul_single_bit; CG-BIT-007.cr_clmul_rs2.clmul_zero; CG-BIT-007.cr_clmul_rs2.clmulh_all_ones; CG-BIT-007.cr_clmul_rs2.clmulh_one; CG-BIT-007.cr_clmul_rs2.clmulh_rand; CG-BIT-007.cr_clmul_rs2.clmulh_single_bit; CG-BIT-007.cr_clmul_rs2.clmulh_zero; CG-BIT-007.cr_clmul_rs2.clmulr_all_ones; CG-BIT-007.cr_clmul_rs2.clmulr_one; CG-BIT-007.cr_clmul_rs2.clmulr_rand; CG-BIT-007.cr_clmul_rs2.clmulr_single_bit; CG-BIT-007.cr_clmul_rs2.clmulr_zero; CG-BIT-007.cr_op_rs1.clmul_all_ones; CG-BIT-007.cr_op_rs1.clmul_one; CG-BIT-007.cr_op_rs1.clmul_rand; CG-BIT-007.cr_op_rs1.clmul_single_bit; CG-BIT-007.cr_op_rs1.clmul_zero; CG-BIT-007.cr_op_rs1.clmulh_all_ones; CG-BIT-007.cr_op_rs1.clmulh_one; CG-BIT-007.cr_op_rs1.clmulh_rand; CG-BIT-007.cr_op_rs1.clmulh_single_bit; CG-BIT-007.cr_op_rs1.clmulh_zero; CG-BIT-007.cr_op_rs1.clmulr_all_ones; CG-BIT-007.cr_op_rs1.clmulr_one; CG-BIT-007.cr_op_rs1.clmulr_rand; CG-BIT-007.cr_op_rs1.clmulr_single_bit; CG-BIT-007.cr_op_rs1.clmulr_zero,0,no,,NOT-RUN-CLEAN (fcov expectation unverifiable: per-test urg report has no grpinfo.txt )
TP-BIT-021,gen_bit_ratified,gen_test_bit_ratified,targeted,3,FAIL,yes,15,15,CG-BIT-007.cp_bit_sum.ge32; CG-BIT-007.cp_bit_sum.lt32; CG-BIT-007.cp_op.clmul; CG-BIT-007.cp_op.clmulh; CG-BIT-007.cp_op.clmulr; CG-BIT-007.cp_rs1_class.all_ones; CG-BIT-007.cp_rs2_class.all_ones; CG-BIT-007.cp_rs2_class.one; CG-BIT-007.cp_rs2_class.zero; CG-BIT-007.cr_clmul_bitsum.clmul_ge32; CG-BIT-007.cr_clmul_bitsum.clmul_lt32; CG-BIT-007.cr_clmul_bitsum.clmulh_ge32; CG-BIT-007.cr_clmul_bitsum.clmulh_lt32; CG-BIT-007.cr_clmul_bitsum.clmulr_ge32; CG-BIT-007.cr_clmul_bitsum.clmulr_lt32,0,no,,NOT-RUN-CLEAN (fcov expectation unverifiable: per-test urg report has no grpinfo.txt )
TP-BIT-022,gen_bit_draft,gen_test_bit_draft,targeted,3,FAIL,none,51,51,CG-BIT-003.cp_amount.a0 (not declared); CG-BIT-003.cp_amount.a1 (not declared); CG-BIT-003.cp_amount.a31 (not declared); CG-BIT-003.cp_amount.mid (not declared); CG-BIT-003.cp_op.slo (not declared); CG-BIT-003.cp_op.sloi (not declared); CG-BIT-003.cp_op.sro (not declared); CG-BIT-003.cp_op.sroi (not declared); CG-BIT-003.cp_operand.all_ones (not declared); CG-BIT-003.cp_operand.lsb_only (not declared); CG-BIT-003.cp_operand.msb_only (not declared); CG-BIT-003.cp_operand.rand (not declared); CG-BIT-003.cp_operand.zero (not declared); CG-BIT-003.cp_sloi_bits.b00 (not declared); CG-BIT-003.cp_sroi_bit25.b0 (not declared); CG-BIT-003.cr_op_amount.slo_a0 (not declared); CG-BIT-003.cr_op_amount.slo_a1 (not declared); CG-BIT-003.cr_op_amount.slo_a31 (not declared); CG-BIT-003.cr_op_amount.slo_mid (not declared); CG-BIT-003.cr_op_amount.sloi_a0 (not declared); CG-BIT-003.cr_op_amount.sloi_a1 (not declared); CG-BIT-003.cr_op_amount.sloi_a31 (not declared); CG-BIT-003.cr_op_amount.sloi_mid (not declared); CG-BIT-003.cr_op_amount.sro_a0 (not declared); CG-BIT-003.cr_op_amount.sro_a1 (not declared); CG-BIT-003.cr_op_amount.sro_a31 (not declared); CG-BIT-003.cr_op_amount.sro_mid (not declared); CG-BIT-003.cr_op_amount.sroi_a0 (not declared); CG-BIT-003.cr_op_amount.sroi_a1 (not declared); CG-BIT-003.cr_op_amount.sroi_a31 (not declared); CG-BIT-003.cr_op_amount.sroi_mid (not declared); CG-BIT-003.cr_op_operand.slo_all_ones (not declared); CG-BIT-003.cr_op_operand.slo_lsb_only (not declared); CG-BIT-003.cr_op_operand.slo_msb_only (not declared); CG-BIT-003.cr_op_operand.slo_rand (not declared); CG-BIT-003.cr_op_operand.slo_zero (not declared); CG-BIT-003.cr_op_operand.sloi_all_ones (not declared); CG-BIT-003.cr_op_operand.sloi_lsb_only (not declared); CG-BIT-003.cr_op_operand.sloi_msb_only (not declared); CG-BIT-003.cr_op_operand.sloi_rand (not declared); CG-BIT-003.cr_op_operand.sloi_zero (not declared); CG-BIT-003.cr_op_operand.sro_all_ones (not declared); CG-BIT-003.cr_op_operand.sro_lsb_only (not declared); CG-BIT-003.cr_op_operand.sro_msb_only (not declared); CG-BIT-003.cr_op_operand.sro_rand (not declared); CG-BIT-003.cr_op_operand.sro_zero (not declared); CG-BIT-003.cr_op_operand.sroi_all_ones (not declared); CG-BIT-003.cr_op_operand.sroi_lsb_only (not declared); CG-BIT-003.cr_op_operand.sroi_msb_only (not declared); CG-BIT-003.cr_op_operand.sroi_rand (not declared); CG-BIT-003.cr_op_operand.sroi_zero (not declared),0,no,,NOT-RUN-CLEAN (fcov expectation unverifiable: per-test urg report has no grpinfo.txt )
TP-BIT-023,gen_bit_draft,gen_test_bit_draft,targeted,3,FAIL,none,27,27,CG-BIT-003.cp_amount.a0 (not declared); CG-BIT-003.cp_amount.a31 (not declared); CG-BIT-003.cp_op.rol (not declared); CG-BIT-003.cp_op.ror (not declared); CG-BIT-003.cp_op.slo (not declared); CG-BIT-003.cp_op.sro (not declared); CG-BIT-003.cp_operand.zero (not declared); CG-BIT-003.cp_rs2_upper.all_ones (not declared); CG-BIT-003.cp_rs2_upper.is32 (not declared); CG-BIT-003.cp_rs2_upper.other_nonzero (not declared); CG-BIT-003.cp_rs2_upper.zero; CG-BIT-003.cr_reg_upper.rol_all_ones (not declared); CG-BIT-003.cr_reg_upper.rol_is32 (not declared); CG-BIT-003.cr_reg_upper.rol_other_nonzero (not declared); CG-BIT-003.cr_reg_upper.rol_zero (not declared); CG-BIT-003.cr_reg_upper.ror_all_ones (not declared); CG-BIT-003.cr_reg_upper.ror_is32 (not declared); CG-BIT-003.cr_reg_upper.ror_other_nonzero (not declared); CG-BIT-003.cr_reg_upper.ror_zero (not declared); CG-BIT-003.cr_reg_upper.slo_all_ones (not declared); CG-BIT-003.cr_reg_upper.slo_is32 (not declared); CG-BIT-003.cr_reg_upper.slo_other_nonzero (not declared); CG-BIT-003.cr_reg_upper.slo_zero (not declared); CG-BIT-003.cr_reg_upper.sro_all_ones (not declared); CG-BIT-003.cr_reg_upper.sro_is32 (not declared); CG-BIT-003.cr_reg_upper.sro_other_nonzero (not declared); CG-BIT-003.cr_reg_upper.sro_zero (not declared),0,no,,NOT-RUN-CLEAN (fcov expectation unverifiable: per-test urg report has no grpinfo.txt )
TP-BIT-024,gen_bit_draft,gen_test_bit_draft,targeted,3,FAIL,none,10,10,CG-BIT-004.cp_op.shfl (not declared); CG-BIT-004.cp_op.shfli (not declared); CG-BIT-004.cp_op.unshfl (not declared); CG-BIT-004.cp_op.unshfli (not declared); CG-BIT-004.cp_shfl_ctrl.c15 (not declared); CG-BIT-004.cr_shfl_ctrl.shfl_c15 (not declared); CG-BIT-004.cr_shfl_ctrl.shfli_c15 (not declared); CG-BIT-004.cr_shfl_ctrl.unshfl_c15 (not declared); CG-BIT-004.cr_shfl_ctrl.unshfli_c15 (not declared); CG-BIT-011.cp_illegal_class.shfli_bit26 (not declared),0,no,,NOT-RUN-CLEAN (fcov expectation unverifiable: per-test urg report has no grpinfo.txt )
TP-BIT-025,gen_bit_draft,gen_test_bit_draft,targeted,3,FAIL,none,43,43,CG-BIT-005.cp_index_pattern.all_oob (not declared); CG-BIT-005.cp_index_pattern.all_same (not declared); CG-BIT-005.cp_index_pattern.identity (not declared); CG-BIT-005.cp_index_pattern.mixed_oob (not declared); CG-BIT-005.cp_index_pattern.rand (not declared); CG-BIT-005.cp_index_pattern.reverse (not declared); CG-BIT-005.cp_op.xperm_b (not declared); CG-BIT-005.cp_op.xperm_h (not declared); CG-BIT-005.cp_op.xperm_n (not declared); CG-BIT-005.cp_rs1_class.all_ones (not declared); CG-BIT-005.cp_rs1_class.distinct_lanes (not declared); CG-BIT-005.cp_rs1_class.rand (not declared); CG-BIT-005.cp_rs1_class.zero (not declared); CG-BIT-005.cr_op_pattern.xperm_b_all_oob (not declared); CG-BIT-005.cr_op_pattern.xperm_b_all_same (not declared); CG-BIT-005.cr_op_pattern.xperm_b_identity (not declared); CG-BIT-005.cr_op_pattern.xperm_b_mixed_oob (not declared); CG-BIT-005.cr_op_pattern.xperm_b_rand (not declared); CG-BIT-005.cr_op_pattern.xperm_b_reverse (not declared); CG-BIT-005.cr_op_pattern.xperm_h_all_oob (not declared); CG-BIT-005.cr_op_pattern.xperm_h_all_same (not declared); CG-BIT-005.cr_op_pattern.xperm_h_identity (not declared); CG-BIT-005.cr_op_pattern.xperm_h_mixed_oob (not declared); CG-BIT-005.cr_op_pattern.xperm_h_rand (not declared); CG-BIT-005.cr_op_pattern.xperm_h_reverse (not declared); CG-BIT-005.cr_op_pattern.xperm_n_all_oob (not declared); CG-BIT-005.cr_op_pattern.xperm_n_all_same (not declared); CG-BIT-005.cr_op_pattern.xperm_n_identity (not declared); CG-BIT-005.cr_op_pattern.xperm_n_mixed_oob (not declared); CG-BIT-005.cr_op_pattern.xperm_n_rand (not declared); CG-BIT-005.cr_op_pattern.xperm_n_reverse (not declared); CG-BIT-005.cr_op_rs1.xperm_b_all_ones (not declared); CG-BIT-005.cr_op_rs1.xperm_b_distinct_lanes (not declared); CG-BIT-005.cr_op_rs1.xperm_b_rand (not declared); CG-BIT-005.cr_op_rs1.xperm_b_zero (not declared); CG-BIT-005.cr_op_rs1.xperm_h_all_ones (not declared); CG-BIT-005.cr_op_rs1.xperm_h_distinct_lanes (not declared); CG-BIT-005.cr_op_rs1.xperm_h_rand (not declared); CG-BIT-005.cr_op_rs1.xperm_h_zero (not declared); CG-BIT-005.cr_op_rs1.xperm_n_all_ones (not declared); CG-BIT-005.cr_op_rs1.xperm_n_distinct_lanes (not declared); CG-BIT-005.cr_op_rs1.xperm_n_rand (not declared); CG-BIT-005.cr_op_rs1.xperm_n_zero (not declared),0,no,,NOT-RUN-CLEAN (fcov expectation unverifiable: per-test urg report has no grpinfo.txt )
TP-BIT-026,gen_bit_draft,gen_test_bit_draft,targeted,3,FAIL,none,18,18,CG-BIT-005.cp_index_pattern.all_oob (not declared); CG-BIT-005.cp_index_pattern.mixed_oob (not declared); CG-BIT-005.cp_oob_lanes.all (not declared); CG-BIT-005.cp_oob_lanes.none (not declared); CG-BIT-005.cp_oob_lanes.some (not declared); CG-BIT-005.cp_op.xperm_b (not declared); CG-BIT-005.cp_op.xperm_h (not declared); CG-BIT-005.cp_op.xperm_n (not declared); CG-BIT-005.cp_rs1_class.all_ones (not declared); CG-BIT-005.cr_op_oob.xperm_b_all (not declared); CG-BIT-005.cr_op_oob.xperm_b_none (not declared); CG-BIT-005.cr_op_oob.xperm_b_some (not declared); CG-BIT-005.cr_op_oob.xperm_h_all (not declared); CG-BIT-005.cr_op_oob.xperm_h_none (not declared); CG-BIT-005.cr_op_oob.xperm_h_some (not declared); CG-BIT-005.cr_op_oob.xperm_n_all (not declared); CG-BIT-005.cr_op_oob.xperm_n_none (not declared); CG-BIT-005.cr_op_oob.xperm_n_some (not declared),0,no,,NOT-RUN-CLEAN (fcov expectation unverifiable: per-test urg report has no grpinfo.txt )
TP-BIT-027,gen_bit_draft,gen_test_bit_draft,targeted,3,FAIL,none,46,46,CG-BIT-008.cp_cmix_mask.all_ones (not declared); CG-BIT-008.cp_cmix_mask.alt (not declared); CG-BIT-008.cp_cmix_mask.rand (not declared); CG-BIT-008.cp_cmix_mask.zero (not declared); CG-BIT-008.cp_cmov_ctrl.msb_only (not declared); CG-BIT-008.cp_cmov_ctrl.nonzero_rand (not declared); CG-BIT-008.cp_cmov_ctrl.one (not declared); CG-BIT-008.cp_cmov_ctrl.zero (not declared); CG-BIT-008.cp_op.cmix (not declared); CG-BIT-008.cp_op.cmov (not declared); CG-BIT-008.cp_rs1_rs3_class.equal (not declared); CG-BIT-008.cp_rs1_rs3_class.ones_zero (not declared); CG-BIT-008.cp_rs1_rs3_class.rand (not declared); CG-BIT-008.cp_rs1_rs3_class.zero_ones (not declared); CG-BIT-008.cp_rs3_choice.distinct (not declared); CG-BIT-008.cp_rs3_choice.eq_rd (not declared); CG-BIT-008.cp_rs3_choice.eq_rs1 (not declared); CG-BIT-008.cp_rs3_choice.eq_rs2 (not declared); CG-BIT-008.cp_rs3_choice.x0 (not declared); CG-BIT-008.cr_op_rs13.cmix_equal (not declared); CG-BIT-008.cr_op_rs13.cmix_ones_zero (not declared); CG-BIT-008.cr_op_rs13.cmix_rand (not declared); CG-BIT-008.cr_op_rs13.cmix_zero_ones (not declared); CG-BIT-008.cr_op_rs13.cmov_equal (not declared); CG-BIT-008.cr_op_rs13.cmov_ones_zero (not declared); CG-BIT-008.cr_op_rs13.cmov_rand (not declared); CG-BIT-008.cr_op_rs13.cmov_zero_ones (not declared); CG-BIT-008.cr_op_rs3.cmix_distinct (not declared); CG-BIT-008.cr_op_rs3.cmix_eq_rd (not declared); CG-BIT-008.cr_op_rs3.cmix_eq_rs1 (not declared); CG-BIT-008.cr_op_rs3.cmix_eq_rs2 (not declared); CG-BIT-008.cr_op_rs3.cmix_x0 (not declared); CG-BIT-008.cr_op_rs3.cmov_distinct (not declared); CG-BIT-008.cr_op_rs3.cmov_eq_rd (not declared); CG-BIT-008.cr_op_rs3.cmov_eq_rs1 (not declared); CG-BIT-008.cr_op_rs3.cmov_eq_rs2 (not declared); CG-BIT-008.cr_op_rs3.cmov_x0 (not declared); CG-BIT-010.cp_delta.d2 (not declared); CG-BIT-010.cp_fetch_stall.no (not declared); CG-BIT-010.cp_op.cmix (not declared); CG-BIT-010.cp_op.cmov (not declared); CG-BIT-010.cp_op_class.ternary (not declared); CG-BIT-010.cp_wb_busy.no (not declared); CG-BIT-010.cr_class_delta_clean.ternary_d2 (not declared); CG-BIT-010.cr_op_delta_clean.cmix_d2 (not declared); CG-BIT-010.cr_op_delta_clean.cmov_d2 (not declared),0,no,,NOT-RUN-CLEAN (fcov expectation unverifiable: per-test urg report has no grpinfo.txt )
TP-BIT-028,gen_bit_draft,gen_test_bit_draft,targeted,3,FAIL,none,80,80,CG-BIT-008.cp_funnel_amt.a0 (not declared); CG-BIT-008.cp_funnel_amt.a1 (not declared); CG-BIT-008.cp_funnel_amt.a31 (not declared); CG-BIT-008.cp_funnel_amt.a32 (not declared); CG-BIT-008.cp_funnel_amt.a33 (not declared); CG-BIT-008.cp_funnel_amt.a63 (not declared); CG-BIT-008.cp_funnel_amt.mid_hi (not declared); CG-BIT-008.cp_funnel_amt.mid_lo (not declared); CG-BIT-008.cp_op.fsl (not declared); CG-BIT-008.cp_op.fsr (not declared); CG-BIT-008.cp_op.fsri (not declared); CG-BIT-008.cp_rs1_rs3_class.equal (not declared); CG-BIT-008.cp_rs1_rs3_class.ones_zero (not declared); CG-BIT-008.cp_rs1_rs3_class.rand (not declared); CG-BIT-008.cp_rs1_rs3_class.zero_ones (not declared); CG-BIT-008.cp_rs2_upper6.zero (not declared); CG-BIT-008.cp_rs3_choice.distinct (not declared); CG-BIT-008.cp_rs3_choice.eq_rd (not declared); CG-BIT-008.cp_rs3_choice.eq_rs1 (not declared); CG-BIT-008.cp_rs3_choice.eq_rs2 (not declared); CG-BIT-008.cp_rs3_choice.x0 (not declared); CG-BIT-008.cr_funnel_amt.fsl_a0 (not declared); CG-BIT-008.cr_funnel_amt.fsl_a1 (not declared); CG-BIT-008.cr_funnel_amt.fsl_a31 (not declared); CG-BIT-008.cr_funnel_amt.fsl_a32 (not declared); CG-BIT-008.cr_funnel_amt.fsl_a33 (not declared); CG-BIT-008.cr_funnel_amt.fsl_a63 (not declared); CG-BIT-008.cr_funnel_amt.fsl_mid_hi (not declared); CG-BIT-008.cr_funnel_amt.fsl_mid_lo (not declared); CG-BIT-008.cr_funnel_amt.fsr_a0 (not declared); CG-BIT-008.cr_funnel_amt.fsr_a1 (not declared); CG-BIT-008.cr_funnel_amt.fsr_a31 (not declared); CG-BIT-008.cr_funnel_amt.fsr_a32 (not declared); CG-BIT-008.cr_funnel_amt.fsr_a33 (not declared); CG-BIT-008.cr_funnel_amt.fsr_a63 (not declared); CG-BIT-008.cr_funnel_amt.fsr_mid_hi (not declared); CG-BIT-008.cr_funnel_amt.fsr_mid_lo (not declared); CG-BIT-008.cr_funnel_amt.fsri_a0 (not declared); CG-BIT-008.cr_funnel_amt.fsri_a1 (not declared); CG-BIT-008.cr_funnel_amt.fsri_a31 (not declared); CG-BIT-008.cr_funnel_amt.fsri_a32 (not declared); CG-BIT-008.cr_funnel_amt.fsri_a33 (not declared); CG-BIT-008.cr_funnel_amt.fsri_a63 (not declared); CG-BIT-008.cr_funnel_amt.fsri_mid_hi (not declared); CG-BIT-008.cr_funnel_amt.fsri_mid_lo (not declared); CG-BIT-008.cr_op_rs13.fsl_equal (not declared); CG-BIT-008.cr_op_rs13.fsl_ones_zero (not declared); CG-BIT-008.cr_op_rs13.fsl_rand (not declared); CG-BIT-008.cr_op_rs13.fsl_zero_ones (not declared); CG-BIT-008.cr_op_rs13.fsr_equal (not declared); CG-BIT-008.cr_op_rs13.fsr_ones_zero (not declared); CG-BIT-008.cr_op_rs13.fsr_rand (not declared); CG-BIT-008.cr_op_rs13.fsr_zero_ones (not declared); CG-BIT-008.cr_op_rs13.fsri_equal (not declared); CG-BIT-008.cr_op_rs13.fsri_ones_zero (not declared); CG-BIT-008.cr_op_rs13.fsri_rand (not declared); CG-BIT-008.cr_op_rs13.fsri_zero_ones (not declared); CG-BIT-008.cr_op_rs3.fsl_distinct (not declared); CG-BIT-008.cr_op_rs3.fsl_eq_rd (not declared); CG-BIT-008.cr_op_rs3.fsl_eq_rs1 (not declared); CG-BIT-008.cr_op_rs3.fsl_eq_rs2 (not declared); CG-BIT-008.cr_op_rs3.fsl_x0 (not declared); CG-BIT-008.cr_op_rs3.fsr_distinct (not declared); CG-BIT-008.cr_op_rs3.fsr_eq_rd (not declared); CG-BIT-008.cr_op_rs3.fsr_eq_rs1 (not declared); CG-BIT-008.cr_op_rs3.fsr_eq_rs2 (not declared); CG-BIT-008.cr_op_rs3.fsr_x0 (not declared); CG-BIT-008.cr_op_rs3.fsri_distinct (not declared); CG-BIT-008.cr_op_rs3.fsri_eq_rd (not declared); CG-BIT-008.cr_op_rs3.fsri_eq_rs1 (not declared); CG-BIT-008.cr_op_rs3.fsri_eq_rs2 (not declared); CG-BIT-008.cr_op_rs3.fsri_x0 (not declared); CG-BIT-010.cp_delta.d2 (not declared); CG-BIT-010.cp_op.fsl (not declared); CG-BIT-010.cp_op.fsr (not declared); CG-BIT-010.cp_op.fsri (not declared); CG-BIT-010.cp_wb_busy.no (not declared); CG-BIT-010.cr_op_delta_clean.fsl_d2 (not declared); CG-BIT-010.cr_op_delta_clean.fsr_d2 (not declared); CG-BIT-010.cr_op_delta_clean.fsri_d2 (not declared),0,no,,NOT-RUN-CLEAN (fcov expectation unverifiable: per-test urg report has no grpinfo.txt )
TP-BIT-029,gen_bit_draft,gen_test_bit_draft,targeted,3,FAIL,none,11,11,CG-BIT-008.cp_fsri_hi5.other (not declared); CG-BIT-008.cp_funnel_amt.a0 (not declared); CG-BIT-008.cp_funnel_amt.a31 (not declared); CG-BIT-008.cp_funnel_amt.a32 (not declared); CG-BIT-008.cp_funnel_amt.a33 (not declared); CG-BIT-008.cp_funnel_amt.a63 (not declared); CG-BIT-008.cp_op.fsl (not declared); CG-BIT-008.cp_op.fsr (not declared); CG-BIT-008.cp_rs2_upper6.nonzero (not declared); CG-BIT-008.cr_funnel_upper.fsl_nonzero (not declared); CG-BIT-008.cr_funnel_upper.fsr_nonzero (not declared),0,no,,NOT-RUN-CLEAN (fcov expectation unverifiable: per-test urg report has no grpinfo.txt )
TP-BIT-030,gen_bit_draft,gen_test_bit_draft,targeted,3,FAIL,none,54,54,CG-BIT-009.cp_ctrl_upper.nonzero (not declared); CG-BIT-009.cp_ctrl_upper.zero (not declared); CG-BIT-009.cp_data_class.above_len_set (not declared); CG-BIT-009.cp_data_class.all_ones (not declared); CG-BIT-009.cp_data_class.rand (not declared); CG-BIT-009.cp_data_class.zero (not declared); CG-BIT-009.cp_delta.d1 (not declared); CG-BIT-009.cp_len.l0 (not declared); CG-BIT-009.cp_len.l1 (not declared); CG-BIT-009.cp_len.l15 (not declared); CG-BIT-009.cp_len.mid (not declared); CG-BIT-009.cp_off.mid (not declared); CG-BIT-009.cp_off.mid_hi (not declared); CG-BIT-009.cp_off.o0 (not declared); CG-BIT-009.cp_off.o16 (not declared); CG-BIT-009.cp_off.o31 (not declared); CG-BIT-009.cp_overflow.no (not declared); CG-BIT-009.cp_rd_x0.no (not declared); CG-BIT-009.cp_rs1_class.all_ones (not declared); CG-BIT-009.cp_rs1_class.rand (not declared); CG-BIT-009.cp_rs1_class.zero (not declared); CG-BIT-009.cr_data_rs1.above_len_set_all_ones (not declared); CG-BIT-009.cr_data_rs1.above_len_set_rand (not declared); CG-BIT-009.cr_data_rs1.above_len_set_zero (not declared); CG-BIT-009.cr_data_rs1.all_ones_all_ones (not declared); CG-BIT-009.cr_data_rs1.all_ones_rand (not declared); CG-BIT-009.cr_data_rs1.all_ones_zero (not declared); CG-BIT-009.cr_data_rs1.rand_all_ones (not declared); CG-BIT-009.cr_data_rs1.rand_rand (not declared); CG-BIT-009.cr_data_rs1.rand_zero (not declared); CG-BIT-009.cr_data_rs1.zero_all_ones (not declared); CG-BIT-009.cr_data_rs1.zero_rand (not declared); CG-BIT-009.cr_data_rs1.zero_zero (not declared); CG-BIT-009.cr_len_off.l0_mid (not declared); CG-BIT-009.cr_len_off.l0_mid_hi (not declared); CG-BIT-009.cr_len_off.l0_o0 (not declared); CG-BIT-009.cr_len_off.l0_o16 (not declared); CG-BIT-009.cr_len_off.l0_o31 (not declared); CG-BIT-009.cr_len_off.l15_mid (not declared); CG-BIT-009.cr_len_off.l15_mid_hi (not declared); CG-BIT-009.cr_len_off.l15_o0 (not declared); CG-BIT-009.cr_len_off.l15_o16 (not declared); CG-BIT-009.cr_len_off.l15_o31 (not declared); CG-BIT-009.cr_len_off.l1_mid (not declared); CG-BIT-009.cr_len_off.l1_mid_hi (not declared); CG-BIT-009.cr_len_off.l1_o0 (not declared); CG-BIT-009.cr_len_off.l1_o16 (not declared); CG-BIT-009.cr_len_off.l1_o31 (not declared); CG-BIT-009.cr_len_off.mid_mid (not declared); CG-BIT-009.cr_len_off.mid_mid_hi (not declared); CG-BIT-009.cr_len_off.mid_o0 (not declared); CG-BIT-009.cr_len_off.mid_o16 (not declared); CG-BIT-009.cr_len_off.mid_o31 (not declared); CG-BIT-011.cp_legal_insn.bfp (not declared),0,no,,NOT-RUN-CLEAN (fcov expectation unverifiable: per-test urg report has no grpinfo.txt )
TP-BIT-031,gen_bit_draft,gen_test_bit_draft,targeted,3,FAIL,none,10,10,CG-BIT-009.cp_data_class.above_len_set (not declared); CG-BIT-009.cp_len.l0 (not declared); CG-BIT-009.cp_len.l15 (not declared); CG-BIT-009.cp_len.mid (not declared); CG-BIT-009.cp_off.o16 (not declared); CG-BIT-009.cp_off.o31 (not declared); CG-BIT-009.cp_overflow.yes (not declared); CG-BIT-009.cr_overflow_len.yes_l0 (not declared); CG-BIT-009.cr_overflow_len.yes_l15 (not declared); CG-BIT-009.cr_overflow_len.yes_mid (not declared),0,no,,NOT-RUN-CLEAN (fcov expectation unverifiable: per-test urg report has no grpinfo.txt )
TP-BIT-032,gen_bit_draft,gen_test_bit_draft,targeted,3,FAIL,none,70,70,CG-BIT-007.cp_op.crc32_b (not declared); CG-BIT-007.cp_op.crc32_h (not declared); CG-BIT-007.cp_op.crc32_w (not declared); CG-BIT-007.cp_op.crc32c_b (not declared); CG-BIT-007.cp_op.crc32c_h (not declared); CG-BIT-007.cp_op.crc32c_w (not declared); CG-BIT-007.cp_rs1_class.all_ones (not declared); CG-BIT-007.cp_rs1_class.high_only (not declared); CG-BIT-007.cp_rs1_class.low_only (not declared); CG-BIT-007.cp_rs1_class.one (not declared); CG-BIT-007.cp_rs1_class.rand (not declared); CG-BIT-007.cp_rs1_class.single_bit (not declared); CG-BIT-007.cp_rs1_class.zero (not declared); CG-BIT-007.cr_op_rs1.crc32_b_all_ones (not declared); CG-BIT-007.cr_op_rs1.crc32_b_high_only (not declared); CG-BIT-007.cr_op_rs1.crc32_b_low_only (not declared); CG-BIT-007.cr_op_rs1.crc32_b_one (not declared); CG-BIT-007.cr_op_rs1.crc32_b_rand (not declared); CG-BIT-007.cr_op_rs1.crc32_b_single_bit (not declared); CG-BIT-007.cr_op_rs1.crc32_b_zero (not declared); CG-BIT-007.cr_op_rs1.crc32_h_all_ones (not declared); CG-BIT-007.cr_op_rs1.crc32_h_high_only (not declared); CG-BIT-007.cr_op_rs1.crc32_h_low_only (not declared); CG-BIT-007.cr_op_rs1.crc32_h_one (not declared); CG-BIT-007.cr_op_rs1.crc32_h_rand (not declared); CG-BIT-007.cr_op_rs1.crc32_h_single_bit (not declared); CG-BIT-007.cr_op_rs1.crc32_h_zero (not declared); CG-BIT-007.cr_op_rs1.crc32_w_all_ones (not declared); CG-BIT-007.cr_op_rs1.crc32_w_low_only (not declared); CG-BIT-007.cr_op_rs1.crc32_w_one (not declared); CG-BIT-007.cr_op_rs1.crc32_w_rand (not declared); CG-BIT-007.cr_op_rs1.crc32_w_single_bit (not declared); CG-BIT-007.cr_op_rs1.crc32_w_zero (not declared); CG-BIT-007.cr_op_rs1.crc32c_b_all_ones (not declared); CG-BIT-007.cr_op_rs1.crc32c_b_high_only (not declared); CG-BIT-007.cr_op_rs1.crc32c_b_low_only (not declared); CG-BIT-007.cr_op_rs1.crc32c_b_one (not declared); CG-BIT-007.cr_op_rs1.crc32c_b_rand (not declared); CG-BIT-007.cr_op_rs1.crc32c_b_single_bit (not declared); CG-BIT-007.cr_op_rs1.crc32c_b_zero (not declared); CG-BIT-007.cr_op_rs1.crc32c_h_all_ones (not declared); CG-BIT-007.cr_op_rs1.crc32c_h_high_only (not declared); CG-BIT-007.cr_op_rs1.crc32c_h_low_only (not declared); CG-BIT-007.cr_op_rs1.crc32c_h_one (not declared); CG-BIT-007.cr_op_rs1.crc32c_h_rand (not declared); CG-BIT-007.cr_op_rs1.crc32c_h_single_bit (not declared); CG-BIT-007.cr_op_rs1.crc32c_h_zero (not declared); CG-BIT-007.cr_op_rs1.crc32c_w_all_ones (not declared); CG-BIT-007.cr_op_rs1.crc32c_w_low_only (not declared); CG-BIT-007.cr_op_rs1.crc32c_w_one (not declared); CG-BIT-007.cr_op_rs1.crc32c_w_rand (not declared); CG-BIT-007.cr_op_rs1.crc32c_w_single_bit (not declared); CG-BIT-007.cr_op_rs1.crc32c_w_zero (not declared); CG-BIT-010.cp_delta.d2 (not declared); CG-BIT-010.cp_fetch_stall.no (not declared); CG-BIT-010.cp_op.crc32_b (not declared); CG-BIT-010.cp_op.crc32_h (not declared); CG-BIT-010.cp_op.crc32_w (not declared); CG-BIT-010.cp_op.crc32c_b (not declared); CG-BIT-010.cp_op.crc32c_h (not declared); CG-BIT-010.cp_op.crc32c_w (not declared); CG-BIT-010.cp_op_class.crc (not declared); CG-BIT-010.cp_wb_busy.no (not declared); CG-BIT-010.cr_class_delta_clean.crc_d2 (not declared); CG-BIT-010.cr_op_delta_clean.crc32_b_d2 (not declared); CG-BIT-010.cr_op_delta_clean.crc32_h_d2 (not declared); CG-BIT-010.cr_op_delta_clean.crc32_w_d2 (not declared); CG-BIT-010.cr_op_delta_clean.crc32c_b_d2 (not declared); CG-BIT-010.cr_op_delta_clean.crc32c_h_d2 (not declared); CG-BIT-010.cr_op_delta_clean.crc32c_w_d2 (not declared),0,no,,NOT-RUN-CLEAN (fcov expectation unverifiable: per-test urg report has no grpinfo.txt )
TP-BIT-033,gen_bit_draft,gen_test_bit_draft,targeted,3,FAIL,none,5,5,CG-BIT-007.cp_rs1_class.all_ones (not declared); CG-BIT-007.cp_rs1_class.high_only (not declared); CG-BIT-007.cp_rs1_class.low_only (not declared); CG-BIT-007.cp_rs1_class.single_bit (not declared); CG-BIT-007.cp_rs1_class.zero (not declared),0,no,,NOT-RUN-CLEAN (fcov expectation unverifiable: per-test urg report has no grpinfo.txt )
TP-BIT-038,gen_bit_ratified,gen_test_bit_ratified,targeted,3,FAIL,yes,196,196,CG-BIT-001.cp_op.andn; CG-BIT-001.cp_op.max; CG-BIT-001.cp_op.maxu; CG-BIT-001.cp_op.min; CG-BIT-001.cp_op.minu; CG-BIT-001.cp_op.orn; CG-BIT-001.cp_op.pack; CG-BIT-001.cp_op.packh; CG-BIT-001.cp_op.packu; CG-BIT-001.cp_op.sext_b; CG-BIT-001.cp_op.sext_h; CG-BIT-001.cp_op.sh1add; CG-BIT-001.cp_op.sh2add; CG-BIT-001.cp_op.sh3add; CG-BIT-001.cp_op.xnor; CG-BIT-001.cp_op.zext_h; CG-BIT-001.cp_rd_x0.no; CG-BIT-001.cp_rd_x0.yes; CG-BIT-001.cr_op_rd_x0.andn_no; CG-BIT-001.cr_op_rd_x0.andn_yes; CG-BIT-001.cr_op_rd_x0.max_no; CG-BIT-001.cr_op_rd_x0.max_yes; CG-BIT-001.cr_op_rd_x0.maxu_no; CG-BIT-001.cr_op_rd_x0.maxu_yes; CG-BIT-001.cr_op_rd_x0.min_no; CG-BIT-001.cr_op_rd_x0.min_yes; CG-BIT-001.cr_op_rd_x0.minu_no; CG-BIT-001.cr_op_rd_x0.minu_yes; CG-BIT-001.cr_op_rd_x0.orn_no; CG-BIT-001.cr_op_rd_x0.orn_yes; CG-BIT-001.cr_op_rd_x0.pack_no; CG-BIT-001.cr_op_rd_x0.pack_yes; CG-BIT-001.cr_op_rd_x0.packh_no; CG-BIT-001.cr_op_rd_x0.packh_yes; CG-BIT-001.cr_op_rd_x0.packu_no; CG-BIT-001.cr_op_rd_x0.packu_yes; CG-BIT-001.cr_op_rd_x0.sext_b_no; CG-BIT-001.cr_op_rd_x0.sext_b_yes; CG-BIT-001.cr_op_rd_x0.sext_h_no; CG-BIT-001.cr_op_rd_x0.sext_h_yes; CG-BIT-001.cr_op_rd_x0.sh1add_no; CG-BIT-001.cr_op_rd_x0.sh1add_yes; CG-BIT-001.cr_op_rd_x0.sh2add_no; CG-BIT-001.cr_op_rd_x0.sh2add_yes; CG-BIT-001.cr_op_rd_x0.sh3add_no; CG-BIT-001.cr_op_rd_x0.sh3add_yes; CG-BIT-001.cr_op_rd_x0.xnor_no; CG-BIT-001.cr_op_rd_x0.xnor_yes; CG-BIT-001.cr_op_rd_x0.zext_h_no; CG-BIT-001.cr_op_rd_x0.zext_h_yes; CG-BIT-002.cp_op.clz; CG-BIT-002.cp_op.cpop; CG-BIT-002.cp_op.ctz; CG-BIT-002.cp_rd_x0.no; CG-BIT-002.cp_rd_x0.yes; CG-BIT-002.cr_op_rd_x0.clz_no; CG-BIT-002.cr_op_rd_x0.clz_yes; CG-BIT-002.cr_op_rd_x0.cpop_no; CG-BIT-002.cr_op_rd_x0.cpop_yes; CG-BIT-002.cr_op_rd_x0.ctz_no; CG-BIT-002.cr_op_rd_x0.ctz_yes; CG-BIT-003.cp_op.rol; CG-BIT-003.cp_op.ror; CG-BIT-003.cp_op.rori; CG-BIT-003.cp_op.slo; CG-BIT-003.cp_op.sloi; CG-BIT-003.cp_op.sro; CG-BIT-003.cp_op.sroi; CG-BIT-003.cp_rd_x0.no; CG-BIT-003.cp_rd_x0.yes; CG-BIT-003.cr_op_rd_x0.rol_no; CG-BIT-003.cr_op_rd_x0.rol_yes; CG-BIT-003.cr_op_rd_x0.ror_no; CG-BIT-003.cr_op_rd_x0.ror_yes; CG-BIT-003.cr_op_rd_x0.rori_no; CG-BIT-003.cr_op_rd_x0.rori_yes; CG-BIT-003.cr_op_rd_x0.slo_no; CG-BIT-003.cr_op_rd_x0.slo_yes; CG-BIT-003.cr_op_rd_x0.sloi_no; CG-BIT-003.cr_op_rd_x0.sloi_yes; CG-BIT-003.cr_op_rd_x0.sro_no; CG-BIT-003.cr_op_rd_x0.sro_yes; CG-BIT-003.cr_op_rd_x0.sroi_no; CG-BIT-003.cr_op_rd_x0.sroi_yes; CG-BIT-004.cp_op.gorc; CG-BIT-004.cp_op.gorci; CG-BIT-004.cp_op.grev; CG-BIT-004.cp_op.grevi; CG-BIT-004.cp_op.shfl; CG-BIT-004.cp_op.shfli; CG-BIT-004.cp_op.unshfl; CG-BIT-004.cp_op.unshfli; CG-BIT-004.cp_rd_x0.no; CG-BIT-004.cp_rd_x0.yes; CG-BIT-004.cr_op_rd_x0.gorc_no; CG-BIT-004.cr_op_rd_x0.gorc_yes; CG-BIT-004.cr_op_rd_x0.gorci_no; CG-BIT-004.cr_op_rd_x0.gorci_yes; CG-BIT-004.cr_op_rd_x0.grev_no; CG-BIT-004.cr_op_rd_x0.grev_yes; CG-BIT-004.cr_op_rd_x0.grevi_no; CG-BIT-004.cr_op_rd_x0.grevi_yes; CG-BIT-004.cr_op_rd_x0.shfl_no; CG-BIT-004.cr_op_rd_x0.shfl_yes; CG-BIT-004.cr_op_rd_x0.shfli_no; CG-BIT-004.cr_op_rd_x0.shfli_yes; CG-BIT-004.cr_op_rd_x0.unshfl_no; CG-BIT-004.cr_op_rd_x0.unshfl_yes; CG-BIT-004.cr_op_rd_x0.unshfli_no; CG-BIT-004.cr_op_rd_x0.unshfli_yes; CG-BIT-005.cp_op.xperm_b; CG-BIT-005.cp_op.xperm_h; CG-BIT-005.cp_op.xperm_n; CG-BIT-005.cp_rd_x0.no; CG-BIT-005.cp_rd_x0.yes; CG-BIT-005.cr_op_rd_x0.xperm_b_no; CG-BIT-005.cr_op_rd_x0.xperm_b_yes; CG-BIT-005.cr_op_rd_x0.xperm_h_no; CG-BIT-005.cr_op_rd_x0.xperm_h_yes; CG-BIT-005.cr_op_rd_x0.xperm_n_no; CG-BIT-005.cr_op_rd_x0.xperm_n_yes; CG-BIT-006.cp_op.bclr; CG-BIT-006.cp_op.bclri; CG-BIT-006.cp_op.bext; CG-BIT-006.cp_op.bexti; CG-BIT-006.cp_op.binv; CG-BIT-006.cp_op.binvi; CG-BIT-006.cp_op.bset; CG-BIT-006.cp_op.bseti; CG-BIT-006.cp_rd_x0.no; CG-BIT-006.cp_rd_x0.yes; CG-BIT-006.cr_op_rd_x0.bclr_no; CG-BIT-006.cr_op_rd_x0.bclr_yes; CG-BIT-006.cr_op_rd_x0.bclri_no; CG-BIT-006.cr_op_rd_x0.bclri_yes; CG-BIT-006.cr_op_rd_x0.bext_no; CG-BIT-006.cr_op_rd_x0.bext_yes; CG-BIT-006.cr_op_rd_x0.bexti_no; CG-BIT-006.cr_op_rd_x0.bexti_yes; CG-BIT-006.cr_op_rd_x0.binv_no; CG-BIT-006.cr_op_rd_x0.binv_yes; CG-BIT-006.cr_op_rd_x0.binvi_no; CG-BIT-006.cr_op_rd_x0.binvi_yes; CG-BIT-006.cr_op_rd_x0.bset_no; CG-BIT-006.cr_op_rd_x0.bset_yes; CG-BIT-006.cr_op_rd_x0.bseti_no; CG-BIT-006.cr_op_rd_x0.bseti_yes; CG-BIT-007.cp_op.clmul; CG-BIT-007.cp_op.clmulh; CG-BIT-007.cp_op.clmulr; CG-BIT-007.cp_op.crc32_b; CG-BIT-007.cp_op.crc32_h; CG-BIT-007.cp_op.crc32_w; CG-BIT-007.cp_op.crc32c_b; CG-BIT-007.cp_op.crc32c_h; CG-BIT-007.cp_op.crc32c_w; CG-BIT-007.cp_rd_x0.no; CG-BIT-007.cp_rd_x0.yes; CG-BIT-007.cr_op_rd_x0.clmul_no; CG-BIT-007.cr_op_rd_x0.clmul_yes; CG-BIT-007.cr_op_rd_x0.clmulh_no; CG-BIT-007.cr_op_rd_x0.clmulh_yes; CG-BIT-007.cr_op_rd_x0.clmulr_no; CG-BIT-007.cr_op_rd_x0.clmulr_yes; CG-BIT-007.cr_op_rd_x0.crc32_b_no; CG-BIT-007.cr_op_rd_x0.crc32_b_yes; CG-BIT-007.cr_op_rd_x0.crc32_h_no; CG-BIT-007.cr_op_rd_x0.crc32_h_yes; CG-BIT-007.cr_op_rd_x0.crc32_w_no; CG-BIT-007.cr_op_rd_x0.crc32_w_yes; CG-BIT-007.cr_op_rd_x0.crc32c_b_no; CG-BIT-007.cr_op_rd_x0.crc32c_b_yes; CG-BIT-007.cr_op_rd_x0.crc32c_h_no; CG-BIT-007.cr_op_rd_x0.crc32c_h_yes; CG-BIT-007.cr_op_rd_x0.crc32c_w_no; CG-BIT-007.cr_op_rd_x0.crc32c_w_yes; CG-BIT-008.cp_op.cmix; CG-BIT-008.cp_op.cmov; CG-BIT-008.cp_op.fsl; CG-BIT-008.cp_op.fsr; CG-BIT-008.cp_op.fsri; CG-BIT-008.cp_rd_x0.no; CG-BIT-008.cp_rd_x0.yes; CG-BIT-008.cr_op_rd_x0.cmix_no; CG-BIT-008.cr_op_rd_x0.cmix_yes; CG-BIT-008.cr_op_rd_x0.cmov_no; CG-BIT-008.cr_op_rd_x0.cmov_yes; CG-BIT-008.cr_op_rd_x0.fsl_no; CG-BIT-008.cr_op_rd_x0.fsl_yes; CG-BIT-008.cr_op_rd_x0.fsr_no; CG-BIT-008.cr_op_rd_x0.fsr_yes; CG-BIT-008.cr_op_rd_x0.fsri_no; CG-BIT-008.cr_op_rd_x0.fsri_yes; CG-BIT-009.cp_rd_x0.yes; CG-ISA-005.cp_writer_class.bit_1cyc; CG-ISA-005.cp_writer_class.bit_2cyc,0,no,,NOT-RUN-CLEAN (fcov expectation unverifiable: per-test urg report has no grpinfo.txt )
TP-BIT-040,gen_bit_ratified,gen_test_bit_ratified,smoke,3,FAIL,yes,4,4,CG-BIT-011.cp_misa.b_clear; CG-BIT-011.cp_misa.c_set; CG-BIT-011.cp_misa.m_set; CG-BIT-011.cp_misa.x_set,0,no,,NOT-RUN-CLEAN (fcov expectation unverifiable: per-test urg report has no grpinfo.txt )
TP-CMP-001,gen_cmp_zca,gen_test_cmp_zca,smoke,3,FAIL,yes,137,137,CG-CMP-001.cp_insn.c_add; CG-CMP-001.cp_insn.c_addi; CG-CMP-001.cp_insn.c_addi16sp; CG-CMP-001.cp_insn.c_addi4spn; CG-CMP-001.cp_insn.c_and; CG-CMP-001.cp_insn.c_andi; CG-CMP-001.cp_insn.c_beqz; CG-CMP-001.cp_insn.c_bnez; CG-CMP-001.cp_insn.c_j; CG-CMP-001.cp_insn.c_jal; CG-CMP-001.cp_insn.c_jalr; CG-CMP-001.cp_insn.c_jr; CG-CMP-001.cp_insn.c_li; CG-CMP-001.cp_insn.c_lui; CG-CMP-001.cp_insn.c_lw; CG-CMP-001.cp_insn.c_lwsp; CG-CMP-001.cp_insn.c_mv; CG-CMP-001.cp_insn.c_nop; CG-CMP-001.cp_insn.c_or; CG-CMP-001.cp_insn.c_slli; CG-CMP-001.cp_insn.c_srai; CG-CMP-001.cp_insn.c_srli; CG-CMP-001.cp_insn.c_sub; CG-CMP-001.cp_insn.c_sw; CG-CMP-001.cp_insn.c_swsp; CG-CMP-001.cp_insn.c_xor; CG-CMP-001.cp_insn32_straddle.no; CG-CMP-001.cp_insn32_straddle.yes; CG-CMP-001.cp_next_len.n16; CG-CMP-001.cp_next_len.n32; CG-CMP-001.cp_pc_align.half; CG-CMP-001.cp_pc_align.word; CG-CMP-001.cp_pc_inc.two; CG-CMP-001.cr_insn_align.c_add_half; CG-CMP-001.cr_insn_align.c_add_word; CG-CMP-001.cr_insn_align.c_addi16sp_half; CG-CMP-001.cr_insn_align.c_addi16sp_word; CG-CMP-001.cr_insn_align.c_addi4spn_half; CG-CMP-001.cr_insn_align.c_addi4spn_word; CG-CMP-001.cr_insn_align.c_addi_half; CG-CMP-001.cr_insn_align.c_addi_word; CG-CMP-001.cr_insn_align.c_and_half; CG-CMP-001.cr_insn_align.c_and_word; CG-CMP-001.cr_insn_align.c_andi_half; CG-CMP-001.cr_insn_align.c_andi_word; CG-CMP-001.cr_insn_align.c_beqz_half; CG-CMP-001.cr_insn_align.c_beqz_word; CG-CMP-001.cr_insn_align.c_bnez_half; CG-CMP-001.cr_insn_align.c_bnez_word; CG-CMP-001.cr_insn_align.c_j_half; CG-CMP-001.cr_insn_align.c_j_word; CG-CMP-001.cr_insn_align.c_jal_half; CG-CMP-001.cr_insn_align.c_jal_word; CG-CMP-001.cr_insn_align.c_jalr_half; CG-CMP-001.cr_insn_align.c_jalr_word; CG-CMP-001.cr_insn_align.c_jr_half; CG-CMP-001.cr_insn_align.c_jr_word; CG-CMP-001.cr_insn_align.c_li_half; CG-CMP-001.cr_insn_align.c_li_word; CG-CMP-001.cr_insn_align.c_lui_half; CG-CMP-001.cr_insn_align.c_lui_word; CG-CMP-001.cr_insn_align.c_lw_half; CG-CMP-001.cr_insn_align.c_lw_word; CG-CMP-001.cr_insn_align.c_lwsp_half; CG-CMP-001.cr_insn_align.c_lwsp_word; CG-CMP-001.cr_insn_align.c_mv_half; CG-CMP-001.cr_insn_align.c_mv_word; CG-CMP-001.cr_insn_align.c_nop_half; CG-CMP-001.cr_insn_align.c_nop_word; CG-CMP-001.cr_insn_align.c_or_half; CG-CMP-001.cr_insn_align.c_or_word; CG-CMP-001.cr_insn_align.c_slli_half; CG-CMP-001.cr_insn_align.c_slli_word; CG-CMP-001.cr_insn_align.c_srai_half; CG-CMP-001.cr_insn_align.c_srai_word; CG-CMP-001.cr_insn_align.c_srli_half; CG-CMP-001.cr_insn_align.c_srli_word; CG-CMP-001.cr_insn_align.c_sub_half; CG-CMP-001.cr_insn_align.c_sub_word; CG-CMP-001.cr_insn_align.c_sw_half; CG-CMP-001.cr_insn_align.c_sw_word; CG-CMP-001.cr_insn_align.c_swsp_half; CG-CMP-001.cr_insn_align.c_swsp_word; CG-CMP-001.cr_insn_align.c_xor_half; CG-CMP-001.cr_insn_align.c_xor_word; CG-CMP-001.cr_insn_next.c_add_n16; CG-CMP-001.cr_insn_next.c_add_n32; CG-CMP-001.cr_insn_next.c_addi16sp_n16; CG-CMP-001.cr_insn_next.c_addi16sp_n32; CG-CMP-001.cr_insn_next.c_addi4spn_n16; CG-CMP-001.cr_insn_next.c_addi4spn_n32; CG-CMP-001.cr_insn_next.c_addi_n16; CG-CMP-001.cr_insn_next.c_addi_n32; CG-CMP-001.cr_insn_next.c_and_n16; CG-CMP-001.cr_insn_next.c_and_n32; CG-CMP-001.cr_insn_next.c_andi_n16; CG-CMP-001.cr_insn_next.c_andi_n32; CG-CMP-001.cr_insn_next.c_beqz_n16; CG-CMP-001.cr_insn_next.c_beqz_n32; CG-CMP-001.cr_insn_next.c_bnez_n16; CG-CMP-001.cr_insn_next.c_bnez_n32; CG-CMP-001.cr_insn_next.c_j_n16; CG-CMP-001.cr_insn_next.c_j_n32; CG-CMP-001.cr_insn_next.c_jal_n16; CG-CMP-001.cr_insn_next.c_jal_n32; CG-CMP-001.cr_insn_next.c_jalr_n16; CG-CMP-001.cr_insn_next.c_jalr_n32; CG-CMP-001.cr_insn_next.c_jr_n16; CG-CMP-001.cr_insn_next.c_jr_n32; CG-CMP-001.cr_insn_next.c_li_n16; CG-CMP-001.cr_insn_next.c_li_n32; CG-CMP-001.cr_insn_next.c_lui_n16; CG-CMP-001.cr_insn_next.c_lui_n32; CG-CMP-001.cr_insn_next.c_lw_n16; CG-CMP-001.cr_insn_next.c_lw_n32; CG-CMP-001.cr_insn_next.c_lwsp_n16; CG-CMP-001.cr_insn_next.c_lwsp_n32; CG-CMP-001.cr_insn_next.c_mv_n16; CG-CMP-001.cr_insn_next.c_mv_n32; CG-CMP-001.cr_insn_next.c_nop_n16; CG-CMP-001.cr_insn_next.c_nop_n32; CG-CMP-001.cr_insn_next.c_or_n16; CG-CMP-001.cr_insn_next.c_or_n32; CG-CMP-001.cr_insn_next.c_slli_n16; CG-CMP-001.cr_insn_next.c_slli_n32; CG-CMP-001.cr_insn_next.c_srai_n16; CG-CMP-001.cr_insn_next.c_srai_n32; CG-CMP-001.cr_insn_next.c_srli_n16; CG-CMP-001.cr_insn_next.c_srli_n32; CG-CMP-001.cr_insn_next.c_sub_n16; CG-CMP-001.cr_insn_next.c_sub_n32; CG-CMP-001.cr_insn_next.c_sw_n16; CG-CMP-001.cr_insn_next.c_sw_n32; CG-CMP-001.cr_insn_next.c_swsp_n16; CG-CMP-001.cr_insn_next.c_swsp_n32; CG-CMP-001.cr_insn_next.c_xor_n16; CG-CMP-001.cr_insn_next.c_xor_n32,0,no,,NOT-RUN-CLEAN (fcov expectation unverifiable: per-test urg report has no grpinfo.txt )
TP-CMP-002,gen_cmp_zca,gen_test_cmp_zca,smoke,3,FAIL,yes,12,12,CG-CMP-001.cp_insn.c_addi4spn; CG-CMP-001.cr_insn_reg3.c_addi4spn_r10; CG-CMP-001.cr_insn_reg3.c_addi4spn_r11; CG-CMP-001.cr_insn_reg3.c_addi4spn_r12; CG-CMP-001.cr_insn_reg3.c_addi4spn_r13; CG-CMP-001.cr_insn_reg3.c_addi4spn_r14; CG-CMP-001.cr_insn_reg3.c_addi4spn_r15; CG-CMP-001.cr_insn_reg3.c_addi4spn_r8; CG-CMP-001.cr_insn_reg3.c_addi4spn_r9; CG-CMP-002.cp_addi4spn_imm.max; CG-CMP-002.cp_addi4spn_imm.min; CG-CMP-002.cp_addi4spn_imm.rand,0,no,,NOT-RUN-CLEAN (fcov expectation unverifiable: per-test urg report has no grpinfo.txt )
TP-CMP-004,gen_cmp_zca,gen_test_cmp_zca,smoke,3,FAIL,yes,5,5,CG-CMP-001.cp_insn.c_lw; CG-CMP-001.cp_insn.c_sw; CG-CMP-002.cp_lw_sw_uimm.max; CG-CMP-002.cp_lw_sw_uimm.rand; CG-CMP-002.cp_lw_sw_uimm.zero,0,no,,NOT-RUN-CLEAN (fcov expectation unverifiable: per-test urg report has no grpinfo.txt )
TP-CMP-005,gen_cmp_zca,gen_test_cmp_zca,smoke,3,FAIL,yes,20,20,CG-CMP-001.cp_insn.c_lwsp; CG-CMP-001.cp_insn.c_swsp; CG-CMP-001.cp_rd_full.x1; CG-CMP-001.cp_rd_full.x16_31; CG-CMP-001.cp_rd_full.x2; CG-CMP-001.cp_rd_full.x3_7; CG-CMP-001.cp_rd_full.x8_15; CG-CMP-001.cr_insn_rdfull.c_lwsp_x1; CG-CMP-001.cr_insn_rdfull.c_lwsp_x16_31; CG-CMP-001.cr_insn_rdfull.c_lwsp_x2; CG-CMP-001.cr_insn_rdfull.c_lwsp_x3_7; CG-CMP-001.cr_insn_rdfull.c_lwsp_x8_15; CG-CMP-001.cr_insn_rdfull.c_swsp_x1; CG-CMP-001.cr_insn_rdfull.c_swsp_x16_31; CG-CMP-001.cr_insn_rdfull.c_swsp_x2; CG-CMP-001.cr_insn_rdfull.c_swsp_x3_7; CG-CMP-001.cr_insn_rdfull.c_swsp_x8_15; CG-CMP-002.cp_sp_uimm.max; CG-CMP-002.cp_sp_uimm.rand; CG-CMP-002.cp_sp_uimm.zero,0,no,,NOT-RUN-CLEAN (fcov expectation unverifiable: per-test urg report has no grpinfo.txt )
TP-CMP-008,gen_cmp_zca,gen_test_cmp_zca,smoke,3,FAIL,yes,13,13,CG-CMP-001.cp_insn.c_addi; CG-CMP-001.cp_insn.c_nop; CG-CMP-002.cp_ci_imm6.max; CG-CMP-002.cp_ci_imm6.min; CG-CMP-002.cp_ci_op.c_addi; CG-CMP-002.cp_ci_op.c_andi; CG-CMP-002.cp_ci_op.c_li; CG-CMP-002.cr_ci.c_addi_max; CG-CMP-002.cr_ci.c_addi_min; CG-CMP-002.cr_ci.c_andi_max; CG-CMP-002.cr_ci.c_andi_min; CG-CMP-002.cr_ci.c_li_max; CG-CMP-002.cr_ci.c_li_min,0,no,,NOT-RUN-CLEAN (fcov expectation unverifiable: per-test urg report has no grpinfo.txt )
TP-CMP-010,gen_cmp_zca,gen_test_cmp_zca,smoke,3,FAIL,yes,12,12,CG-CMP-001.cp_insn.c_j; CG-CMP-001.cp_insn.c_jal; CG-CMP-002.cp_cj_off.neg_rand; CG-CMP-002.cp_cj_off.pos_rand; CG-ISA-006.cp_op.c_j; CG-ISA-006.cp_op.c_jal; CG-ISA-006.cp_target_align.half; CG-ISA-006.cp_target_align.word; CG-ISA-006.cr_op_align.c_j_half; CG-ISA-006.cr_op_align.c_j_word; CG-ISA-006.cr_op_align.c_jal_half; CG-ISA-006.cr_op_align.c_jal_word,0,no,,NOT-RUN-CLEAN (fcov expectation unverifiable: per-test urg report has no grpinfo.txt )
TP-CMP-011,gen_cmp_zca,gen_test_cmp_zca,targeted,3,FAIL,yes,7,7,CG-CMP-002.cp_cj_off.max_bwd; CG-CMP-002.cp_cj_off.max_fwd; CG-CMP-002.cp_cj_off.self; CG-CMP-002.cp_link.pc2; CG-ISA-006.cp_link_len.pc2; CG-ISA-006.cp_op.c_jal; CG-ISA-006.cr_link.c_jal_pc2,0,no,,NOT-RUN-CLEAN (fcov expectation unverifiable: per-test urg report has no grpinfo.txt )
TP-CMP-012,gen_cmp_zca,gen_test_cmp_zca,smoke,3,FAIL,yes,6,6,CG-CMP-001.cp_insn.c_li; CG-CMP-002.cp_ci_imm6.zero; CG-CMP-002.cp_ci_op.c_andi; CG-CMP-002.cp_ci_op.c_li; CG-CMP-002.cr_ci.c_andi_zero; CG-CMP-002.cr_ci.c_li_zero,0,no,,NOT-RUN-CLEAN (fcov expectation unverifiable: per-test urg report has no grpinfo.txt )
TP-CMP-014,gen_cmp_zca,gen_test_cmp_zca,smoke,3,FAIL,yes,6,6,CG-CMP-001.cp_insn.c_lui; CG-CMP-002.cp_lui_imm.neg_max; CG-CMP-002.cp_lui_imm.neg_min; CG-CMP-002.cp_lui_imm.pos_max; CG-CMP-002.cp_lui_imm.pos_min; CG-CMP-002.cp_lui_imm.rand,0,no,,NOT-RUN-CLEAN (fcov expectation unverifiable: per-test urg report has no grpinfo.txt )
TP-CMP-016,gen_cmp_zca,gen_test_cmp_zca,smoke,3,FAIL,yes,12,12,CG-CMP-001.cp_insn.c_addi16sp; CG-CMP-002.cp_addi16sp_imm.max; CG-CMP-002.cp_addi16sp_imm.min; CG-CMP-002.cp_addi16sp_imm.minus16; CG-CMP-002.cp_addi16sp_imm.plus16; CG-CMP-002.cp_addi16sp_imm.rand; CG-CMP-002.cp_sp_wrap.no; CG-CMP-002.cr_sp_wrap.max_no; CG-CMP-002.cr_sp_wrap.min_no; CG-CMP-002.cr_sp_wrap.minus16_no; CG-CMP-002.cr_sp_wrap.plus16_no; CG-CMP-002.cr_sp_wrap.rand_no,0,no,,NOT-RUN-CLEAN (fcov expectation unverifiable: per-test urg report has no grpinfo.txt )
TP-CMP-017,gen_cmp_zca,gen_test_cmp_zca,targeted,3,FAIL,yes,12,12,CG-CMP-002.cp_addi16sp_imm.max; CG-CMP-002.cp_addi16sp_imm.min; CG-CMP-002.cp_addi16sp_imm.minus16; CG-CMP-002.cp_addi16sp_imm.plus16; CG-CMP-002.cp_addi16sp_imm.rand; CG-CMP-002.cp_sp_wrap.yes; CG-CMP-002.cr_sp_wrap.max_yes; CG-CMP-002.cr_sp_wrap.min_yes; CG-CMP-002.cr_sp_wrap.minus16_yes; CG-CMP-002.cr_sp_wrap.plus16_yes; CG-CMP-002.cr_sp_wrap.rand_yes; CG-CMP-004.cp_class.addi16sp_imm0,0,no,,NOT-RUN-CLEAN (fcov expectation unverifiable: per-test urg report has no grpinfo.txt )
TP-CMP-018,gen_cmp_zca,gen_test_cmp_zca,smoke,3,FAIL,yes,17,17,CG-CMP-001.cp_insn.c_srai; CG-CMP-001.cp_insn.c_srli; CG-CMP-002.cp_shamt.max; CG-CMP-002.cp_shamt.one; CG-CMP-002.cp_shamt.rand; CG-CMP-002.cp_shift_op.c_slli; CG-CMP-002.cp_shift_op.c_srai; CG-CMP-002.cp_shift_op.c_srli; CG-CMP-002.cr_shift.c_slli_max; CG-CMP-002.cr_shift.c_slli_one; CG-CMP-002.cr_shift.c_slli_rand; CG-CMP-002.cr_shift.c_srai_max; CG-CMP-002.cr_shift.c_srai_one; CG-CMP-002.cr_shift.c_srai_rand; CG-CMP-002.cr_shift.c_srli_max; CG-CMP-002.cr_shift.c_srli_one; CG-CMP-002.cr_shift.c_srli_rand,0,no,,NOT-RUN-CLEAN (fcov expectation unverifiable: per-test urg report has no grpinfo.txt )
TP-CMP-020,gen_cmp_zca,gen_test_cmp_zca,smoke,3,FAIL,yes,12,12,CG-CMP-001.cp_insn.c_andi; CG-CMP-002.cp_ci_imm6.minus1; CG-CMP-002.cp_ci_imm6.one; CG-CMP-002.cp_ci_op.c_addi; CG-CMP-002.cp_ci_op.c_andi; CG-CMP-002.cp_ci_op.c_li; CG-CMP-002.cr_ci.c_addi_minus1; CG-CMP-002.cr_ci.c_addi_one; CG-CMP-002.cr_ci.c_andi_minus1; CG-CMP-002.cr_ci.c_andi_one; CG-CMP-002.cr_ci.c_li_minus1; CG-CMP-002.cr_ci.c_li_one,0,no,,NOT-RUN-CLEAN (fcov expectation unverifiable: per-test urg report has no grpinfo.txt )
TP-CMP-021,gen_cmp_zca,gen_test_cmp_zca,smoke,3,FAIL,yes,36,36,CG-CMP-001.cp_insn.c_and; CG-CMP-001.cp_insn.c_or; CG-CMP-001.cp_insn.c_sub; CG-CMP-001.cp_insn.c_xor; CG-CMP-001.cr_insn_reg3.c_and_r10; CG-CMP-001.cr_insn_reg3.c_and_r11; CG-CMP-001.cr_insn_reg3.c_and_r12; CG-CMP-001.cr_insn_reg3.c_and_r13; CG-CMP-001.cr_insn_reg3.c_and_r14; CG-CMP-001.cr_insn_reg3.c_and_r15; CG-CMP-001.cr_insn_reg3.c_and_r8; CG-CMP-001.cr_insn_reg3.c_and_r9; CG-CMP-001.cr_insn_reg3.c_or_r10; CG-CMP-001.cr_insn_reg3.c_or_r11; CG-CMP-001.cr_insn_reg3.c_or_r12; CG-CMP-001.cr_insn_reg3.c_or_r13; CG-CMP-001.cr_insn_reg3.c_or_r14; CG-CMP-001.cr_insn_reg3.c_or_r15; CG-CMP-001.cr_insn_reg3.c_or_r8; CG-CMP-001.cr_insn_reg3.c_or_r9; CG-CMP-001.cr_insn_reg3.c_sub_r10; CG-CMP-001.cr_insn_reg3.c_sub_r11; CG-CMP-001.cr_insn_reg3.c_sub_r12; CG-CMP-001.cr_insn_reg3.c_sub_r13; CG-CMP-001.cr_insn_reg3.c_sub_r14; CG-CMP-001.cr_insn_reg3.c_sub_r15; CG-CMP-001.cr_insn_reg3.c_sub_r8; CG-CMP-001.cr_insn_reg3.c_sub_r9; CG-CMP-001.cr_insn_reg3.c_xor_r10; CG-CMP-001.cr_insn_reg3.c_xor_r11; CG-CMP-001.cr_insn_reg3.c_xor_r12; CG-CMP-001.cr_insn_reg3.c_xor_r13; CG-CMP-001.cr_insn_reg3.c_xor_r14; CG-CMP-001.cr_insn_reg3.c_xor_r15; CG-CMP-001.cr_insn_reg3.c_xor_r8; CG-CMP-001.cr_insn_reg3.c_xor_r9,0,no,,NOT-RUN-CLEAN (fcov expectation unverifiable: per-test urg report has no grpinfo.txt )
TP-CMP-023,gen_cmp_zca,gen_test_cmp_zca,smoke,3,FAIL,yes,30,30,CG-CMP-001.cp_insn.c_beqz; CG-CMP-001.cp_insn.c_bnez; CG-CMP-002.cp_cb_off.max_bwd; CG-CMP-002.cp_cb_off.max_fwd; CG-CMP-002.cp_cb_off.neg_rand; CG-CMP-002.cp_cb_off.pos_rand; CG-CMP-002.cp_cb_off.self; CG-ISA-007.cp_offset.neg_rand; CG-ISA-007.cp_offset.pos_rand; CG-ISA-007.cp_op.c_beqz; CG-ISA-007.cp_op.c_bnez; CG-ISA-007.cp_taken.no; CG-ISA-007.cp_taken.yes; CG-ISA-007.cp_target_align.half; CG-ISA-007.cp_target_align.word; CG-ISA-007.cp_wrap.no; CG-ISA-007.cr_op_align.c_beqz_half; CG-ISA-007.cr_op_align.c_beqz_word; CG-ISA-007.cr_op_align.c_bnez_half; CG-ISA-007.cr_op_align.c_bnez_word; CG-ISA-007.cr_op_offset_taken.c_beqz_neg_rand_no; CG-ISA-007.cr_op_offset_taken.c_beqz_neg_rand_yes; CG-ISA-007.cr_op_offset_taken.c_beqz_pos_rand_no; CG-ISA-007.cr_op_offset_taken.c_beqz_pos_rand_yes; CG-ISA-007.cr_op_offset_taken.c_bnez_neg_rand_no; CG-ISA-007.cr_op_offset_taken.c_bnez_neg_rand_yes; CG-ISA-007.cr_op_offset_taken.c_bnez_pos_rand_no; CG-ISA-007.cr_op_offset_taken.c_bnez_pos_rand_yes; CG-ISA-007.cr_wrap.c_beqz_no; CG-ISA-007.cr_wrap.c_bnez_no,0,no,,NOT-RUN-CLEAN (fcov expectation unverifiable: per-test urg report has no grpinfo.txt )
TP-CMP-024,gen_cmp_zca,gen_test_cmp_zca,smoke,3,FAIL,yes,26,26,CG-CMP-001.cp_insn.c_slli; CG-CMP-001.cp_rd_full.x1; CG-CMP-001.cp_rd_full.x16_31; CG-CMP-001.cp_rd_full.x2; CG-CMP-001.cp_rd_full.x3_7; CG-CMP-001.cp_rd_full.x8_15; CG-CMP-001.cr_insn_rdfull.c_slli_x1; CG-CMP-001.cr_insn_rdfull.c_slli_x16_31; CG-CMP-001.cr_insn_rdfull.c_slli_x2; CG-CMP-001.cr_insn_rdfull.c_slli_x3_7; CG-CMP-001.cr_insn_rdfull.c_slli_x8_15; CG-CMP-002.cp_shamt.max; CG-CMP-002.cp_shamt.one; CG-CMP-002.cp_shamt.rand; CG-CMP-002.cp_shift_op.c_slli; CG-CMP-002.cp_shift_op.c_srai; CG-CMP-002.cp_shift_op.c_srli; CG-CMP-002.cr_shift.c_slli_max; CG-CMP-002.cr_shift.c_slli_one; CG-CMP-002.cr_shift.c_slli_rand; CG-CMP-002.cr_shift.c_srai_max; CG-CMP-002.cr_shift.c_srai_one; CG-CMP-002.cr_shift.c_srai_rand; CG-CMP-002.cr_shift.c_srli_max; CG-CMP-002.cr_shift.c_srli_one; CG-CMP-002.cr_shift.c_srli_rand,0,no,,NOT-RUN-CLEAN (fcov expectation unverifiable: per-test urg report has no grpinfo.txt )
TP-CMP-026,gen_cmp_zca,gen_test_cmp_zca,smoke,3,FAIL,yes,11,11,CG-CMP-001.cp_insn.c_mv; CG-CMP-001.cp_rd_full.x1; CG-CMP-001.cp_rd_full.x16_31; CG-CMP-001.cp_rd_full.x2; CG-CMP-001.cp_rd_full.x3_7; CG-CMP-001.cp_rd_full.x8_15; CG-CMP-001.cr_insn_rdfull.c_mv_x1; CG-CMP-001.cr_insn_rdfull.c_mv_x16_31; CG-CMP-001.cr_insn_rdfull.c_mv_x2; CG-CMP-001.cr_insn_rdfull.c_mv_x3_7; CG-CMP-001.cr_insn_rdfull.c_mv_x8_15,0,no,,NOT-RUN-CLEAN (fcov expectation unverifiable: per-test urg report has no grpinfo.txt )
TP-CMP-028,gen_cmp_zca,gen_test_cmp_zca,smoke,3,FAIL,yes,6,6,CG-CMP-001.cp_insn.c_jr; CG-ISA-006.cp_op.c_jr; CG-ISA-006.cp_target_align.half; CG-ISA-006.cp_target_align.word; CG-ISA-006.cr_op_align.c_jr_half; CG-ISA-006.cr_op_align.c_jr_word,0,no,,NOT-RUN-CLEAN (fcov expectation unverifiable: per-test urg report has no grpinfo.txt )
TP-CMP-030,gen_cmp_zca,gen_test_cmp_zca,smoke,3,FAIL,yes,11,11,CG-CMP-001.cp_insn.c_add; CG-CMP-001.cp_rd_full.x1; CG-CMP-001.cp_rd_full.x16_31; CG-CMP-001.cp_rd_full.x2; CG-CMP-001.cp_rd_full.x3_7; CG-CMP-001.cp_rd_full.x8_15; CG-CMP-001.cr_insn_rdfull.c_add_x1; CG-CMP-001.cr_insn_rdfull.c_add_x16_31; CG-CMP-001.cr_insn_rdfull.c_add_x2; CG-CMP-001.cr_insn_rdfull.c_add_x3_7; CG-CMP-001.cr_insn_rdfull.c_add_x8_15,0,no,,NOT-RUN-CLEAN (fcov expectation unverifiable: per-test urg report has no grpinfo.txt )
TP-CMP-032,gen_cmp_zca,gen_test_cmp_zca,smoke,3,FAIL,yes,5,5,CG-CMP-001.cp_insn.c_jalr; CG-CMP-002.cp_link.pc2; CG-ISA-006.cp_link_len.pc2; CG-ISA-006.cp_op.c_jalr; CG-ISA-006.cr_link.c_jalr_pc2,0,no,,NOT-RUN-CLEAN (fcov expectation unverifiable: per-test urg report has no grpinfo.txt )
TP-CMP-033,gen_cmp_zca,gen_test_cmp_zca,targeted,3,FAIL,yes,12,12,CG-ISA-009.cp_debug_mode.no; CG-ISA-009.cp_ebreakm.clr; CG-ISA-009.cp_ebreakm.set; CG-ISA-009.cp_ebreaku.set; CG-ISA-009.cp_op.c_ebreak; CG-ISA-009.cp_outcome.debug_entry; CG-ISA-009.cp_outcome.exception; CG-ISA-009.cp_priv.m; CG-ISA-009.cp_priv.u; CG-ISA-009.cr_ebreak.c_m_dbg; CG-ISA-009.cr_ebreak.c_m_exc; CG-ISA-009.cr_ebreak.c_u_dbg,0,no,,NOT-RUN-CLEAN (fcov expectation unverifiable: per-test urg report has no grpinfo.txt )
TP-CMP-034,gen_cmp_zcb,gen_test_cmp_zcb,smoke,3,FAIL,yes,45,45,CG-CMP-005.cp_addr_align.aligned; CG-CMP-005.cp_addr_align.mis1; CG-CMP-005.cp_addr_align.mis3; CG-CMP-005.cp_data_sign.neg; CG-CMP-005.cp_data_sign.pos; CG-CMP-005.cp_insn.c_lbu; CG-CMP-005.cp_insn.c_lh; CG-CMP-005.cp_insn.c_lhu; CG-CMP-005.cp_insn.c_sb; CG-CMP-005.cp_insn.c_sh; CG-CMP-005.cp_uimm_b.u0; CG-CMP-005.cp_uimm_b.u1; CG-CMP-005.cp_uimm_b.u2; CG-CMP-005.cp_uimm_b.u3; CG-CMP-005.cp_uimm_h.u0; CG-CMP-005.cp_uimm_h.u2; CG-CMP-005.cr_half_misaligned.c_lh_aligned; CG-CMP-005.cr_half_misaligned.c_lh_mis1; CG-CMP-005.cr_half_misaligned.c_lh_mis3; CG-CMP-005.cr_half_misaligned.c_lhu_aligned; CG-CMP-005.cr_half_misaligned.c_lhu_mis1; CG-CMP-005.cr_half_misaligned.c_lhu_mis3; CG-CMP-005.cr_half_misaligned.c_sh_aligned; CG-CMP-005.cr_half_misaligned.c_sh_mis1; CG-CMP-005.cr_half_misaligned.c_sh_mis3; CG-CMP-005.cr_load_sign.c_lbu_neg; CG-CMP-005.cr_load_sign.c_lbu_pos; CG-CMP-005.cr_load_sign.c_lh_neg; CG-CMP-005.cr_load_sign.c_lh_pos; CG-CMP-005.cr_load_sign.c_lhu_neg; CG-CMP-005.cr_load_sign.c_lhu_pos; CG-CMP-005.cr_ls_b.c_lbu_u0; CG-CMP-005.cr_ls_b.c_lbu_u1; CG-CMP-005.cr_ls_b.c_lbu_u2; CG-CMP-005.cr_ls_b.c_lbu_u3; CG-CMP-005.cr_ls_b.c_sb_u0; CG-CMP-005.cr_ls_b.c_sb_u1; CG-CMP-005.cr_ls_b.c_sb_u2; CG-CMP-005.cr_ls_b.c_sb_u3; CG-CMP-005.cr_ls_h.c_lh_u0; CG-CMP-005.cr_ls_h.c_lh_u2; CG-CMP-005.cr_ls_h.c_lhu_u0; CG-CMP-005.cr_ls_h.c_lhu_u2; CG-CMP-005.cr_ls_h.c_sh_u0; CG-CMP-005.cr_ls_h.c_sh_u2,0,no,,NOT-RUN-CLEAN (fcov expectation unverifiable: per-test urg report has no grpinfo.txt )
TP-CMP-036,gen_cmp_zcb,gen_test_cmp_zcb,smoke,3,FAIL,yes,41,41,CG-CMP-005.cp_alu_operand.all_ones; CG-CMP-005.cp_alu_operand.bit15_set; CG-CMP-005.cp_alu_operand.bit7_clear; CG-CMP-005.cp_alu_operand.bit7_set; CG-CMP-005.cp_alu_operand.rand; CG-CMP-005.cp_alu_operand.zero; CG-CMP-005.cp_insn.c_not; CG-CMP-005.cp_insn.c_sext_b; CG-CMP-005.cp_insn.c_sext_h; CG-CMP-005.cp_insn.c_zext_b; CG-CMP-005.cp_insn.c_zext_h; CG-CMP-005.cr_alu_operand.c_not_all_ones; CG-CMP-005.cr_alu_operand.c_not_bit15_set; CG-CMP-005.cr_alu_operand.c_not_bit7_clear; CG-CMP-005.cr_alu_operand.c_not_bit7_set; CG-CMP-005.cr_alu_operand.c_not_rand; CG-CMP-005.cr_alu_operand.c_not_zero; CG-CMP-005.cr_alu_operand.c_sext_b_all_ones; CG-CMP-005.cr_alu_operand.c_sext_b_bit15_set; CG-CMP-005.cr_alu_operand.c_sext_b_bit7_clear; CG-CMP-005.cr_alu_operand.c_sext_b_bit7_set; CG-CMP-005.cr_alu_operand.c_sext_b_rand; CG-CMP-005.cr_alu_operand.c_sext_b_zero; CG-CMP-005.cr_alu_operand.c_sext_h_all_ones; CG-CMP-005.cr_alu_operand.c_sext_h_bit15_set; CG-CMP-005.cr_alu_operand.c_sext_h_bit7_clear; CG-CMP-005.cr_alu_operand.c_sext_h_bit7_set; CG-CMP-005.cr_alu_operand.c_sext_h_rand; CG-CMP-005.cr_alu_operand.c_sext_h_zero; CG-CMP-005.cr_alu_operand.c_zext_b_all_ones; CG-CMP-005.cr_alu_operand.c_zext_b_bit15_set; CG-CMP-005.cr_alu_operand.c_zext_b_bit7_clear; CG-CMP-005.cr_alu_operand.c_zext_b_bit7_set; CG-CMP-005.cr_alu_operand.c_zext_b_rand; CG-CMP-005.cr_alu_operand.c_zext_b_zero; CG-CMP-005.cr_alu_operand.c_zext_h_all_ones; CG-CMP-005.cr_alu_operand.c_zext_h_bit15_set; CG-CMP-005.cr_alu_operand.c_zext_h_bit7_clear; CG-CMP-005.cr_alu_operand.c_zext_h_bit7_set; CG-CMP-005.cr_alu_operand.c_zext_h_rand; CG-CMP-005.cr_alu_operand.c_zext_h_zero,0,no,,NOT-RUN-CLEAN (fcov expectation unverifiable: per-test urg report has no grpinfo.txt )
TP-CMP-038,gen_cmp_zcb,gen_test_cmp_zcb,smoke,3,FAIL,yes,24,24,CG-CMP-005.cp_insn.c_mul; CG-MUL-001.cp_op.c_mul; CG-MUL-001.cp_rs1_class.all_ones; CG-MUL-001.cp_rs1_class.int_max; CG-MUL-001.cp_rs1_class.int_min; CG-MUL-001.cp_rs1_class.neg_rand; CG-MUL-001.cp_rs1_class.one; CG-MUL-001.cp_rs1_class.p16; CG-MUL-001.cp_rs1_class.pos_rand; CG-MUL-001.cp_rs1_class.two; CG-MUL-001.cp_rs1_class.zero; CG-MUL-001.cp_same_regs.all_same; CG-MUL-001.cp_same_regs.rs_eq_rd; CG-MUL-001.cr_op_rs1.c_mul_all_ones; CG-MUL-001.cr_op_rs1.c_mul_int_max; CG-MUL-001.cr_op_rs1.c_mul_int_min; CG-MUL-001.cr_op_rs1.c_mul_neg_rand; CG-MUL-001.cr_op_rs1.c_mul_one; CG-MUL-001.cr_op_rs1.c_mul_p16; CG-MUL-001.cr_op_rs1.c_mul_pos_rand; CG-MUL-001.cr_op_rs1.c_mul_two; CG-MUL-001.cr_op_rs1.c_mul_zero; CG-MUL-001.cr_op_same.c_mul_all_same; CG-MUL-001.cr_op_same.c_mul_rs_eq_rd,0,no,,NOT-RUN-CLEAN (fcov expectation unverifiable: per-test urg report has no grpinfo.txt )
TP-CMP-039,gen_cmp_zcmp_basic,gen_test_cmp_zcmp_basic,smoke,3,FAIL,yes,72,72,CG-CMP-006.cp_insn.cm_push; CG-CMP-006.cp_order_ok.yes; CG-CMP-006.cp_rlist.r10; CG-CMP-006.cp_rlist.r11; CG-CMP-006.cp_rlist.r12; CG-CMP-006.cp_rlist.r13; CG-CMP-006.cp_rlist.r14; CG-CMP-006.cp_rlist.r15; CG-CMP-006.cp_rlist.r4; CG-CMP-006.cp_rlist.r5; CG-CMP-006.cp_rlist.r6; CG-CMP-006.cp_rlist.r7; CG-CMP-006.cp_rlist.r8; CG-CMP-006.cp_rlist.r9; CG-CMP-006.cp_rvfi_tags_ok.yes; CG-CMP-006.cp_spimm.s0; CG-CMP-006.cp_spimm.s1; CG-CMP-006.cp_spimm.s2; CG-CMP-006.cp_spimm.s3; CG-CMP-006.cp_uop_count_ok.yes; CG-CMP-006.cr_insn_delay.cm_push_long; CG-CMP-006.cr_insn_delay.cm_push_min1; CG-CMP-006.cr_insn_delay.cm_push_mixed; CG-CMP-006.cr_insn_delay.cm_push_short; CG-CMP-006.cr_insn_rlist_spimm.cm_push_r10_s0; CG-CMP-006.cr_insn_rlist_spimm.cm_push_r10_s1; CG-CMP-006.cr_insn_rlist_spimm.cm_push_r10_s2; CG-CMP-006.cr_insn_rlist_spimm.cm_push_r10_s3; CG-CMP-006.cr_insn_rlist_spimm.cm_push_r11_s0; CG-CMP-006.cr_insn_rlist_spimm.cm_push_r11_s1; CG-CMP-006.cr_insn_rlist_spimm.cm_push_r11_s2; CG-CMP-006.cr_insn_rlist_spimm.cm_push_r11_s3; CG-CMP-006.cr_insn_rlist_spimm.cm_push_r12_s0; CG-CMP-006.cr_insn_rlist_spimm.cm_push_r12_s1; CG-CMP-006.cr_insn_rlist_spimm.cm_push_r12_s2; CG-CMP-006.cr_insn_rlist_spimm.cm_push_r12_s3; CG-CMP-006.cr_insn_rlist_spimm.cm_push_r13_s0; CG-CMP-006.cr_insn_rlist_spimm.cm_push_r13_s1; CG-CMP-006.cr_insn_rlist_spimm.cm_push_r13_s2; CG-CMP-006.cr_insn_rlist_spimm.cm_push_r13_s3; CG-CMP-006.cr_insn_rlist_spimm.cm_push_r14_s0; CG-CMP-006.cr_insn_rlist_spimm.cm_push_r14_s1; CG-CMP-006.cr_insn_rlist_spimm.cm_push_r14_s2; CG-CMP-006.cr_insn_rlist_spimm.cm_push_r14_s3; CG-CMP-006.cr_insn_rlist_spimm.cm_push_r15_s0; CG-CMP-006.cr_insn_rlist_spimm.cm_push_r15_s1; CG-CMP-006.cr_insn_rlist_spimm.cm_push_r15_s2; CG-CMP-006.cr_insn_rlist_spimm.cm_push_r15_s3; CG-CMP-006.cr_insn_rlist_spimm.cm_push_r4_s0; CG-CMP-006.cr_insn_rlist_spimm.cm_push_r4_s1; CG-CMP-006.cr_insn_rlist_spimm.cm_push_r4_s2; CG-CMP-006.cr_insn_rlist_spimm.cm_push_r4_s3; CG-CMP-006.cr_insn_rlist_spimm.cm_push_r5_s0; CG-CMP-006.cr_insn_rlist_spimm.cm_push_r5_s1; CG-CMP-006.cr_insn_rlist_spimm.cm_push_r5_s2; CG-CMP-006.cr_insn_rlist_spimm.cm_push_r5_s3; CG-CMP-006.cr_insn_rlist_spimm.cm_push_r6_s0; CG-CMP-006.cr_insn_rlist_spimm.cm_push_r6_s1; CG-CMP-006.cr_insn_rlist_spimm.cm_push_r6_s2; CG-CMP-006.cr_insn_rlist_spimm.cm_push_r6_s3; CG-CMP-006.cr_insn_rlist_spimm.cm_push_r7_s0; CG-CMP-006.cr_insn_rlist_spimm.cm_push_r7_s1; CG-CMP-006.cr_insn_rlist_spimm.cm_push_r7_s2; CG-CMP-006.cr_insn_rlist_spimm.cm_push_r7_s3; CG-CMP-006.cr_insn_rlist_spimm.cm_push_r8_s0; CG-CMP-006.cr_insn_rlist_spimm.cm_push_r8_s1; CG-CMP-006.cr_insn_rlist_spimm.cm_push_r8_s2; CG-CMP-006.cr_insn_rlist_spimm.cm_push_r8_s3; CG-CMP-006.cr_insn_rlist_spimm.cm_push_r9_s0; CG-CMP-006.cr_insn_rlist_spimm.cm_push_r9_s1; CG-CMP-006.cr_insn_rlist_spimm.cm_push_r9_s2; CG-CMP-006.cr_insn_rlist_spimm.cm_push_r9_s3,0,no,,NOT-RUN-CLEAN (fcov expectation unverifiable: per-test urg report has no grpinfo.txt )
TP-CMP-040,gen_cmp_zcmp_basic,gen_test_cmp_zcmp_basic,targeted,3,FAIL,yes,5,5,CG-CMP-006.cp_rlist.r4; CG-CMP-006.cp_stack_adj.a16; CG-CMP-006.cp_stack_adj.a32; CG-CMP-006.cp_stack_adj.a48; CG-CMP-006.cp_stack_adj.a64,0,no,,NOT-RUN-CLEAN (fcov expectation unverifiable: per-test urg report has no grpinfo.txt )
TP-CMP-041,gen_cmp_zcmp_basic,gen_test_cmp_zcmp_basic,targeted,3,FAIL,yes,5,5,CG-CMP-006.cp_rlist.r15; CG-CMP-006.cp_stack_adj.a112; CG-CMP-006.cp_stack_adj.a64; CG-CMP-006.cp_stack_adj.a80; CG-CMP-006.cp_stack_adj.a96,0,no,,NOT-RUN-CLEAN (fcov expectation unverifiable: per-test urg report has no grpinfo.txt )
TP-CMP-042,gen_cmp_zcmp_basic,gen_test_cmp_zcmp_basic,targeted,3,FAIL,yes,10,10,CG-CMP-006.cp_rlist.r10; CG-CMP-006.cp_rlist.r11; CG-CMP-006.cp_rlist.r12; CG-CMP-006.cp_rlist.r13; CG-CMP-006.cp_rlist.r14; CG-CMP-006.cp_rlist.r5; CG-CMP-006.cp_rlist.r6; CG-CMP-006.cp_rlist.r7; CG-CMP-006.cp_rlist.r8; CG-CMP-006.cp_rlist.r9,0,no,,NOT-RUN-CLEAN (fcov expectation unverifiable: per-test urg report has no grpinfo.txt )
TP-CMP-043,gen_cmp_zcmp_basic,gen_test_cmp_zcmp_basic,targeted,3,FAIL,yes,11,11,CG-CMP-006.cp_spimm.s0; CG-CMP-006.cp_spimm.s1; CG-CMP-006.cp_spimm.s2; CG-CMP-006.cp_spimm.s3; CG-CMP-006.cp_stack_adj.a112; CG-CMP-006.cp_stack_adj.a16; CG-CMP-006.cp_stack_adj.a32; CG-CMP-006.cp_stack_adj.a48; CG-CMP-006.cp_stack_adj.a64; CG-CMP-006.cp_stack_adj.a80; CG-CMP-006.cp_stack_adj.a96,0,no,,NOT-RUN-CLEAN (fcov expectation unverifiable: per-test urg report has no grpinfo.txt )
TP-CMP-045,gen_cmp_zcmp_basic,gen_test_cmp_zcmp_basic,smoke,3,FAIL,yes,67,67,CG-CMP-006.cp_insn.cm_pop; CG-CMP-006.cp_order_ok.yes; CG-CMP-006.cp_rlist.r10; CG-CMP-006.cp_rlist.r11; CG-CMP-006.cp_rlist.r12; CG-CMP-006.cp_rlist.r13; CG-CMP-006.cp_rlist.r14; CG-CMP-006.cp_rlist.r15; CG-CMP-006.cp_rlist.r4; CG-CMP-006.cp_rlist.r5; CG-CMP-006.cp_rlist.r6; CG-CMP-006.cp_rlist.r7; CG-CMP-006.cp_rlist.r8; CG-CMP-006.cp_rlist.r9; CG-CMP-006.cp_spimm.s0; CG-CMP-006.cp_spimm.s1; CG-CMP-006.cp_spimm.s2; CG-CMP-006.cp_spimm.s3; CG-CMP-006.cp_uop_count_ok.yes; CG-CMP-006.cr_insn_rlist_spimm.cm_pop_r10_s0; CG-CMP-006.cr_insn_rlist_spimm.cm_pop_r10_s1; CG-CMP-006.cr_insn_rlist_spimm.cm_pop_r10_s2; CG-CMP-006.cr_insn_rlist_spimm.cm_pop_r10_s3; CG-CMP-006.cr_insn_rlist_spimm.cm_pop_r11_s0; CG-CMP-006.cr_insn_rlist_spimm.cm_pop_r11_s1; CG-CMP-006.cr_insn_rlist_spimm.cm_pop_r11_s2; CG-CMP-006.cr_insn_rlist_spimm.cm_pop_r11_s3; CG-CMP-006.cr_insn_rlist_spimm.cm_pop_r12_s0; CG-CMP-006.cr_insn_rlist_spimm.cm_pop_r12_s1; CG-CMP-006.cr_insn_rlist_spimm.cm_pop_r12_s2; CG-CMP-006.cr_insn_rlist_spimm.cm_pop_r12_s3; CG-CMP-006.cr_insn_rlist_spimm.cm_pop_r13_s0; CG-CMP-006.cr_insn_rlist_spimm.cm_pop_r13_s1; CG-CMP-006.cr_insn_rlist_spimm.cm_pop_r13_s2; CG-CMP-006.cr_insn_rlist_spimm.cm_pop_r13_s3; CG-CMP-006.cr_insn_rlist_spimm.cm_pop_r14_s0; CG-CMP-006.cr_insn_rlist_spimm.cm_pop_r14_s1; CG-CMP-006.cr_insn_rlist_spimm.cm_pop_r14_s2; CG-CMP-006.cr_insn_rlist_spimm.cm_pop_r14_s3; CG-CMP-006.cr_insn_rlist_spimm.cm_pop_r15_s0; CG-CMP-006.cr_insn_rlist_spimm.cm_pop_r15_s1; CG-CMP-006.cr_insn_rlist_spimm.cm_pop_r15_s2; CG-CMP-006.cr_insn_rlist_spimm.cm_pop_r15_s3; CG-CMP-006.cr_insn_rlist_spimm.cm_pop_r4_s0; CG-CMP-006.cr_insn_rlist_spimm.cm_pop_r4_s1; CG-CMP-006.cr_insn_rlist_spimm.cm_pop_r4_s2; CG-CMP-006.cr_insn_rlist_spimm.cm_pop_r4_s3; CG-CMP-006.cr_insn_rlist_spimm.cm_pop_r5_s0; CG-CMP-006.cr_insn_rlist_spimm.cm_pop_r5_s1; CG-CMP-006.cr_insn_rlist_spimm.cm_pop_r5_s2; CG-CMP-006.cr_insn_rlist_spimm.cm_pop_r5_s3; CG-CMP-006.cr_insn_rlist_spimm.cm_pop_r6_s0; CG-CMP-006.cr_insn_rlist_spimm.cm_pop_r6_s1; CG-CMP-006.cr_insn_rlist_spimm.cm_pop_r6_s2; CG-CMP-006.cr_insn_rlist_spimm.cm_pop_r6_s3; CG-CMP-006.cr_insn_rlist_spimm.cm_pop_r7_s0; CG-CMP-006.cr_insn_rlist_spimm.cm_pop_r7_s1; CG-CMP-006.cr_insn_rlist_spimm.cm_pop_r7_s2; CG-CMP-006.cr_insn_rlist_spimm.cm_pop_r7_s3; CG-CMP-006.cr_insn_rlist_spimm.cm_pop_r8_s0; CG-CMP-006.cr_insn_rlist_spimm.cm_pop_r8_s1; CG-CMP-006.cr_insn_rlist_spimm.cm_pop_r8_s2; CG-CMP-006.cr_insn_rlist_spimm.cm_pop_r8_s3; CG-CMP-006.cr_insn_rlist_spimm.cm_pop_r9_s0; CG-CMP-006.cr_insn_rlist_spimm.cm_pop_r9_s1; CG-CMP-006.cr_insn_rlist_spimm.cm_pop_r9_s2; CG-CMP-006.cr_insn_rlist_spimm.cm_pop_r9_s3,0,no,,NOT-RUN-CLEAN (fcov expectation unverifiable: per-test urg report has no grpinfo.txt )
TP-CMP-046,gen_cmp_zcmp_basic,gen_test_cmp_zcmp_basic,targeted,3,FAIL,yes,5,5,CG-CMP-006.cp_order_ok.yes; CG-CMP-006.cp_rlist.r15; CG-CMP-006.cp_rlist.r8; CG-CMP-006.cp_spimm.s1; CG-CMP-006.cp_spimm.s3,0,no,,NOT-RUN-CLEAN (fcov expectation unverifiable: per-test urg report has no grpinfo.txt )
TP-CMP-047,gen_cmp_zcmp_basic,gen_test_cmp_zcmp_basic,smoke,3,FAIL,yes,71,71,CG-CMP-006.cp_insn.cm_popret; CG-CMP-006.cp_ret_align.half; CG-CMP-006.cp_ret_align.odd; CG-CMP-006.cp_ret_align.word; CG-CMP-006.cp_rlist.r10; CG-CMP-006.cp_rlist.r11; CG-CMP-006.cp_rlist.r12; CG-CMP-006.cp_rlist.r13; CG-CMP-006.cp_rlist.r14; CG-CMP-006.cp_rlist.r15; CG-CMP-006.cp_rlist.r4; CG-CMP-006.cp_rlist.r5; CG-CMP-006.cp_rlist.r6; CG-CMP-006.cp_rlist.r7; CG-CMP-006.cp_rlist.r8; CG-CMP-006.cp_rlist.r9; CG-CMP-006.cp_spimm.s0; CG-CMP-006.cp_spimm.s1; CG-CMP-006.cp_spimm.s2; CG-CMP-006.cp_spimm.s3; CG-CMP-006.cr_insn_rlist_spimm.cm_popret_r10_s0; CG-CMP-006.cr_insn_rlist_spimm.cm_popret_r10_s1; CG-CMP-006.cr_insn_rlist_spimm.cm_popret_r10_s2; CG-CMP-006.cr_insn_rlist_spimm.cm_popret_r10_s3; CG-CMP-006.cr_insn_rlist_spimm.cm_popret_r11_s0; CG-CMP-006.cr_insn_rlist_spimm.cm_popret_r11_s1; CG-CMP-006.cr_insn_rlist_spimm.cm_popret_r11_s2; CG-CMP-006.cr_insn_rlist_spimm.cm_popret_r11_s3; CG-CMP-006.cr_insn_rlist_spimm.cm_popret_r12_s0; CG-CMP-006.cr_insn_rlist_spimm.cm_popret_r12_s1; CG-CMP-006.cr_insn_rlist_spimm.cm_popret_r12_s2; CG-CMP-006.cr_insn_rlist_spimm.cm_popret_r12_s3; CG-CMP-006.cr_insn_rlist_spimm.cm_popret_r13_s0; CG-CMP-006.cr_insn_rlist_spimm.cm_popret_r13_s1; CG-CMP-006.cr_insn_rlist_spimm.cm_popret_r13_s2; CG-CMP-006.cr_insn_rlist_spimm.cm_popret_r13_s3; CG-CMP-006.cr_insn_rlist_spimm.cm_popret_r14_s0; CG-CMP-006.cr_insn_rlist_spimm.cm_popret_r14_s1; CG-CMP-006.cr_insn_rlist_spimm.cm_popret_r14_s2; CG-CMP-006.cr_insn_rlist_spimm.cm_popret_r14_s3; CG-CMP-006.cr_insn_rlist_spimm.cm_popret_r15_s0; CG-CMP-006.cr_insn_rlist_spimm.cm_popret_r15_s1; CG-CMP-006.cr_insn_rlist_spimm.cm_popret_r15_s2; CG-CMP-006.cr_insn_rlist_spimm.cm_popret_r15_s3; CG-CMP-006.cr_insn_rlist_spimm.cm_popret_r4_s0; CG-CMP-006.cr_insn_rlist_spimm.cm_popret_r4_s1; CG-CMP-006.cr_insn_rlist_spimm.cm_popret_r4_s2; CG-CMP-006.cr_insn_rlist_spimm.cm_popret_r4_s3; CG-CMP-006.cr_insn_rlist_spimm.cm_popret_r5_s0; CG-CMP-006.cr_insn_rlist_spimm.cm_popret_r5_s1; CG-CMP-006.cr_insn_rlist_spimm.cm_popret_r5_s2; CG-CMP-006.cr_insn_rlist_spimm.cm_popret_r5_s3; CG-CMP-006.cr_insn_rlist_spimm.cm_popret_r6_s0; CG-CMP-006.cr_insn_rlist_spimm.cm_popret_r6_s1; CG-CMP-006.cr_insn_rlist_spimm.cm_popret_r6_s2; CG-CMP-006.cr_insn_rlist_spimm.cm_popret_r6_s3; CG-CMP-006.cr_insn_rlist_spimm.cm_popret_r7_s0; CG-CMP-006.cr_insn_rlist_spimm.cm_popret_r7_s1; CG-CMP-006.cr_insn_rlist_spimm.cm_popret_r7_s2; CG-CMP-006.cr_insn_rlist_spimm.cm_popret_r7_s3; CG-CMP-006.cr_insn_rlist_spimm.cm_popret_r8_s0; CG-CMP-006.cr_insn_rlist_spimm.cm_popret_r8_s1; CG-CMP-006.cr_insn_rlist_spimm.cm_popret_r8_s2; CG-CMP-006.cr_insn_rlist_spimm.cm_popret_r8_s3; CG-CMP-006.cr_insn_rlist_spimm.cm_popret_r9_s0; CG-CMP-006.cr_insn_rlist_spimm.cm_popret_r9_s1; CG-CMP-006.cr_insn_rlist_spimm.cm_popret_r9_s2; CG-CMP-006.cr_insn_rlist_spimm.cm_popret_r9_s3; CG-CMP-006.cr_ret_align.cm_popret_half; CG-CMP-006.cr_ret_align.cm_popret_odd; CG-CMP-006.cr_ret_align.cm_popret_word,0,no,,NOT-RUN-CLEAN (fcov expectation unverifiable: per-test urg report has no grpinfo.txt )
TP-CMP-048,gen_cmp_zcmp_basic,gen_test_cmp_zcmp_basic,smoke,3,FAIL,yes,71,71,CG-CMP-006.cp_insn.cm_popretz; CG-CMP-006.cp_ret_align.half; CG-CMP-006.cp_ret_align.odd; CG-CMP-006.cp_ret_align.word; CG-CMP-006.cp_rlist.r10; CG-CMP-006.cp_rlist.r11; CG-CMP-006.cp_rlist.r12; CG-CMP-006.cp_rlist.r13; CG-CMP-006.cp_rlist.r14; CG-CMP-006.cp_rlist.r15; CG-CMP-006.cp_rlist.r4; CG-CMP-006.cp_rlist.r5; CG-CMP-006.cp_rlist.r6; CG-CMP-006.cp_rlist.r7; CG-CMP-006.cp_rlist.r8; CG-CMP-006.cp_rlist.r9; CG-CMP-006.cp_spimm.s0; CG-CMP-006.cp_spimm.s1; CG-CMP-006.cp_spimm.s2; CG-CMP-006.cp_spimm.s3; CG-CMP-006.cr_insn_rlist_spimm.cm_popretz_r10_s0; CG-CMP-006.cr_insn_rlist_spimm.cm_popretz_r10_s1; CG-CMP-006.cr_insn_rlist_spimm.cm_popretz_r10_s2; CG-CMP-006.cr_insn_rlist_spimm.cm_popretz_r10_s3; CG-CMP-006.cr_insn_rlist_spimm.cm_popretz_r11_s0; CG-CMP-006.cr_insn_rlist_spimm.cm_popretz_r11_s1; CG-CMP-006.cr_insn_rlist_spimm.cm_popretz_r11_s2; CG-CMP-006.cr_insn_rlist_spimm.cm_popretz_r11_s3; CG-CMP-006.cr_insn_rlist_spimm.cm_popretz_r12_s0; CG-CMP-006.cr_insn_rlist_spimm.cm_popretz_r12_s1; CG-CMP-006.cr_insn_rlist_spimm.cm_popretz_r12_s2; CG-CMP-006.cr_insn_rlist_spimm.cm_popretz_r12_s3; CG-CMP-006.cr_insn_rlist_spimm.cm_popretz_r13_s0; CG-CMP-006.cr_insn_rlist_spimm.cm_popretz_r13_s1; CG-CMP-006.cr_insn_rlist_spimm.cm_popretz_r13_s2; CG-CMP-006.cr_insn_rlist_spimm.cm_popretz_r13_s3; CG-CMP-006.cr_insn_rlist_spimm.cm_popretz_r14_s0; CG-CMP-006.cr_insn_rlist_spimm.cm_popretz_r14_s1; CG-CMP-006.cr_insn_rlist_spimm.cm_popretz_r14_s2; CG-CMP-006.cr_insn_rlist_spimm.cm_popretz_r14_s3; CG-CMP-006.cr_insn_rlist_spimm.cm_popretz_r15_s0; CG-CMP-006.cr_insn_rlist_spimm.cm_popretz_r15_s1; CG-CMP-006.cr_insn_rlist_spimm.cm_popretz_r15_s2; CG-CMP-006.cr_insn_rlist_spimm.cm_popretz_r15_s3; CG-CMP-006.cr_insn_rlist_spimm.cm_popretz_r4_s0; CG-CMP-006.cr_insn_rlist_spimm.cm_popretz_r4_s1; CG-CMP-006.cr_insn_rlist_spimm.cm_popretz_r4_s2; CG-CMP-006.cr_insn_rlist_spimm.cm_popretz_r4_s3; CG-CMP-006.cr_insn_rlist_spimm.cm_popretz_r5_s0; CG-CMP-006.cr_insn_rlist_spimm.cm_popretz_r5_s1; CG-CMP-006.cr_insn_rlist_spimm.cm_popretz_r5_s2; CG-CMP-006.cr_insn_rlist_spimm.cm_popretz_r5_s3; CG-CMP-006.cr_insn_rlist_spimm.cm_popretz_r6_s0; CG-CMP-006.cr_insn_rlist_spimm.cm_popretz_r6_s1; CG-CMP-006.cr_insn_rlist_spimm.cm_popretz_r6_s2; CG-CMP-006.cr_insn_rlist_spimm.cm_popretz_r6_s3; CG-CMP-006.cr_insn_rlist_spimm.cm_popretz_r7_s0; CG-CMP-006.cr_insn_rlist_spimm.cm_popretz_r7_s1; CG-CMP-006.cr_insn_rlist_spimm.cm_popretz_r7_s2; CG-CMP-006.cr_insn_rlist_spimm.cm_popretz_r7_s3; CG-CMP-006.cr_insn_rlist_spimm.cm_popretz_r8_s0; CG-CMP-006.cr_insn_rlist_spimm.cm_popretz_r8_s1; CG-CMP-006.cr_insn_rlist_spimm.cm_popretz_r8_s2; CG-CMP-006.cr_insn_rlist_spimm.cm_popretz_r8_s3; CG-CMP-006.cr_insn_rlist_spimm.cm_popretz_r9_s0; CG-CMP-006.cr_insn_rlist_spimm.cm_popretz_r9_s1; CG-CMP-006.cr_insn_rlist_spimm.cm_popretz_r9_s2; CG-CMP-006.cr_insn_rlist_spimm.cm_popretz_r9_s3; CG-CMP-006.cr_ret_align.cm_popretz_half; CG-CMP-006.cr_ret_align.cm_popretz_odd; CG-CMP-006.cr_ret_align.cm_popretz_word,0,no,,NOT-RUN-CLEAN (fcov expectation unverifiable: per-test urg report has no grpinfo.txt )
TP-CMP-049,gen_cmp_zcmp_basic,gen_test_cmp_zcmp_basic,targeted,3,FAIL,yes,8,8,CG-CMP-006.cp_insn.cm_popret; CG-CMP-006.cp_insn.cm_popretz; CG-CMP-006.cp_rlist.r4; CG-CMP-006.cr_popret_r4.popret_r4; CG-CMP-006.cr_popret_r4.popretz_r4; CG-CMP-009.cp_hazard.popret_ra_deferred; CG-CMP-009.cr_hazard_delay.popret_ra_deferred_long; CG-CMP-009.cr_hazard_delay.popret_ra_deferred_short,0,no,,NOT-RUN-CLEAN (fcov expectation unverifiable: per-test urg report has no grpinfo.txt )
TP-CMP-050,gen_cmp_zcmp_basic,gen_test_cmp_zcmp_basic,smoke,3,FAIL,yes,76,76,CG-CMP-007.cp_b2b.none; CG-CMP-007.cp_insn.cm_mvsa01; CG-CMP-007.cp_r1s.s0; CG-CMP-007.cp_r1s.s1; CG-CMP-007.cp_r1s.s2; CG-CMP-007.cp_r1s.s3; CG-CMP-007.cp_r1s.s4; CG-CMP-007.cp_r1s.s5; CG-CMP-007.cp_r1s.s6; CG-CMP-007.cp_r1s.s7; CG-CMP-007.cp_r2s.s0; CG-CMP-007.cp_r2s.s1; CG-CMP-007.cp_r2s.s2; CG-CMP-007.cp_r2s.s3; CG-CMP-007.cp_r2s.s4; CG-CMP-007.cp_r2s.s5; CG-CMP-007.cp_r2s.s6; CG-CMP-007.cp_r2s.s7; CG-CMP-007.cp_src_values.distinct; CG-CMP-007.cp_uop_count_ok.yes; CG-CMP-007.cr_insn_r1_r2.cm_mvsa01_s0_s1; CG-CMP-007.cr_insn_r1_r2.cm_mvsa01_s0_s2; CG-CMP-007.cr_insn_r1_r2.cm_mvsa01_s0_s3; CG-CMP-007.cr_insn_r1_r2.cm_mvsa01_s0_s4; CG-CMP-007.cr_insn_r1_r2.cm_mvsa01_s0_s5; CG-CMP-007.cr_insn_r1_r2.cm_mvsa01_s0_s6; CG-CMP-007.cr_insn_r1_r2.cm_mvsa01_s0_s7; CG-CMP-007.cr_insn_r1_r2.cm_mvsa01_s1_s0; CG-CMP-007.cr_insn_r1_r2.cm_mvsa01_s1_s2; CG-CMP-007.cr_insn_r1_r2.cm_mvsa01_s1_s3; CG-CMP-007.cr_insn_r1_r2.cm_mvsa01_s1_s4; CG-CMP-007.cr_insn_r1_r2.cm_mvsa01_s1_s5; CG-CMP-007.cr_insn_r1_r2.cm_mvsa01_s1_s6; CG-CMP-007.cr_insn_r1_r2.cm_mvsa01_s1_s7; CG-CMP-007.cr_insn_r1_r2.cm_mvsa01_s2_s0; CG-CMP-007.cr_insn_r1_r2.cm_mvsa01_s2_s1; CG-CMP-007.cr_insn_r1_r2.cm_mvsa01_s2_s3; CG-CMP-007.cr_insn_r1_r2.cm_mvsa01_s2_s4; CG-CMP-007.cr_insn_r1_r2.cm_mvsa01_s2_s5; CG-CMP-007.cr_insn_r1_r2.cm_mvsa01_s2_s6; CG-CMP-007.cr_insn_r1_r2.cm_mvsa01_s2_s7; CG-CMP-007.cr_insn_r1_r2.cm_mvsa01_s3_s0; CG-CMP-007.cr_insn_r1_r2.cm_mvsa01_s3_s1; CG-CMP-007.cr_insn_r1_r2.cm_mvsa01_s3_s2; CG-CMP-007.cr_insn_r1_r2.cm_mvsa01_s3_s4; CG-CMP-007.cr_insn_r1_r2.cm_mvsa01_s3_s5; CG-CMP-007.cr_insn_r1_r2.cm_mvsa01_s3_s6; CG-CMP-007.cr_insn_r1_r2.cm_mvsa01_s3_s7; CG-CMP-007.cr_insn_r1_r2.cm_mvsa01_s4_s0; CG-CMP-007.cr_insn_r1_r2.cm_mvsa01_s4_s1; CG-CMP-007.cr_insn_r1_r2.cm_mvsa01_s4_s2; CG-CMP-007.cr_insn_r1_r2.cm_mvsa01_s4_s3; CG-CMP-007.cr_insn_r1_r2.cm_mvsa01_s4_s5; CG-CMP-007.cr_insn_r1_r2.cm_mvsa01_s4_s6; CG-CMP-007.cr_insn_r1_r2.cm_mvsa01_s4_s7; CG-CMP-007.cr_insn_r1_r2.cm_mvsa01_s5_s0; CG-CMP-007.cr_insn_r1_r2.cm_mvsa01_s5_s1; CG-CMP-007.cr_insn_r1_r2.cm_mvsa01_s5_s2; CG-CMP-007.cr_insn_r1_r2.cm_mvsa01_s5_s3; CG-CMP-007.cr_insn_r1_r2.cm_mvsa01_s5_s4; CG-CMP-007.cr_insn_r1_r2.cm_mvsa01_s5_s6; CG-CMP-007.cr_insn_r1_r2.cm_mvsa01_s5_s7; CG-CMP-007.cr_insn_r1_r2.cm_mvsa01_s6_s0; CG-CMP-007.cr_insn_r1_r2.cm_mvsa01_s6_s1; CG-CMP-007.cr_insn_r1_r2.cm_mvsa01_s6_s2; CG-CMP-007.cr_insn_r1_r2.cm_mvsa01_s6_s3; CG-CMP-007.cr_insn_r1_r2.cm_mvsa01_s6_s4; CG-CMP-007.cr_insn_r1_r2.cm_mvsa01_s6_s5; CG-CMP-007.cr_insn_r1_r2.cm_mvsa01_s6_s7; CG-CMP-007.cr_insn_r1_r2.cm_mvsa01_s7_s0; CG-CMP-007.cr_insn_r1_r2.cm_mvsa01_s7_s1; CG-CMP-007.cr_insn_r1_r2.cm_mvsa01_s7_s2; CG-CMP-007.cr_insn_r1_r2.cm_mvsa01_s7_s3; CG-CMP-007.cr_insn_r1_r2.cm_mvsa01_s7_s4; CG-CMP-007.cr_insn_r1_r2.cm_mvsa01_s7_s5; CG-CMP-007.cr_insn_r1_r2.cm_mvsa01_s7_s6,0,no,,NOT-RUN-CLEAN (fcov expectation unverifiable: per-test urg report has no grpinfo.txt )
TP-CMP-052,gen_cmp_zcmp_basic,gen_test_cmp_zcmp_basic,smoke,3,FAIL,yes,81,81,CG-CMP-007.cp_insn.cm_mva01s; CG-CMP-007.cp_r1s.s0; CG-CMP-007.cp_r1s.s1; CG-CMP-007.cp_r1s.s2; CG-CMP-007.cp_r1s.s3; CG-CMP-007.cp_r1s.s4; CG-CMP-007.cp_r1s.s5; CG-CMP-007.cp_r1s.s6; CG-CMP-007.cp_r1s.s7; CG-CMP-007.cp_r2s.s0; CG-CMP-007.cp_r2s.s1; CG-CMP-007.cp_r2s.s2; CG-CMP-007.cp_r2s.s3; CG-CMP-007.cp_r2s.s4; CG-CMP-007.cp_r2s.s5; CG-CMP-007.cp_r2s.s6; CG-CMP-007.cp_r2s.s7; CG-CMP-007.cr_insn_r1_r2.cm_mva01s_s0_s0; CG-CMP-007.cr_insn_r1_r2.cm_mva01s_s0_s1; CG-CMP-007.cr_insn_r1_r2.cm_mva01s_s0_s2; CG-CMP-007.cr_insn_r1_r2.cm_mva01s_s0_s3; CG-CMP-007.cr_insn_r1_r2.cm_mva01s_s0_s4; CG-CMP-007.cr_insn_r1_r2.cm_mva01s_s0_s5; CG-CMP-007.cr_insn_r1_r2.cm_mva01s_s0_s6; CG-CMP-007.cr_insn_r1_r2.cm_mva01s_s0_s7; CG-CMP-007.cr_insn_r1_r2.cm_mva01s_s1_s0; CG-CMP-007.cr_insn_r1_r2.cm_mva01s_s1_s1; CG-CMP-007.cr_insn_r1_r2.cm_mva01s_s1_s2; CG-CMP-007.cr_insn_r1_r2.cm_mva01s_s1_s3; CG-CMP-007.cr_insn_r1_r2.cm_mva01s_s1_s4; CG-CMP-007.cr_insn_r1_r2.cm_mva01s_s1_s5; CG-CMP-007.cr_insn_r1_r2.cm_mva01s_s1_s6; CG-CMP-007.cr_insn_r1_r2.cm_mva01s_s1_s7; CG-CMP-007.cr_insn_r1_r2.cm_mva01s_s2_s0; CG-CMP-007.cr_insn_r1_r2.cm_mva01s_s2_s1; CG-CMP-007.cr_insn_r1_r2.cm_mva01s_s2_s2; CG-CMP-007.cr_insn_r1_r2.cm_mva01s_s2_s3; CG-CMP-007.cr_insn_r1_r2.cm_mva01s_s2_s4; CG-CMP-007.cr_insn_r1_r2.cm_mva01s_s2_s5; CG-CMP-007.cr_insn_r1_r2.cm_mva01s_s2_s6; CG-CMP-007.cr_insn_r1_r2.cm_mva01s_s2_s7; CG-CMP-007.cr_insn_r1_r2.cm_mva01s_s3_s0; CG-CMP-007.cr_insn_r1_r2.cm_mva01s_s3_s1; CG-CMP-007.cr_insn_r1_r2.cm_mva01s_s3_s2; CG-CMP-007.cr_insn_r1_r2.cm_mva01s_s3_s3; CG-CMP-007.cr_insn_r1_r2.cm_mva01s_s3_s4; CG-CMP-007.cr_insn_r1_r2.cm_mva01s_s3_s5; CG-CMP-007.cr_insn_r1_r2.cm_mva01s_s3_s6; CG-CMP-007.cr_insn_r1_r2.cm_mva01s_s3_s7; CG-CMP-007.cr_insn_r1_r2.cm_mva01s_s4_s0; CG-CMP-007.cr_insn_r1_r2.cm_mva01s_s4_s1; CG-CMP-007.cr_insn_r1_r2.cm_mva01s_s4_s2; CG-CMP-007.cr_insn_r1_r2.cm_mva01s_s4_s3; CG-CMP-007.cr_insn_r1_r2.cm_mva01s_s4_s4; CG-CMP-007.cr_insn_r1_r2.cm_mva01s_s4_s5; CG-CMP-007.cr_insn_r1_r2.cm_mva01s_s4_s6; CG-CMP-007.cr_insn_r1_r2.cm_mva01s_s4_s7; CG-CMP-007.cr_insn_r1_r2.cm_mva01s_s5_s0; CG-CMP-007.cr_insn_r1_r2.cm_mva01s_s5_s1; CG-CMP-007.cr_insn_r1_r2.cm_mva01s_s5_s2; CG-CMP-007.cr_insn_r1_r2.cm_mva01s_s5_s3; CG-CMP-007.cr_insn_r1_r2.cm_mva01s_s5_s4; CG-CMP-007.cr_insn_r1_r2.cm_mva01s_s5_s5; CG-CMP-007.cr_insn_r1_r2.cm_mva01s_s5_s6; CG-CMP-007.cr_insn_r1_r2.cm_mva01s_s5_s7; CG-CMP-007.cr_insn_r1_r2.cm_mva01s_s6_s0; CG-CMP-007.cr_insn_r1_r2.cm_mva01s_s6_s1; CG-CMP-007.cr_insn_r1_r2.cm_mva01s_s6_s2; CG-CMP-007.cr_insn_r1_r2.cm_mva01s_s6_s3; CG-CMP-007.cr_insn_r1_r2.cm_mva01s_s6_s4; CG-CMP-007.cr_insn_r1_r2.cm_mva01s_s6_s5; CG-CMP-007.cr_insn_r1_r2.cm_mva01s_s6_s6; CG-CMP-007.cr_insn_r1_r2.cm_mva01s_s6_s7; CG-CMP-007.cr_insn_r1_r2.cm_mva01s_s7_s0; CG-CMP-007.cr_insn_r1_r2.cm_mva01s_s7_s1; CG-CMP-007.cr_insn_r1_r2.cm_mva01s_s7_s2; CG-CMP-007.cr_insn_r1_r2.cm_mva01s_s7_s3; CG-CMP-007.cr_insn_r1_r2.cm_mva01s_s7_s4; CG-CMP-007.cr_insn_r1_r2.cm_mva01s_s7_s5; CG-CMP-007.cr_insn_r1_r2.cm_mva01s_s7_s6; CG-CMP-007.cr_insn_r1_r2.cm_mva01s_s7_s7,0,no,,NOT-RUN-CLEAN (fcov expectation unverifiable: per-test urg report has no grpinfo.txt )
TP-CMP-053,gen_cmp_zcmp_basic,gen_test_cmp_zcmp_basic,targeted,3,FAIL,yes,9,9,CG-CMP-007.cp_equal.no; CG-CMP-007.cp_equal.yes; CG-CMP-007.cp_insn.cm_mva01s; CG-CMP-007.cp_insn.cm_mvsa01; CG-CMP-007.cp_src_values.same; CG-CMP-007.cr_insn_equal.cm_mva01s_no; CG-CMP-007.cr_insn_equal.cm_mva01s_yes; CG-CMP-007.cr_insn_equal.cm_mvsa01_no; CG-CMP-007.cr_insn_equal.cm_mvsa01_yes,0,no,,NOT-RUN-CLEAN (fcov expectation unverifiable: per-test urg report has no grpinfo.txt )
TP-CMP-055,gen_cmp_zcmp_basic,gen_test_cmp_zcmp_basic,targeted,3,FAIL,yes,3,3,CG-CMP-006.cp_minstret_once.yes; CG-CMP-006.cp_rvfi_tags_ok.yes; CG-CMP-007.cp_uop_count_ok.yes,0,no,,NOT-RUN-CLEAN (fcov expectation unverifiable: per-test urg report has no grpinfo.txt )
TP-CMP-066,gen_cmp_zcmp_basic,gen_test_cmp_zcmp_basic,targeted,3,FAIL,yes,36,36,CG-CMP-006.cp_insn.cm_pop; CG-CMP-006.cp_insn.cm_popret; CG-CMP-006.cp_insn.cm_popretz; CG-CMP-006.cp_insn.cm_push; CG-CMP-006.cp_uop_count_ok.yes; CG-CMP-006.cr_insn_delay.cm_pop_long; CG-CMP-006.cr_insn_delay.cm_pop_min1; CG-CMP-006.cr_insn_delay.cm_pop_mixed; CG-CMP-006.cr_insn_delay.cm_pop_short; CG-CMP-006.cr_insn_delay.cm_popret_long; CG-CMP-006.cr_insn_delay.cm_popret_min1; CG-CMP-006.cr_insn_delay.cm_popret_mixed; CG-CMP-006.cr_insn_delay.cm_popret_short; CG-CMP-006.cr_insn_delay.cm_popretz_long; CG-CMP-006.cr_insn_delay.cm_popretz_min1; CG-CMP-006.cr_insn_delay.cm_popretz_mixed; CG-CMP-006.cr_insn_delay.cm_popretz_short; CG-CMP-006.cr_insn_delay.cm_push_long; CG-CMP-006.cr_insn_delay.cm_push_min1; CG-CMP-006.cr_insn_delay.cm_push_mixed; CG-CMP-006.cr_insn_delay.cm_push_short; CG-CMP-007.cp_b2b.mva01s_then_mvsa01; CG-CMP-007.cp_b2b.mvsa01_then_mva01s; CG-CMP-007.cp_insn.cm_mva01s; CG-CMP-007.cp_insn.cm_mvsa01; CG-CMP-007.cr_insn_b2b.cm_mva01s_mva01s_then_mvsa01; CG-CMP-007.cr_insn_b2b.cm_mva01s_mvsa01_then_mva01s; CG-CMP-007.cr_insn_b2b.cm_mvsa01_mva01s_then_mvsa01; CG-CMP-007.cr_insn_b2b.cm_mvsa01_mvsa01_then_mva01s; CG-CMP-009.cp_delta_uop.all_one; CG-CMP-009.cp_delta_uop.some_stall; CG-CMP-009.cp_hazard.mvsa01_then_mva01s; CG-CMP-009.cp_hazard.pop_then_push_b2b; CG-CMP-009.cp_hazard.popret_then_target; CG-CMP-009.cp_hazard.popretz_then_target; CG-CMP-009.cp_hazard.push_then_pop_b2b,0,no,,NOT-RUN-CLEAN (fcov expectation unverifiable: per-test urg report has no grpinfo.txt )
TP-CMP-068,gen_cmp_zcmp_basic,gen_test_cmp_zcmp_basic,targeted,3,FAIL,none,10,10,CG-CMP-006.cp_insn.cm_pop; CG-CMP-006.cp_insn.cm_popret; CG-CMP-006.cp_insn.cm_popretz; CG-CMP-006.cp_insn.cm_push; CG-CMP-006.cp_sp_wrap.pop_above_max (not declared); CG-CMP-006.cp_sp_wrap.push_below_zero (not declared); CG-CMP-006.cr_insn_wrap.pop_above_max (not declared); CG-CMP-006.cr_insn_wrap.popret_above_max (not declared); CG-CMP-006.cr_insn_wrap.popretz_above_max (not declared); CG-CMP-006.cr_insn_wrap.push_below_zero (not declared),0,no,,NOT-RUN-CLEAN (fcov expectation unverifiable: per-test urg report has no grpinfo.txt )
TP-CMP-069,gen_cmp_zcmp_basic,gen_test_cmp_zcmp_basic,targeted,3,FAIL,yes,39,39,CG-CMP-007.cp_hazard_src.alu_prev; CG-CMP-007.cp_hazard_src.load_prev; CG-CMP-007.cp_hazard_src.none; CG-CMP-007.cp_insn.cm_mva01s; CG-CMP-007.cp_insn.cm_mvsa01; CG-CMP-007.cr_insn_hazard.cm_mva01s_alu_prev; CG-CMP-007.cr_insn_hazard.cm_mva01s_load_prev; CG-CMP-007.cr_insn_hazard.cm_mva01s_none; CG-CMP-007.cr_insn_hazard.cm_mvsa01_alu_prev; CG-CMP-007.cr_insn_hazard.cm_mvsa01_load_prev; CG-CMP-007.cr_insn_hazard.cm_mvsa01_none; CG-CMP-009.cp_hazard.load_pushed_reg_then_push; CG-CMP-009.cp_hazard.load_then_mva01s; CG-CMP-009.cp_hazard.store_same_slot_then_pop; CG-CMP-009.cp_hazard.write_pushed_reg_then_push; CG-CMP-009.cp_rlist_class.r15; CG-CMP-009.cp_rlist_class.r4; CG-CMP-009.cp_rlist_class.r5_14; CG-CMP-009.cr_hazard_delay.load_pushed_reg_then_push_long; CG-CMP-009.cr_hazard_delay.load_pushed_reg_then_push_min1; CG-CMP-009.cr_hazard_delay.load_pushed_reg_then_push_short; CG-CMP-009.cr_hazard_delay.load_then_mva01s_long; CG-CMP-009.cr_hazard_delay.load_then_mva01s_min1; CG-CMP-009.cr_hazard_delay.load_then_mva01s_short; CG-CMP-009.cr_hazard_delay.store_same_slot_then_pop_long; CG-CMP-009.cr_hazard_delay.store_same_slot_then_pop_min1; CG-CMP-009.cr_hazard_delay.store_same_slot_then_pop_short; CG-CMP-009.cr_hazard_delay.write_pushed_reg_then_push_long; CG-CMP-009.cr_hazard_delay.write_pushed_reg_then_push_min1; CG-CMP-009.cr_hazard_delay.write_pushed_reg_then_push_short; CG-CMP-009.cr_hazard_rlist.load_pushed_reg_then_push_r15; CG-CMP-009.cr_hazard_rlist.load_pushed_reg_then_push_r4; CG-CMP-009.cr_hazard_rlist.load_pushed_reg_then_push_r5_14; CG-CMP-009.cr_hazard_rlist.store_same_slot_then_pop_r15; CG-CMP-009.cr_hazard_rlist.store_same_slot_then_pop_r4; CG-CMP-009.cr_hazard_rlist.store_same_slot_then_pop_r5_14; CG-CMP-009.cr_hazard_rlist.write_pushed_reg_then_push_r15; CG-CMP-009.cr_hazard_rlist.write_pushed_reg_then_push_r4; CG-CMP-009.cr_hazard_rlist.write_pushed_reg_then_push_r5_14,0,no,,NOT-RUN-CLEAN (fcov expectation unverifiable: per-test urg report has no grpinfo.txt )
TP-CMP-073,gen_cmp_zcmp_basic,gen_test_cmp_zcmp_basic,targeted,3,FAIL,yes,22,22,CG-CMP-009.cp_ft_kind.cm_mva01s; CG-CMP-009.cp_ft_kind.cm_mvsa01; CG-CMP-009.cp_ft_kind.cm_pop; CG-CMP-009.cp_ft_kind.cm_popret; CG-CMP-009.cp_ft_kind.cm_popretz; CG-CMP-009.cp_ft_kind.cm_push; CG-CMP-009.cp_hazard.popret_ft_cm; CG-CMP-009.cp_hazard.popretz_ft_cm; CG-CMP-009.cp_redirect_once.yes; CG-CMP-009.cp_ret_once.yes; CG-CMP-009.cr_ft_kind.popret_ft_cm_cm_mva01s; CG-CMP-009.cr_ft_kind.popret_ft_cm_cm_mvsa01; CG-CMP-009.cr_ft_kind.popret_ft_cm_cm_pop; CG-CMP-009.cr_ft_kind.popret_ft_cm_cm_popret; CG-CMP-009.cr_ft_kind.popret_ft_cm_cm_popretz; CG-CMP-009.cr_ft_kind.popret_ft_cm_cm_push; CG-CMP-009.cr_ft_kind.popretz_ft_cm_cm_mva01s; CG-CMP-009.cr_ft_kind.popretz_ft_cm_cm_mvsa01; CG-CMP-009.cr_ft_kind.popretz_ft_cm_cm_pop; CG-CMP-009.cr_ft_kind.popretz_ft_cm_cm_popret; CG-CMP-009.cr_ft_kind.popretz_ft_cm_cm_popretz; CG-CMP-009.cr_ft_kind.popretz_ft_cm_cm_push,0,no,,NOT-RUN-CLEAN (fcov expectation unverifiable: per-test urg report has no grpinfo.txt )
TP-CSR-001,gen_csr_access,gen_test_csr_access,smoke,3,FAIL,yes,29,29,CG-CSR-001.cp_aclass.rw_m; CG-CSR-001.cp_iclass.none; CG-CSR-001.cp_op.csrrc; CG-CSR-001.cp_op.csrrci; CG-CSR-001.cp_op.csrrs; CG-CSR-001.cp_op.csrrsi; CG-CSR-001.cp_op.csrrw; CG-CSR-001.cp_op.csrrwi; CG-CSR-001.cp_priv.m; CG-CSR-001.cp_rd.nonx0; CG-CSR-001.cr_iclass_priv.none_m; CG-CSR-001.cr_rd_x0_write.csrrw_rdnz_rw_m; CG-CSR-003.cp_csr.mscratch; CG-CSR-003.cp_csr.mtval; CG-CSR-003.cp_op.csrrc; CG-CSR-003.cp_op.csrrci; CG-CSR-003.cp_op.csrrs; CG-CSR-003.cp_op.csrrsi; CG-CSR-003.cp_op.csrrw; CG-CSR-003.cp_op.csrrwi; CG-CSR-003.cr_csr_op.mscratch_csrrc; CG-CSR-003.cr_csr_op.mscratch_csrrci; CG-CSR-003.cr_csr_op.mscratch_csrrs; CG-CSR-003.cr_csr_op.mscratch_csrrsi; CG-CSR-003.cr_csr_op.mscratch_csrrw; CG-CSR-003.cr_csr_op.mscratch_csrrwi; CG-CSR-003.cr_csr_op.mtval_csrrc; CG-CSR-003.cr_csr_op.mtval_csrrs; CG-CSR-003.cr_csr_op.mtval_csrrw,0,no,,NOT-RUN-CLEAN (fcov expectation unverifiable: per-test urg report has no grpinfo.txt )
TP-CSR-002,gen_csr_access,gen_test_csr_access,smoke,3,FAIL,yes,21,21,CG-CSR-001.cp_aclass.rw_m; CG-CSR-001.cp_op.csrrc; CG-CSR-001.cp_op.csrrci; CG-CSR-001.cp_op.csrrs; CG-CSR-001.cp_op.csrrsi; CG-CSR-001.cp_rd.x0; CG-CSR-001.cp_rs1.zero; CG-CSR-001.cr_rd_x0_write.csrrc_rdx0_rw_m; CG-CSR-001.cr_rd_x0_write.csrrci_rdx0_rw_m; CG-CSR-001.cr_rd_x0_write.csrrs_rdx0_rw_m; CG-CSR-001.cr_rd_x0_write.csrrsi_rdx0_rw_m; CG-CSR-010.cp_gap.g1; CG-CSR-010.cp_op.csrrc; CG-CSR-010.cp_op.csrrci; CG-CSR-010.cp_op.csrrs; CG-CSR-010.cp_op.csrrsi; CG-CSR-010.cp_rs1.zero; CG-CSR-010.cr_op_form_gap.csrrc_x0_g1; CG-CSR-010.cr_op_form_gap.csrrci_0_g1; CG-CSR-010.cr_op_form_gap.csrrs_x0_g1; CG-CSR-010.cr_op_form_gap.csrrsi_0_g1,0,no,,NOT-RUN-CLEAN (fcov expectation unverifiable: per-test urg report has no grpinfo.txt )
TP-CSR-003,gen_csr_access,gen_test_csr_access,smoke,3,FAIL,yes,19,19,CG-CSR-001.cp_aclass.rw_m; CG-CSR-001.cp_op.csrrw; CG-CSR-001.cp_op.csrrwi; CG-CSR-001.cp_rd.x0; CG-CSR-001.cr_rd_x0_write.csrrw_rdx0_rw_m; CG-CSR-001.cr_rd_x0_write.csrrwi_rdx0_rw_m; CG-CSR-002.cp_csr.mie; CG-CSR-002.cp_wpat.all0; CG-CSR-002.cr_csr_wpat.mie_all0; CG-CSR-003.cp_csr.mscratch; CG-CSR-003.cp_csr.mtval; CG-CSR-003.cp_wpat.all0; CG-CSR-003.cr_csr_wpat.mscratch_all0; CG-CSR-003.cr_csr_wpat.mtval_all0; CG-CSR-012.cp_fam.other_flush; CG-CSR-012.cp_op.csrrw; CG-CSR-012.cp_op.csrrwi; CG-CSR-012.cr_fam_op.other_csrrw; CG-CSR-012.cr_fam_op.other_csrrwi,0,no,,NOT-RUN-CLEAN (fcov expectation unverifiable: per-test urg report has no grpinfo.txt )
TP-CSR-004,gen_csr_access,gen_test_csr_access,smoke,3,FAIL,yes,15,15,CG-CSR-001.cp_aclass.pmp; CG-CSR-001.cp_aclass.rw_m; CG-CSR-001.cp_aclass.wi_m; CG-CSR-001.cp_op.csrrw; CG-CSR-001.cp_op.csrrwi; CG-CSR-001.cp_priv.m; CG-CSR-001.cp_rd.x0; CG-CSR-001.cp_trap.ok; CG-CSR-001.cr_priv_aclass_trap.m_pmp_ok; CG-CSR-001.cr_priv_aclass_trap.m_rw_m_ok; CG-CSR-001.cr_priv_aclass_trap.m_wi_m_ok; CG-CSR-001.cr_rd_x0_write.csrrw_rdx0_rw_m; CG-CSR-001.cr_rd_x0_write.csrrw_rdx0_wi_m; CG-CSR-001.cr_rd_x0_write.csrrwi_rdx0_rw_m; CG-CSR-002.cp_rd.x0,0,no,,NOT-RUN-CLEAN (fcov expectation unverifiable: per-test urg report has no grpinfo.txt )
TP-CSR-005,gen_csr_access,gen_test_csr_access,targeted,3,FAIL,none,3,3,CG-CSR-001.cp_op.f3_100 (not declared); CG-CSR-001.cp_trap.trap (not declared); CG-CSR-001.cr_f3_100.f3_100_trap (not declared),0,no,,NOT-RUN-CLEAN (fcov expectation unverifiable: per-test urg report has no grpinfo.txt )
TP-CSR-012,gen_csr_access,gen_test_csr_access,smoke,3,FAIL,yes,21,21,CG-CSR-001.cp_aclass.alias_impl; CG-CSR-001.cp_aclass.alias_unimpl; CG-CSR-001.cp_aclass.info_ro; CG-CSR-001.cp_op.csrrc; CG-CSR-001.cp_op.csrrci; CG-CSR-001.cp_op.csrrs; CG-CSR-001.cp_op.csrrsi; CG-CSR-001.cp_priv.m; CG-CSR-001.cp_rs1.zero; CG-CSR-001.cp_trap.ok; CG-CSR-001.cr_priv_aclass_trap.m_alias_impl_ok; CG-CSR-001.cr_priv_aclass_trap.m_alias_unimpl_ok; CG-CSR-001.cr_priv_aclass_trap.m_info_ro_ok; CG-CSR-001.cr_rs1zero_ro.csrrc_x0_alias_ok; CG-CSR-001.cr_rs1zero_ro.csrrc_x0_info_ok; CG-CSR-001.cr_rs1zero_ro.csrrci_0_alias_ok; CG-CSR-001.cr_rs1zero_ro.csrrci_0_info_ok; CG-CSR-001.cr_rs1zero_ro.csrrs_x0_alias_ok; CG-CSR-001.cr_rs1zero_ro.csrrs_x0_info_ok; CG-CSR-001.cr_rs1zero_ro.csrrsi_0_alias_ok; CG-CSR-001.cr_rs1zero_ro.csrrsi_0_info_ok,0,no,,NOT-RUN-CLEAN (fcov expectation unverifiable: per-test urg report has no grpinfo.txt )
TP-CSR-023,gen_csr_trap_setup,gen_test_csr_trap_setup,smoke,3,FAIL,yes,36,36,CG-CSR-002.cp_csr.mstatus; CG-CSR-002.cp_mst_mie_w.b0; CG-CSR-002.cp_mst_mpie_w.b0; CG-CSR-002.cp_mst_mpie_w.b1; CG-CSR-002.cp_mst_mprv_w.b1; CG-CSR-002.cp_mst_tw_w.b1; CG-CSR-002.cp_op.csrrc; CG-CSR-002.cp_op.csrrci; CG-CSR-002.cp_op.csrrs; CG-CSR-002.cp_op.csrrsi; CG-CSR-002.cp_op.csrrw; CG-CSR-002.cp_op.csrrwi; CG-CSR-002.cp_rd.nonx0; CG-CSR-002.cp_wpat.all0; CG-CSR-002.cp_wpat.illegal_only; CG-CSR-002.cp_wpat.legal_only; CG-CSR-002.cp_wpat.msb_only; CG-CSR-002.cp_wpat.rand; CG-CSR-002.cr_csr_op.mstatus_csrrc; CG-CSR-002.cr_csr_op.mstatus_csrrci; CG-CSR-002.cr_csr_op.mstatus_csrrs; CG-CSR-002.cr_csr_op.mstatus_csrrsi; CG-CSR-002.cr_csr_op.mstatus_csrrw; CG-CSR-002.cr_csr_op.mstatus_csrrwi; CG-CSR-002.cr_csr_wpat.mstatus_all0; CG-CSR-002.cr_csr_wpat.mstatus_illegal; CG-CSR-002.cr_csr_wpat.mstatus_legal; CG-CSR-002.cr_csr_wpat.mstatus_msb; CG-CSR-002.cr_csr_wpat.mstatus_rand; CG-CSR-002.cr_mst_fields.all0; CG-CSR-002.cr_mst_fields.mie_mpie; CG-CSR-002.cr_mst_fields.mie_only; CG-CSR-002.cr_mst_fields.mpie_only; CG-CSR-002.cr_mst_fields.mprv_only; CG-CSR-002.cr_mst_fields.mprv_tw; CG-CSR-002.cr_mst_fields.tw_only,0,no,,NOT-RUN-CLEAN (fcov expectation unverifiable: per-test urg report has no grpinfo.txt )
TP-CSR-024,gen_csr_trap_setup,gen_test_csr_trap_setup,targeted,3,FAIL,yes,24,24,CG-CSR-002.cp_mpp_w.h; CG-CSR-002.cp_mpp_w.m; CG-CSR-002.cp_mpp_w.s; CG-CSR-002.cp_mpp_w.u; CG-CSR-002.cp_op.csrrc; CG-CSR-002.cp_op.csrrs; CG-CSR-002.cp_op.csrrw; CG-CSR-002.cr_mpp_op.mpp_h_csrrs; CG-CSR-002.cr_mpp_op.mpp_h_csrrw; CG-CSR-002.cr_mpp_op.mpp_m_csrrs; CG-CSR-002.cr_mpp_op.mpp_m_csrrw; CG-CSR-002.cr_mpp_op.mpp_s_csrrs; CG-CSR-002.cr_mpp_op.mpp_s_csrrw; CG-CSR-002.cr_mpp_op.mpp_u_csrrc; CG-CSR-002.cr_mpp_op.mpp_u_csrrw; CG-PRV-001.cp_from.m; CG-PRV-001.cp_from.u; CG-PRV-001.cp_to.m; CG-PRV-001.cp_to.u; CG-PRV-001.cp_via.ecall; CG-PRV-001.cp_via.mret; CG-PRV-001.cr_trans.m_m_mret; CG-PRV-001.cr_trans.m_u_mret; CG-PRV-001.cr_trans.u_m_ecall,0,no,,NOT-RUN-CLEAN (fcov expectation unverifiable: per-test urg report has no grpinfo.txt )
TP-CSR-025,gen_csr_trap_setup,gen_test_csr_trap_setup,smoke,3,FAIL,yes,6,6,CG-CSR-002.cp_csr.mstatus; CG-CSR-002.cp_mpp_w.m; CG-CSR-002.cp_wpat.all1; CG-CSR-002.cr_csr_wpat.mstatus_all1; CG-CSR-002.cr_mst_fields.all0; CG-CSR-002.cr_mst_fields.all1,0,no,,NOT-RUN-CLEAN (fcov expectation unverifiable: per-test urg report has no grpinfo.txt )
TP-CSR-027,gen_csr_trap_setup,gen_test_csr_trap_setup,smoke,3,FAIL,yes,22,22,CG-CSR-002.cp_csr.mstatush; CG-CSR-002.cp_op.csrrc; CG-CSR-002.cp_op.csrrci; CG-CSR-002.cp_op.csrrs; CG-CSR-002.cp_op.csrrsi; CG-CSR-002.cp_op.csrrw; CG-CSR-002.cp_op.csrrwi; CG-CSR-002.cp_wpat.all0; CG-CSR-002.cp_wpat.all1; CG-CSR-002.cp_wpat.msb_only; CG-CSR-002.cp_wpat.rand; CG-CSR-002.cr_csr_op.mstatush_csrrc; CG-CSR-002.cr_csr_op.mstatush_csrrci; CG-CSR-002.cr_csr_op.mstatush_csrrs; CG-CSR-002.cr_csr_op.mstatush_csrrsi; CG-CSR-002.cr_csr_op.mstatush_csrrw; CG-CSR-002.cr_csr_op.mstatush_csrrwi; CG-CSR-002.cr_csr_wpat.mstatush_all0; CG-CSR-002.cr_csr_wpat.mstatush_all1; CG-CSR-002.cr_csr_wpat.mstatush_msb; CG-CSR-002.cr_csr_wpat.mstatush_rand; CG-CSR-016.cp_csr.mstatush,0,no,,NOT-RUN-CLEAN (fcov expectation unverifiable: per-test urg report has no grpinfo.txt )
TP-CSR-028,gen_csr_trap_setup,gen_test_csr_trap_setup,smoke,3,FAIL,yes,34,34,CG-CSR-002.cp_csr.menvcfg; CG-CSR-002.cp_csr.menvcfgh; CG-CSR-002.cp_op.csrrc; CG-CSR-002.cp_op.csrrci; CG-CSR-002.cp_op.csrrs; CG-CSR-002.cp_op.csrrsi; CG-CSR-002.cp_op.csrrw; CG-CSR-002.cp_op.csrrwi; CG-CSR-002.cp_wpat.all0; CG-CSR-002.cp_wpat.all1; CG-CSR-002.cp_wpat.msb_only; CG-CSR-002.cp_wpat.rand; CG-CSR-002.cr_csr_op.menvcfg_csrrc; CG-CSR-002.cr_csr_op.menvcfg_csrrci; CG-CSR-002.cr_csr_op.menvcfg_csrrs; CG-CSR-002.cr_csr_op.menvcfg_csrrsi; CG-CSR-002.cr_csr_op.menvcfg_csrrw; CG-CSR-002.cr_csr_op.menvcfg_csrrwi; CG-CSR-002.cr_csr_op.menvcfgh_csrrc; CG-CSR-002.cr_csr_op.menvcfgh_csrrci; CG-CSR-002.cr_csr_op.menvcfgh_csrrs; CG-CSR-002.cr_csr_op.menvcfgh_csrrsi; CG-CSR-002.cr_csr_op.menvcfgh_csrrw; CG-CSR-002.cr_csr_op.menvcfgh_csrrwi; CG-CSR-002.cr_csr_wpat.menvcfg_all0; CG-CSR-002.cr_csr_wpat.menvcfg_all1; CG-CSR-002.cr_csr_wpat.menvcfg_msb; CG-CSR-002.cr_csr_wpat.menvcfg_rand; CG-CSR-002.cr_csr_wpat.menvcfgh_all0; CG-CSR-002.cr_csr_wpat.menvcfgh_all1; CG-CSR-002.cr_csr_wpat.menvcfgh_msb; CG-CSR-002.cr_csr_wpat.menvcfgh_rand; CG-CSR-016.cp_csr.menvcfg; CG-CSR-016.cp_csr.menvcfgh,0,no,,NOT-RUN-CLEAN (fcov expectation unverifiable: per-test urg report has no grpinfo.txt )
TP-CSR-029,gen_csr_trap_setup,gen_test_csr_trap_setup,smoke,3,FAIL,yes,37,37,CG-CSR-002.cp_csr.mie; CG-CSR-002.cp_mie_w.all_fast; CG-CSR-002.cp_mie_w.fast_only; CG-CSR-002.cp_mie_w.ro_only; CG-CSR-002.cp_mie_w.std_fast; CG-CSR-002.cp_mie_w.std_only; CG-CSR-002.cp_op.csrrc; CG-CSR-002.cp_op.csrrci; CG-CSR-002.cp_op.csrrs; CG-CSR-002.cp_op.csrrsi; CG-CSR-002.cp_op.csrrw; CG-CSR-002.cp_op.csrrwi; CG-CSR-002.cp_wpat.illegal_only; CG-CSR-002.cp_wpat.legal_only; CG-CSR-002.cp_wpat.msb_only; CG-CSR-002.cp_wpat.rand; CG-CSR-002.cr_csr_op.mie_csrrc; CG-CSR-002.cr_csr_op.mie_csrrci; CG-CSR-002.cr_csr_op.mie_csrrs; CG-CSR-002.cr_csr_op.mie_csrrsi; CG-CSR-002.cr_csr_op.mie_csrrw; CG-CSR-002.cr_csr_op.mie_csrrwi; CG-CSR-002.cr_csr_wpat.mie_illegal; CG-CSR-002.cr_csr_wpat.mie_legal; CG-CSR-002.cr_csr_wpat.mie_msb; CG-CSR-002.cr_csr_wpat.mie_rand; CG-CSR-002.cr_mie_w_op.allfast_csrrw; CG-CSR-002.cr_mie_w_op.both_csrrw; CG-CSR-002.cr_mie_w_op.fast_csrrc; CG-CSR-002.cr_mie_w_op.fast_csrrs; CG-CSR-002.cr_mie_w_op.fast_csrrw; CG-CSR-002.cr_mie_w_op.ro_csrrw; CG-CSR-002.cr_mie_w_op.std_csrrc; CG-CSR-002.cr_mie_w_op.std_csrrci; CG-CSR-002.cr_mie_w_op.std_csrrs; CG-CSR-002.cr_mie_w_op.std_csrrsi; CG-CSR-002.cr_mie_w_op.std_csrrw,1,no,,NOT-RUN-CLEAN (fcov expectation unverifiable: per-test urg report has no grpinfo.txt )
TP-CSR-030,gen_csr_trap_setup,gen_test_csr_trap_setup,smoke,3,FAIL,yes,8,8,CG-CSR-002.cp_csr.mie; CG-CSR-002.cp_mie_w.std_fast; CG-CSR-002.cp_op.csrrw; CG-CSR-002.cp_wpat.all0; CG-CSR-002.cp_wpat.all1; CG-CSR-002.cr_csr_wpat.mie_all0; CG-CSR-002.cr_csr_wpat.mie_all1; CG-CSR-002.cr_mie_w_op.both_csrrw,0,no,,NOT-RUN-CLEAN (fcov expectation unverifiable: per-test urg report has no grpinfo.txt )
TP-CSR-035,gen_csr_trap_setup,gen_test_csr_trap_setup,smoke,3,FAIL,yes,37,37,CG-CSR-002.cp_csr.mtvec; CG-CSR-002.cp_mtvec_base_w.boot_page; CG-CSR-002.cp_mtvec_base_w.high; CG-CSR-002.cp_mtvec_base_w.low; CG-CSR-002.cp_mtvec_base_w.rand; CG-CSR-002.cp_op.csrrc; CG-CSR-002.cp_op.csrrci; CG-CSR-002.cp_op.csrrs; CG-CSR-002.cp_op.csrrsi; CG-CSR-002.cp_op.csrrw; CG-CSR-002.cp_op.csrrwi; CG-CSR-002.cp_wpat.legal_only; CG-CSR-002.cp_wpat.rand; CG-CSR-002.cr_csr_op.mtvec_csrrc; CG-CSR-002.cr_csr_op.mtvec_csrrci; CG-CSR-002.cr_csr_op.mtvec_csrrs; CG-CSR-002.cr_csr_op.mtvec_csrrsi; CG-CSR-002.cr_csr_op.mtvec_csrrw; CG-CSR-002.cr_csr_op.mtvec_csrrwi; CG-CSR-002.cr_csr_wpat.mtvec_legal; CG-CSR-002.cr_csr_wpat.mtvec_rand; CG-CSR-002.cr_mtvec_base_op.boot_csrrw; CG-CSR-002.cr_mtvec_base_op.high_csrrs; CG-CSR-002.cr_mtvec_base_op.high_csrrw; CG-CSR-002.cr_mtvec_base_op.low_csrrw; CG-CSR-002.cr_mtvec_base_op.rand_csrrc; CG-CSR-002.cr_mtvec_base_op.rand_csrrs; CG-CSR-002.cr_mtvec_base_op.rand_csrrw; CG-PRV-008.cp_base.sw_high; CG-PRV-008.cp_base.sw_low; CG-PRV-008.cp_cause.exc; CG-PRV-008.cp_cause.irq_fast (bins_not_hit); CG-PRV-008.cp_cause.irq_sw (bins_not_hit); CG-PRV-008.cr_base_cause.high_exc; CG-PRV-008.cr_base_cause.high_irq_fast (bins_not_hit); CG-PRV-008.cr_base_cause.low_exc; CG-PRV-008.cr_base_cause.low_irq_sw (bins_not_hit),0,no,,NOT-RUN-CLEAN (fcov expectation unverifiable: per-test urg report has no grpinfo.txt )
TP-CSR-036,gen_csr_trap_setup,gen_test_csr_trap_setup,smoke,3,FAIL,yes,23,23,CG-CSR-002.cp_csr.mtvec; CG-CSR-002.cp_mtvec_lo_w.nonzero; CG-CSR-002.cp_mtvec_lo_w.zero; CG-CSR-002.cp_mtvec_mode_w.d00; CG-CSR-002.cp_mtvec_mode_w.r10; CG-CSR-002.cp_mtvec_mode_w.r11; CG-CSR-002.cp_mtvec_mode_w.v01; CG-CSR-002.cp_wpat.all0; CG-CSR-002.cp_wpat.all1; CG-CSR-002.cp_wpat.illegal_only; CG-CSR-002.cp_wpat.msb_only; CG-CSR-002.cr_csr_wpat.mtvec_all0; CG-CSR-002.cr_csr_wpat.mtvec_all1; CG-CSR-002.cr_csr_wpat.mtvec_illegal; CG-CSR-002.cr_csr_wpat.mtvec_msb; CG-CSR-002.cr_mtvec_mode_lo.d00_nz; CG-CSR-002.cr_mtvec_mode_lo.d00_zero; CG-CSR-002.cr_mtvec_mode_lo.r10_nz; CG-CSR-002.cr_mtvec_mode_lo.r10_zero; CG-CSR-002.cr_mtvec_mode_lo.r11_nz; CG-CSR-002.cr_mtvec_mode_lo.r11_zero; CG-CSR-002.cr_mtvec_mode_lo.v01_nz; CG-CSR-002.cr_mtvec_mode_lo.v01_zero,0,no,,NOT-RUN-CLEAN (fcov expectation unverifiable: per-test urg report has no grpinfo.txt )
TP-CSR-037,gen_csr_reset,gen_test_csr_reset,smoke,3,FAIL,no,12,12,CG-CSR-016.cp_boot_lo.nonzero; CG-CSR-016.cp_boot_lo.zero; CG-CSR-016.cp_csr.mtvec; CG-CSR-016.cp_when.early; CG-CSR-016.cp_when.first_insn; CG-CSR-016.cr_mtvec_first.mtvec_early_nonzero; CG-CSR-016.cr_mtvec_first.mtvec_early_zero; CG-CSR-016.cr_mtvec_first.mtvec_first_nonzero; CG-CSR-016.cr_mtvec_first.mtvec_first_zero; CG-PRV-008.cp_base.boot_page; CG-PRV-008.cp_cause.exc; CG-PRV-008.cr_base_cause.boot_exc,0,no,,NOT-RUN-CLEAN (cocotb_summary at sim_stdout.log:112; fcov expectation unverifiable: per-test urg report has no grpinfo.txt )
TP-CSR-105,gen_csr_reset,gen_test_csr_reset,smoke,3,FAIL,no,19,19,CG-CSR-016.cp_csr.marchid; CG-CSR-016.cp_csr.mconfigptr; CG-CSR-016.cp_csr.mcounteren; CG-CSR-016.cp_csr.menvcfg; CG-CSR-016.cp_csr.menvcfgh; CG-CSR-016.cp_csr.mhartid; CG-CSR-016.cp_csr.mie; CG-CSR-016.cp_csr.mimpid; CG-CSR-016.cp_csr.misa; CG-CSR-016.cp_csr.mstatus; CG-CSR-016.cp_csr.mstatush; CG-CSR-016.cp_csr.mtvec; CG-CSR-016.cp_csr.mvendorid; CG-CSR-016.cp_dbg.nondbg; CG-CSR-016.cp_when.early; CG-CSR-016.cp_when.first_insn; CG-CSR-016.cr_first_csr.mie_first; CG-CSR-016.cr_first_csr.misa_first; CG-CSR-016.cr_first_csr.mstatus_first,0,no,,NOT-RUN-CLEAN (cocotb_summary at sim_stdout.log:112; fcov expectation unverifiable: per-test urg report has no grpinfo.txt )
TP-CSR-106,gen_csr_reset,gen_test_csr_reset,smoke,3,FAIL,no,5,5,CG-CSR-016.cp_csr.mcause; CG-CSR-016.cp_csr.mepc; CG-CSR-016.cp_csr.mip; CG-CSR-016.cp_csr.mscratch; CG-CSR-016.cp_csr.mtval,0,no,,NOT-RUN-CLEAN (cocotb_summary at sim_stdout.log:112; fcov expectation unverifiable: per-test urg report has no grpinfo.txt )
TP-CSR-107,gen_csr_reset,gen_test_csr_reset,smoke,3,FAIL,no,15,15,CG-CSR-016.cp_csr.cycle_alias; CG-CSR-016.cp_csr.hpm; CG-CSR-016.cp_csr.hpm_alias; CG-CSR-016.cp_csr.hpm_unimpl; CG-CSR-016.cp_csr.hpmh; CG-CSR-016.cp_csr.instret_alias; CG-CSR-016.cp_csr.mcountinhibit; CG-CSR-016.cp_csr.mcycle; CG-CSR-016.cp_csr.mcycleh; CG-CSR-016.cp_csr.mhpmevent; CG-CSR-016.cp_csr.mhpmevent_unimpl; CG-CSR-016.cp_csr.minstret; CG-CSR-016.cp_csr.minstreth; CG-CSR-016.cr_first_csr.mcycle_first; CG-CSR-016.cr_first_csr.minstret_first,0,no,,NOT-RUN-CLEAN (cocotb_summary at sim_stdout.log:112; fcov expectation unverifiable: per-test urg report has no grpinfo.txt )
TP-CSR-108,gen_csr_reset,gen_test_csr_reset,smoke,3,FAIL,no,20,20,CG-CSR-007.cp_csr.dcsr (bins_not_hit); CG-CSR-007.cp_dbg.dbg (bins_not_hit); CG-CSR-007.cp_trap.ok (bins_not_hit); CG-CSR-007.cr_csr_dbg_trap.dcsr_dbg_ok (bins_not_hit); CG-CSR-008.cp_csr.tdata1; CG-CSR-008.cp_dbg.nondbg; CG-CSR-008.cp_form.rd_only; CG-CSR-008.cr_csr_dbg_form.tdata1_nondbg_rd; CG-CSR-016.cp_csr.dcsr (bins_not_hit); CG-CSR-016.cp_csr.dpc (bins_not_hit); CG-CSR-016.cp_csr.dscratch0 (bins_not_hit); CG-CSR-016.cp_csr.dscratch1 (bins_not_hit); CG-CSR-016.cp_csr.tdata1; CG-CSR-016.cp_csr.tdata2; CG-CSR-016.cp_csr.tselect; CG-CSR-016.cp_dbg.dbg (bins_not_hit); CG-CSR-016.cr_dbg_reset.dcsr_dbg (bins_not_hit); CG-CSR-016.cr_dbg_reset.dpc_dbg (bins_not_hit); CG-CSR-016.cr_dbg_reset.dscratch0_dbg (bins_not_hit); CG-CSR-016.cr_dbg_reset.dscratch1_dbg (bins_not_hit),0,no,,NOT-RUN-CLEAN (cocotb_summary at sim_stdout.log:112; fcov expectation unverifiable: per-test urg report has no grpinfo.txt )
TP-CSR-109,gen_csr_reset,gen_test_csr_reset,smoke,3,FAIL,no,13,13,CG-CSR-009.cp_key_pin.hi; CG-CSR-009.cp_key_pin.lo; CG-CSR-010.cr_form_priv_trap.rd_m_ok; CG-CSR-011.cp_fam.addr; CG-CSR-011.cp_fam.cfg; CG-CSR-016.cp_csr.cpuctrlsts; CG-CSR-016.cp_csr.mseccfg; CG-CSR-016.cp_csr.mseccfgh; CG-CSR-016.cp_csr.pmpaddr; CG-CSR-016.cp_csr.pmpcfg; CG-CSR-016.cp_csr.secureseed; CG-CSR-016.cp_when.later; CG-CSR-016.cr_first_csr.cpuctrlsts_first,0,no,,NOT-RUN-CLEAN (cocotb_summary at sim_stdout.log:112; fcov expectation unverifiable: per-test urg report has no grpinfo.txt )
TP-ISA-001,gen_isa_alu,gen_test_isa_alu,smoke,3,FAIL,yes,130,130,CG-ISA-001.cp_addi_wrap.none; CG-ISA-001.cp_imm_class.max_pos; CG-ISA-001.cp_imm_class.min_neg; CG-ISA-001.cp_imm_class.minus1; CG-ISA-001.cp_imm_class.neg_rand; CG-ISA-001.cp_imm_class.plus1; CG-ISA-001.cp_imm_class.pos_rand; CG-ISA-001.cp_imm_class.zero; CG-ISA-001.cp_op.addi; CG-ISA-001.cp_op.andi; CG-ISA-001.cp_op.ori; CG-ISA-001.cp_op.slti; CG-ISA-001.cp_op.sltiu; CG-ISA-001.cp_op.xori; CG-ISA-001.cp_rd_x0.no; CG-ISA-001.cp_rd_x0.yes; CG-ISA-001.cp_result_class.all_ones; CG-ISA-001.cp_result_class.int_max; CG-ISA-001.cp_result_class.int_min; CG-ISA-001.cp_result_class.one; CG-ISA-001.cp_result_class.other; CG-ISA-001.cp_result_class.zero; CG-ISA-001.cp_rs1_class.all_ones; CG-ISA-001.cp_rs1_class.int_max; CG-ISA-001.cp_rs1_class.int_min; CG-ISA-001.cp_rs1_class.neg_rand; CG-ISA-001.cp_rs1_class.one; CG-ISA-001.cp_rs1_class.pos_rand; CG-ISA-001.cp_rs1_class.zero; CG-ISA-001.cp_rs1_eq_rd.no; CG-ISA-001.cp_rs1_eq_rd.yes; CG-ISA-001.cp_slt_case.other; CG-ISA-001.cr_op_imm.addi_max_pos; CG-ISA-001.cr_op_imm.addi_min_neg; CG-ISA-001.cr_op_imm.addi_minus1; CG-ISA-001.cr_op_imm.addi_neg_rand; CG-ISA-001.cr_op_imm.addi_plus1; CG-ISA-001.cr_op_imm.addi_pos_rand; CG-ISA-001.cr_op_imm.addi_zero; CG-ISA-001.cr_op_imm.andi_max_pos; CG-ISA-001.cr_op_imm.andi_min_neg; CG-ISA-001.cr_op_imm.andi_minus1; CG-ISA-001.cr_op_imm.andi_neg_rand; CG-ISA-001.cr_op_imm.andi_plus1; CG-ISA-001.cr_op_imm.andi_pos_rand; CG-ISA-001.cr_op_imm.andi_zero; CG-ISA-001.cr_op_imm.ori_max_pos; CG-ISA-001.cr_op_imm.ori_min_neg; CG-ISA-001.cr_op_imm.ori_minus1; CG-ISA-001.cr_op_imm.ori_neg_rand; CG-ISA-001.cr_op_imm.ori_plus1; CG-ISA-001.cr_op_imm.ori_pos_rand; CG-ISA-001.cr_op_imm.ori_zero; CG-ISA-001.cr_op_imm.slti_max_pos; CG-ISA-001.cr_op_imm.slti_min_neg; CG-ISA-001.cr_op_imm.slti_minus1; CG-ISA-001.cr_op_imm.slti_neg_rand; CG-ISA-001.cr_op_imm.slti_plus1; CG-ISA-001.cr_op_imm.slti_pos_rand; CG-ISA-001.cr_op_imm.slti_zero; CG-ISA-001.cr_op_imm.sltiu_max_pos; CG-ISA-001.cr_op_imm.sltiu_min_neg; CG-ISA-001.cr_op_imm.sltiu_minus1; CG-ISA-001.cr_op_imm.sltiu_neg_rand; CG-ISA-001.cr_op_imm.sltiu_plus1; CG-ISA-001.cr_op_imm.sltiu_pos_rand; CG-ISA-001.cr_op_imm.sltiu_zero; CG-ISA-001.cr_op_imm.xori_max_pos; CG-ISA-001.cr_op_imm.xori_min_neg; CG-ISA-001.cr_op_imm.xori_minus1; CG-ISA-001.cr_op_imm.xori_neg_rand; CG-ISA-001.cr_op_imm.xori_plus1; CG-ISA-001.cr_op_imm.xori_pos_rand; CG-ISA-001.cr_op_imm.xori_zero; CG-ISA-001.cr_op_rd_x0.addi_no; CG-ISA-001.cr_op_rd_x0.addi_yes; CG-ISA-001.cr_op_rd_x0.andi_no; CG-ISA-001.cr_op_rd_x0.andi_yes; CG-ISA-001.cr_op_rd_x0.ori_no; CG-ISA-001.cr_op_rd_x0.ori_yes; CG-ISA-001.cr_op_rd_x0.slti_no; CG-ISA-001.cr_op_rd_x0.slti_yes; CG-ISA-001.cr_op_rd_x0.sltiu_no; CG-ISA-001.cr_op_rd_x0.sltiu_yes; CG-ISA-001.cr_op_rd_x0.xori_no; CG-ISA-001.cr_op_rd_x0.xori_yes; CG-ISA-001.cr_op_rs1.addi_all_ones; CG-ISA-001.cr_op_rs1.addi_int_max; CG-ISA-001.cr_op_rs1.addi_int_min; CG-ISA-001.cr_op_rs1.addi_neg_rand; CG-ISA-001.cr_op_rs1.addi_one; CG-ISA-001.cr_op_rs1.addi_pos_rand; CG-ISA-001.cr_op_rs1.addi_zero; CG-ISA-001.cr_op_rs1.andi_all_ones; CG-ISA-001.cr_op_rs1.andi_int_max; CG-ISA-001.cr_op_rs1.andi_int_min; CG-ISA-001.cr_op_rs1.andi_neg_rand; CG-ISA-001.cr_op_rs1.andi_one; CG-ISA-001.cr_op_rs1.andi_pos_rand; CG-ISA-001.cr_op_rs1.andi_zero; CG-ISA-001.cr_op_rs1.ori_all_ones; CG-ISA-001.cr_op_rs1.ori_int_max; CG-ISA-001.cr_op_rs1.ori_int_min; CG-ISA-001.cr_op_rs1.ori_neg_rand; CG-ISA-001.cr_op_rs1.ori_one; CG-ISA-001.cr_op_rs1.ori_pos_rand; CG-ISA-001.cr_op_rs1.ori_zero; CG-ISA-001.cr_op_rs1.slti_all_ones; CG-ISA-001.cr_op_rs1.slti_int_max; CG-ISA-001.cr_op_rs1.slti_int_min; CG-ISA-001.cr_op_rs1.slti_neg_rand; CG-ISA-001.cr_op_rs1.slti_one; CG-ISA-001.cr_op_rs1.slti_pos_rand; CG-ISA-001.cr_op_rs1.slti_zero; CG-ISA-001.cr_op_rs1.sltiu_all_ones; CG-ISA-001.cr_op_rs1.sltiu_int_max; CG-ISA-001.cr_op_rs1.sltiu_int_min; CG-ISA-001.cr_op_rs1.sltiu_neg_rand; CG-ISA-001.cr_op_rs1.sltiu_one; CG-ISA-001.cr_op_rs1.sltiu_pos_rand; CG-ISA-001.cr_op_rs1.sltiu_zero; CG-ISA-001.cr_op_rs1.xori_all_ones; CG-ISA-001.cr_op_rs1.xori_int_max; CG-ISA-001.cr_op_rs1.xori_int_min; CG-ISA-001.cr_op_rs1.xori_neg_rand; CG-ISA-001.cr_op_rs1.xori_one; CG-ISA-001.cr_op_rs1.xori_pos_rand; CG-ISA-001.cr_op_rs1.xori_zero; CG-ISA-001.cr_slt.slti_other; CG-ISA-001.cr_slt.sltiu_other,0,no,,NOT-RUN-CLEAN (fcov expectation unverifiable: per-test urg report has no grpinfo.txt )
TP-ISA-002,gen_isa_alu,gen_test_isa_alu,targeted,3,FAIL,yes,4,4,CG-ISA-001.cp_addi_wrap.neg_wrap; CG-ISA-001.cp_addi_wrap.pos_wrap; CG-ISA-001.cp_result_class.int_max; CG-ISA-001.cp_result_class.int_min,0,no,,NOT-RUN-CLEAN (fcov expectation unverifiable: per-test urg report has no grpinfo.txt )
TP-ISA-003,gen_isa_alu,gen_test_isa_alu,targeted,3,FAIL,yes,15,15,CG-ISA-001.cp_op.slti; CG-ISA-001.cp_op.sltiu; CG-ISA-001.cp_slt_case.eq; CG-ISA-001.cp_slt_case.slti_0_neg; CG-ISA-001.cp_slt_case.slti_intmin_0; CG-ISA-001.cp_slt_case.sltiu_imm_m1; CG-ISA-001.cp_slt_case.sltiu_ones_m1; CG-ISA-001.cp_slt_case.sltiu_seqz; CG-ISA-001.cr_slt.slti_eq; CG-ISA-001.cr_slt.slti_slti_0_neg; CG-ISA-001.cr_slt.slti_slti_intmin_0; CG-ISA-001.cr_slt.sltiu_eq; CG-ISA-001.cr_slt.sltiu_sltiu_imm_m1; CG-ISA-001.cr_slt.sltiu_sltiu_ones_m1; CG-ISA-001.cr_slt.sltiu_sltiu_seqz,0,no,,NOT-RUN-CLEAN (fcov expectation unverifiable: per-test urg report has no grpinfo.txt )
TP-ISA-004,gen_isa_alu,gen_test_isa_alu,targeted,3,FAIL,yes,30,30,CG-ISA-001.cp_rd_x0.yes; CG-ISA-002.cp_rd_x0.yes; CG-ISA-003.cp_rd_x0.yes; CG-ISA-004.cp_rd_x0.yes; CG-ISA-005.cp_hint_class.add_x0; CG-ISA-005.cp_hint_class.addi_x0_nzimm; CG-ISA-005.cp_hint_class.and_x0; CG-ISA-005.cp_hint_class.andi_x0; CG-ISA-005.cp_hint_class.auipc_x0; CG-ISA-005.cp_hint_class.canonical_nop; CG-ISA-005.cp_hint_class.lui_x0; CG-ISA-005.cp_hint_class.or_x0; CG-ISA-005.cp_hint_class.ori_x0; CG-ISA-005.cp_hint_class.sll_x0; CG-ISA-005.cp_hint_class.slli_x0_other; CG-ISA-005.cp_hint_class.slli_x0_semihost; CG-ISA-005.cp_hint_class.slt_x0; CG-ISA-005.cp_hint_class.slti_x0; CG-ISA-005.cp_hint_class.sltiu_x0; CG-ISA-005.cp_hint_class.sltu_x0; CG-ISA-005.cp_hint_class.sra_x0; CG-ISA-005.cp_hint_class.srai_x0_other; CG-ISA-005.cp_hint_class.srai_x0_semihost; CG-ISA-005.cp_hint_class.srl_x0; CG-ISA-005.cp_hint_class.srli_x0; CG-ISA-005.cp_hint_class.sub_x0; CG-ISA-005.cp_hint_class.xor_x0; CG-ISA-005.cp_hint_class.xori_x0; CG-ISA-005.cp_x0_read.rs1_zero; CG-ISA-005.cp_x0_read.rs2_zero,0,no,,NOT-RUN-CLEAN (fcov expectation unverifiable: per-test urg report has no grpinfo.txt )
TP-ISA-005,gen_isa_alu,gen_test_isa_alu,smoke,3,FAIL,yes,26,26,CG-ISA-004.cp_imm20.all_ones; CG-ISA-004.cp_imm20.msb; CG-ISA-004.cp_imm20.one; CG-ISA-004.cp_imm20.rand; CG-ISA-004.cp_imm20.zero; CG-ISA-004.cp_op.auipc; CG-ISA-004.cp_op.lui; CG-ISA-004.cp_pc_align.half; CG-ISA-004.cp_pc_align.word; CG-ISA-004.cp_pc_region.mid; CG-ISA-004.cp_rd_x0.no; CG-ISA-004.cp_rd_x0.yes; CG-ISA-004.cr_op_imm.auipc_all_ones; CG-ISA-004.cr_op_imm.auipc_msb; CG-ISA-004.cr_op_imm.auipc_one; CG-ISA-004.cr_op_imm.auipc_rand; CG-ISA-004.cr_op_imm.auipc_zero; CG-ISA-004.cr_op_imm.lui_all_ones; CG-ISA-004.cr_op_imm.lui_msb; CG-ISA-004.cr_op_imm.lui_one; CG-ISA-004.cr_op_imm.lui_rand; CG-ISA-004.cr_op_imm.lui_zero; CG-ISA-004.cr_op_rd_x0.auipc_no; CG-ISA-004.cr_op_rd_x0.auipc_yes; CG-ISA-004.cr_op_rd_x0.lui_no; CG-ISA-004.cr_op_rd_x0.lui_yes,0,no,,NOT-RUN-CLEAN (fcov expectation unverifiable: per-test urg report has no grpinfo.txt )
TP-ISA-006,gen_isa_alu,gen_test_isa_alu,targeted,3,FAIL,yes,13,13,CG-ISA-004.cp_imm20.all_ones; CG-ISA-004.cp_imm20.zero; CG-ISA-004.cp_op.auipc; CG-ISA-004.cp_pc_align.half; CG-ISA-004.cp_pc_align.word; CG-ISA-004.cp_pc_region.high (bins_not_hit); CG-ISA-004.cp_pc_region.low (bins_not_hit); CG-ISA-004.cp_wrap.no; CG-ISA-004.cp_wrap.yes; CG-ISA-004.cr_auipc_pc.auipc_half_nowrap; CG-ISA-004.cr_auipc_pc.auipc_half_wrap; CG-ISA-004.cr_auipc_pc.auipc_word_nowrap; CG-ISA-004.cr_auipc_pc.auipc_word_wrap,0,no,,NOT-RUN-CLEAN (fcov expectation unverifiable: per-test urg report has no grpinfo.txt )
TP-ISA-007,gen_isa_alu,gen_test_isa_alu,smoke,3,FAIL,yes,224,224,CG-ISA-002.cp_eq_operands.no; CG-ISA-002.cp_op.add; CG-ISA-002.cp_op.and; CG-ISA-002.cp_op.or; CG-ISA-002.cp_op.slt; CG-ISA-002.cp_op.sltu; CG-ISA-002.cp_op.sub; CG-ISA-002.cp_op.xor; CG-ISA-002.cp_rd_x0.no; CG-ISA-002.cp_rd_x0.yes; CG-ISA-002.cp_result_class.all_ones; CG-ISA-002.cp_result_class.int_max; CG-ISA-002.cp_result_class.int_min; CG-ISA-002.cp_result_class.one; CG-ISA-002.cp_result_class.other; CG-ISA-002.cp_result_class.zero; CG-ISA-002.cp_rs1_class.all_ones; CG-ISA-002.cp_rs1_class.int_max; CG-ISA-002.cp_rs1_class.int_min; CG-ISA-002.cp_rs1_class.neg_rand; CG-ISA-002.cp_rs1_class.one; CG-ISA-002.cp_rs1_class.pos_rand; CG-ISA-002.cp_rs1_class.zero; CG-ISA-002.cp_rs2_class.all_ones; CG-ISA-002.cp_rs2_class.int_max; CG-ISA-002.cp_rs2_class.int_min; CG-ISA-002.cp_rs2_class.neg_rand; CG-ISA-002.cp_rs2_class.one; CG-ISA-002.cp_rs2_class.pos_rand; CG-ISA-002.cp_rs2_class.zero; CG-ISA-002.cp_same_regs.all_same; CG-ISA-002.cp_same_regs.distinct; CG-ISA-002.cp_same_regs.rs1_eq_rd; CG-ISA-002.cp_same_regs.rs1_eq_rs2; CG-ISA-002.cp_same_regs.rs2_eq_rd; CG-ISA-002.cp_sign_pair.nn; CG-ISA-002.cp_sign_pair.np; CG-ISA-002.cp_sign_pair.pn; CG-ISA-002.cp_sign_pair.pp; CG-ISA-002.cp_wrap.none; CG-ISA-002.cr_op_eq.add_no; CG-ISA-002.cr_op_eq.and_no; CG-ISA-002.cr_op_eq.or_no; CG-ISA-002.cr_op_eq.slt_no; CG-ISA-002.cr_op_eq.sltu_no; CG-ISA-002.cr_op_eq.sub_no; CG-ISA-002.cr_op_eq.xor_no; CG-ISA-002.cr_op_rd_x0.add_no; CG-ISA-002.cr_op_rd_x0.add_yes; CG-ISA-002.cr_op_rd_x0.and_no; CG-ISA-002.cr_op_rd_x0.and_yes; CG-ISA-002.cr_op_rd_x0.or_no; CG-ISA-002.cr_op_rd_x0.or_yes; CG-ISA-002.cr_op_rd_x0.slt_no; CG-ISA-002.cr_op_rd_x0.slt_yes; CG-ISA-002.cr_op_rd_x0.sltu_no; CG-ISA-002.cr_op_rd_x0.sltu_yes; CG-ISA-002.cr_op_rd_x0.sub_no; CG-ISA-002.cr_op_rd_x0.sub_yes; CG-ISA-002.cr_op_rd_x0.xor_no; CG-ISA-002.cr_op_rd_x0.xor_yes; CG-ISA-002.cr_op_rs1.add_all_ones; CG-ISA-002.cr_op_rs1.add_int_max; CG-ISA-002.cr_op_rs1.add_int_min; CG-ISA-002.cr_op_rs1.add_neg_rand; CG-ISA-002.cr_op_rs1.add_one; CG-ISA-002.cr_op_rs1.add_pos_rand; CG-ISA-002.cr_op_rs1.add_zero; CG-ISA-002.cr_op_rs1.and_all_ones; CG-ISA-002.cr_op_rs1.and_int_max; CG-ISA-002.cr_op_rs1.and_int_min; CG-ISA-002.cr_op_rs1.and_neg_rand; CG-ISA-002.cr_op_rs1.and_one; CG-ISA-002.cr_op_rs1.and_pos_rand; CG-ISA-002.cr_op_rs1.and_zero; CG-ISA-002.cr_op_rs1.or_all_ones; CG-ISA-002.cr_op_rs1.or_int_max; CG-ISA-002.cr_op_rs1.or_int_min; CG-ISA-002.cr_op_rs1.or_neg_rand; CG-ISA-002.cr_op_rs1.or_one; CG-ISA-002.cr_op_rs1.or_pos_rand; CG-ISA-002.cr_op_rs1.or_zero; CG-ISA-002.cr_op_rs1.slt_all_ones; CG-ISA-002.cr_op_rs1.slt_int_max; CG-ISA-002.cr_op_rs1.slt_int_min; CG-ISA-002.cr_op_rs1.slt_neg_rand; CG-ISA-002.cr_op_rs1.slt_one; CG-ISA-002.cr_op_rs1.slt_pos_rand; CG-ISA-002.cr_op_rs1.slt_zero; CG-ISA-002.cr_op_rs1.sltu_all_ones; CG-ISA-002.cr_op_rs1.sltu_int_max; CG-ISA-002.cr_op_rs1.sltu_int_min; CG-ISA-002.cr_op_rs1.sltu_neg_rand; CG-ISA-002.cr_op_rs1.sltu_one; CG-ISA-002.cr_op_rs1.sltu_pos_rand; CG-ISA-002.cr_op_rs1.sltu_zero; CG-ISA-002.cr_op_rs1.sub_all_ones; CG-ISA-002.cr_op_rs1.sub_int_max; CG-ISA-002.cr_op_rs1.sub_int_min; CG-ISA-002.cr_op_rs1.sub_neg_rand; CG-ISA-002.cr_op_rs1.sub_one; CG-ISA-002.cr_op_rs1.sub_pos_rand; CG-ISA-002.cr_op_rs1.sub_zero; CG-ISA-002.cr_op_rs1.xor_all_ones; CG-ISA-002.cr_op_rs1.xor_int_max; CG-ISA-002.cr_op_rs1.xor_int_min; CG-ISA-002.cr_op_rs1.xor_neg_rand; CG-ISA-002.cr_op_rs1.xor_one; CG-ISA-002.cr_op_rs1.xor_pos_rand; CG-ISA-002.cr_op_rs1.xor_zero; CG-ISA-002.cr_op_rs2.add_all_ones; CG-ISA-002.cr_op_rs2.add_int_max; CG-ISA-002.cr_op_rs2.add_int_min; CG-ISA-002.cr_op_rs2.add_neg_rand; CG-ISA-002.cr_op_rs2.add_one; CG-ISA-002.cr_op_rs2.add_pos_rand; CG-ISA-002.cr_op_rs2.add_zero; CG-ISA-002.cr_op_rs2.and_all_ones; CG-ISA-002.cr_op_rs2.and_int_max; CG-ISA-002.cr_op_rs2.and_int_min; CG-ISA-002.cr_op_rs2.and_neg_rand; CG-ISA-002.cr_op_rs2.and_one; CG-ISA-002.cr_op_rs2.and_pos_rand; CG-ISA-002.cr_op_rs2.and_zero; CG-ISA-002.cr_op_rs2.or_all_ones; CG-ISA-002.cr_op_rs2.or_int_max; CG-ISA-002.cr_op_rs2.or_int_min; CG-ISA-002.cr_op_rs2.or_neg_rand; CG-ISA-002.cr_op_rs2.or_one; CG-ISA-002.cr_op_rs2.or_pos_rand; CG-ISA-002.cr_op_rs2.or_zero; CG-ISA-002.cr_op_rs2.slt_all_ones; CG-ISA-002.cr_op_rs2.slt_int_max; CG-ISA-002.cr_op_rs2.slt_int_min; CG-ISA-002.cr_op_rs2.slt_neg_rand; CG-ISA-002.cr_op_rs2.slt_one; CG-ISA-002.cr_op_rs2.slt_pos_rand; CG-ISA-002.cr_op_rs2.slt_zero; CG-ISA-002.cr_op_rs2.sltu_all_ones; CG-ISA-002.cr_op_rs2.sltu_int_max; CG-ISA-002.cr_op_rs2.sltu_int_min; CG-ISA-002.cr_op_rs2.sltu_neg_rand; CG-ISA-002.cr_op_rs2.sltu_one; CG-ISA-002.cr_op_rs2.sltu_pos_rand; CG-ISA-002.cr_op_rs2.sltu_zero; CG-ISA-002.cr_op_rs2.sub_all_ones; CG-ISA-002.cr_op_rs2.sub_int_max; CG-ISA-002.cr_op_rs2.sub_int_min; CG-ISA-002.cr_op_rs2.sub_neg_rand; CG-ISA-002.cr_op_rs2.sub_one; CG-ISA-002.cr_op_rs2.sub_pos_rand; CG-ISA-002.cr_op_rs2.sub_zero; CG-ISA-002.cr_op_rs2.xor_all_ones; CG-ISA-002.cr_op_rs2.xor_int_max; CG-ISA-002.cr_op_rs2.xor_int_min; CG-ISA-002.cr_op_rs2.xor_neg_rand; CG-ISA-002.cr_op_rs2.xor_one; CG-ISA-002.cr_op_rs2.xor_pos_rand; CG-ISA-002.cr_op_rs2.xor_zero; CG-ISA-002.cr_op_same.add_all_same; CG-ISA-002.cr_op_same.add_distinct; CG-ISA-002.cr_op_same.add_rs1_eq_rd; CG-ISA-002.cr_op_same.add_rs1_eq_rs2; CG-ISA-002.cr_op_same.add_rs2_eq_rd; CG-ISA-002.cr_op_same.and_all_same; CG-ISA-002.cr_op_same.and_distinct; CG-ISA-002.cr_op_same.and_rs1_eq_rd; CG-ISA-002.cr_op_same.and_rs1_eq_rs2; CG-ISA-002.cr_op_same.and_rs2_eq_rd; CG-ISA-002.cr_op_same.or_all_same; CG-ISA-002.cr_op_same.or_distinct; CG-ISA-002.cr_op_same.or_rs1_eq_rd; CG-ISA-002.cr_op_same.or_rs1_eq_rs2; CG-ISA-002.cr_op_same.or_rs2_eq_rd; CG-ISA-002.cr_op_same.slt_all_same; CG-ISA-002.cr_op_same.slt_distinct; CG-ISA-002.cr_op_same.slt_rs1_eq_rd; CG-ISA-002.cr_op_same.slt_rs1_eq_rs2; CG-ISA-002.cr_op_same.slt_rs2_eq_rd; CG-ISA-002.cr_op_same.sltu_all_same; CG-ISA-002.cr_op_same.sltu_distinct; CG-ISA-002.cr_op_same.sltu_rs1_eq_rd; CG-ISA-002.cr_op_same.sltu_rs1_eq_rs2; CG-ISA-002.cr_op_same.sltu_rs2_eq_rd; CG-ISA-002.cr_op_same.sub_all_same; CG-ISA-002.cr_op_same.sub_distinct; CG-ISA-002.cr_op_same.sub_rs1_eq_rd; CG-ISA-002.cr_op_same.sub_rs1_eq_rs2; CG-ISA-002.cr_op_same.sub_rs2_eq_rd; CG-ISA-002.cr_op_same.xor_all_same; CG-ISA-002.cr_op_same.xor_distinct; CG-ISA-002.cr_op_same.xor_rs1_eq_rd; CG-ISA-002.cr_op_same.xor_rs1_eq_rs2; CG-ISA-002.cr_op_same.xor_rs2_eq_rd; CG-ISA-002.cr_op_sign.add_nn; CG-ISA-002.cr_op_sign.add_np; CG-ISA-002.cr_op_sign.add_pn; CG-ISA-002.cr_op_sign.add_pp; CG-ISA-002.cr_op_sign.and_nn; CG-ISA-002.cr_op_sign.and_np; CG-ISA-002.cr_op_sign.and_pn; CG-ISA-002.cr_op_sign.and_pp; CG-ISA-002.cr_op_sign.or_nn; CG-ISA-002.cr_op_sign.or_np; CG-ISA-002.cr_op_sign.or_pn; CG-ISA-002.cr_op_sign.or_pp; CG-ISA-002.cr_op_sign.slt_nn; CG-ISA-002.cr_op_sign.slt_np; CG-ISA-002.cr_op_sign.slt_pn; CG-ISA-002.cr_op_sign.slt_pp; CG-ISA-002.cr_op_sign.sltu_nn; CG-ISA-002.cr_op_sign.sltu_np; CG-ISA-002.cr_op_sign.sltu_pn; CG-ISA-002.cr_op_sign.sltu_pp; CG-ISA-002.cr_op_sign.sub_nn; CG-ISA-002.cr_op_sign.sub_np; CG-ISA-002.cr_op_sign.sub_pn; CG-ISA-002.cr_op_sign.sub_pp; CG-ISA-002.cr_op_sign.xor_nn; CG-ISA-002.cr_op_sign.xor_np; CG-ISA-002.cr_op_sign.xor_pn; CG-ISA-002.cr_op_sign.xor_pp; CG-ISA-002.cr_wrap.add_none; CG-ISA-002.cr_wrap.sub_none,0,no,,NOT-RUN-CLEAN (fcov expectation unverifiable: per-test urg report has no grpinfo.txt )
TP-ISA-008,gen_isa_alu,gen_test_isa_alu,targeted,3,FAIL,yes,15,15,CG-ISA-002.cp_op.add; CG-ISA-002.cp_op.sub; CG-ISA-002.cp_result_class.all_ones; CG-ISA-002.cp_result_class.int_max; CG-ISA-002.cp_result_class.zero; CG-ISA-002.cp_wrap.add_carry; CG-ISA-002.cp_wrap.add_neg_ovf; CG-ISA-002.cp_wrap.add_pos_ovf; CG-ISA-002.cp_wrap.sub_borrow; CG-ISA-002.cp_wrap.sub_ovf; CG-ISA-002.cr_wrap.add_add_carry; CG-ISA-002.cr_wrap.add_add_neg_ovf; CG-ISA-002.cr_wrap.add_add_pos_ovf; CG-ISA-002.cr_wrap.sub_sub_borrow; CG-ISA-002.cr_wrap.sub_sub_ovf,0,no,,NOT-RUN-CLEAN (fcov expectation unverifiable: per-test urg report has no grpinfo.txt )
TP-ISA-009,gen_isa_alu,gen_test_isa_alu,targeted,3,FAIL,yes,127,127,CG-ISA-002.cp_eq_operands.yes; CG-ISA-002.cp_op.add; CG-ISA-002.cp_op.and; CG-ISA-002.cp_op.or; CG-ISA-002.cp_op.slt; CG-ISA-002.cp_op.sltu; CG-ISA-002.cp_op.sub; CG-ISA-002.cp_op.xor; CG-ISA-002.cp_rs1_class.all_ones; CG-ISA-002.cp_rs1_class.int_max; CG-ISA-002.cp_rs1_class.int_min; CG-ISA-002.cp_rs1_class.neg_rand; CG-ISA-002.cp_rs1_class.one; CG-ISA-002.cp_rs1_class.pos_rand; CG-ISA-002.cp_rs1_class.zero; CG-ISA-002.cp_rs2_class.all_ones; CG-ISA-002.cp_rs2_class.int_max; CG-ISA-002.cp_rs2_class.int_min; CG-ISA-002.cp_rs2_class.neg_rand; CG-ISA-002.cp_rs2_class.one; CG-ISA-002.cp_rs2_class.pos_rand; CG-ISA-002.cp_rs2_class.zero; CG-ISA-002.cr_op_eq.add_yes; CG-ISA-002.cr_op_eq.and_yes; CG-ISA-002.cr_op_eq.or_yes; CG-ISA-002.cr_op_eq.slt_yes; CG-ISA-002.cr_op_eq.sltu_yes; CG-ISA-002.cr_op_eq.sub_yes; CG-ISA-002.cr_op_eq.xor_yes; CG-ISA-002.cr_slt_boundary.slt_all_ones_all_ones; CG-ISA-002.cr_slt_boundary.slt_all_ones_int_max; CG-ISA-002.cr_slt_boundary.slt_all_ones_int_min; CG-ISA-002.cr_slt_boundary.slt_all_ones_neg_rand; CG-ISA-002.cr_slt_boundary.slt_all_ones_one; CG-ISA-002.cr_slt_boundary.slt_all_ones_pos_rand; CG-ISA-002.cr_slt_boundary.slt_all_ones_zero; CG-ISA-002.cr_slt_boundary.slt_int_max_all_ones; CG-ISA-002.cr_slt_boundary.slt_int_max_int_max; CG-ISA-002.cr_slt_boundary.slt_int_max_int_min; CG-ISA-002.cr_slt_boundary.slt_int_max_neg_rand; CG-ISA-002.cr_slt_boundary.slt_int_max_one; CG-ISA-002.cr_slt_boundary.slt_int_max_pos_rand; CG-ISA-002.cr_slt_boundary.slt_int_max_zero; CG-ISA-002.cr_slt_boundary.slt_int_min_all_ones; CG-ISA-002.cr_slt_boundary.slt_int_min_int_max; CG-ISA-002.cr_slt_boundary.slt_int_min_int_min; CG-ISA-002.cr_slt_boundary.slt_int_min_neg_rand; CG-ISA-002.cr_slt_boundary.slt_int_min_one; CG-ISA-002.cr_slt_boundary.slt_int_min_pos_rand; CG-ISA-002.cr_slt_boundary.slt_int_min_zero; CG-ISA-002.cr_slt_boundary.slt_neg_rand_all_ones; CG-ISA-002.cr_slt_boundary.slt_neg_rand_int_max; CG-ISA-002.cr_slt_boundary.slt_neg_rand_int_min; CG-ISA-002.cr_slt_boundary.slt_neg_rand_neg_rand; CG-ISA-002.cr_slt_boundary.slt_neg_rand_one; CG-ISA-002.cr_slt_boundary.slt_neg_rand_pos_rand; CG-ISA-002.cr_slt_boundary.slt_neg_rand_zero; CG-ISA-002.cr_slt_boundary.slt_one_all_ones; CG-ISA-002.cr_slt_boundary.slt_one_int_max; CG-ISA-002.cr_slt_boundary.slt_one_int_min; CG-ISA-002.cr_slt_boundary.slt_one_neg_rand; CG-ISA-002.cr_slt_boundary.slt_one_one; CG-ISA-002.cr_slt_boundary.slt_one_pos_rand; CG-ISA-002.cr_slt_boundary.slt_one_zero; CG-ISA-002.cr_slt_boundary.slt_pos_rand_all_ones; CG-ISA-002.cr_slt_boundary.slt_pos_rand_int_max; CG-ISA-002.cr_slt_boundary.slt_pos_rand_int_min; CG-ISA-002.cr_slt_boundary.slt_pos_rand_neg_rand; CG-ISA-002.cr_slt_boundary.slt_pos_rand_one; CG-ISA-002.cr_slt_boundary.slt_pos_rand_pos_rand; CG-ISA-002.cr_slt_boundary.slt_pos_rand_zero; CG-ISA-002.cr_slt_boundary.slt_zero_all_ones; CG-ISA-002.cr_slt_boundary.slt_zero_int_max; CG-ISA-002.cr_slt_boundary.slt_zero_int_min; CG-ISA-002.cr_slt_boundary.slt_zero_neg_rand; CG-ISA-002.cr_slt_boundary.slt_zero_one; CG-ISA-002.cr_slt_boundary.slt_zero_pos_rand; CG-ISA-002.cr_slt_boundary.slt_zero_zero; CG-ISA-002.cr_slt_boundary.sltu_all_ones_all_ones; CG-ISA-002.cr_slt_boundary.sltu_all_ones_int_max; CG-ISA-002.cr_slt_boundary.sltu_all_ones_int_min; CG-ISA-002.cr_slt_boundary.sltu_all_ones_neg_rand; CG-ISA-002.cr_slt_boundary.sltu_all_ones_one; CG-ISA-002.cr_slt_boundary.sltu_all_ones_pos_rand; CG-ISA-002.cr_slt_boundary.sltu_all_ones_zero; CG-ISA-002.cr_slt_boundary.sltu_int_max_all_ones; CG-ISA-002.cr_slt_boundary.sltu_int_max_int_max; CG-ISA-002.cr_slt_boundary.sltu_int_max_int_min; CG-ISA-002.cr_slt_boundary.sltu_int_max_neg_rand; CG-ISA-002.cr_slt_boundary.sltu_int_max_one; CG-ISA-002.cr_slt_boundary.sltu_int_max_pos_rand; CG-ISA-002.cr_slt_boundary.sltu_int_max_zero; CG-ISA-002.cr_slt_boundary.sltu_int_min_all_ones; CG-ISA-002.cr_slt_boundary.sltu_int_min_int_max; CG-ISA-002.cr_slt_boundary.sltu_int_min_int_min; CG-ISA-002.cr_slt_boundary.sltu_int_min_neg_rand; CG-ISA-002.cr_slt_boundary.sltu_int_min_one; CG-ISA-002.cr_slt_boundary.sltu_int_min_pos_rand; CG-ISA-002.cr_slt_boundary.sltu_int_min_zero; CG-ISA-002.cr_slt_boundary.sltu_neg_rand_all_ones; CG-ISA-002.cr_slt_boundary.sltu_neg_rand_int_max; CG-ISA-002.cr_slt_boundary.sltu_neg_rand_int_min; CG-ISA-002.cr_slt_boundary.sltu_neg_rand_neg_rand; CG-ISA-002.cr_slt_boundary.sltu_neg_rand_one; CG-ISA-002.cr_slt_boundary.sltu_neg_rand_pos_rand; CG-ISA-002.cr_slt_boundary.sltu_neg_rand_zero; CG-ISA-002.cr_slt_boundary.sltu_one_all_ones; CG-ISA-002.cr_slt_boundary.sltu_one_int_max; CG-ISA-002.cr_slt_boundary.sltu_one_int_min; CG-ISA-002.cr_slt_boundary.sltu_one_neg_rand; CG-ISA-002.cr_slt_boundary.sltu_one_one; CG-ISA-002.cr_slt_boundary.sltu_one_pos_rand; CG-ISA-002.cr_slt_boundary.sltu_one_zero; CG-ISA-002.cr_slt_boundary.sltu_pos_rand_all_ones; CG-ISA-002.cr_slt_boundary.sltu_pos_rand_int_max; CG-ISA-002.cr_slt_boundary.sltu_pos_rand_int_min; CG-ISA-002.cr_slt_boundary.sltu_pos_rand_neg_rand; CG-ISA-002.cr_slt_boundary.sltu_pos_rand_one; CG-ISA-002.cr_slt_boundary.sltu_pos_rand_pos_rand; CG-ISA-002.cr_slt_boundary.sltu_pos_rand_zero; CG-ISA-002.cr_slt_boundary.sltu_zero_all_ones; CG-ISA-002.cr_slt_boundary.sltu_zero_int_max; CG-ISA-002.cr_slt_boundary.sltu_zero_int_min; CG-ISA-002.cr_slt_boundary.sltu_zero_neg_rand; CG-ISA-002.cr_slt_boundary.sltu_zero_one; CG-ISA-002.cr_slt_boundary.sltu_zero_pos_rand; CG-ISA-002.cr_slt_boundary.sltu_zero_zero,0,no,,NOT-RUN-CLEAN (fcov expectation unverifiable: per-test urg report has no grpinfo.txt )
TP-ISA-010,gen_isa_shift,gen_test_isa_shift,smoke,3,FAIL,yes,57,57,CG-ISA-003.cp_op.slli; CG-ISA-003.cp_op.srai; CG-ISA-003.cp_op.srli; CG-ISA-003.cp_operand.all_ones; CG-ISA-003.cp_operand.lsb_only; CG-ISA-003.cp_operand.msb_only; CG-ISA-003.cp_operand.neg_rand; CG-ISA-003.cp_operand.pos_rand; CG-ISA-003.cp_operand.zero; CG-ISA-003.cp_rd_x0.no; CG-ISA-003.cp_rd_x0.yes; CG-ISA-003.cp_result_class.all_ones; CG-ISA-003.cp_result_class.c0000000; CG-ISA-003.cp_result_class.msb_only; CG-ISA-003.cp_result_class.one; CG-ISA-003.cp_result_class.other; CG-ISA-003.cp_result_class.zero; CG-ISA-003.cp_shamt.mid; CG-ISA-003.cp_shamt.s0; CG-ISA-003.cp_shamt.s1; CG-ISA-003.cp_shamt.s31; CG-ISA-003.cr_op_operand.slli_all_ones; CG-ISA-003.cr_op_operand.slli_lsb_only; CG-ISA-003.cr_op_operand.slli_msb_only; CG-ISA-003.cr_op_operand.slli_neg_rand; CG-ISA-003.cr_op_operand.slli_pos_rand; CG-ISA-003.cr_op_operand.slli_zero; CG-ISA-003.cr_op_operand.srai_all_ones; CG-ISA-003.cr_op_operand.srai_lsb_only; CG-ISA-003.cr_op_operand.srai_msb_only; CG-ISA-003.cr_op_operand.srai_neg_rand; CG-ISA-003.cr_op_operand.srai_pos_rand; CG-ISA-003.cr_op_operand.srai_zero; CG-ISA-003.cr_op_operand.srli_all_ones; CG-ISA-003.cr_op_operand.srli_lsb_only; CG-ISA-003.cr_op_operand.srli_msb_only; CG-ISA-003.cr_op_operand.srli_neg_rand; CG-ISA-003.cr_op_operand.srli_pos_rand; CG-ISA-003.cr_op_operand.srli_zero; CG-ISA-003.cr_op_rd_x0.slli_no; CG-ISA-003.cr_op_rd_x0.slli_yes; CG-ISA-003.cr_op_rd_x0.srai_no; CG-ISA-003.cr_op_rd_x0.srai_yes; CG-ISA-003.cr_op_rd_x0.srli_no; CG-ISA-003.cr_op_rd_x0.srli_yes; CG-ISA-003.cr_op_shamt.slli_mid; CG-ISA-003.cr_op_shamt.slli_s0; CG-ISA-003.cr_op_shamt.slli_s1; CG-ISA-003.cr_op_shamt.slli_s31; CG-ISA-003.cr_op_shamt.srai_mid; CG-ISA-003.cr_op_shamt.srai_s0; CG-ISA-003.cr_op_shamt.srai_s1; CG-ISA-003.cr_op_shamt.srai_s31; CG-ISA-003.cr_op_shamt.srli_mid; CG-ISA-003.cr_op_shamt.srli_s0; CG-ISA-003.cr_op_shamt.srli_s1; CG-ISA-003.cr_op_shamt.srli_s31,0,no,,NOT-RUN-CLEAN (fcov expectation unverifiable: per-test urg report has no grpinfo.txt )
TP-ISA-011,gen_isa_shift,gen_test_isa_shift,targeted,3,FAIL,yes,22,22,CG-ISA-003.cp_op.slli; CG-ISA-003.cp_op.sra; CG-ISA-003.cp_op.srai; CG-ISA-003.cp_op.srli; CG-ISA-003.cp_operand.lsb_only; CG-ISA-003.cp_operand.msb_only; CG-ISA-003.cp_operand.neg_rand; CG-ISA-003.cp_operand.pos_rand; CG-ISA-003.cp_result_class.c0000000; CG-ISA-003.cp_result_class.msb_only; CG-ISA-003.cp_result_class.one; CG-ISA-003.cp_shamt.s0; CG-ISA-003.cp_shamt.s1; CG-ISA-003.cp_shamt.s31; CG-ISA-003.cr_sra_sign.slli_lsb_31; CG-ISA-003.cr_sra_sign.sra_msb_1; CG-ISA-003.cr_sra_sign.sra_neg_31; CG-ISA-003.cr_sra_sign.sra_pos_31; CG-ISA-003.cr_sra_sign.srai_msb_1; CG-ISA-003.cr_sra_sign.srai_neg_31; CG-ISA-003.cr_sra_sign.srai_pos_31; CG-ISA-003.cr_sra_sign.srli_msb_31,0,no,,NOT-RUN-CLEAN (fcov expectation unverifiable: per-test urg report has no grpinfo.txt )
TP-ISA-013,gen_isa_shift,gen_test_isa_shift,smoke,3,FAIL,yes,39,39,CG-ISA-003.cp_op.sll; CG-ISA-003.cp_op.sra; CG-ISA-003.cp_op.srl; CG-ISA-003.cp_operand.all_ones; CG-ISA-003.cp_operand.lsb_only; CG-ISA-003.cp_operand.msb_only; CG-ISA-003.cp_operand.neg_rand; CG-ISA-003.cp_operand.pos_rand; CG-ISA-003.cp_operand.zero; CG-ISA-003.cp_rd_x0.no; CG-ISA-003.cp_rd_x0.yes; CG-ISA-003.cp_rs2_upper.zero; CG-ISA-003.cr_op_operand.sll_all_ones; CG-ISA-003.cr_op_operand.sll_lsb_only; CG-ISA-003.cr_op_operand.sll_msb_only; CG-ISA-003.cr_op_operand.sll_neg_rand; CG-ISA-003.cr_op_operand.sll_pos_rand; CG-ISA-003.cr_op_operand.sll_zero; CG-ISA-003.cr_op_operand.sra_all_ones; CG-ISA-003.cr_op_operand.sra_lsb_only; CG-ISA-003.cr_op_operand.sra_msb_only; CG-ISA-003.cr_op_operand.sra_neg_rand; CG-ISA-003.cr_op_operand.sra_pos_rand; CG-ISA-003.cr_op_operand.sra_zero; CG-ISA-003.cr_op_operand.srl_all_ones; CG-ISA-003.cr_op_operand.srl_lsb_only; CG-ISA-003.cr_op_operand.srl_msb_only; CG-ISA-003.cr_op_operand.srl_neg_rand; CG-ISA-003.cr_op_operand.srl_pos_rand; CG-ISA-003.cr_op_operand.srl_zero; CG-ISA-003.cr_op_rd_x0.sll_no; CG-ISA-003.cr_op_rd_x0.sll_yes; CG-ISA-003.cr_op_rd_x0.sra_no; CG-ISA-003.cr_op_rd_x0.sra_yes; CG-ISA-003.cr_op_rd_x0.srl_no; CG-ISA-003.cr_op_rd_x0.srl_yes; CG-ISA-003.cr_reg_upper.sll_zero; CG-ISA-003.cr_reg_upper.sra_zero; CG-ISA-003.cr_reg_upper.srl_zero,0,no,,NOT-RUN-CLEAN (fcov expectation unverifiable: per-test urg report has no grpinfo.txt )
TP-ISA-014,gen_isa_shift,gen_test_isa_shift,targeted,3,FAIL,yes,27,27,CG-ISA-003.cp_op.sll; CG-ISA-003.cp_op.sra; CG-ISA-003.cp_op.srl; CG-ISA-003.cp_rs2_upper.all_ones; CG-ISA-003.cp_rs2_upper.ffffffe0; CG-ISA-003.cp_rs2_upper.is32; CG-ISA-003.cp_rs2_upper.is33; CG-ISA-003.cp_rs2_upper.msb_only; CG-ISA-003.cp_rs2_upper.other_nonzero; CG-ISA-003.cr_reg_upper.sll_all_ones; CG-ISA-003.cr_reg_upper.sll_ffffffe0; CG-ISA-003.cr_reg_upper.sll_is32; CG-ISA-003.cr_reg_upper.sll_is33; CG-ISA-003.cr_reg_upper.sll_msb_only; CG-ISA-003.cr_reg_upper.sll_other_nonzero; CG-ISA-003.cr_reg_upper.sra_all_ones; CG-ISA-003.cr_reg_upper.sra_ffffffe0; CG-ISA-003.cr_reg_upper.sra_is32; CG-ISA-003.cr_reg_upper.sra_is33; CG-ISA-003.cr_reg_upper.sra_msb_only; CG-ISA-003.cr_reg_upper.sra_other_nonzero; CG-ISA-003.cr_reg_upper.srl_all_ones; CG-ISA-003.cr_reg_upper.srl_ffffffe0; CG-ISA-003.cr_reg_upper.srl_is32; CG-ISA-003.cr_reg_upper.srl_is33; CG-ISA-003.cr_reg_upper.srl_msb_only; CG-ISA-003.cr_reg_upper.srl_other_nonzero,0,no,,NOT-RUN-CLEAN (fcov expectation unverifiable: per-test urg report has no grpinfo.txt )
TP-ISA-015,gen_isa_cti,gen_test_isa_cti,smoke,3,FAIL,yes,22,22,CG-ISA-006.cp_jal_off.neg_rand; CG-ISA-006.cp_jal_off.pos_rand; CG-ISA-006.cp_link_len.pc4; CG-ISA-006.cp_op.jal; CG-ISA-006.cp_pc_region.mid; CG-ISA-006.cp_rd_class.other; CG-ISA-006.cp_rd_class.x0; CG-ISA-006.cp_rd_class.x1; CG-ISA-006.cp_rd_class.x5; CG-ISA-006.cp_target_align.half; CG-ISA-006.cp_target_align.word; CG-ISA-006.cr_jal_off_rd.jal_neg_rand_other; CG-ISA-006.cr_jal_off_rd.jal_neg_rand_x0; CG-ISA-006.cr_jal_off_rd.jal_neg_rand_x1; CG-ISA-006.cr_jal_off_rd.jal_neg_rand_x5; CG-ISA-006.cr_jal_off_rd.jal_pos_rand_other; CG-ISA-006.cr_jal_off_rd.jal_pos_rand_x0; CG-ISA-006.cr_jal_off_rd.jal_pos_rand_x1; CG-ISA-006.cr_jal_off_rd.jal_pos_rand_x5; CG-ISA-006.cr_link.jal_pc4; CG-ISA-006.cr_op_align.jal_half; CG-ISA-006.cr_op_align.jal_word,0,no,,NOT-RUN-CLEAN (fcov expectation unverifiable: per-test urg report has no grpinfo.txt )
TP-ISA-016,gen_isa_cti,gen_test_isa_cti,targeted,3,FAIL,none,40,40,CG-ISA-006.cp_jal_off.max_bwd (not declared); CG-ISA-006.cp_jal_off.max_fwd (not declared); CG-ISA-006.cp_jal_off.neg_rand; CG-ISA-006.cp_jal_off.self (not declared); CG-ISA-006.cp_op.c_j; CG-ISA-006.cp_op.c_jal; CG-ISA-006.cp_op.c_jalr; CG-ISA-006.cp_op.c_jr; CG-ISA-006.cp_op.jal; CG-ISA-006.cp_op.jalr; CG-ISA-006.cp_pc_region.zero_page (not declared); CG-ISA-006.cp_rd_class.other; CG-ISA-006.cp_rd_class.x0; CG-ISA-006.cp_rd_class.x1; CG-ISA-006.cp_rd_class.x5; CG-ISA-006.cp_wrap.no; CG-ISA-006.cp_wrap.yes (not declared); CG-ISA-006.cr_jal_off_rd.jal_max_bwd_other (not declared); CG-ISA-006.cr_jal_off_rd.jal_max_bwd_x0 (not declared); CG-ISA-006.cr_jal_off_rd.jal_max_bwd_x1 (not declared); CG-ISA-006.cr_jal_off_rd.jal_max_bwd_x5 (not declared); CG-ISA-006.cr_jal_off_rd.jal_max_fwd_other (not declared); CG-ISA-006.cr_jal_off_rd.jal_max_fwd_x0 (not declared); CG-ISA-006.cr_jal_off_rd.jal_max_fwd_x1 (not declared); CG-ISA-006.cr_jal_off_rd.jal_max_fwd_x5 (not declared); CG-ISA-006.cr_jal_off_rd.jal_self_other (not declared); CG-ISA-006.cr_jal_off_rd.jal_self_x0 (not declared); CG-ISA-006.cr_jal_off_rd.jal_self_x1 (not declared); CG-ISA-006.cr_jal_off_rd.jal_self_x5 (not declared); CG-ISA-006.cr_op_wrap.c_j_no (not declared); CG-ISA-006.cr_op_wrap.c_j_yes (not declared); CG-ISA-006.cr_op_wrap.c_jal_no (not declared); CG-ISA-006.cr_op_wrap.c_jal_yes (not declared); CG-ISA-006.cr_op_wrap.c_jalr_no (not declared); CG-ISA-006.cr_op_wrap.c_jr_no (not declared); CG-ISA-006.cr_op_wrap.jal_no (not declared); CG-ISA-006.cr_op_wrap.jal_yes (not declared); CG-ISA-006.cr_op_wrap.jalr_no (not declared); CG-ISA-006.cr_op_wrap.jalr_yes (not declared); CG-ISA-006.cr_zero_page_bwd.jal_zero_page_neg (not declared),0,no,,NOT-RUN-CLEAN (fcov expectation unverifiable: per-test urg report has no grpinfo.txt )
TP-ISA-017,gen_isa_cti,gen_test_isa_cti,targeted,3,FAIL,yes,17,17,CG-CMP-002.cp_link.pc2; CG-ISA-006.cp_jalr_imm.neg_rand; CG-ISA-006.cp_jalr_imm.pos_rand; CG-ISA-006.cp_jalr_rs1.other; CG-ISA-006.cp_link_len.pc2; CG-ISA-006.cp_link_len.pc4; CG-ISA-006.cp_op.c_jal; CG-ISA-006.cp_op.c_jalr; CG-ISA-006.cp_op.jal; CG-ISA-006.cp_op.jalr; CG-ISA-006.cp_target_odd.no; CG-ISA-006.cr_jalr_rs1_imm.other_neg_rand; CG-ISA-006.cr_jalr_rs1_imm.other_pos_rand; CG-ISA-006.cr_link.c_jal_pc2; CG-ISA-006.cr_link.c_jalr_pc2; CG-ISA-006.cr_link.jal_pc4; CG-ISA-006.cr_link.jalr_pc4,0,no,,NOT-RUN-CLEAN (fcov expectation unverifiable: per-test urg report has no grpinfo.txt )
TP-ISA-018,gen_isa_cti,gen_test_isa_cti,smoke,3,FAIL,yes,18,18,CG-ISA-006.cp_jalr_imm.max_pos; CG-ISA-006.cp_jalr_imm.min_neg; CG-ISA-006.cp_jalr_imm.zero; CG-ISA-006.cp_jalr_rs1.eq_rd; CG-ISA-006.cp_jalr_rs1.other; CG-ISA-006.cp_jalr_rs1.x0; CG-ISA-006.cp_link_len.pc4; CG-ISA-006.cp_op.jalr; CG-ISA-006.cr_jalr_rs1_imm.eq_rd_max_pos; CG-ISA-006.cr_jalr_rs1_imm.eq_rd_min_neg; CG-ISA-006.cr_jalr_rs1_imm.eq_rd_zero; CG-ISA-006.cr_jalr_rs1_imm.other_max_pos; CG-ISA-006.cr_jalr_rs1_imm.other_min_neg; CG-ISA-006.cr_jalr_rs1_imm.other_zero; CG-ISA-006.cr_jalr_rs1_imm.x0_max_pos; CG-ISA-006.cr_jalr_rs1_imm.x0_min_neg; CG-ISA-006.cr_jalr_rs1_imm.x0_zero; CG-ISA-006.cr_link.jalr_pc4,0,no,,NOT-RUN-CLEAN (fcov expectation unverifiable: per-test urg report has no grpinfo.txt )
TP-ISA-019,gen_isa_cti,gen_test_isa_cti,targeted,3,FAIL,yes,10,10,CG-ISA-006.cp_jalr_imm.odd; CG-ISA-006.cp_jalr_rs1.other; CG-ISA-006.cp_op.c_jalr; CG-ISA-006.cp_op.c_jr; CG-ISA-006.cp_op.jalr; CG-ISA-006.cp_target_odd.yes; CG-ISA-006.cr_jalr_rs1_imm.other_odd; CG-ISA-006.cr_odd.c_jalr_odd; CG-ISA-006.cr_odd.c_jr_odd; CG-ISA-006.cr_odd.jalr_odd,0,no,,NOT-RUN-CLEAN (fcov expectation unverifiable: per-test urg report has no grpinfo.txt )
TP-ISA-020,gen_isa_cti,gen_test_isa_cti,targeted,3,FAIL,yes,13,13,CG-ISA-006.cp_jalr_imm.max_pos; CG-ISA-006.cp_jalr_imm.min_neg; CG-ISA-006.cp_jalr_imm.neg_rand; CG-ISA-006.cp_jalr_imm.odd; CG-ISA-006.cp_jalr_imm.pos_rand; CG-ISA-006.cp_jalr_imm.zero; CG-ISA-006.cp_jalr_rs1.eq_rd; CG-ISA-006.cr_jalr_rs1_imm.eq_rd_max_pos; CG-ISA-006.cr_jalr_rs1_imm.eq_rd_min_neg; CG-ISA-006.cr_jalr_rs1_imm.eq_rd_neg_rand; CG-ISA-006.cr_jalr_rs1_imm.eq_rd_odd; CG-ISA-006.cr_jalr_rs1_imm.eq_rd_pos_rand; CG-ISA-006.cr_jalr_rs1_imm.eq_rd_zero,0,no,,NOT-RUN-CLEAN (fcov expectation unverifiable: per-test urg report has no grpinfo.txt )
TP-ISA-022,gen_isa_cti,gen_test_isa_cti,targeted,3,FAIL,none,15,15,CG-ISA-006.cp_jalr_imm.max_pos; CG-ISA-006.cp_jalr_imm.min_neg; CG-ISA-006.cp_jalr_imm.neg_rand; CG-ISA-006.cp_jalr_imm.odd; CG-ISA-006.cp_jalr_imm.pos_rand; CG-ISA-006.cp_jalr_imm.zero; CG-ISA-006.cp_jalr_rs1.x0; CG-ISA-006.cp_pc_region.high (not declared); CG-ISA-006.cp_wrap.yes (not declared); CG-ISA-006.cr_jalr_rs1_imm.x0_max_pos; CG-ISA-006.cr_jalr_rs1_imm.x0_min_neg; CG-ISA-006.cr_jalr_rs1_imm.x0_neg_rand (not declared); CG-ISA-006.cr_jalr_rs1_imm.x0_odd (not declared); CG-ISA-006.cr_jalr_rs1_imm.x0_pos_rand (not declared); CG-ISA-006.cr_jalr_rs1_imm.x0_zero,0,no,,NOT-RUN-CLEAN (fcov expectation unverifiable: per-test urg report has no grpinfo.txt )
TP-ISA-023,gen_isa_cti,gen_test_isa_cti,smoke,3,FAIL,yes,122,122,CG-ISA-007.cp_cmp_class.both_msb_eq; CG-ISA-007.cp_cmp_class.equal; CG-ISA-007.cp_cmp_class.intmin_zero; CG-ISA-007.cp_cmp_class.ones_zero; CG-ISA-007.cp_cmp_class.rand; CG-ISA-007.cp_cmp_class.sgt_ult; CG-ISA-007.cp_cmp_class.slt_ugt; CG-ISA-007.cp_cmp_class.zero_intmin; CG-ISA-007.cp_cmp_class.zero_ones; CG-ISA-007.cp_offset.neg_rand; CG-ISA-007.cp_offset.pos_rand; CG-ISA-007.cp_op.beq; CG-ISA-007.cp_op.bge; CG-ISA-007.cp_op.bgeu; CG-ISA-007.cp_op.blt; CG-ISA-007.cp_op.bltu; CG-ISA-007.cp_op.bne; CG-ISA-007.cp_taken.no; CG-ISA-007.cp_taken.yes; CG-ISA-007.cp_target_align.half; CG-ISA-007.cp_target_align.word; CG-ISA-007.cp_wrap.no; CG-ISA-007.cr_op_align.beq_half; CG-ISA-007.cr_op_align.beq_word; CG-ISA-007.cr_op_align.bge_half; CG-ISA-007.cr_op_align.bge_word; CG-ISA-007.cr_op_align.bgeu_half; CG-ISA-007.cr_op_align.bgeu_word; CG-ISA-007.cr_op_align.blt_half; CG-ISA-007.cr_op_align.blt_word; CG-ISA-007.cr_op_align.bltu_half; CG-ISA-007.cr_op_align.bltu_word; CG-ISA-007.cr_op_align.bne_half; CG-ISA-007.cr_op_align.bne_word; CG-ISA-007.cr_op_offset_taken.beq_neg_rand_no; CG-ISA-007.cr_op_offset_taken.beq_neg_rand_yes; CG-ISA-007.cr_op_offset_taken.beq_pos_rand_no; CG-ISA-007.cr_op_offset_taken.beq_pos_rand_yes; CG-ISA-007.cr_op_offset_taken.bge_neg_rand_no; CG-ISA-007.cr_op_offset_taken.bge_neg_rand_yes; CG-ISA-007.cr_op_offset_taken.bge_pos_rand_no; CG-ISA-007.cr_op_offset_taken.bge_pos_rand_yes; CG-ISA-007.cr_op_offset_taken.bgeu_neg_rand_no; CG-ISA-007.cr_op_offset_taken.bgeu_neg_rand_yes; CG-ISA-007.cr_op_offset_taken.bgeu_pos_rand_no; CG-ISA-007.cr_op_offset_taken.bgeu_pos_rand_yes; CG-ISA-007.cr_op_offset_taken.blt_neg_rand_no; CG-ISA-007.cr_op_offset_taken.blt_neg_rand_yes; CG-ISA-007.cr_op_offset_taken.blt_pos_rand_no; CG-ISA-007.cr_op_offset_taken.blt_pos_rand_yes; CG-ISA-007.cr_op_offset_taken.bltu_neg_rand_no; CG-ISA-007.cr_op_offset_taken.bltu_neg_rand_yes; CG-ISA-007.cr_op_offset_taken.bltu_pos_rand_no; CG-ISA-007.cr_op_offset_taken.bltu_pos_rand_yes; CG-ISA-007.cr_op_offset_taken.bne_neg_rand_no; CG-ISA-007.cr_op_offset_taken.bne_neg_rand_yes; CG-ISA-007.cr_op_offset_taken.bne_pos_rand_no; CG-ISA-007.cr_op_offset_taken.bne_pos_rand_yes; CG-ISA-007.cr_op_taken_cmp.beq_no_intmin_zero; CG-ISA-007.cr_op_taken_cmp.beq_no_ones_zero; CG-ISA-007.cr_op_taken_cmp.beq_no_rand; CG-ISA-007.cr_op_taken_cmp.beq_no_sgt_ult; CG-ISA-007.cr_op_taken_cmp.beq_no_slt_ugt; CG-ISA-007.cr_op_taken_cmp.beq_no_zero_intmin; CG-ISA-007.cr_op_taken_cmp.beq_no_zero_ones; CG-ISA-007.cr_op_taken_cmp.beq_yes_both_msb_eq; CG-ISA-007.cr_op_taken_cmp.beq_yes_equal; CG-ISA-007.cr_op_taken_cmp.bge_no_intmin_zero; CG-ISA-007.cr_op_taken_cmp.bge_no_ones_zero; CG-ISA-007.cr_op_taken_cmp.bge_no_rand; CG-ISA-007.cr_op_taken_cmp.bge_no_slt_ugt; CG-ISA-007.cr_op_taken_cmp.bge_yes_both_msb_eq; CG-ISA-007.cr_op_taken_cmp.bge_yes_equal; CG-ISA-007.cr_op_taken_cmp.bge_yes_rand; CG-ISA-007.cr_op_taken_cmp.bge_yes_sgt_ult; CG-ISA-007.cr_op_taken_cmp.bge_yes_zero_intmin; CG-ISA-007.cr_op_taken_cmp.bge_yes_zero_ones; CG-ISA-007.cr_op_taken_cmp.bgeu_no_rand; CG-ISA-007.cr_op_taken_cmp.bgeu_no_sgt_ult; CG-ISA-007.cr_op_taken_cmp.bgeu_no_zero_intmin; CG-ISA-007.cr_op_taken_cmp.bgeu_no_zero_ones; CG-ISA-007.cr_op_taken_cmp.bgeu_yes_both_msb_eq; CG-ISA-007.cr_op_taken_cmp.bgeu_yes_equal; CG-ISA-007.cr_op_taken_cmp.bgeu_yes_intmin_zero; CG-ISA-007.cr_op_taken_cmp.bgeu_yes_ones_zero; CG-ISA-007.cr_op_taken_cmp.bgeu_yes_rand; CG-ISA-007.cr_op_taken_cmp.bgeu_yes_slt_ugt; CG-ISA-007.cr_op_taken_cmp.blt_no_both_msb_eq; CG-ISA-007.cr_op_taken_cmp.blt_no_equal; CG-ISA-007.cr_op_taken_cmp.blt_no_rand; CG-ISA-007.cr_op_taken_cmp.blt_no_sgt_ult; CG-ISA-007.cr_op_taken_cmp.blt_no_zero_intmin; CG-ISA-007.cr_op_taken_cmp.blt_no_zero_ones; CG-ISA-007.cr_op_taken_cmp.blt_yes_intmin_zero; CG-ISA-007.cr_op_taken_cmp.blt_yes_ones_zero; CG-ISA-007.cr_op_taken_cmp.blt_yes_rand; CG-ISA-007.cr_op_taken_cmp.blt_yes_slt_ugt; CG-ISA-007.cr_op_taken_cmp.bltu_no_both_msb_eq; CG-ISA-007.cr_op_taken_cmp.bltu_no_equal; CG-ISA-007.cr_op_taken_cmp.bltu_no_intmin_zero; CG-ISA-007.cr_op_taken_cmp.bltu_no_ones_zero; CG-ISA-007.cr_op_taken_cmp.bltu_no_rand; CG-ISA-007.cr_op_taken_cmp.bltu_no_slt_ugt; CG-ISA-007.cr_op_taken_cmp.bltu_yes_rand; CG-ISA-007.cr_op_taken_cmp.bltu_yes_sgt_ult; CG-ISA-007.cr_op_taken_cmp.bltu_yes_zero_intmin; CG-ISA-007.cr_op_taken_cmp.bltu_yes_zero_ones; CG-ISA-007.cr_op_taken_cmp.bne_no_both_msb_eq; CG-ISA-007.cr_op_taken_cmp.bne_no_equal; CG-ISA-007.cr_op_taken_cmp.bne_yes_intmin_zero; CG-ISA-007.cr_op_taken_cmp.bne_yes_ones_zero; CG-ISA-007.cr_op_taken_cmp.bne_yes_rand; CG-ISA-007.cr_op_taken_cmp.bne_yes_sgt_ult; CG-ISA-007.cr_op_taken_cmp.bne_yes_slt_ugt; CG-ISA-007.cr_op_taken_cmp.bne_yes_zero_intmin; CG-ISA-007.cr_op_taken_cmp.bne_yes_zero_ones; CG-ISA-007.cr_wrap.beq_no; CG-ISA-007.cr_wrap.bge_no; CG-ISA-007.cr_wrap.bgeu_no; CG-ISA-007.cr_wrap.blt_no; CG-ISA-007.cr_wrap.bltu_no; CG-ISA-007.cr_wrap.bne_no,0,no,,NOT-RUN-CLEAN (fcov expectation unverifiable: per-test urg report has no grpinfo.txt )
TP-ISA-024,gen_isa_cti,gen_test_isa_cti,targeted,3,FAIL,none,9,9,CG-BTALU-001.cp_delta.d1 (not declared); CG-BTALU-001.cp_delta.d2 (not declared); CG-BTALU-001.cp_delta.d3plus (not declared); CG-BTALU-001.cp_dit.off (not declared); CG-BTALU-001.cp_fetch_stall.no (not declared); CG-BTALU-001.cp_redirect.no (not declared); CG-BTALU-001.cr_taken_dit_delta.nt_dit0_d1 (not declared); CG-BTALU-001.cr_taken_dit_delta.t_dit0_d2 (not declared); CG-BTALU-001.cr_taken_dit_redirect.nt_dit0_noredir (not declared),1,no,,NOT-RUN-CLEAN (fcov expectation unverifiable: per-test urg report has no grpinfo.txt )
TP-ISA-026,gen_isa_cti,gen_test_isa_cti,targeted,3,FAIL,none,70,70,CG-ISA-007.cp_offset.max_bwd (not declared); CG-ISA-007.cp_offset.max_fwd (not declared); CG-ISA-007.cp_offset.self (not declared); CG-ISA-007.cp_op.beq; CG-ISA-007.cp_op.bge; CG-ISA-007.cp_op.bgeu; CG-ISA-007.cp_op.blt; CG-ISA-007.cp_op.bltu; CG-ISA-007.cp_op.bne; CG-ISA-007.cp_op.c_beqz; CG-ISA-007.cp_op.c_bnez; CG-ISA-007.cp_taken.no; CG-ISA-007.cp_taken.yes; CG-ISA-007.cp_wrap.yes (not declared); CG-ISA-007.cr_op_offset_taken.beq_max_bwd_no (not declared); CG-ISA-007.cr_op_offset_taken.beq_max_bwd_yes (not declared); CG-ISA-007.cr_op_offset_taken.beq_max_fwd_no (not declared); CG-ISA-007.cr_op_offset_taken.beq_max_fwd_yes (not declared); CG-ISA-007.cr_op_offset_taken.beq_self_no (not declared); CG-ISA-007.cr_op_offset_taken.beq_self_yes (not declared); CG-ISA-007.cr_op_offset_taken.bge_max_bwd_no (not declared); CG-ISA-007.cr_op_offset_taken.bge_max_bwd_yes (not declared); CG-ISA-007.cr_op_offset_taken.bge_max_fwd_no (not declared); CG-ISA-007.cr_op_offset_taken.bge_max_fwd_yes (not declared); CG-ISA-007.cr_op_offset_taken.bge_self_no (not declared); CG-ISA-007.cr_op_offset_taken.bge_self_yes (not declared); CG-ISA-007.cr_op_offset_taken.bgeu_max_bwd_no (not declared); CG-ISA-007.cr_op_offset_taken.bgeu_max_bwd_yes (not declared); CG-ISA-007.cr_op_offset_taken.bgeu_max_fwd_no (not declared); CG-ISA-007.cr_op_offset_taken.bgeu_max_fwd_yes (not declared); CG-ISA-007.cr_op_offset_taken.bgeu_self_no (not declared); CG-ISA-007.cr_op_offset_taken.bgeu_self_yes (not declared); CG-ISA-007.cr_op_offset_taken.blt_max_bwd_no (not declared); CG-ISA-007.cr_op_offset_taken.blt_max_bwd_yes (not declared); CG-ISA-007.cr_op_offset_taken.blt_max_fwd_no (not declared); CG-ISA-007.cr_op_offset_taken.blt_max_fwd_yes (not declared); CG-ISA-007.cr_op_offset_taken.blt_self_no (not declared); CG-ISA-007.cr_op_offset_taken.blt_self_yes (not declared); CG-ISA-007.cr_op_offset_taken.bltu_max_bwd_no (not declared); CG-ISA-007.cr_op_offset_taken.bltu_max_bwd_yes (not declared); CG-ISA-007.cr_op_offset_taken.bltu_max_fwd_no (not declared); CG-ISA-007.cr_op_offset_taken.bltu_max_fwd_yes (not declared); CG-ISA-007.cr_op_offset_taken.bltu_self_no (not declared); CG-ISA-007.cr_op_offset_taken.bltu_self_yes (not declared); CG-ISA-007.cr_op_offset_taken.bne_max_bwd_no (not declared); CG-ISA-007.cr_op_offset_taken.bne_max_bwd_yes (not declared); CG-ISA-007.cr_op_offset_taken.bne_max_fwd_no (not declared); CG-ISA-007.cr_op_offset_taken.bne_max_fwd_yes (not declared); CG-ISA-007.cr_op_offset_taken.bne_self_no (not declared); CG-ISA-007.cr_op_offset_taken.bne_self_yes (not declared); CG-ISA-007.cr_op_offset_taken.c_beqz_max_bwd_no (not declared); CG-ISA-007.cr_op_offset_taken.c_beqz_max_bwd_yes (not declared); CG-ISA-007.cr_op_offset_taken.c_beqz_max_fwd_no (not declared); CG-ISA-007.cr_op_offset_taken.c_beqz_max_fwd_yes (not declared); CG-ISA-007.cr_op_offset_taken.c_beqz_self_no (not declared); CG-ISA-007.cr_op_offset_taken.c_beqz_self_yes (not declared); CG-ISA-007.cr_op_offset_taken.c_bnez_max_bwd_no (not declared); CG-ISA-007.cr_op_offset_taken.c_bnez_max_bwd_yes (not declared); CG-ISA-007.cr_op_offset_taken.c_bnez_max_fwd_no (not declared); CG-ISA-007.cr_op_offset_taken.c_bnez_max_fwd_yes (not declared); CG-ISA-007.cr_op_offset_taken.c_bnez_self_no (not declared); CG-ISA-007.cr_op_offset_taken.c_bnez_self_yes (not declared); CG-ISA-007.cr_wrap.beq_yes (not declared); CG-ISA-007.cr_wrap.bge_yes (not declared); CG-ISA-007.cr_wrap.bgeu_yes (not declared); CG-ISA-007.cr_wrap.blt_yes (not declared); CG-ISA-007.cr_wrap.bltu_yes (not declared); CG-ISA-007.cr_wrap.bne_yes (not declared); CG-ISA-007.cr_wrap.c_beqz_yes (not declared); CG-ISA-007.cr_wrap.c_bnez_yes (not declared),0,no,,NOT-RUN-CLEAN (fcov expectation unverifiable: per-test urg report has no grpinfo.txt )
TP-ISA-027,gen_isa_cti,gen_test_isa_cti,targeted,3,FAIL,yes,74,74,CG-ISA-007.cp_cmp_class.both_msb_eq; CG-ISA-007.cp_cmp_class.equal; CG-ISA-007.cp_cmp_class.intmin_zero; CG-ISA-007.cp_cmp_class.ones_zero; CG-ISA-007.cp_cmp_class.sgt_ult; CG-ISA-007.cp_cmp_class.slt_ugt; CG-ISA-007.cp_cmp_class.zero_intmin; CG-ISA-007.cp_cmp_class.zero_ones; CG-ISA-007.cp_op.beq; CG-ISA-007.cp_op.bge; CG-ISA-007.cp_op.bgeu; CG-ISA-007.cp_op.blt; CG-ISA-007.cp_op.bltu; CG-ISA-007.cp_op.bne; CG-ISA-007.cp_op.c_beqz; CG-ISA-007.cp_op.c_bnez; CG-ISA-007.cp_taken.no; CG-ISA-007.cp_taken.yes; CG-ISA-007.cr_op_taken_cmp.beq_no_intmin_zero; CG-ISA-007.cr_op_taken_cmp.beq_no_ones_zero; CG-ISA-007.cr_op_taken_cmp.beq_no_sgt_ult; CG-ISA-007.cr_op_taken_cmp.beq_no_slt_ugt; CG-ISA-007.cr_op_taken_cmp.beq_no_zero_intmin; CG-ISA-007.cr_op_taken_cmp.beq_no_zero_ones; CG-ISA-007.cr_op_taken_cmp.beq_yes_both_msb_eq; CG-ISA-007.cr_op_taken_cmp.beq_yes_equal; CG-ISA-007.cr_op_taken_cmp.bge_no_intmin_zero; CG-ISA-007.cr_op_taken_cmp.bge_no_ones_zero; CG-ISA-007.cr_op_taken_cmp.bge_no_slt_ugt; CG-ISA-007.cr_op_taken_cmp.bge_yes_both_msb_eq; CG-ISA-007.cr_op_taken_cmp.bge_yes_equal; CG-ISA-007.cr_op_taken_cmp.bge_yes_sgt_ult; CG-ISA-007.cr_op_taken_cmp.bge_yes_zero_intmin; CG-ISA-007.cr_op_taken_cmp.bge_yes_zero_ones; CG-ISA-007.cr_op_taken_cmp.bgeu_no_sgt_ult; CG-ISA-007.cr_op_taken_cmp.bgeu_no_zero_intmin; CG-ISA-007.cr_op_taken_cmp.bgeu_no_zero_ones; CG-ISA-007.cr_op_taken_cmp.bgeu_yes_both_msb_eq; CG-ISA-007.cr_op_taken_cmp.bgeu_yes_equal; CG-ISA-007.cr_op_taken_cmp.bgeu_yes_intmin_zero; CG-ISA-007.cr_op_taken_cmp.bgeu_yes_ones_zero; CG-ISA-007.cr_op_taken_cmp.bgeu_yes_slt_ugt; CG-ISA-007.cr_op_taken_cmp.blt_no_both_msb_eq; CG-ISA-007.cr_op_taken_cmp.blt_no_equal; CG-ISA-007.cr_op_taken_cmp.blt_no_sgt_ult; CG-ISA-007.cr_op_taken_cmp.blt_no_zero_intmin; CG-ISA-007.cr_op_taken_cmp.blt_no_zero_ones; CG-ISA-007.cr_op_taken_cmp.blt_yes_intmin_zero; CG-ISA-007.cr_op_taken_cmp.blt_yes_ones_zero; CG-ISA-007.cr_op_taken_cmp.blt_yes_slt_ugt; CG-ISA-007.cr_op_taken_cmp.bltu_no_both_msb_eq; CG-ISA-007.cr_op_taken_cmp.bltu_no_equal; CG-ISA-007.cr_op_taken_cmp.bltu_no_intmin_zero; CG-ISA-007.cr_op_taken_cmp.bltu_no_ones_zero; CG-ISA-007.cr_op_taken_cmp.bltu_no_slt_ugt; CG-ISA-007.cr_op_taken_cmp.bltu_yes_sgt_ult; CG-ISA-007.cr_op_taken_cmp.bltu_yes_zero_intmin; CG-ISA-007.cr_op_taken_cmp.bltu_yes_zero_ones; CG-ISA-007.cr_op_taken_cmp.bne_no_both_msb_eq; CG-ISA-007.cr_op_taken_cmp.bne_no_equal; CG-ISA-007.cr_op_taken_cmp.bne_yes_intmin_zero; CG-ISA-007.cr_op_taken_cmp.bne_yes_ones_zero; CG-ISA-007.cr_op_taken_cmp.bne_yes_sgt_ult; CG-ISA-007.cr_op_taken_cmp.bne_yes_slt_ugt; CG-ISA-007.cr_op_taken_cmp.bne_yes_zero_intmin; CG-ISA-007.cr_op_taken_cmp.bne_yes_zero_ones; CG-ISA-007.cr_op_taken_cmp.c_beqz_no_intmin_zero; CG-ISA-007.cr_op_taken_cmp.c_beqz_no_ones_zero; CG-ISA-007.cr_op_taken_cmp.c_beqz_no_slt_ugt; CG-ISA-007.cr_op_taken_cmp.c_beqz_yes_equal; CG-ISA-007.cr_op_taken_cmp.c_bnez_no_equal; CG-ISA-007.cr_op_taken_cmp.c_bnez_yes_intmin_zero; CG-ISA-007.cr_op_taken_cmp.c_bnez_yes_ones_zero; CG-ISA-007.cr_op_taken_cmp.c_bnez_yes_slt_ugt,0,no,,NOT-RUN-CLEAN (fcov expectation unverifiable: per-test urg report has no grpinfo.txt )
TP-ISA-052,gen_isa_alu,gen_test_isa_alu,targeted,3,FAIL,yes,60,60,CG-ISA-005.cp_hint_class.other; CG-ISA-005.cp_writer_class.alu_imm; CG-ISA-005.cp_writer_class.alu_reg; CG-ISA-005.cp_writer_class.bit_1cyc; CG-ISA-005.cp_writer_class.bit_2cyc; CG-ISA-005.cp_writer_class.cmp_hint; CG-ISA-005.cp_writer_class.csrr; CG-ISA-005.cp_writer_class.div_rem; CG-ISA-005.cp_writer_class.jal; CG-ISA-005.cp_writer_class.jalr; CG-ISA-005.cp_writer_class.load; CG-ISA-005.cp_writer_class.lui_auipc; CG-ISA-005.cp_writer_class.mul; CG-ISA-005.cp_writer_class.mulh; CG-ISA-005.cp_writer_class.shift; CG-ISA-005.cp_x0_read.none; CG-ISA-005.cp_x0_read.rs1_zero; CG-ISA-005.cp_x0_read.rs2_zero; CG-ISA-005.cr_writer_read.alu_imm_none; CG-ISA-005.cr_writer_read.alu_imm_rs1_zero; CG-ISA-005.cr_writer_read.alu_imm_rs2_zero; CG-ISA-005.cr_writer_read.alu_reg_none; CG-ISA-005.cr_writer_read.alu_reg_rs1_zero; CG-ISA-005.cr_writer_read.alu_reg_rs2_zero; CG-ISA-005.cr_writer_read.bit_1cyc_none; CG-ISA-005.cr_writer_read.bit_1cyc_rs1_zero; CG-ISA-005.cr_writer_read.bit_1cyc_rs2_zero; CG-ISA-005.cr_writer_read.bit_2cyc_none; CG-ISA-005.cr_writer_read.bit_2cyc_rs1_zero; CG-ISA-005.cr_writer_read.bit_2cyc_rs2_zero; CG-ISA-005.cr_writer_read.cmp_hint_none; CG-ISA-005.cr_writer_read.cmp_hint_rs1_zero; CG-ISA-005.cr_writer_read.cmp_hint_rs2_zero; CG-ISA-005.cr_writer_read.csrr_none; CG-ISA-005.cr_writer_read.csrr_rs1_zero; CG-ISA-005.cr_writer_read.csrr_rs2_zero; CG-ISA-005.cr_writer_read.div_rem_none; CG-ISA-005.cr_writer_read.div_rem_rs1_zero; CG-ISA-005.cr_writer_read.div_rem_rs2_zero; CG-ISA-005.cr_writer_read.jal_none; CG-ISA-005.cr_writer_read.jal_rs1_zero; CG-ISA-005.cr_writer_read.jal_rs2_zero; CG-ISA-005.cr_writer_read.jalr_none; CG-ISA-005.cr_writer_read.jalr_rs1_zero; CG-ISA-005.cr_writer_read.jalr_rs2_zero; CG-ISA-005.cr_writer_read.load_none; CG-ISA-005.cr_writer_read.load_rs1_zero; CG-ISA-005.cr_writer_read.load_rs2_zero; CG-ISA-005.cr_writer_read.lui_auipc_none; CG-ISA-005.cr_writer_read.lui_auipc_rs1_zero; CG-ISA-005.cr_writer_read.lui_auipc_rs2_zero; CG-ISA-005.cr_writer_read.mul_none; CG-ISA-005.cr_writer_read.mul_rs1_zero; CG-ISA-005.cr_writer_read.mul_rs2_zero; CG-ISA-005.cr_writer_read.mulh_none; CG-ISA-005.cr_writer_read.mulh_rs1_zero; CG-ISA-005.cr_writer_read.mulh_rs2_zero; CG-ISA-005.cr_writer_read.shift_none; CG-ISA-005.cr_writer_read.shift_rs1_zero; CG-ISA-005.cr_writer_read.shift_rs2_zero,0,no,,NOT-RUN-CLEAN (fcov expectation unverifiable: per-test urg report has no grpinfo.txt )
TP-ISA-053,gen_isa_cti,gen_test_isa_cti,targeted,3,FAIL,yes,30,30,CG-ISA-006.cp_op.c_j; CG-ISA-006.cp_op.c_jal; CG-ISA-006.cp_op.c_jalr; CG-ISA-006.cp_op.c_jr; CG-ISA-006.cp_op.jal; CG-ISA-006.cp_op.jalr; CG-ISA-006.cp_target_align.half; CG-ISA-006.cr_op_align.c_j_half; CG-ISA-006.cr_op_align.c_jal_half; CG-ISA-006.cr_op_align.c_jalr_half; CG-ISA-006.cr_op_align.c_jr_half; CG-ISA-006.cr_op_align.jal_half; CG-ISA-006.cr_op_align.jalr_half; CG-ISA-007.cp_op.beq; CG-ISA-007.cp_op.bge; CG-ISA-007.cp_op.bgeu; CG-ISA-007.cp_op.blt; CG-ISA-007.cp_op.bltu; CG-ISA-007.cp_op.bne; CG-ISA-007.cp_op.c_beqz; CG-ISA-007.cp_op.c_bnez; CG-ISA-007.cp_target_align.half; CG-ISA-007.cr_op_align.beq_half; CG-ISA-007.cr_op_align.bge_half; CG-ISA-007.cr_op_align.bgeu_half; CG-ISA-007.cr_op_align.blt_half; CG-ISA-007.cr_op_align.bltu_half; CG-ISA-007.cr_op_align.bne_half; CG-ISA-007.cr_op_align.c_beqz_half; CG-ISA-007.cr_op_align.c_bnez_half,0,no,,NOT-RUN-CLEAN (fcov expectation unverifiable: per-test urg report has no grpinfo.txt )
TP-MUL-001,gen_mul_mul,gen_test_mul_mul,smoke,3,FAIL,yes,63,63,CG-MUL-001.cp_op.mul; CG-MUL-001.cp_result_class.all_ones; CG-MUL-001.cp_result_class.fffffffe; CG-MUL-001.cp_result_class.int_max; CG-MUL-001.cp_result_class.int_min; CG-MUL-001.cp_result_class.one; CG-MUL-001.cp_result_class.other; CG-MUL-001.cp_result_class.r3fffffff; CG-MUL-001.cp_result_class.r40000000; CG-MUL-001.cp_result_class.zero; CG-MUL-001.cp_rs1_class.all_ones; CG-MUL-001.cp_rs1_class.int_max; CG-MUL-001.cp_rs1_class.int_min; CG-MUL-001.cp_rs1_class.neg_rand; CG-MUL-001.cp_rs1_class.one; CG-MUL-001.cp_rs1_class.p16; CG-MUL-001.cp_rs1_class.pos_rand; CG-MUL-001.cp_rs1_class.two; CG-MUL-001.cp_rs1_class.zero; CG-MUL-001.cp_rs2_class.all_ones; CG-MUL-001.cp_rs2_class.int_max; CG-MUL-001.cp_rs2_class.int_min; CG-MUL-001.cp_rs2_class.neg_rand; CG-MUL-001.cp_rs2_class.one; CG-MUL-001.cp_rs2_class.p16; CG-MUL-001.cp_rs2_class.pos_rand; CG-MUL-001.cp_rs2_class.two; CG-MUL-001.cp_rs2_class.zero; CG-MUL-001.cp_same_regs.all_same; CG-MUL-001.cp_same_regs.distinct; CG-MUL-001.cp_same_regs.rs1_eq_rs2; CG-MUL-001.cp_same_regs.rs_eq_rd; CG-MUL-001.cp_sign_pair.nn; CG-MUL-001.cp_sign_pair.np; CG-MUL-001.cp_sign_pair.pn; CG-MUL-001.cp_sign_pair.pp; CG-MUL-001.cr_op_rs1.mul_all_ones; CG-MUL-001.cr_op_rs1.mul_int_max; CG-MUL-001.cr_op_rs1.mul_int_min; CG-MUL-001.cr_op_rs1.mul_neg_rand; CG-MUL-001.cr_op_rs1.mul_one; CG-MUL-001.cr_op_rs1.mul_p16; CG-MUL-001.cr_op_rs1.mul_pos_rand; CG-MUL-001.cr_op_rs1.mul_two; CG-MUL-001.cr_op_rs1.mul_zero; CG-MUL-001.cr_op_rs2.mul_all_ones; CG-MUL-001.cr_op_rs2.mul_int_max; CG-MUL-001.cr_op_rs2.mul_int_min; CG-MUL-001.cr_op_rs2.mul_neg_rand; CG-MUL-001.cr_op_rs2.mul_one; CG-MUL-001.cr_op_rs2.mul_p16; CG-MUL-001.cr_op_rs2.mul_pos_rand; CG-MUL-001.cr_op_rs2.mul_two; CG-MUL-001.cr_op_rs2.mul_zero; CG-MUL-001.cr_op_same.mul_all_same; CG-MUL-001.cr_op_same.mul_distinct; CG-MUL-001.cr_op_same.mul_rs1_eq_rs2; CG-MUL-001.cr_op_same.mul_rs_eq_rd; CG-MUL-001.cr_op_sign.mul_nn; CG-MUL-001.cr_op_sign.mul_np; CG-MUL-001.cr_op_sign.mul_pn; CG-MUL-001.cr_op_sign.mul_pp; CG-MUL-002.cp_op.mul,0,no,,NOT-RUN-CLEAN (fcov expectation unverifiable: per-test urg report has no grpinfo.txt )
TP-MUL-002,gen_mul_mul,gen_test_mul_mul,targeted,3,FAIL,yes,268,268,CG-MUL-001.cp_op.c_mul; CG-MUL-001.cp_op.mul; CG-MUL-001.cp_op.mulh; CG-MUL-001.cp_op.mulhsu; CG-MUL-001.cp_op.mulhu; CG-MUL-001.cp_result_class.fffffffe; CG-MUL-001.cp_result_class.int_min; CG-MUL-001.cp_result_class.one; CG-MUL-001.cp_result_class.zero; CG-MUL-001.cp_rs1_class.all_ones; CG-MUL-001.cp_rs1_class.int_max; CG-MUL-001.cp_rs1_class.int_min; CG-MUL-001.cp_rs1_class.one; CG-MUL-001.cp_rs1_class.p16; CG-MUL-001.cp_rs1_class.two; CG-MUL-001.cp_rs1_class.zero; CG-MUL-001.cp_rs2_class.all_ones; CG-MUL-001.cp_rs2_class.int_max; CG-MUL-001.cp_rs2_class.int_min; CG-MUL-001.cp_rs2_class.one; CG-MUL-001.cp_rs2_class.p16; CG-MUL-001.cp_rs2_class.two; CG-MUL-001.cp_rs2_class.zero; CG-MUL-001.cr_extremes.c_mul_all_ones_all_ones; CG-MUL-001.cr_extremes.c_mul_all_ones_int_max; CG-MUL-001.cr_extremes.c_mul_all_ones_int_min; CG-MUL-001.cr_extremes.c_mul_all_ones_one; CG-MUL-001.cr_extremes.c_mul_all_ones_p16; CG-MUL-001.cr_extremes.c_mul_all_ones_two; CG-MUL-001.cr_extremes.c_mul_all_ones_zero; CG-MUL-001.cr_extremes.c_mul_int_max_all_ones; CG-MUL-001.cr_extremes.c_mul_int_max_int_max; CG-MUL-001.cr_extremes.c_mul_int_max_int_min; CG-MUL-001.cr_extremes.c_mul_int_max_one; CG-MUL-001.cr_extremes.c_mul_int_max_p16; CG-MUL-001.cr_extremes.c_mul_int_max_two; CG-MUL-001.cr_extremes.c_mul_int_max_zero; CG-MUL-001.cr_extremes.c_mul_int_min_all_ones; CG-MUL-001.cr_extremes.c_mul_int_min_int_max; CG-MUL-001.cr_extremes.c_mul_int_min_int_min; CG-MUL-001.cr_extremes.c_mul_int_min_one; CG-MUL-001.cr_extremes.c_mul_int_min_p16; CG-MUL-001.cr_extremes.c_mul_int_min_two; CG-MUL-001.cr_extremes.c_mul_int_min_zero; CG-MUL-001.cr_extremes.c_mul_one_all_ones; CG-MUL-001.cr_extremes.c_mul_one_int_max; CG-MUL-001.cr_extremes.c_mul_one_int_min; CG-MUL-001.cr_extremes.c_mul_one_one; CG-MUL-001.cr_extremes.c_mul_one_p16; CG-MUL-001.cr_extremes.c_mul_one_two; CG-MUL-001.cr_extremes.c_mul_one_zero; CG-MUL-001.cr_extremes.c_mul_p16_all_ones; CG-MUL-001.cr_extremes.c_mul_p16_int_max; CG-MUL-001.cr_extremes.c_mul_p16_int_min; CG-MUL-001.cr_extremes.c_mul_p16_one; CG-MUL-001.cr_extremes.c_mul_p16_p16; CG-MUL-001.cr_extremes.c_mul_p16_two; CG-MUL-001.cr_extremes.c_mul_p16_zero; CG-MUL-001.cr_extremes.c_mul_two_all_ones; CG-MUL-001.cr_extremes.c_mul_two_int_max; CG-MUL-001.cr_extremes.c_mul_two_int_min; CG-MUL-001.cr_extremes.c_mul_two_one; CG-MUL-001.cr_extremes.c_mul_two_p16; CG-MUL-001.cr_extremes.c_mul_two_two; CG-MUL-001.cr_extremes.c_mul_two_zero; CG-MUL-001.cr_extremes.c_mul_zero_all_ones; CG-MUL-001.cr_extremes.c_mul_zero_int_max; CG-MUL-001.cr_extremes.c_mul_zero_int_min; CG-MUL-001.cr_extremes.c_mul_zero_one; CG-MUL-001.cr_extremes.c_mul_zero_p16; CG-MUL-001.cr_extremes.c_mul_zero_two; CG-MUL-001.cr_extremes.c_mul_zero_zero; CG-MUL-001.cr_extremes.mul_all_ones_all_ones; CG-MUL-001.cr_extremes.mul_all_ones_int_max; CG-MUL-001.cr_extremes.mul_all_ones_int_min; CG-MUL-001.cr_extremes.mul_all_ones_one; CG-MUL-001.cr_extremes.mul_all_ones_p16; CG-MUL-001.cr_extremes.mul_all_ones_two; CG-MUL-001.cr_extremes.mul_all_ones_zero; CG-MUL-001.cr_extremes.mul_int_max_all_ones; CG-MUL-001.cr_extremes.mul_int_max_int_max; CG-MUL-001.cr_extremes.mul_int_max_int_min; CG-MUL-001.cr_extremes.mul_int_max_one; CG-MUL-001.cr_extremes.mul_int_max_p16; CG-MUL-001.cr_extremes.mul_int_max_two; CG-MUL-001.cr_extremes.mul_int_max_zero; CG-MUL-001.cr_extremes.mul_int_min_all_ones; CG-MUL-001.cr_extremes.mul_int_min_int_max; CG-MUL-001.cr_extremes.mul_int_min_int_min; CG-MUL-001.cr_extremes.mul_int_min_one; CG-MUL-001.cr_extremes.mul_int_min_p16; CG-MUL-001.cr_extremes.mul_int_min_two; CG-MUL-001.cr_extremes.mul_int_min_zero; CG-MUL-001.cr_extremes.mul_one_all_ones; CG-MUL-001.cr_extremes.mul_one_int_max; CG-MUL-001.cr_extremes.mul_one_int_min; CG-MUL-001.cr_extremes.mul_one_one; CG-MUL-001.cr_extremes.mul_one_p16; CG-MUL-001.cr_extremes.mul_one_two; CG-MUL-001.cr_extremes.mul_one_zero; CG-MUL-001.cr_extremes.mul_p16_all_ones; CG-MUL-001.cr_extremes.mul_p16_int_max; CG-MUL-001.cr_extremes.mul_p16_int_min; CG-MUL-001.cr_extremes.mul_p16_one; CG-MUL-001.cr_extremes.mul_p16_p16; CG-MUL-001.cr_extremes.mul_p16_two; CG-MUL-001.cr_extremes.mul_p16_zero; CG-MUL-001.cr_extremes.mul_two_all_ones; CG-MUL-001.cr_extremes.mul_two_int_max; CG-MUL-001.cr_extremes.mul_two_int_min; CG-MUL-001.cr_extremes.mul_two_one; CG-MUL-001.cr_extremes.mul_two_p16; CG-MUL-001.cr_extremes.mul_two_two; CG-MUL-001.cr_extremes.mul_two_zero; CG-MUL-001.cr_extremes.mul_zero_all_ones; CG-MUL-001.cr_extremes.mul_zero_int_max; CG-MUL-001.cr_extremes.mul_zero_int_min; CG-MUL-001.cr_extremes.mul_zero_one; CG-MUL-001.cr_extremes.mul_zero_p16; CG-MUL-001.cr_extremes.mul_zero_two; CG-MUL-001.cr_extremes.mul_zero_zero; CG-MUL-001.cr_extremes.mulh_all_ones_all_ones; CG-MUL-001.cr_extremes.mulh_all_ones_int_max; CG-MUL-001.cr_extremes.mulh_all_ones_int_min; CG-MUL-001.cr_extremes.mulh_all_ones_one; CG-MUL-001.cr_extremes.mulh_all_ones_p16; CG-MUL-001.cr_extremes.mulh_all_ones_two; CG-MUL-001.cr_extremes.mulh_all_ones_zero; CG-MUL-001.cr_extremes.mulh_int_max_all_ones; CG-MUL-001.cr_extremes.mulh_int_max_int_max; CG-MUL-001.cr_extremes.mulh_int_max_int_min; CG-MUL-001.cr_extremes.mulh_int_max_one; CG-MUL-001.cr_extremes.mulh_int_max_p16; CG-MUL-001.cr_extremes.mulh_int_max_two; CG-MUL-001.cr_extremes.mulh_int_max_zero; CG-MUL-001.cr_extremes.mulh_int_min_all_ones; CG-MUL-001.cr_extremes.mulh_int_min_int_max; CG-MUL-001.cr_extremes.mulh_int_min_int_min; CG-MUL-001.cr_extremes.mulh_int_min_one; CG-MUL-001.cr_extremes.mulh_int_min_p16; CG-MUL-001.cr_extremes.mulh_int_min_two; CG-MUL-001.cr_extremes.mulh_int_min_zero; CG-MUL-001.cr_extremes.mulh_one_all_ones; CG-MUL-001.cr_extremes.mulh_one_int_max; CG-MUL-001.cr_extremes.mulh_one_int_min; CG-MUL-001.cr_extremes.mulh_one_one; CG-MUL-001.cr_extremes.mulh_one_p16; CG-MUL-001.cr_extremes.mulh_one_two; CG-MUL-001.cr_extremes.mulh_one_zero; CG-MUL-001.cr_extremes.mulh_p16_all_ones; CG-MUL-001.cr_extremes.mulh_p16_int_max; CG-MUL-001.cr_extremes.mulh_p16_int_min; CG-MUL-001.cr_extremes.mulh_p16_one; CG-MUL-001.cr_extremes.mulh_p16_p16; CG-MUL-001.cr_extremes.mulh_p16_two; CG-MUL-001.cr_extremes.mulh_p16_zero; CG-MUL-001.cr_extremes.mulh_two_all_ones; CG-MUL-001.cr_extremes.mulh_two_int_max; CG-MUL-001.cr_extremes.mulh_two_int_min; CG-MUL-001.cr_extremes.mulh_two_one; CG-MUL-001.cr_extremes.mulh_two_p16; CG-MUL-001.cr_extremes.mulh_two_two; CG-MUL-001.cr_extremes.mulh_two_zero; CG-MUL-001.cr_extremes.mulh_zero_all_ones; CG-MUL-001.cr_extremes.mulh_zero_int_max; CG-MUL-001.cr_extremes.mulh_zero_int_min; CG-MUL-001.cr_extremes.mulh_zero_one; CG-MUL-001.cr_extremes.mulh_zero_p16; CG-MUL-001.cr_extremes.mulh_zero_two; CG-MUL-001.cr_extremes.mulh_zero_zero; CG-MUL-001.cr_extremes.mulhsu_all_ones_all_ones; CG-MUL-001.cr_extremes.mulhsu_all_ones_int_max; CG-MUL-001.cr_extremes.mulhsu_all_ones_int_min; CG-MUL-001.cr_extremes.mulhsu_all_ones_one; CG-MUL-001.cr_extremes.mulhsu_all_ones_p16; CG-MUL-001.cr_extremes.mulhsu_all_ones_two; CG-MUL-001.cr_extremes.mulhsu_all_ones_zero; CG-MUL-001.cr_extremes.mulhsu_int_max_all_ones; CG-MUL-001.cr_extremes.mulhsu_int_max_int_max; CG-MUL-001.cr_extremes.mulhsu_int_max_int_min; CG-MUL-001.cr_extremes.mulhsu_int_max_one; CG-MUL-001.cr_extremes.mulhsu_int_max_p16; CG-MUL-001.cr_extremes.mulhsu_int_max_two; CG-MUL-001.cr_extremes.mulhsu_int_max_zero; CG-MUL-001.cr_extremes.mulhsu_int_min_all_ones; CG-MUL-001.cr_extremes.mulhsu_int_min_int_max; CG-MUL-001.cr_extremes.mulhsu_int_min_int_min; CG-MUL-001.cr_extremes.mulhsu_int_min_one; CG-MUL-001.cr_extremes.mulhsu_int_min_p16; CG-MUL-001.cr_extremes.mulhsu_int_min_two; CG-MUL-001.cr_extremes.mulhsu_int_min_zero; CG-MUL-001.cr_extremes.mulhsu_one_all_ones; CG-MUL-001.cr_extremes.mulhsu_one_int_max; CG-MUL-001.cr_extremes.mulhsu_one_int_min; CG-MUL-001.cr_extremes.mulhsu_one_one; CG-MUL-001.cr_extremes.mulhsu_one_p16; CG-MUL-001.cr_extremes.mulhsu_one_two; CG-MUL-001.cr_extremes.mulhsu_one_zero; CG-MUL-001.cr_extremes.mulhsu_p16_all_ones; CG-MUL-001.cr_extremes.mulhsu_p16_int_max; CG-MUL-001.cr_extremes.mulhsu_p16_int_min; CG-MUL-001.cr_extremes.mulhsu_p16_one; CG-MUL-001.cr_extremes.mulhsu_p16_p16; CG-MUL-001.cr_extremes.mulhsu_p16_two; CG-MUL-001.cr_extremes.mulhsu_p16_zero; CG-MUL-001.cr_extremes.mulhsu_two_all_ones; CG-MUL-001.cr_extremes.mulhsu_two_int_max; CG-MUL-001.cr_extremes.mulhsu_two_int_min; CG-MUL-001.cr_extremes.mulhsu_two_one; CG-MUL-001.cr_extremes.mulhsu_two_p16; CG-MUL-001.cr_extremes.mulhsu_two_two; CG-MUL-001.cr_extremes.mulhsu_two_zero; CG-MUL-001.cr_extremes.mulhsu_zero_all_ones; CG-MUL-001.cr_extremes.mulhsu_zero_int_max; CG-MUL-001.cr_extremes.mulhsu_zero_int_min; CG-MUL-001.cr_extremes.mulhsu_zero_one; CG-MUL-001.cr_extremes.mulhsu_zero_p16; CG-MUL-001.cr_extremes.mulhsu_zero_two; CG-MUL-001.cr_extremes.mulhsu_zero_zero; CG-MUL-001.cr_extremes.mulhu_all_ones_all_ones; CG-MUL-001.cr_extremes.mulhu_all_ones_int_max; CG-MUL-001.cr_extremes.mulhu_all_ones_int_min; CG-MUL-001.cr_extremes.mulhu_all_ones_one; CG-MUL-001.cr_extremes.mulhu_all_ones_p16; CG-MUL-001.cr_extremes.mulhu_all_ones_two; CG-MUL-001.cr_extremes.mulhu_all_ones_zero; CG-MUL-001.cr_extremes.mulhu_int_max_all_ones; CG-MUL-001.cr_extremes.mulhu_int_max_int_max; CG-MUL-001.cr_extremes.mulhu_int_max_int_min; CG-MUL-001.cr_extremes.mulhu_int_max_one; CG-MUL-001.cr_extremes.mulhu_int_max_p16; CG-MUL-001.cr_extremes.mulhu_int_max_two; CG-MUL-001.cr_extremes.mulhu_int_max_zero; CG-MUL-001.cr_extremes.mulhu_int_min_all_ones; CG-MUL-001.cr_extremes.mulhu_int_min_int_max; CG-MUL-001.cr_extremes.mulhu_int_min_int_min; CG-MUL-001.cr_extremes.mulhu_int_min_one; CG-MUL-001.cr_extremes.mulhu_int_min_p16; CG-MUL-001.cr_extremes.mulhu_int_min_two; CG-MUL-001.cr_extremes.mulhu_int_min_zero; CG-MUL-001.cr_extremes.mulhu_one_all_ones; CG-MUL-001.cr_extremes.mulhu_one_int_max; CG-MUL-001.cr_extremes.mulhu_one_int_min; CG-MUL-001.cr_extremes.mulhu_one_one; CG-MUL-001.cr_extremes.mulhu_one_p16; CG-MUL-001.cr_extremes.mulhu_one_two; CG-MUL-001.cr_extremes.mulhu_one_zero; CG-MUL-001.cr_extremes.mulhu_p16_all_ones; CG-MUL-001.cr_extremes.mulhu_p16_int_max; CG-MUL-001.cr_extremes.mulhu_p16_int_min; CG-MUL-001.cr_extremes.mulhu_p16_one; CG-MUL-001.cr_extremes.mulhu_p16_p16; CG-MUL-001.cr_extremes.mulhu_p16_two; CG-MUL-001.cr_extremes.mulhu_p16_zero; CG-MUL-001.cr_extremes.mulhu_two_all_ones; CG-MUL-001.cr_extremes.mulhu_two_int_max; CG-MUL-001.cr_extremes.mulhu_two_int_min; CG-MUL-001.cr_extremes.mulhu_two_one; CG-MUL-001.cr_extremes.mulhu_two_p16; CG-MUL-001.cr_extremes.mulhu_two_two; CG-MUL-001.cr_extremes.mulhu_two_zero; CG-MUL-001.cr_extremes.mulhu_zero_all_ones; CG-MUL-001.cr_extremes.mulhu_zero_int_max; CG-MUL-001.cr_extremes.mulhu_zero_int_min; CG-MUL-001.cr_extremes.mulhu_zero_one; CG-MUL-001.cr_extremes.mulhu_zero_p16; CG-MUL-001.cr_extremes.mulhu_zero_two; CG-MUL-001.cr_extremes.mulhu_zero_zero,0,no,,NOT-RUN-CLEAN (fcov expectation unverifiable: per-test urg report has no grpinfo.txt )
TP-MUL-003,gen_mul_mul,gen_test_mul_mul,smoke,3,FAIL,none,6,6,CG-MUL-001.cp_op.mulh; CG-MUL-002.cp_delta.d2; CG-MUL-002.cp_fetch_stall.no; CG-MUL-002.cp_op.mulh; CG-MUL-002.cp_wb_busy.no; CG-MUL-002.cr_op_delta_clean.mulh_d2 (not declared),0,no,,NOT-RUN-CLEAN (fcov expectation unverifiable: per-test urg report has no grpinfo.txt )
TP-MUL-004,gen_mul_mul,gen_test_mul_mul,targeted,3,FAIL,yes,291,291,CG-MUL-001.cp_op.c_mul; CG-MUL-001.cp_op.mul; CG-MUL-001.cp_op.mulh; CG-MUL-001.cp_op.mulhsu; CG-MUL-001.cp_op.mulhu; CG-MUL-001.cp_result_class.all_ones; CG-MUL-001.cp_result_class.r3fffffff; CG-MUL-001.cp_result_class.r40000000; CG-MUL-001.cp_rs1_class.all_ones; CG-MUL-001.cp_rs1_class.int_max; CG-MUL-001.cp_rs1_class.int_min; CG-MUL-001.cp_rs1_class.one; CG-MUL-001.cp_rs1_class.p16; CG-MUL-001.cp_rs1_class.two; CG-MUL-001.cp_rs1_class.zero; CG-MUL-001.cp_rs2_class.all_ones; CG-MUL-001.cp_rs2_class.int_max; CG-MUL-001.cp_rs2_class.int_min; CG-MUL-001.cp_rs2_class.one; CG-MUL-001.cp_rs2_class.p16; CG-MUL-001.cp_rs2_class.two; CG-MUL-001.cp_rs2_class.zero; CG-MUL-001.cp_sign_pair.nn; CG-MUL-001.cp_sign_pair.np; CG-MUL-001.cp_sign_pair.pn; CG-MUL-001.cp_sign_pair.pp; CG-MUL-001.cr_extremes.c_mul_all_ones_all_ones; CG-MUL-001.cr_extremes.c_mul_all_ones_int_max; CG-MUL-001.cr_extremes.c_mul_all_ones_int_min; CG-MUL-001.cr_extremes.c_mul_all_ones_one; CG-MUL-001.cr_extremes.c_mul_all_ones_p16; CG-MUL-001.cr_extremes.c_mul_all_ones_two; CG-MUL-001.cr_extremes.c_mul_all_ones_zero; CG-MUL-001.cr_extremes.c_mul_int_max_all_ones; CG-MUL-001.cr_extremes.c_mul_int_max_int_max; CG-MUL-001.cr_extremes.c_mul_int_max_int_min; CG-MUL-001.cr_extremes.c_mul_int_max_one; CG-MUL-001.cr_extremes.c_mul_int_max_p16; CG-MUL-001.cr_extremes.c_mul_int_max_two; CG-MUL-001.cr_extremes.c_mul_int_max_zero; CG-MUL-001.cr_extremes.c_mul_int_min_all_ones; CG-MUL-001.cr_extremes.c_mul_int_min_int_max; CG-MUL-001.cr_extremes.c_mul_int_min_int_min; CG-MUL-001.cr_extremes.c_mul_int_min_one; CG-MUL-001.cr_extremes.c_mul_int_min_p16; CG-MUL-001.cr_extremes.c_mul_int_min_two; CG-MUL-001.cr_extremes.c_mul_int_min_zero; CG-MUL-001.cr_extremes.c_mul_one_all_ones; CG-MUL-001.cr_extremes.c_mul_one_int_max; CG-MUL-001.cr_extremes.c_mul_one_int_min; CG-MUL-001.cr_extremes.c_mul_one_one; CG-MUL-001.cr_extremes.c_mul_one_p16; CG-MUL-001.cr_extremes.c_mul_one_two; CG-MUL-001.cr_extremes.c_mul_one_zero; CG-MUL-001.cr_extremes.c_mul_p16_all_ones; CG-MUL-001.cr_extremes.c_mul_p16_int_max; CG-MUL-001.cr_extremes.c_mul_p16_int_min; CG-MUL-001.cr_extremes.c_mul_p16_one; CG-MUL-001.cr_extremes.c_mul_p16_p16; CG-MUL-001.cr_extremes.c_mul_p16_two; CG-MUL-001.cr_extremes.c_mul_p16_zero; CG-MUL-001.cr_extremes.c_mul_two_all_ones; CG-MUL-001.cr_extremes.c_mul_two_int_max; CG-MUL-001.cr_extremes.c_mul_two_int_min; CG-MUL-001.cr_extremes.c_mul_two_one; CG-MUL-001.cr_extremes.c_mul_two_p16; CG-MUL-001.cr_extremes.c_mul_two_two; CG-MUL-001.cr_extremes.c_mul_two_zero; CG-MUL-001.cr_extremes.c_mul_zero_all_ones; CG-MUL-001.cr_extremes.c_mul_zero_int_max; CG-MUL-001.cr_extremes.c_mul_zero_int_min; CG-MUL-001.cr_extremes.c_mul_zero_one; CG-MUL-001.cr_extremes.c_mul_zero_p16; CG-MUL-001.cr_extremes.c_mul_zero_two; CG-MUL-001.cr_extremes.c_mul_zero_zero; CG-MUL-001.cr_extremes.mul_all_ones_all_ones; CG-MUL-001.cr_extremes.mul_all_ones_int_max; CG-MUL-001.cr_extremes.mul_all_ones_int_min; CG-MUL-001.cr_extremes.mul_all_ones_one; CG-MUL-001.cr_extremes.mul_all_ones_p16; CG-MUL-001.cr_extremes.mul_all_ones_two; CG-MUL-001.cr_extremes.mul_all_ones_zero; CG-MUL-001.cr_extremes.mul_int_max_all_ones; CG-MUL-001.cr_extremes.mul_int_max_int_max; CG-MUL-001.cr_extremes.mul_int_max_int_min; CG-MUL-001.cr_extremes.mul_int_max_one; CG-MUL-001.cr_extremes.mul_int_max_p16; CG-MUL-001.cr_extremes.mul_int_max_two; CG-MUL-001.cr_extremes.mul_int_max_zero; CG-MUL-001.cr_extremes.mul_int_min_all_ones; CG-MUL-001.cr_extremes.mul_int_min_int_max; CG-MUL-001.cr_extremes.mul_int_min_int_min; CG-MUL-001.cr_extremes.mul_int_min_one; CG-MUL-001.cr_extremes.mul_int_min_p16; CG-MUL-001.cr_extremes.mul_int_min_two; CG-MUL-001.cr_extremes.mul_int_min_zero; CG-MUL-001.cr_extremes.mul_one_all_ones; CG-MUL-001.cr_extremes.mul_one_int_max; CG-MUL-001.cr_extremes.mul_one_int_min; CG-MUL-001.cr_extremes.mul_one_one; CG-MUL-001.cr_extremes.mul_one_p16; CG-MUL-001.cr_extremes.mul_one_two; CG-MUL-001.cr_extremes.mul_one_zero; CG-MUL-001.cr_extremes.mul_p16_all_ones; CG-MUL-001.cr_extremes.mul_p16_int_max; CG-MUL-001.cr_extremes.mul_p16_int_min; CG-MUL-001.cr_extremes.mul_p16_one; CG-MUL-001.cr_extremes.mul_p16_p16; CG-MUL-001.cr_extremes.mul_p16_two; CG-MUL-001.cr_extremes.mul_p16_zero; CG-MUL-001.cr_extremes.mul_two_all_ones; CG-MUL-001.cr_extremes.mul_two_int_max; CG-MUL-001.cr_extremes.mul_two_int_min; CG-MUL-001.cr_extremes.mul_two_one; CG-MUL-001.cr_extremes.mul_two_p16; CG-MUL-001.cr_extremes.mul_two_two; CG-MUL-001.cr_extremes.mul_two_zero; CG-MUL-001.cr_extremes.mul_zero_all_ones; CG-MUL-001.cr_extremes.mul_zero_int_max; CG-MUL-001.cr_extremes.mul_zero_int_min; CG-MUL-001.cr_extremes.mul_zero_one; CG-MUL-001.cr_extremes.mul_zero_p16; CG-MUL-001.cr_extremes.mul_zero_two; CG-MUL-001.cr_extremes.mul_zero_zero; CG-MUL-001.cr_extremes.mulh_all_ones_all_ones; CG-MUL-001.cr_extremes.mulh_all_ones_int_max; CG-MUL-001.cr_extremes.mulh_all_ones_int_min; CG-MUL-001.cr_extremes.mulh_all_ones_one; CG-MUL-001.cr_extremes.mulh_all_ones_p16; CG-MUL-001.cr_extremes.mulh_all_ones_two; CG-MUL-001.cr_extremes.mulh_all_ones_zero; CG-MUL-001.cr_extremes.mulh_int_max_all_ones; CG-MUL-001.cr_extremes.mulh_int_max_int_max; CG-MUL-001.cr_extremes.mulh_int_max_int_min; CG-MUL-001.cr_extremes.mulh_int_max_one; CG-MUL-001.cr_extremes.mulh_int_max_p16; CG-MUL-001.cr_extremes.mulh_int_max_two; CG-MUL-001.cr_extremes.mulh_int_max_zero; CG-MUL-001.cr_extremes.mulh_int_min_all_ones; CG-MUL-001.cr_extremes.mulh_int_min_int_max; CG-MUL-001.cr_extremes.mulh_int_min_int_min; CG-MUL-001.cr_extremes.mulh_int_min_one; CG-MUL-001.cr_extremes.mulh_int_min_p16; CG-MUL-001.cr_extremes.mulh_int_min_two; CG-MUL-001.cr_extremes.mulh_int_min_zero; CG-MUL-001.cr_extremes.mulh_one_all_ones; CG-MUL-001.cr_extremes.mulh_one_int_max; CG-MUL-001.cr_extremes.mulh_one_int_min; CG-MUL-001.cr_extremes.mulh_one_one; CG-MUL-001.cr_extremes.mulh_one_p16; CG-MUL-001.cr_extremes.mulh_one_two; CG-MUL-001.cr_extremes.mulh_one_zero; CG-MUL-001.cr_extremes.mulh_p16_all_ones; CG-MUL-001.cr_extremes.mulh_p16_int_max; CG-MUL-001.cr_extremes.mulh_p16_int_min; CG-MUL-001.cr_extremes.mulh_p16_one; CG-MUL-001.cr_extremes.mulh_p16_p16; CG-MUL-001.cr_extremes.mulh_p16_two; CG-MUL-001.cr_extremes.mulh_p16_zero; CG-MUL-001.cr_extremes.mulh_two_all_ones; CG-MUL-001.cr_extremes.mulh_two_int_max; CG-MUL-001.cr_extremes.mulh_two_int_min; CG-MUL-001.cr_extremes.mulh_two_one; CG-MUL-001.cr_extremes.mulh_two_p16; CG-MUL-001.cr_extremes.mulh_two_two; CG-MUL-001.cr_extremes.mulh_two_zero; CG-MUL-001.cr_extremes.mulh_zero_all_ones; CG-MUL-001.cr_extremes.mulh_zero_int_max; CG-MUL-001.cr_extremes.mulh_zero_int_min; CG-MUL-001.cr_extremes.mulh_zero_one; CG-MUL-001.cr_extremes.mulh_zero_p16; CG-MUL-001.cr_extremes.mulh_zero_two; CG-MUL-001.cr_extremes.mulh_zero_zero; CG-MUL-001.cr_extremes.mulhsu_all_ones_all_ones; CG-MUL-001.cr_extremes.mulhsu_all_ones_int_max; CG-MUL-001.cr_extremes.mulhsu_all_ones_int_min; CG-MUL-001.cr_extremes.mulhsu_all_ones_one; CG-MUL-001.cr_extremes.mulhsu_all_ones_p16; CG-MUL-001.cr_extremes.mulhsu_all_ones_two; CG-MUL-001.cr_extremes.mulhsu_all_ones_zero; CG-MUL-001.cr_extremes.mulhsu_int_max_all_ones; CG-MUL-001.cr_extremes.mulhsu_int_max_int_max; CG-MUL-001.cr_extremes.mulhsu_int_max_int_min; CG-MUL-001.cr_extremes.mulhsu_int_max_one; CG-MUL-001.cr_extremes.mulhsu_int_max_p16; CG-MUL-001.cr_extremes.mulhsu_int_max_two; CG-MUL-001.cr_extremes.mulhsu_int_max_zero; CG-MUL-001.cr_extremes.mulhsu_int_min_all_ones; CG-MUL-001.cr_extremes.mulhsu_int_min_int_max; CG-MUL-001.cr_extremes.mulhsu_int_min_int_min; CG-MUL-001.cr_extremes.mulhsu_int_min_one; CG-MUL-001.cr_extremes.mulhsu_int_min_p16; CG-MUL-001.cr_extremes.mulhsu_int_min_two; CG-MUL-001.cr_extremes.mulhsu_int_min_zero; CG-MUL-001.cr_extremes.mulhsu_one_all_ones; CG-MUL-001.cr_extremes.mulhsu_one_int_max; CG-MUL-001.cr_extremes.mulhsu_one_int_min; CG-MUL-001.cr_extremes.mulhsu_one_one; CG-MUL-001.cr_extremes.mulhsu_one_p16; CG-MUL-001.cr_extremes.mulhsu_one_two; CG-MUL-001.cr_extremes.mulhsu_one_zero; CG-MUL-001.cr_extremes.mulhsu_p16_all_ones; CG-MUL-001.cr_extremes.mulhsu_p16_int_max; CG-MUL-001.cr_extremes.mulhsu_p16_int_min; CG-MUL-001.cr_extremes.mulhsu_p16_one; CG-MUL-001.cr_extremes.mulhsu_p16_p16; CG-MUL-001.cr_extremes.mulhsu_p16_two; CG-MUL-001.cr_extremes.mulhsu_p16_zero; CG-MUL-001.cr_extremes.mulhsu_two_all_ones; CG-MUL-001.cr_extremes.mulhsu_two_int_max; CG-MUL-001.cr_extremes.mulhsu_two_int_min; CG-MUL-001.cr_extremes.mulhsu_two_one; CG-MUL-001.cr_extremes.mulhsu_two_p16; CG-MUL-001.cr_extremes.mulhsu_two_two; CG-MUL-001.cr_extremes.mulhsu_two_zero; CG-MUL-001.cr_extremes.mulhsu_zero_all_ones; CG-MUL-001.cr_extremes.mulhsu_zero_int_max; CG-MUL-001.cr_extremes.mulhsu_zero_int_min; CG-MUL-001.cr_extremes.mulhsu_zero_one; CG-MUL-001.cr_extremes.mulhsu_zero_p16; CG-MUL-001.cr_extremes.mulhsu_zero_two; CG-MUL-001.cr_extremes.mulhsu_zero_zero; CG-MUL-001.cr_extremes.mulhu_all_ones_all_ones; CG-MUL-001.cr_extremes.mulhu_all_ones_int_max; CG-MUL-001.cr_extremes.mulhu_all_ones_int_min; CG-MUL-001.cr_extremes.mulhu_all_ones_one; CG-MUL-001.cr_extremes.mulhu_all_ones_p16; CG-MUL-001.cr_extremes.mulhu_all_ones_two; CG-MUL-001.cr_extremes.mulhu_all_ones_zero; CG-MUL-001.cr_extremes.mulhu_int_max_all_ones; CG-MUL-001.cr_extremes.mulhu_int_max_int_max; CG-MUL-001.cr_extremes.mulhu_int_max_int_min; CG-MUL-001.cr_extremes.mulhu_int_max_one; CG-MUL-001.cr_extremes.mulhu_int_max_p16; CG-MUL-001.cr_extremes.mulhu_int_max_two; CG-MUL-001.cr_extremes.mulhu_int_max_zero; CG-MUL-001.cr_extremes.mulhu_int_min_all_ones; CG-MUL-001.cr_extremes.mulhu_int_min_int_max; CG-MUL-001.cr_extremes.mulhu_int_min_int_min; CG-MUL-001.cr_extremes.mulhu_int_min_one; CG-MUL-001.cr_extremes.mulhu_int_min_p16; CG-MUL-001.cr_extremes.mulhu_int_min_two; CG-MUL-001.cr_extremes.mulhu_int_min_zero; CG-MUL-001.cr_extremes.mulhu_one_all_ones; CG-MUL-001.cr_extremes.mulhu_one_int_max; CG-MUL-001.cr_extremes.mulhu_one_int_min; CG-MUL-001.cr_extremes.mulhu_one_one; CG-MUL-001.cr_extremes.mulhu_one_p16; CG-MUL-001.cr_extremes.mulhu_one_two; CG-MUL-001.cr_extremes.mulhu_one_zero; CG-MUL-001.cr_extremes.mulhu_p16_all_ones; CG-MUL-001.cr_extremes.mulhu_p16_int_max; CG-MUL-001.cr_extremes.mulhu_p16_int_min; CG-MUL-001.cr_extremes.mulhu_p16_one; CG-MUL-001.cr_extremes.mulhu_p16_p16; CG-MUL-001.cr_extremes.mulhu_p16_two; CG-MUL-001.cr_extremes.mulhu_p16_zero; CG-MUL-001.cr_extremes.mulhu_two_all_ones; CG-MUL-001.cr_extremes.mulhu_two_int_max; CG-MUL-001.cr_extremes.mulhu_two_int_min; CG-MUL-001.cr_extremes.mulhu_two_one; CG-MUL-001.cr_extremes.mulhu_two_p16; CG-MUL-001.cr_extremes.mulhu_two_two; CG-MUL-001.cr_extremes.mulhu_two_zero; CG-MUL-001.cr_extremes.mulhu_zero_all_ones; CG-MUL-001.cr_extremes.mulhu_zero_int_max; CG-MUL-001.cr_extremes.mulhu_zero_int_min; CG-MUL-001.cr_extremes.mulhu_zero_one; CG-MUL-001.cr_extremes.mulhu_zero_p16; CG-MUL-001.cr_extremes.mulhu_zero_two; CG-MUL-001.cr_extremes.mulhu_zero_zero; CG-MUL-001.cr_op_sign.c_mul_nn; CG-MUL-001.cr_op_sign.c_mul_np; CG-MUL-001.cr_op_sign.c_mul_pn; CG-MUL-001.cr_op_sign.c_mul_pp; CG-MUL-001.cr_op_sign.mul_nn; CG-MUL-001.cr_op_sign.mul_np; CG-MUL-001.cr_op_sign.mul_pn; CG-MUL-001.cr_op_sign.mul_pp; CG-MUL-001.cr_op_sign.mulh_nn; CG-MUL-001.cr_op_sign.mulh_np; CG-MUL-001.cr_op_sign.mulh_pn; CG-MUL-001.cr_op_sign.mulh_pp; CG-MUL-001.cr_op_sign.mulhsu_nn; CG-MUL-001.cr_op_sign.mulhsu_np; CG-MUL-001.cr_op_sign.mulhsu_pn; CG-MUL-001.cr_op_sign.mulhsu_pp; CG-MUL-001.cr_op_sign.mulhu_nn; CG-MUL-001.cr_op_sign.mulhu_np; CG-MUL-001.cr_op_sign.mulhu_pn; CG-MUL-001.cr_op_sign.mulhu_pp,0,no,,NOT-RUN-CLEAN (fcov expectation unverifiable: per-test urg report has no grpinfo.txt )
TP-MUL-005,gen_mul_mul,gen_test_mul_mul,smoke,3,FAIL,yes,6,6,CG-MUL-001.cp_op.mulhu; CG-MUL-002.cp_delta.d2; CG-MUL-002.cp_fetch_stall.no; CG-MUL-002.cp_op.mulhu; CG-MUL-002.cp_wb_busy.no; CG-MUL-002.cr_op_delta_clean.mulhu_d2,0,no,,NOT-RUN-CLEAN (fcov expectation unverifiable: per-test urg report has no grpinfo.txt )
TP-MUL-006,gen_mul_mul,gen_test_mul_mul,targeted,3,FAIL,yes,267,267,CG-MUL-001.cp_op.c_mul; CG-MUL-001.cp_op.mul; CG-MUL-001.cp_op.mulh; CG-MUL-001.cp_op.mulhsu; CG-MUL-001.cp_op.mulhu; CG-MUL-001.cp_result_class.fffffffe; CG-MUL-001.cp_result_class.one; CG-MUL-001.cp_result_class.r40000000; CG-MUL-001.cp_rs1_class.all_ones; CG-MUL-001.cp_rs1_class.int_max; CG-MUL-001.cp_rs1_class.int_min; CG-MUL-001.cp_rs1_class.one; CG-MUL-001.cp_rs1_class.p16; CG-MUL-001.cp_rs1_class.two; CG-MUL-001.cp_rs1_class.zero; CG-MUL-001.cp_rs2_class.all_ones; CG-MUL-001.cp_rs2_class.int_max; CG-MUL-001.cp_rs2_class.int_min; CG-MUL-001.cp_rs2_class.one; CG-MUL-001.cp_rs2_class.p16; CG-MUL-001.cp_rs2_class.two; CG-MUL-001.cp_rs2_class.zero; CG-MUL-001.cr_extremes.c_mul_all_ones_all_ones; CG-MUL-001.cr_extremes.c_mul_all_ones_int_max; CG-MUL-001.cr_extremes.c_mul_all_ones_int_min; CG-MUL-001.cr_extremes.c_mul_all_ones_one; CG-MUL-001.cr_extremes.c_mul_all_ones_p16; CG-MUL-001.cr_extremes.c_mul_all_ones_two; CG-MUL-001.cr_extremes.c_mul_all_ones_zero; CG-MUL-001.cr_extremes.c_mul_int_max_all_ones; CG-MUL-001.cr_extremes.c_mul_int_max_int_max; CG-MUL-001.cr_extremes.c_mul_int_max_int_min; CG-MUL-001.cr_extremes.c_mul_int_max_one; CG-MUL-001.cr_extremes.c_mul_int_max_p16; CG-MUL-001.cr_extremes.c_mul_int_max_two; CG-MUL-001.cr_extremes.c_mul_int_max_zero; CG-MUL-001.cr_extremes.c_mul_int_min_all_ones; CG-MUL-001.cr_extremes.c_mul_int_min_int_max; CG-MUL-001.cr_extremes.c_mul_int_min_int_min; CG-MUL-001.cr_extremes.c_mul_int_min_one; CG-MUL-001.cr_extremes.c_mul_int_min_p16; CG-MUL-001.cr_extremes.c_mul_int_min_two; CG-MUL-001.cr_extremes.c_mul_int_min_zero; CG-MUL-001.cr_extremes.c_mul_one_all_ones; CG-MUL-001.cr_extremes.c_mul_one_int_max; CG-MUL-001.cr_extremes.c_mul_one_int_min; CG-MUL-001.cr_extremes.c_mul_one_one; CG-MUL-001.cr_extremes.c_mul_one_p16; CG-MUL-001.cr_extremes.c_mul_one_two; CG-MUL-001.cr_extremes.c_mul_one_zero; CG-MUL-001.cr_extremes.c_mul_p16_all_ones; CG-MUL-001.cr_extremes.c_mul_p16_int_max; CG-MUL-001.cr_extremes.c_mul_p16_int_min; CG-MUL-001.cr_extremes.c_mul_p16_one; CG-MUL-001.cr_extremes.c_mul_p16_p16; CG-MUL-001.cr_extremes.c_mul_p16_two; CG-MUL-001.cr_extremes.c_mul_p16_zero; CG-MUL-001.cr_extremes.c_mul_two_all_ones; CG-MUL-001.cr_extremes.c_mul_two_int_max; CG-MUL-001.cr_extremes.c_mul_two_int_min; CG-MUL-001.cr_extremes.c_mul_two_one; CG-MUL-001.cr_extremes.c_mul_two_p16; CG-MUL-001.cr_extremes.c_mul_two_two; CG-MUL-001.cr_extremes.c_mul_two_zero; CG-MUL-001.cr_extremes.c_mul_zero_all_ones; CG-MUL-001.cr_extremes.c_mul_zero_int_max; CG-MUL-001.cr_extremes.c_mul_zero_int_min; CG-MUL-001.cr_extremes.c_mul_zero_one; CG-MUL-001.cr_extremes.c_mul_zero_p16; CG-MUL-001.cr_extremes.c_mul_zero_two; CG-MUL-001.cr_extremes.c_mul_zero_zero; CG-MUL-001.cr_extremes.mul_all_ones_all_ones; CG-MUL-001.cr_extremes.mul_all_ones_int_max; CG-MUL-001.cr_extremes.mul_all_ones_int_min; CG-MUL-001.cr_extremes.mul_all_ones_one; CG-MUL-001.cr_extremes.mul_all_ones_p16; CG-MUL-001.cr_extremes.mul_all_ones_two; CG-MUL-001.cr_extremes.mul_all_ones_zero; CG-MUL-001.cr_extremes.mul_int_max_all_ones; CG-MUL-001.cr_extremes.mul_int_max_int_max; CG-MUL-001.cr_extremes.mul_int_max_int_min; CG-MUL-001.cr_extremes.mul_int_max_one; CG-MUL-001.cr_extremes.mul_int_max_p16; CG-MUL-001.cr_extremes.mul_int_max_two; CG-MUL-001.cr_extremes.mul_int_max_zero; CG-MUL-001.cr_extremes.mul_int_min_all_ones; CG-MUL-001.cr_extremes.mul_int_min_int_max; CG-MUL-001.cr_extremes.mul_int_min_int_min; CG-MUL-001.cr_extremes.mul_int_min_one; CG-MUL-001.cr_extremes.mul_int_min_p16; CG-MUL-001.cr_extremes.mul_int_min_two; CG-MUL-001.cr_extremes.mul_int_min_zero; CG-MUL-001.cr_extremes.mul_one_all_ones; CG-MUL-001.cr_extremes.mul_one_int_max; CG-MUL-001.cr_extremes.mul_one_int_min; CG-MUL-001.cr_extremes.mul_one_one; CG-MUL-001.cr_extremes.mul_one_p16; CG-MUL-001.cr_extremes.mul_one_two; CG-MUL-001.cr_extremes.mul_one_zero; CG-MUL-001.cr_extremes.mul_p16_all_ones; CG-MUL-001.cr_extremes.mul_p16_int_max; CG-MUL-001.cr_extremes.mul_p16_int_min; CG-MUL-001.cr_extremes.mul_p16_one; CG-MUL-001.cr_extremes.mul_p16_p16; CG-MUL-001.cr_extremes.mul_p16_two; CG-MUL-001.cr_extremes.mul_p16_zero; CG-MUL-001.cr_extremes.mul_two_all_ones; CG-MUL-001.cr_extremes.mul_two_int_max; CG-MUL-001.cr_extremes.mul_two_int_min; CG-MUL-001.cr_extremes.mul_two_one; CG-MUL-001.cr_extremes.mul_two_p16; CG-MUL-001.cr_extremes.mul_two_two; CG-MUL-001.cr_extremes.mul_two_zero; CG-MUL-001.cr_extremes.mul_zero_all_ones; CG-MUL-001.cr_extremes.mul_zero_int_max; CG-MUL-001.cr_extremes.mul_zero_int_min; CG-MUL-001.cr_extremes.mul_zero_one; CG-MUL-001.cr_extremes.mul_zero_p16; CG-MUL-001.cr_extremes.mul_zero_two; CG-MUL-001.cr_extremes.mul_zero_zero; CG-MUL-001.cr_extremes.mulh_all_ones_all_ones; CG-MUL-001.cr_extremes.mulh_all_ones_int_max; CG-MUL-001.cr_extremes.mulh_all_ones_int_min; CG-MUL-001.cr_extremes.mulh_all_ones_one; CG-MUL-001.cr_extremes.mulh_all_ones_p16; CG-MUL-001.cr_extremes.mulh_all_ones_two; CG-MUL-001.cr_extremes.mulh_all_ones_zero; CG-MUL-001.cr_extremes.mulh_int_max_all_ones; CG-MUL-001.cr_extremes.mulh_int_max_int_max; CG-MUL-001.cr_extremes.mulh_int_max_int_min; CG-MUL-001.cr_extremes.mulh_int_max_one; CG-MUL-001.cr_extremes.mulh_int_max_p16; CG-MUL-001.cr_extremes.mulh_int_max_two; CG-MUL-001.cr_extremes.mulh_int_max_zero; CG-MUL-001.cr_extremes.mulh_int_min_all_ones; CG-MUL-001.cr_extremes.mulh_int_min_int_max; CG-MUL-001.cr_extremes.mulh_int_min_int_min; CG-MUL-001.cr_extremes.mulh_int_min_one; CG-MUL-001.cr_extremes.mulh_int_min_p16; CG-MUL-001.cr_extremes.mulh_int_min_two; CG-MUL-001.cr_extremes.mulh_int_min_zero; CG-MUL-001.cr_extremes.mulh_one_all_ones; CG-MUL-001.cr_extremes.mulh_one_int_max; CG-MUL-001.cr_extremes.mulh_one_int_min; CG-MUL-001.cr_extremes.mulh_one_one; CG-MUL-001.cr_extremes.mulh_one_p16; CG-MUL-001.cr_extremes.mulh_one_two; CG-MUL-001.cr_extremes.mulh_one_zero; CG-MUL-001.cr_extremes.mulh_p16_all_ones; CG-MUL-001.cr_extremes.mulh_p16_int_max; CG-MUL-001.cr_extremes.mulh_p16_int_min; CG-MUL-001.cr_extremes.mulh_p16_one; CG-MUL-001.cr_extremes.mulh_p16_p16; CG-MUL-001.cr_extremes.mulh_p16_two; CG-MUL-001.cr_extremes.mulh_p16_zero; CG-MUL-001.cr_extremes.mulh_two_all_ones; CG-MUL-001.cr_extremes.mulh_two_int_max; CG-MUL-001.cr_extremes.mulh_two_int_min; CG-MUL-001.cr_extremes.mulh_two_one; CG-MUL-001.cr_extremes.mulh_two_p16; CG-MUL-001.cr_extremes.mulh_two_two; CG-MUL-001.cr_extremes.mulh_two_zero; CG-MUL-001.cr_extremes.mulh_zero_all_ones; CG-MUL-001.cr_extremes.mulh_zero_int_max; CG-MUL-001.cr_extremes.mulh_zero_int_min; CG-MUL-001.cr_extremes.mulh_zero_one; CG-MUL-001.cr_extremes.mulh_zero_p16; CG-MUL-001.cr_extremes.mulh_zero_two; CG-MUL-001.cr_extremes.mulh_zero_zero; CG-MUL-001.cr_extremes.mulhsu_all_ones_all_ones; CG-MUL-001.cr_extremes.mulhsu_all_ones_int_max; CG-MUL-001.cr_extremes.mulhsu_all_ones_int_min; CG-MUL-001.cr_extremes.mulhsu_all_ones_one; CG-MUL-001.cr_extremes.mulhsu_all_ones_p16; CG-MUL-001.cr_extremes.mulhsu_all_ones_two; CG-MUL-001.cr_extremes.mulhsu_all_ones_zero; CG-MUL-001.cr_extremes.mulhsu_int_max_all_ones; CG-MUL-001.cr_extremes.mulhsu_int_max_int_max; CG-MUL-001.cr_extremes.mulhsu_int_max_int_min; CG-MUL-001.cr_extremes.mulhsu_int_max_one; CG-MUL-001.cr_extremes.mulhsu_int_max_p16; CG-MUL-001.cr_extremes.mulhsu_int_max_two; CG-MUL-001.cr_extremes.mulhsu_int_max_zero; CG-MUL-001.cr_extremes.mulhsu_int_min_all_ones; CG-MUL-001.cr_extremes.mulhsu_int_min_int_max; CG-MUL-001.cr_extremes.mulhsu_int_min_int_min; CG-MUL-001.cr_extremes.mulhsu_int_min_one; CG-MUL-001.cr_extremes.mulhsu_int_min_p16; CG-MUL-001.cr_extremes.mulhsu_int_min_two; CG-MUL-001.cr_extremes.mulhsu_int_min_zero; CG-MUL-001.cr_extremes.mulhsu_one_all_ones; CG-MUL-001.cr_extremes.mulhsu_one_int_max; CG-MUL-001.cr_extremes.mulhsu_one_int_min; CG-MUL-001.cr_extremes.mulhsu_one_one; CG-MUL-001.cr_extremes.mulhsu_one_p16; CG-MUL-001.cr_extremes.mulhsu_one_two; CG-MUL-001.cr_extremes.mulhsu_one_zero; CG-MUL-001.cr_extremes.mulhsu_p16_all_ones; CG-MUL-001.cr_extremes.mulhsu_p16_int_max; CG-MUL-001.cr_extremes.mulhsu_p16_int_min; CG-MUL-001.cr_extremes.mulhsu_p16_one; CG-MUL-001.cr_extremes.mulhsu_p16_p16; CG-MUL-001.cr_extremes.mulhsu_p16_two; CG-MUL-001.cr_extremes.mulhsu_p16_zero; CG-MUL-001.cr_extremes.mulhsu_two_all_ones; CG-MUL-001.cr_extremes.mulhsu_two_int_max; CG-MUL-001.cr_extremes.mulhsu_two_int_min; CG-MUL-001.cr_extremes.mulhsu_two_one; CG-MUL-001.cr_extremes.mulhsu_two_p16; CG-MUL-001.cr_extremes.mulhsu_two_two; CG-MUL-001.cr_extremes.mulhsu_two_zero; CG-MUL-001.cr_extremes.mulhsu_zero_all_ones; CG-MUL-001.cr_extremes.mulhsu_zero_int_max; CG-MUL-001.cr_extremes.mulhsu_zero_int_min; CG-MUL-001.cr_extremes.mulhsu_zero_one; CG-MUL-001.cr_extremes.mulhsu_zero_p16; CG-MUL-001.cr_extremes.mulhsu_zero_two; CG-MUL-001.cr_extremes.mulhsu_zero_zero; CG-MUL-001.cr_extremes.mulhu_all_ones_all_ones; CG-MUL-001.cr_extremes.mulhu_all_ones_int_max; CG-MUL-001.cr_extremes.mulhu_all_ones_int_min; CG-MUL-001.cr_extremes.mulhu_all_ones_one; CG-MUL-001.cr_extremes.mulhu_all_ones_p16; CG-MUL-001.cr_extremes.mulhu_all_ones_two; CG-MUL-001.cr_extremes.mulhu_all_ones_zero; CG-MUL-001.cr_extremes.mulhu_int_max_all_ones; CG-MUL-001.cr_extremes.mulhu_int_max_int_max; CG-MUL-001.cr_extremes.mulhu_int_max_int_min; CG-MUL-001.cr_extremes.mulhu_int_max_one; CG-MUL-001.cr_extremes.mulhu_int_max_p16; CG-MUL-001.cr_extremes.mulhu_int_max_two; CG-MUL-001.cr_extremes.mulhu_int_max_zero; CG-MUL-001.cr_extremes.mulhu_int_min_all_ones; CG-MUL-001.cr_extremes.mulhu_int_min_int_max; CG-MUL-001.cr_extremes.mulhu_int_min_int_min; CG-MUL-001.cr_extremes.mulhu_int_min_one; CG-MUL-001.cr_extremes.mulhu_int_min_p16; CG-MUL-001.cr_extremes.mulhu_int_min_two; CG-MUL-001.cr_extremes.mulhu_int_min_zero; CG-MUL-001.cr_extremes.mulhu_one_all_ones; CG-MUL-001.cr_extremes.mulhu_one_int_max; CG-MUL-001.cr_extremes.mulhu_one_int_min; CG-MUL-001.cr_extremes.mulhu_one_one; CG-MUL-001.cr_extremes.mulhu_one_p16; CG-MUL-001.cr_extremes.mulhu_one_two; CG-MUL-001.cr_extremes.mulhu_one_zero; CG-MUL-001.cr_extremes.mulhu_p16_all_ones; CG-MUL-001.cr_extremes.mulhu_p16_int_max; CG-MUL-001.cr_extremes.mulhu_p16_int_min; CG-MUL-001.cr_extremes.mulhu_p16_one; CG-MUL-001.cr_extremes.mulhu_p16_p16; CG-MUL-001.cr_extremes.mulhu_p16_two; CG-MUL-001.cr_extremes.mulhu_p16_zero; CG-MUL-001.cr_extremes.mulhu_two_all_ones; CG-MUL-001.cr_extremes.mulhu_two_int_max; CG-MUL-001.cr_extremes.mulhu_two_int_min; CG-MUL-001.cr_extremes.mulhu_two_one; CG-MUL-001.cr_extremes.mulhu_two_p16; CG-MUL-001.cr_extremes.mulhu_two_two; CG-MUL-001.cr_extremes.mulhu_two_zero; CG-MUL-001.cr_extremes.mulhu_zero_all_ones; CG-MUL-001.cr_extremes.mulhu_zero_int_max; CG-MUL-001.cr_extremes.mulhu_zero_int_min; CG-MUL-001.cr_extremes.mulhu_zero_one; CG-MUL-001.cr_extremes.mulhu_zero_p16; CG-MUL-001.cr_extremes.mulhu_zero_two; CG-MUL-001.cr_extremes.mulhu_zero_zero,0,no,,NOT-RUN-CLEAN (fcov expectation unverifiable: per-test urg report has no grpinfo.txt )
TP-MUL-007,gen_mul_mul,gen_test_mul_mul,smoke,3,FAIL,yes,6,6,CG-MUL-001.cp_op.mulhsu; CG-MUL-002.cp_delta.d2; CG-MUL-002.cp_fetch_stall.no; CG-MUL-002.cp_op.mulhsu; CG-MUL-002.cp_wb_busy.no; CG-MUL-002.cr_op_delta_clean.mulhsu_d2,0,no,,NOT-RUN-CLEAN (fcov expectation unverifiable: per-test urg report has no grpinfo.txt )
TP-MUL-008,gen_mul_mul,gen_test_mul_mul,targeted,3,FAIL,yes,290,290,CG-MUL-001.cp_op.c_mul; CG-MUL-001.cp_op.mul; CG-MUL-001.cp_op.mulh; CG-MUL-001.cp_op.mulhsu; CG-MUL-001.cp_op.mulhu; CG-MUL-001.cp_result_class.all_ones; CG-MUL-001.cp_result_class.int_min; CG-MUL-001.cp_rs1_class.all_ones; CG-MUL-001.cp_rs1_class.int_max; CG-MUL-001.cp_rs1_class.int_min; CG-MUL-001.cp_rs1_class.one; CG-MUL-001.cp_rs1_class.p16; CG-MUL-001.cp_rs1_class.two; CG-MUL-001.cp_rs1_class.zero; CG-MUL-001.cp_rs2_class.all_ones; CG-MUL-001.cp_rs2_class.int_max; CG-MUL-001.cp_rs2_class.int_min; CG-MUL-001.cp_rs2_class.one; CG-MUL-001.cp_rs2_class.p16; CG-MUL-001.cp_rs2_class.two; CG-MUL-001.cp_rs2_class.zero; CG-MUL-001.cp_sign_pair.nn; CG-MUL-001.cp_sign_pair.np; CG-MUL-001.cp_sign_pair.pn; CG-MUL-001.cp_sign_pair.pp; CG-MUL-001.cr_extremes.c_mul_all_ones_all_ones; CG-MUL-001.cr_extremes.c_mul_all_ones_int_max; CG-MUL-001.cr_extremes.c_mul_all_ones_int_min; CG-MUL-001.cr_extremes.c_mul_all_ones_one; CG-MUL-001.cr_extremes.c_mul_all_ones_p16; CG-MUL-001.cr_extremes.c_mul_all_ones_two; CG-MUL-001.cr_extremes.c_mul_all_ones_zero; CG-MUL-001.cr_extremes.c_mul_int_max_all_ones; CG-MUL-001.cr_extremes.c_mul_int_max_int_max; CG-MUL-001.cr_extremes.c_mul_int_max_int_min; CG-MUL-001.cr_extremes.c_mul_int_max_one; CG-MUL-001.cr_extremes.c_mul_int_max_p16; CG-MUL-001.cr_extremes.c_mul_int_max_two; CG-MUL-001.cr_extremes.c_mul_int_max_zero; CG-MUL-001.cr_extremes.c_mul_int_min_all_ones; CG-MUL-001.cr_extremes.c_mul_int_min_int_max; CG-MUL-001.cr_extremes.c_mul_int_min_int_min; CG-MUL-001.cr_extremes.c_mul_int_min_one; CG-MUL-001.cr_extremes.c_mul_int_min_p16; CG-MUL-001.cr_extremes.c_mul_int_min_two; CG-MUL-001.cr_extremes.c_mul_int_min_zero; CG-MUL-001.cr_extremes.c_mul_one_all_ones; CG-MUL-001.cr_extremes.c_mul_one_int_max; CG-MUL-001.cr_extremes.c_mul_one_int_min; CG-MUL-001.cr_extremes.c_mul_one_one; CG-MUL-001.cr_extremes.c_mul_one_p16; CG-MUL-001.cr_extremes.c_mul_one_two; CG-MUL-001.cr_extremes.c_mul_one_zero; CG-MUL-001.cr_extremes.c_mul_p16_all_ones; CG-MUL-001.cr_extremes.c_mul_p16_int_max; CG-MUL-001.cr_extremes.c_mul_p16_int_min; CG-MUL-001.cr_extremes.c_mul_p16_one; CG-MUL-001.cr_extremes.c_mul_p16_p16; CG-MUL-001.cr_extremes.c_mul_p16_two; CG-MUL-001.cr_extremes.c_mul_p16_zero; CG-MUL-001.cr_extremes.c_mul_two_all_ones; CG-MUL-001.cr_extremes.c_mul_two_int_max; CG-MUL-001.cr_extremes.c_mul_two_int_min; CG-MUL-001.cr_extremes.c_mul_two_one; CG-MUL-001.cr_extremes.c_mul_two_p16; CG-MUL-001.cr_extremes.c_mul_two_two; CG-MUL-001.cr_extremes.c_mul_two_zero; CG-MUL-001.cr_extremes.c_mul_zero_all_ones; CG-MUL-001.cr_extremes.c_mul_zero_int_max; CG-MUL-001.cr_extremes.c_mul_zero_int_min; CG-MUL-001.cr_extremes.c_mul_zero_one; CG-MUL-001.cr_extremes.c_mul_zero_p16; CG-MUL-001.cr_extremes.c_mul_zero_two; CG-MUL-001.cr_extremes.c_mul_zero_zero; CG-MUL-001.cr_extremes.mul_all_ones_all_ones; CG-MUL-001.cr_extremes.mul_all_ones_int_max; CG-MUL-001.cr_extremes.mul_all_ones_int_min; CG-MUL-001.cr_extremes.mul_all_ones_one; CG-MUL-001.cr_extremes.mul_all_ones_p16; CG-MUL-001.cr_extremes.mul_all_ones_two; CG-MUL-001.cr_extremes.mul_all_ones_zero; CG-MUL-001.cr_extremes.mul_int_max_all_ones; CG-MUL-001.cr_extremes.mul_int_max_int_max; CG-MUL-001.cr_extremes.mul_int_max_int_min; CG-MUL-001.cr_extremes.mul_int_max_one; CG-MUL-001.cr_extremes.mul_int_max_p16; CG-MUL-001.cr_extremes.mul_int_max_two; CG-MUL-001.cr_extremes.mul_int_max_zero; CG-MUL-001.cr_extremes.mul_int_min_all_ones; CG-MUL-001.cr_extremes.mul_int_min_int_max; CG-MUL-001.cr_extremes.mul_int_min_int_min; CG-MUL-001.cr_extremes.mul_int_min_one; CG-MUL-001.cr_extremes.mul_int_min_p16; CG-MUL-001.cr_extremes.mul_int_min_two; CG-MUL-001.cr_extremes.mul_int_min_zero; CG-MUL-001.cr_extremes.mul_one_all_ones; CG-MUL-001.cr_extremes.mul_one_int_max; CG-MUL-001.cr_extremes.mul_one_int_min; CG-MUL-001.cr_extremes.mul_one_one; CG-MUL-001.cr_extremes.mul_one_p16; CG-MUL-001.cr_extremes.mul_one_two; CG-MUL-001.cr_extremes.mul_one_zero; CG-MUL-001.cr_extremes.mul_p16_all_ones; CG-MUL-001.cr_extremes.mul_p16_int_max; CG-MUL-001.cr_extremes.mul_p16_int_min; CG-MUL-001.cr_extremes.mul_p16_one; CG-MUL-001.cr_extremes.mul_p16_p16; CG-MUL-001.cr_extremes.mul_p16_two; CG-MUL-001.cr_extremes.mul_p16_zero; CG-MUL-001.cr_extremes.mul_two_all_ones; CG-MUL-001.cr_extremes.mul_two_int_max; CG-MUL-001.cr_extremes.mul_two_int_min; CG-MUL-001.cr_extremes.mul_two_one; CG-MUL-001.cr_extremes.mul_two_p16; CG-MUL-001.cr_extremes.mul_two_two; CG-MUL-001.cr_extremes.mul_two_zero; CG-MUL-001.cr_extremes.mul_zero_all_ones; CG-MUL-001.cr_extremes.mul_zero_int_max; CG-MUL-001.cr_extremes.mul_zero_int_min; CG-MUL-001.cr_extremes.mul_zero_one; CG-MUL-001.cr_extremes.mul_zero_p16; CG-MUL-001.cr_extremes.mul_zero_two; CG-MUL-001.cr_extremes.mul_zero_zero; CG-MUL-001.cr_extremes.mulh_all_ones_all_ones; CG-MUL-001.cr_extremes.mulh_all_ones_int_max; CG-MUL-001.cr_extremes.mulh_all_ones_int_min; CG-MUL-001.cr_extremes.mulh_all_ones_one; CG-MUL-001.cr_extremes.mulh_all_ones_p16; CG-MUL-001.cr_extremes.mulh_all_ones_two; CG-MUL-001.cr_extremes.mulh_all_ones_zero; CG-MUL-001.cr_extremes.mulh_int_max_all_ones; CG-MUL-001.cr_extremes.mulh_int_max_int_max; CG-MUL-001.cr_extremes.mulh_int_max_int_min; CG-MUL-001.cr_extremes.mulh_int_max_one; CG-MUL-001.cr_extremes.mulh_int_max_p16; CG-MUL-001.cr_extremes.mulh_int_max_two; CG-MUL-001.cr_extremes.mulh_int_max_zero; CG-MUL-001.cr_extremes.mulh_int_min_all_ones; CG-MUL-001.cr_extremes.mulh_int_min_int_max; CG-MUL-001.cr_extremes.mulh_int_min_int_min; CG-MUL-001.cr_extremes.mulh_int_min_one; CG-MUL-001.cr_extremes.mulh_int_min_p16; CG-MUL-001.cr_extremes.mulh_int_min_two; CG-MUL-001.cr_extremes.mulh_int_min_zero; CG-MUL-001.cr_extremes.mulh_one_all_ones; CG-MUL-001.cr_extremes.mulh_one_int_max; CG-MUL-001.cr_extremes.mulh_one_int_min; CG-MUL-001.cr_extremes.mulh_one_one; CG-MUL-001.cr_extremes.mulh_one_p16; CG-MUL-001.cr_extremes.mulh_one_two; CG-MUL-001.cr_extremes.mulh_one_zero; CG-MUL-001.cr_extremes.mulh_p16_all_ones; CG-MUL-001.cr_extremes.mulh_p16_int_max; CG-MUL-001.cr_extremes.mulh_p16_int_min; CG-MUL-001.cr_extremes.mulh_p16_one; CG-MUL-001.cr_extremes.mulh_p16_p16; CG-MUL-001.cr_extremes.mulh_p16_two; CG-MUL-001.cr_extremes.mulh_p16_zero; CG-MUL-001.cr_extremes.mulh_two_all_ones; CG-MUL-001.cr_extremes.mulh_two_int_max; CG-MUL-001.cr_extremes.mulh_two_int_min; CG-MUL-001.cr_extremes.mulh_two_one; CG-MUL-001.cr_extremes.mulh_two_p16; CG-MUL-001.cr_extremes.mulh_two_two; CG-MUL-001.cr_extremes.mulh_two_zero; CG-MUL-001.cr_extremes.mulh_zero_all_ones; CG-MUL-001.cr_extremes.mulh_zero_int_max; CG-MUL-001.cr_extremes.mulh_zero_int_min; CG-MUL-001.cr_extremes.mulh_zero_one; CG-MUL-001.cr_extremes.mulh_zero_p16; CG-MUL-001.cr_extremes.mulh_zero_two; CG-MUL-001.cr_extremes.mulh_zero_zero; CG-MUL-001.cr_extremes.mulhsu_all_ones_all_ones; CG-MUL-001.cr_extremes.mulhsu_all_ones_int_max; CG-MUL-001.cr_extremes.mulhsu_all_ones_int_min; CG-MUL-001.cr_extremes.mulhsu_all_ones_one; CG-MUL-001.cr_extremes.mulhsu_all_ones_p16; CG-MUL-001.cr_extremes.mulhsu_all_ones_two; CG-MUL-001.cr_extremes.mulhsu_all_ones_zero; CG-MUL-001.cr_extremes.mulhsu_int_max_all_ones; CG-MUL-001.cr_extremes.mulhsu_int_max_int_max; CG-MUL-001.cr_extremes.mulhsu_int_max_int_min; CG-MUL-001.cr_extremes.mulhsu_int_max_one; CG-MUL-001.cr_extremes.mulhsu_int_max_p16; CG-MUL-001.cr_extremes.mulhsu_int_max_two; CG-MUL-001.cr_extremes.mulhsu_int_max_zero; CG-MUL-001.cr_extremes.mulhsu_int_min_all_ones; CG-MUL-001.cr_extremes.mulhsu_int_min_int_max; CG-MUL-001.cr_extremes.mulhsu_int_min_int_min; CG-MUL-001.cr_extremes.mulhsu_int_min_one; CG-MUL-001.cr_extremes.mulhsu_int_min_p16; CG-MUL-001.cr_extremes.mulhsu_int_min_two; CG-MUL-001.cr_extremes.mulhsu_int_min_zero; CG-MUL-001.cr_extremes.mulhsu_one_all_ones; CG-MUL-001.cr_extremes.mulhsu_one_int_max; CG-MUL-001.cr_extremes.mulhsu_one_int_min; CG-MUL-001.cr_extremes.mulhsu_one_one; CG-MUL-001.cr_extremes.mulhsu_one_p16; CG-MUL-001.cr_extremes.mulhsu_one_two; CG-MUL-001.cr_extremes.mulhsu_one_zero; CG-MUL-001.cr_extremes.mulhsu_p16_all_ones; CG-MUL-001.cr_extremes.mulhsu_p16_int_max; CG-MUL-001.cr_extremes.mulhsu_p16_int_min; CG-MUL-001.cr_extremes.mulhsu_p16_one; CG-MUL-001.cr_extremes.mulhsu_p16_p16; CG-MUL-001.cr_extremes.mulhsu_p16_two; CG-MUL-001.cr_extremes.mulhsu_p16_zero; CG-MUL-001.cr_extremes.mulhsu_two_all_ones; CG-MUL-001.cr_extremes.mulhsu_two_int_max; CG-MUL-001.cr_extremes.mulhsu_two_int_min; CG-MUL-001.cr_extremes.mulhsu_two_one; CG-MUL-001.cr_extremes.mulhsu_two_p16; CG-MUL-001.cr_extremes.mulhsu_two_two; CG-MUL-001.cr_extremes.mulhsu_two_zero; CG-MUL-001.cr_extremes.mulhsu_zero_all_ones; CG-MUL-001.cr_extremes.mulhsu_zero_int_max; CG-MUL-001.cr_extremes.mulhsu_zero_int_min; CG-MUL-001.cr_extremes.mulhsu_zero_one; CG-MUL-001.cr_extremes.mulhsu_zero_p16; CG-MUL-001.cr_extremes.mulhsu_zero_two; CG-MUL-001.cr_extremes.mulhsu_zero_zero; CG-MUL-001.cr_extremes.mulhu_all_ones_all_ones; CG-MUL-001.cr_extremes.mulhu_all_ones_int_max; CG-MUL-001.cr_extremes.mulhu_all_ones_int_min; CG-MUL-001.cr_extremes.mulhu_all_ones_one; CG-MUL-001.cr_extremes.mulhu_all_ones_p16; CG-MUL-001.cr_extremes.mulhu_all_ones_two; CG-MUL-001.cr_extremes.mulhu_all_ones_zero; CG-MUL-001.cr_extremes.mulhu_int_max_all_ones; CG-MUL-001.cr_extremes.mulhu_int_max_int_max; CG-MUL-001.cr_extremes.mulhu_int_max_int_min; CG-MUL-001.cr_extremes.mulhu_int_max_one; CG-MUL-001.cr_extremes.mulhu_int_max_p16; CG-MUL-001.cr_extremes.mulhu_int_max_two; CG-MUL-001.cr_extremes.mulhu_int_max_zero; CG-MUL-001.cr_extremes.mulhu_int_min_all_ones; CG-MUL-001.cr_extremes.mulhu_int_min_int_max; CG-MUL-001.cr_extremes.mulhu_int_min_int_min; CG-MUL-001.cr_extremes.mulhu_int_min_one; CG-MUL-001.cr_extremes.mulhu_int_min_p16; CG-MUL-001.cr_extremes.mulhu_int_min_two; CG-MUL-001.cr_extremes.mulhu_int_min_zero; CG-MUL-001.cr_extremes.mulhu_one_all_ones; CG-MUL-001.cr_extremes.mulhu_one_int_max; CG-MUL-001.cr_extremes.mulhu_one_int_min; CG-MUL-001.cr_extremes.mulhu_one_one; CG-MUL-001.cr_extremes.mulhu_one_p16; CG-MUL-001.cr_extremes.mulhu_one_two; CG-MUL-001.cr_extremes.mulhu_one_zero; CG-MUL-001.cr_extremes.mulhu_p16_all_ones; CG-MUL-001.cr_extremes.mulhu_p16_int_max; CG-MUL-001.cr_extremes.mulhu_p16_int_min; CG-MUL-001.cr_extremes.mulhu_p16_one; CG-MUL-001.cr_extremes.mulhu_p16_p16; CG-MUL-001.cr_extremes.mulhu_p16_two; CG-MUL-001.cr_extremes.mulhu_p16_zero; CG-MUL-001.cr_extremes.mulhu_two_all_ones; CG-MUL-001.cr_extremes.mulhu_two_int_max; CG-MUL-001.cr_extremes.mulhu_two_int_min; CG-MUL-001.cr_extremes.mulhu_two_one; CG-MUL-001.cr_extremes.mulhu_two_p16; CG-MUL-001.cr_extremes.mulhu_two_two; CG-MUL-001.cr_extremes.mulhu_two_zero; CG-MUL-001.cr_extremes.mulhu_zero_all_ones; CG-MUL-001.cr_extremes.mulhu_zero_int_max; CG-MUL-001.cr_extremes.mulhu_zero_int_min; CG-MUL-001.cr_extremes.mulhu_zero_one; CG-MUL-001.cr_extremes.mulhu_zero_p16; CG-MUL-001.cr_extremes.mulhu_zero_two; CG-MUL-001.cr_extremes.mulhu_zero_zero; CG-MUL-001.cr_op_sign.c_mul_nn; CG-MUL-001.cr_op_sign.c_mul_np; CG-MUL-001.cr_op_sign.c_mul_pn; CG-MUL-001.cr_op_sign.c_mul_pp; CG-MUL-001.cr_op_sign.mul_nn; CG-MUL-001.cr_op_sign.mul_np; CG-MUL-001.cr_op_sign.mul_pn; CG-MUL-001.cr_op_sign.mul_pp; CG-MUL-001.cr_op_sign.mulh_nn; CG-MUL-001.cr_op_sign.mulh_np; CG-MUL-001.cr_op_sign.mulh_pn; CG-MUL-001.cr_op_sign.mulh_pp; CG-MUL-001.cr_op_sign.mulhsu_nn; CG-MUL-001.cr_op_sign.mulhsu_np; CG-MUL-001.cr_op_sign.mulhsu_pn; CG-MUL-001.cr_op_sign.mulhsu_pp; CG-MUL-001.cr_op_sign.mulhu_nn; CG-MUL-001.cr_op_sign.mulhu_np; CG-MUL-001.cr_op_sign.mulhu_pn; CG-MUL-001.cr_op_sign.mulhu_pp,0,no,,NOT-RUN-CLEAN (fcov expectation unverifiable: per-test urg report has no grpinfo.txt )
TP-MUL-012,gen_mul_div,gen_test_mul_div,smoke,3,FAIL,none,33,33,CG-MUL-003.cp_dividend.all_ones; CG-MUL-003.cp_dividend.int_max; CG-MUL-003.cp_dividend.int_min; CG-MUL-003.cp_dividend.neg_rand; CG-MUL-003.cp_dividend.one; CG-MUL-003.cp_dividend.pos_rand; CG-MUL-003.cp_dividend.seven; CG-MUL-003.cp_dividend.two; CG-MUL-003.cp_dividend.zero; CG-MUL-003.cp_op.div; CG-MUL-003.cp_sign_pair.nn; CG-MUL-003.cp_sign_pair.np; CG-MUL-003.cp_sign_pair.pn; CG-MUL-003.cp_sign_pair.pp; CG-MUL-003.cr_op_dividend.div_all_ones (not declared); CG-MUL-003.cr_op_dividend.div_int_max (not declared); CG-MUL-003.cr_op_dividend.div_int_min (not declared); CG-MUL-003.cr_op_dividend.div_neg_rand (not declared); CG-MUL-003.cr_op_dividend.div_one (not declared); CG-MUL-003.cr_op_dividend.div_pos_rand (not declared); CG-MUL-003.cr_op_dividend.div_seven (not declared); CG-MUL-003.cr_op_dividend.div_two (not declared); CG-MUL-003.cr_op_dividend.div_zero (not declared); CG-MUL-003.cr_op_sign.div_nn; CG-MUL-003.cr_op_sign.div_np; CG-MUL-003.cr_op_sign.div_pn; CG-MUL-003.cr_op_sign.div_pp; CG-MUL-004.cp_delta.d37 (not declared); CG-MUL-004.cp_dit.off; CG-MUL-004.cp_div0.no; CG-MUL-004.cp_fetch_stall.no; CG-MUL-004.cp_wb_defer.no; CG-MUL-004.cr_dit_div0_delta.dit0_nodiv0_d37 (not declared),0,no,,NOT-RUN-CLEAN (fcov expectation unverifiable: per-test urg report has no grpinfo.txt )
TP-MUL-013,gen_mul_div,gen_test_mul_div,smoke,3,FAIL,yes,39,39,CG-MUL-003.cp_dividend.all_ones; CG-MUL-003.cp_dividend.int_max; CG-MUL-003.cp_dividend.int_min; CG-MUL-003.cp_dividend.neg_rand; CG-MUL-003.cp_dividend.one; CG-MUL-003.cp_dividend.pos_rand; CG-MUL-003.cp_dividend.seven; CG-MUL-003.cp_dividend.two; CG-MUL-003.cp_dividend.zero; CG-MUL-003.cp_divisor.abs_gt_dividend; CG-MUL-003.cp_divisor.all_ones; CG-MUL-003.cp_divisor.eq_dividend; CG-MUL-003.cp_divisor.int_min; CG-MUL-003.cp_divisor.minus_two; CG-MUL-003.cp_divisor.neg_rand; CG-MUL-003.cp_divisor.one; CG-MUL-003.cp_divisor.pos_rand; CG-MUL-003.cp_divisor.two; CG-MUL-003.cp_divisor.zero; CG-MUL-003.cp_op.divu; CG-MUL-003.cr_op_dividend.divu_all_ones; CG-MUL-003.cr_op_dividend.divu_int_max; CG-MUL-003.cr_op_dividend.divu_int_min; CG-MUL-003.cr_op_dividend.divu_neg_rand; CG-MUL-003.cr_op_dividend.divu_one; CG-MUL-003.cr_op_dividend.divu_pos_rand; CG-MUL-003.cr_op_dividend.divu_seven; CG-MUL-003.cr_op_dividend.divu_two; CG-MUL-003.cr_op_dividend.divu_zero; CG-MUL-003.cr_op_divisor.divu_abs_gt_dividend; CG-MUL-003.cr_op_divisor.divu_all_ones; CG-MUL-003.cr_op_divisor.divu_eq_dividend; CG-MUL-003.cr_op_divisor.divu_int_min; CG-MUL-003.cr_op_divisor.divu_minus_two; CG-MUL-003.cr_op_divisor.divu_neg_rand; CG-MUL-003.cr_op_divisor.divu_one; CG-MUL-003.cr_op_divisor.divu_pos_rand; CG-MUL-003.cr_op_divisor.divu_two; CG-MUL-003.cr_op_divisor.divu_zero,0,no,,NOT-RUN-CLEAN (fcov expectation unverifiable: per-test urg report has no grpinfo.txt )
TP-MUL-014,gen_mul_div,gen_test_mul_div,smoke,3,FAIL,yes,27,27,CG-MUL-003.cp_dividend.all_ones; CG-MUL-003.cp_dividend.int_max; CG-MUL-003.cp_dividend.int_min; CG-MUL-003.cp_dividend.neg_rand; CG-MUL-003.cp_dividend.one; CG-MUL-003.cp_dividend.pos_rand; CG-MUL-003.cp_dividend.seven; CG-MUL-003.cp_dividend.two; CG-MUL-003.cp_dividend.zero; CG-MUL-003.cp_op.rem; CG-MUL-003.cp_sign_pair.nn; CG-MUL-003.cp_sign_pair.np; CG-MUL-003.cp_sign_pair.pn; CG-MUL-003.cp_sign_pair.pp; CG-MUL-003.cr_op_dividend.rem_all_ones; CG-MUL-003.cr_op_dividend.rem_int_max; CG-MUL-003.cr_op_dividend.rem_int_min; CG-MUL-003.cr_op_dividend.rem_neg_rand; CG-MUL-003.cr_op_dividend.rem_one; CG-MUL-003.cr_op_dividend.rem_pos_rand; CG-MUL-003.cr_op_dividend.rem_seven; CG-MUL-003.cr_op_dividend.rem_two; CG-MUL-003.cr_op_dividend.rem_zero; CG-MUL-003.cr_op_sign.rem_nn; CG-MUL-003.cr_op_sign.rem_np; CG-MUL-003.cr_op_sign.rem_pn; CG-MUL-003.cr_op_sign.rem_pp,0,no,,NOT-RUN-CLEAN (fcov expectation unverifiable: per-test urg report has no grpinfo.txt )
TP-MUL-015,gen_mul_div,gen_test_mul_div,smoke,3,FAIL,yes,39,39,CG-MUL-003.cp_dividend.all_ones; CG-MUL-003.cp_dividend.int_max; CG-MUL-003.cp_dividend.int_min; CG-MUL-003.cp_dividend.neg_rand; CG-MUL-003.cp_dividend.one; CG-MUL-003.cp_dividend.pos_rand; CG-MUL-003.cp_dividend.seven; CG-MUL-003.cp_dividend.two; CG-MUL-003.cp_dividend.zero; CG-MUL-003.cp_divisor.abs_gt_dividend; CG-MUL-003.cp_divisor.all_ones; CG-MUL-003.cp_divisor.eq_dividend; CG-MUL-003.cp_divisor.int_min; CG-MUL-003.cp_divisor.minus_two; CG-MUL-003.cp_divisor.neg_rand; CG-MUL-003.cp_divisor.one; CG-MUL-003.cp_divisor.pos_rand; CG-MUL-003.cp_divisor.two; CG-MUL-003.cp_divisor.zero; CG-MUL-003.cp_op.remu; CG-MUL-003.cr_op_dividend.remu_all_ones; CG-MUL-003.cr_op_dividend.remu_int_max; CG-MUL-003.cr_op_dividend.remu_int_min; CG-MUL-003.cr_op_dividend.remu_neg_rand; CG-MUL-003.cr_op_dividend.remu_one; CG-MUL-003.cr_op_dividend.remu_pos_rand; CG-MUL-003.cr_op_dividend.remu_seven; CG-MUL-003.cr_op_dividend.remu_two; CG-MUL-003.cr_op_dividend.remu_zero; CG-MUL-003.cr_op_divisor.remu_abs_gt_dividend; CG-MUL-003.cr_op_divisor.remu_all_ones; CG-MUL-003.cr_op_divisor.remu_eq_dividend; CG-MUL-003.cr_op_divisor.remu_int_min; CG-MUL-003.cr_op_divisor.remu_minus_two; CG-MUL-003.cr_op_divisor.remu_neg_rand; CG-MUL-003.cr_op_divisor.remu_one; CG-MUL-003.cr_op_divisor.remu_pos_rand; CG-MUL-003.cr_op_divisor.remu_two; CG-MUL-003.cr_op_divisor.remu_zero,0,no,,NOT-RUN-CLEAN (fcov expectation unverifiable: per-test urg report has no grpinfo.txt )
TP-MUL-016,gen_mul_div,gen_test_mul_div,targeted,3,FAIL,yes,79,79,CG-MUL-003.cp_dividend.all_ones; CG-MUL-003.cp_dividend.int_max; CG-MUL-003.cp_dividend.int_min; CG-MUL-003.cp_dividend.neg_rand; CG-MUL-003.cp_dividend.one; CG-MUL-003.cp_dividend.pos_rand; CG-MUL-003.cp_dividend.seven; CG-MUL-003.cp_dividend.two; CG-MUL-003.cp_dividend.zero; CG-MUL-003.cp_divisor.zero; CG-MUL-003.cp_op.div; CG-MUL-003.cp_op.divu; CG-MUL-003.cp_op.rem; CG-MUL-003.cp_op.remu; CG-MUL-003.cp_result_class.all_ones; CG-MUL-003.cr_div0.div_zero_all_ones; CG-MUL-003.cr_div0.div_zero_int_max; CG-MUL-003.cr_div0.div_zero_int_min; CG-MUL-003.cr_div0.div_zero_neg_rand; CG-MUL-003.cr_div0.div_zero_one; CG-MUL-003.cr_div0.div_zero_pos_rand; CG-MUL-003.cr_div0.div_zero_seven; CG-MUL-003.cr_div0.div_zero_two; CG-MUL-003.cr_div0.div_zero_zero; CG-MUL-003.cr_div0.divu_zero_all_ones; CG-MUL-003.cr_div0.divu_zero_int_max; CG-MUL-003.cr_div0.divu_zero_int_min; CG-MUL-003.cr_div0.divu_zero_neg_rand; CG-MUL-003.cr_div0.divu_zero_one; CG-MUL-003.cr_div0.divu_zero_pos_rand; CG-MUL-003.cr_div0.divu_zero_seven; CG-MUL-003.cr_div0.divu_zero_two; CG-MUL-003.cr_div0.divu_zero_zero; CG-MUL-003.cr_div0.rem_zero_all_ones; CG-MUL-003.cr_div0.rem_zero_int_max; CG-MUL-003.cr_div0.rem_zero_int_min; CG-MUL-003.cr_div0.rem_zero_neg_rand; CG-MUL-003.cr_div0.rem_zero_one; CG-MUL-003.cr_div0.rem_zero_pos_rand; CG-MUL-003.cr_div0.rem_zero_seven; CG-MUL-003.cr_div0.rem_zero_two; CG-MUL-003.cr_div0.rem_zero_zero; CG-MUL-003.cr_div0.remu_zero_all_ones; CG-MUL-003.cr_div0.remu_zero_int_max; CG-MUL-003.cr_div0.remu_zero_int_min; CG-MUL-003.cr_div0.remu_zero_neg_rand; CG-MUL-003.cr_div0.remu_zero_one; CG-MUL-003.cr_div0.remu_zero_pos_rand; CG-MUL-003.cr_div0.remu_zero_seven; CG-MUL-003.cr_div0.remu_zero_two; CG-MUL-003.cr_div0.remu_zero_zero; CG-MUL-004.cp_delta.d2; CG-MUL-004.cp_dit.off; CG-MUL-004.cp_dit.on; CG-MUL-004.cp_div0.no; CG-MUL-004.cp_div0.yes; CG-MUL-004.cp_fetch_stall.no; CG-MUL-004.cp_op.div; CG-MUL-004.cp_op.divu; CG-MUL-004.cp_op.rem; CG-MUL-004.cp_op.remu; CG-MUL-004.cp_wb_defer.no; CG-MUL-004.cr_dit_div0_delta.dit0_div0_d2; CG-MUL-004.cr_op_div0.div_no_off; CG-MUL-004.cr_op_div0.div_no_on; CG-MUL-004.cr_op_div0.div_yes_off; CG-MUL-004.cr_op_div0.div_yes_on; CG-MUL-004.cr_op_div0.divu_no_off; CG-MUL-004.cr_op_div0.divu_no_on; CG-MUL-004.cr_op_div0.divu_yes_off; CG-MUL-004.cr_op_div0.divu_yes_on; CG-MUL-004.cr_op_div0.rem_no_off; CG-MUL-004.cr_op_div0.rem_no_on; CG-MUL-004.cr_op_div0.rem_yes_off; CG-MUL-004.cr_op_div0.rem_yes_on; CG-MUL-004.cr_op_div0.remu_no_off; CG-MUL-004.cr_op_div0.remu_no_on; CG-MUL-004.cr_op_div0.remu_yes_off; CG-MUL-004.cr_op_div0.remu_yes_on,0,no,,NOT-RUN-CLEAN (fcov expectation unverifiable: per-test urg report has no grpinfo.txt )
TP-MUL-017,gen_mul_div,gen_test_mul_div,targeted,3,FAIL,yes,57,57,CG-MUL-003.cp_dividend.all_ones; CG-MUL-003.cp_dividend.int_max; CG-MUL-003.cp_dividend.int_min; CG-MUL-003.cp_dividend.neg_rand; CG-MUL-003.cp_dividend.one; CG-MUL-003.cp_dividend.pos_rand; CG-MUL-003.cp_dividend.seven; CG-MUL-003.cp_dividend.two; CG-MUL-003.cp_dividend.zero; CG-MUL-003.cp_divisor.zero; CG-MUL-003.cp_op.div; CG-MUL-003.cp_op.divu; CG-MUL-003.cp_op.rem; CG-MUL-003.cp_op.remu; CG-MUL-003.cp_result_class.eq_dividend; CG-MUL-003.cr_div0.div_zero_all_ones; CG-MUL-003.cr_div0.div_zero_int_max; CG-MUL-003.cr_div0.div_zero_int_min; CG-MUL-003.cr_div0.div_zero_neg_rand; CG-MUL-003.cr_div0.div_zero_one; CG-MUL-003.cr_div0.div_zero_pos_rand; CG-MUL-003.cr_div0.div_zero_seven; CG-MUL-003.cr_div0.div_zero_two; CG-MUL-003.cr_div0.div_zero_zero; CG-MUL-003.cr_div0.divu_zero_all_ones; CG-MUL-003.cr_div0.divu_zero_int_max; CG-MUL-003.cr_div0.divu_zero_int_min; CG-MUL-003.cr_div0.divu_zero_neg_rand; CG-MUL-003.cr_div0.divu_zero_one; CG-MUL-003.cr_div0.divu_zero_pos_rand; CG-MUL-003.cr_div0.divu_zero_seven; CG-MUL-003.cr_div0.divu_zero_two; CG-MUL-003.cr_div0.divu_zero_zero; CG-MUL-003.cr_div0.rem_zero_all_ones; CG-MUL-003.cr_div0.rem_zero_int_max; CG-MUL-003.cr_div0.rem_zero_int_min; CG-MUL-003.cr_div0.rem_zero_neg_rand; CG-MUL-003.cr_div0.rem_zero_one; CG-MUL-003.cr_div0.rem_zero_pos_rand; CG-MUL-003.cr_div0.rem_zero_seven; CG-MUL-003.cr_div0.rem_zero_two; CG-MUL-003.cr_div0.rem_zero_zero; CG-MUL-003.cr_div0.remu_zero_all_ones; CG-MUL-003.cr_div0.remu_zero_int_max; CG-MUL-003.cr_div0.remu_zero_int_min; CG-MUL-003.cr_div0.remu_zero_neg_rand; CG-MUL-003.cr_div0.remu_zero_one; CG-MUL-003.cr_div0.remu_zero_pos_rand; CG-MUL-003.cr_div0.remu_zero_seven; CG-MUL-003.cr_div0.remu_zero_two; CG-MUL-003.cr_div0.remu_zero_zero; CG-MUL-004.cp_delta.d2; CG-MUL-004.cp_dit.off; CG-MUL-004.cp_div0.yes; CG-MUL-004.cp_fetch_stall.no; CG-MUL-004.cp_wb_defer.no; CG-MUL-004.cr_dit_div0_delta.dit0_div0_d2,0,no,,NOT-RUN-CLEAN (fcov expectation unverifiable: per-test urg report has no grpinfo.txt )
TP-MUL-018,gen_mul_div,gen_test_mul_div,targeted,3,FAIL,yes,11,11,CG-MUL-003.cp_dividend.int_min; CG-MUL-003.cp_divisor.all_ones; CG-MUL-003.cp_op.div; CG-MUL-003.cp_op.divu; CG-MUL-003.cp_op.rem; CG-MUL-003.cp_op.remu; CG-MUL-003.cp_result_class.int_min; CG-MUL-003.cr_overflow.div_intmin_m1; CG-MUL-003.cr_overflow.divu_intmin_m1; CG-MUL-003.cr_overflow.rem_intmin_m1; CG-MUL-003.cr_overflow.remu_intmin_m1,0,no,,NOT-RUN-CLEAN (fcov expectation unverifiable: per-test urg report has no grpinfo.txt )
TP-MUL-019,gen_mul_div,gen_test_mul_div,targeted,3,FAIL,yes,27,27,CG-MUL-003.cp_dividend.seven; CG-MUL-003.cp_divisor.minus_two; CG-MUL-003.cp_divisor.two; CG-MUL-003.cp_op.div; CG-MUL-003.cp_op.divu; CG-MUL-003.cp_op.rem; CG-MUL-003.cp_op.remu; CG-MUL-003.cp_sign_pair.nn; CG-MUL-003.cp_sign_pair.np; CG-MUL-003.cp_sign_pair.pn; CG-MUL-003.cp_sign_pair.pp; CG-MUL-003.cr_op_sign.div_nn; CG-MUL-003.cr_op_sign.div_np; CG-MUL-003.cr_op_sign.div_pn; CG-MUL-003.cr_op_sign.div_pp; CG-MUL-003.cr_op_sign.divu_nn; CG-MUL-003.cr_op_sign.divu_np; CG-MUL-003.cr_op_sign.divu_pn; CG-MUL-003.cr_op_sign.divu_pp; CG-MUL-003.cr_op_sign.rem_nn; CG-MUL-003.cr_op_sign.rem_np; CG-MUL-003.cr_op_sign.rem_pn; CG-MUL-003.cr_op_sign.rem_pp; CG-MUL-003.cr_op_sign.remu_nn; CG-MUL-003.cr_op_sign.remu_np; CG-MUL-003.cr_op_sign.remu_pn; CG-MUL-003.cr_op_sign.remu_pp,0,no,,NOT-RUN-CLEAN (fcov expectation unverifiable: per-test urg report has no grpinfo.txt )
TP-MUL-020,gen_mul_div,gen_test_mul_div,targeted,3,FAIL,yes,57,57,CG-MUL-003.cp_divisor.abs_gt_dividend; CG-MUL-003.cp_divisor.all_ones; CG-MUL-003.cp_divisor.eq_dividend; CG-MUL-003.cp_divisor.int_min; CG-MUL-003.cp_divisor.minus_two; CG-MUL-003.cp_divisor.neg_rand; CG-MUL-003.cp_divisor.one; CG-MUL-003.cp_divisor.pos_rand; CG-MUL-003.cp_divisor.two; CG-MUL-003.cp_divisor.zero; CG-MUL-003.cp_op.div; CG-MUL-003.cp_op.divu; CG-MUL-003.cp_op.rem; CG-MUL-003.cp_op.remu; CG-MUL-003.cp_result_class.int_max; CG-MUL-003.cp_result_class.one; CG-MUL-003.cp_result_class.zero; CG-MUL-003.cr_op_divisor.div_abs_gt_dividend; CG-MUL-003.cr_op_divisor.div_all_ones; CG-MUL-003.cr_op_divisor.div_eq_dividend; CG-MUL-003.cr_op_divisor.div_int_min; CG-MUL-003.cr_op_divisor.div_minus_two; CG-MUL-003.cr_op_divisor.div_neg_rand; CG-MUL-003.cr_op_divisor.div_one; CG-MUL-003.cr_op_divisor.div_pos_rand; CG-MUL-003.cr_op_divisor.div_two; CG-MUL-003.cr_op_divisor.div_zero; CG-MUL-003.cr_op_divisor.divu_abs_gt_dividend; CG-MUL-003.cr_op_divisor.divu_all_ones; CG-MUL-003.cr_op_divisor.divu_eq_dividend; CG-MUL-003.cr_op_divisor.divu_int_min; CG-MUL-003.cr_op_divisor.divu_minus_two; CG-MUL-003.cr_op_divisor.divu_neg_rand; CG-MUL-003.cr_op_divisor.divu_one; CG-MUL-003.cr_op_divisor.divu_pos_rand; CG-MUL-003.cr_op_divisor.divu_two; CG-MUL-003.cr_op_divisor.divu_zero; CG-MUL-003.cr_op_divisor.rem_abs_gt_dividend; CG-MUL-003.cr_op_divisor.rem_all_ones; CG-MUL-003.cr_op_divisor.rem_eq_dividend; CG-MUL-003.cr_op_divisor.rem_int_min; CG-MUL-003.cr_op_divisor.rem_minus_two; CG-MUL-003.cr_op_divisor.rem_neg_rand; CG-MUL-003.cr_op_divisor.rem_one; CG-MUL-003.cr_op_divisor.rem_pos_rand; CG-MUL-003.cr_op_divisor.rem_two; CG-MUL-003.cr_op_divisor.rem_zero; CG-MUL-003.cr_op_divisor.remu_abs_gt_dividend; CG-MUL-003.cr_op_divisor.remu_all_ones; CG-MUL-003.cr_op_divisor.remu_eq_dividend; CG-MUL-003.cr_op_divisor.remu_int_min; CG-MUL-003.cr_op_divisor.remu_minus_two; CG-MUL-003.cr_op_divisor.remu_neg_rand; CG-MUL-003.cr_op_divisor.remu_one; CG-MUL-003.cr_op_divisor.remu_pos_rand; CG-MUL-003.cr_op_divisor.remu_two; CG-MUL-003.cr_op_divisor.remu_zero,0,no,,NOT-RUN-CLEAN (fcov expectation unverifiable: per-test urg report has no grpinfo.txt )
TP-MUL-021,gen_mul_div,gen_test_mul_div,targeted,3,FAIL,yes,26,26,CG-MUL-003.cp_dividend.int_min; CG-MUL-003.cp_dividend.zero; CG-MUL-003.cp_divisor.abs_gt_dividend; CG-MUL-003.cp_divisor.eq_dividend; CG-MUL-003.cp_op.div; CG-MUL-003.cp_op.divu; CG-MUL-003.cp_op.rem; CG-MUL-003.cp_op.remu; CG-MUL-003.cp_rd_x0.no; CG-MUL-003.cp_rd_x0.yes; CG-MUL-003.cr_op_divisor.div_abs_gt_dividend; CG-MUL-003.cr_op_divisor.div_eq_dividend; CG-MUL-003.cr_op_divisor.divu_abs_gt_dividend; CG-MUL-003.cr_op_divisor.divu_eq_dividend; CG-MUL-003.cr_op_divisor.rem_abs_gt_dividend; CG-MUL-003.cr_op_divisor.rem_eq_dividend; CG-MUL-003.cr_op_divisor.remu_abs_gt_dividend; CG-MUL-003.cr_op_divisor.remu_eq_dividend; CG-MUL-003.cr_op_rd_x0.div_no; CG-MUL-003.cr_op_rd_x0.div_yes; CG-MUL-003.cr_op_rd_x0.divu_no; CG-MUL-003.cr_op_rd_x0.divu_yes; CG-MUL-003.cr_op_rd_x0.rem_no; CG-MUL-003.cr_op_rd_x0.rem_yes; CG-MUL-003.cr_op_rd_x0.remu_no; CG-MUL-003.cr_op_rd_x0.remu_yes,0,no,,NOT-RUN-CLEAN (fcov expectation unverifiable: per-test urg report has no grpinfo.txt )
TP-MUL-022,gen_mul_div,gen_test_mul_div,targeted,3,FAIL,none,23,23,CG-MUL-004.cp_delta.d2; CG-MUL-004.cp_delta.d37 (not declared); CG-MUL-004.cp_dit.off; CG-MUL-004.cp_dit.on; CG-MUL-004.cp_div0.no; CG-MUL-004.cp_div0.yes; CG-MUL-004.cp_fetch_stall.no; CG-MUL-004.cp_op.div; CG-MUL-004.cp_op.divu; CG-MUL-004.cp_op.rem; CG-MUL-004.cp_op.remu; CG-MUL-004.cp_wb_defer.no; CG-MUL-004.cr_dit_div0_delta.dit0_div0_d2; CG-MUL-004.cr_dit_div0_delta.dit1_div0_d37 (not declared); CG-MUL-004.cr_dit_div0_delta.dit1_nodiv0_d37 (not declared); CG-MUL-004.cr_op_div0.div_no_on; CG-MUL-004.cr_op_div0.div_yes_on; CG-MUL-004.cr_op_div0.divu_no_on; CG-MUL-004.cr_op_div0.divu_yes_on; CG-MUL-004.cr_op_div0.rem_no_on; CG-MUL-004.cr_op_div0.rem_yes_on; CG-MUL-004.cr_op_div0.remu_no_on; CG-MUL-004.cr_op_div0.remu_yes_on,0,no,,NOT-RUN-CLEAN (fcov expectation unverifiable: per-test urg report has no grpinfo.txt )
TP-MUL-026,gen_mul_div,gen_test_mul_div,targeted,3,FAIL,yes,44,44,CG-ISA-005.cp_writer_class.div_rem; CG-ISA-005.cp_writer_class.mul; CG-MUL-001.cp_funct3.f0; CG-MUL-001.cp_funct3.f1; CG-MUL-001.cp_funct3.f2; CG-MUL-001.cp_funct3.f3; CG-MUL-001.cp_op.c_mul; CG-MUL-001.cp_op.mul; CG-MUL-001.cp_op.mulh; CG-MUL-001.cp_op.mulhsu; CG-MUL-001.cp_op.mulhu; CG-MUL-001.cp_rd_x0.no; CG-MUL-001.cp_rd_x0.yes; CG-MUL-001.cr_funct3_rd_x0.f0_no; CG-MUL-001.cr_funct3_rd_x0.f0_yes; CG-MUL-001.cr_funct3_rd_x0.f1_no; CG-MUL-001.cr_funct3_rd_x0.f1_yes; CG-MUL-001.cr_funct3_rd_x0.f2_no; CG-MUL-001.cr_funct3_rd_x0.f2_yes; CG-MUL-001.cr_funct3_rd_x0.f3_no; CG-MUL-001.cr_funct3_rd_x0.f3_yes; CG-MUL-001.cr_op_rd_x0.c_mul_no; CG-MUL-001.cr_op_rd_x0.mul_no; CG-MUL-001.cr_op_rd_x0.mul_yes; CG-MUL-001.cr_op_rd_x0.mulh_no; CG-MUL-001.cr_op_rd_x0.mulh_yes; CG-MUL-001.cr_op_rd_x0.mulhsu_no; CG-MUL-001.cr_op_rd_x0.mulhsu_yes; CG-MUL-001.cr_op_rd_x0.mulhu_no; CG-MUL-001.cr_op_rd_x0.mulhu_yes; CG-MUL-003.cp_op.div; CG-MUL-003.cp_op.divu; CG-MUL-003.cp_op.rem; CG-MUL-003.cp_op.remu; CG-MUL-003.cp_rd_x0.no; CG-MUL-003.cp_rd_x0.yes; CG-MUL-003.cr_op_rd_x0.div_no; CG-MUL-003.cr_op_rd_x0.div_yes; CG-MUL-003.cr_op_rd_x0.divu_no; CG-MUL-003.cr_op_rd_x0.divu_yes; CG-MUL-003.cr_op_rd_x0.rem_no; CG-MUL-003.cr_op_rd_x0.rem_yes; CG-MUL-003.cr_op_rd_x0.remu_no; CG-MUL-003.cr_op_rd_x0.remu_yes,0,no,,NOT-RUN-CLEAN (fcov expectation unverifiable: per-test urg report has no grpinfo.txt )
TP-MUL-027,gen_mul_mul,gen_test_mul_mul,targeted,3,FAIL,yes,4,4,CG-CMP-005.cp_insn.c_mul; CG-CMP-005.cp_regs.distinct; CG-CMP-005.cp_regs.same; CG-MUL-001.cp_op.c_mul,0,no,,NOT-RUN-CLEAN (fcov expectation unverifiable: per-test urg report has no grpinfo.txt )
TP-PMP-001,gen_pmp_csr_warl,gen_test_pmp_csr_warl,smoke,3,FAIL,yes,113,113,CG-PMP-001.cp_entry.e0; CG-PMP-001.cp_entry.e1; CG-PMP-001.cp_entry.e10; CG-PMP-001.cp_entry.e11; CG-PMP-001.cp_entry.e12; CG-PMP-001.cp_entry.e13; CG-PMP-001.cp_entry.e14; CG-PMP-001.cp_entry.e15; CG-PMP-001.cp_entry.e2; CG-PMP-001.cp_entry.e3; CG-PMP-001.cp_entry.e4; CG-PMP-001.cp_entry.e5; CG-PMP-001.cp_entry.e6; CG-PMP-001.cp_entry.e7; CG-PMP-001.cp_entry.e8; CG-PMP-001.cp_entry.e9; CG-PMP-001.cp_op.csrrw; CG-PMP-001.cp_outcome.written; CG-PMP-001.cp_prelock.unlocked; CG-PMP-001.cp_res_bits.zero; CG-PMP-001.cp_rlb.rlb0; CG-PMP-001.cp_wr_lrwx.c0000; CG-PMP-001.cp_wr_lrwx.c0001; CG-PMP-001.cp_wr_lrwx.c0010; CG-PMP-001.cp_wr_lrwx.c0011; CG-PMP-001.cp_wr_lrwx.c0100; CG-PMP-001.cp_wr_lrwx.c0101; CG-PMP-001.cp_wr_lrwx.c0110; CG-PMP-001.cp_wr_lrwx.c0111; CG-PMP-001.cp_wr_lrwx.c1000; CG-PMP-001.cp_wr_lrwx.c1001; CG-PMP-001.cp_wr_lrwx.c1010; CG-PMP-001.cp_wr_lrwx.c1011; CG-PMP-001.cp_wr_lrwx.c1100; CG-PMP-001.cp_wr_lrwx.c1101; CG-PMP-001.cp_wr_lrwx.c1110; CG-PMP-001.cp_wr_lrwx.c1111; CG-PMP-001.cp_wr_mode.na4; CG-PMP-001.cp_wr_mode.napot; CG-PMP-001.cp_wr_mode.off; CG-PMP-001.cp_wr_mode.tor; CG-PMP-001.cr_mode_lrwx.na4_c0000; CG-PMP-001.cr_mode_lrwx.na4_c0001; CG-PMP-001.cr_mode_lrwx.na4_c0010; CG-PMP-001.cr_mode_lrwx.na4_c0011; CG-PMP-001.cr_mode_lrwx.na4_c0100; CG-PMP-001.cr_mode_lrwx.na4_c0101; CG-PMP-001.cr_mode_lrwx.na4_c0110; CG-PMP-001.cr_mode_lrwx.na4_c0111; CG-PMP-001.cr_mode_lrwx.na4_c1000; CG-PMP-001.cr_mode_lrwx.na4_c1001; CG-PMP-001.cr_mode_lrwx.na4_c1010; CG-PMP-001.cr_mode_lrwx.na4_c1011; CG-PMP-001.cr_mode_lrwx.na4_c1100; CG-PMP-001.cr_mode_lrwx.na4_c1101; CG-PMP-001.cr_mode_lrwx.na4_c1110; CG-PMP-001.cr_mode_lrwx.na4_c1111; CG-PMP-001.cr_mode_lrwx.napot_c0000; CG-PMP-001.cr_mode_lrwx.napot_c0001; CG-PMP-001.cr_mode_lrwx.napot_c0010; CG-PMP-001.cr_mode_lrwx.napot_c0011; CG-PMP-001.cr_mode_lrwx.napot_c0100; CG-PMP-001.cr_mode_lrwx.napot_c0101; CG-PMP-001.cr_mode_lrwx.napot_c0110; CG-PMP-001.cr_mode_lrwx.napot_c0111; CG-PMP-001.cr_mode_lrwx.napot_c1000; CG-PMP-001.cr_mode_lrwx.napot_c1001; CG-PMP-001.cr_mode_lrwx.napot_c1010; CG-PMP-001.cr_mode_lrwx.napot_c1011; CG-PMP-001.cr_mode_lrwx.napot_c1100; CG-PMP-001.cr_mode_lrwx.napot_c1101; CG-PMP-001.cr_mode_lrwx.napot_c1110; CG-PMP-001.cr_mode_lrwx.napot_c1111; CG-PMP-001.cr_mode_lrwx.off_c0000; CG-PMP-001.cr_mode_lrwx.off_c0001; CG-PMP-001.cr_mode_lrwx.off_c0010; CG-PMP-001.cr_mode_lrwx.off_c0011; CG-PMP-001.cr_mode_lrwx.off_c0100; CG-PMP-001.cr_mode_lrwx.off_c0101; CG-PMP-001.cr_mode_lrwx.off_c0110; CG-PMP-001.cr_mode_lrwx.off_c0111; CG-PMP-001.cr_mode_lrwx.off_c1000; CG-PMP-001.cr_mode_lrwx.off_c1001; CG-PMP-001.cr_mode_lrwx.off_c1010; CG-PMP-001.cr_mode_lrwx.off_c1011; CG-PMP-001.cr_mode_lrwx.off_c1100; CG-PMP-001.cr_mode_lrwx.off_c1101; CG-PMP-001.cr_mode_lrwx.off_c1110; CG-PMP-001.cr_mode_lrwx.off_c1111; CG-PMP-001.cr_mode_lrwx.tor_c0000; CG-PMP-001.cr_mode_lrwx.tor_c0001; CG-PMP-001.cr_mode_lrwx.tor_c0010; CG-PMP-001.cr_mode_lrwx.tor_c0011; CG-PMP-001.cr_mode_lrwx.tor_c0100; CG-PMP-001.cr_mode_lrwx.tor_c0101; CG-PMP-001.cr_mode_lrwx.tor_c0110; CG-PMP-001.cr_mode_lrwx.tor_c0111; CG-PMP-001.cr_mode_lrwx.tor_c1000; CG-PMP-001.cr_mode_lrwx.tor_c1001; CG-PMP-001.cr_mode_lrwx.tor_c1010; CG-PMP-001.cr_mode_lrwx.tor_c1011; CG-PMP-001.cr_mode_lrwx.tor_c1100; CG-PMP-001.cr_mode_lrwx.tor_c1101; CG-PMP-001.cr_mode_lrwx.tor_c1110; CG-PMP-001.cr_mode_lrwx.tor_c1111; CG-PMP-004.cp_class.pmpcfg; CG-PMP-004.cp_dbg.d0; CG-PMP-004.cp_op.csrrw; CG-PMP-004.cp_priv.m; CG-PMP-004.cp_rw.write; CG-PMP-004.cp_trap.none; CG-PMP-004.cr_op_class.csrrw_pmpcfg; CG-PMP-004.cr_priv_trap.m_none,0,no,,NOT-RUN-CLEAN (fcov expectation unverifiable: per-test urg report has no grpinfo.txt )
TP-PMP-002,gen_pmp_csr_warl,gen_test_pmp_csr_warl,smoke,3,FAIL,yes,44,44,CG-PMP-002.cp_hi_bits.bit30; CG-PMP-002.cp_hi_bits.bit31; CG-PMP-002.cp_hi_bits.both; CG-PMP-002.cp_hi_bits.none; CG-PMP-002.cp_idx.a0; CG-PMP-002.cp_idx.a1; CG-PMP-002.cp_idx.a10; CG-PMP-002.cp_idx.a11; CG-PMP-002.cp_idx.a12; CG-PMP-002.cp_idx.a13; CG-PMP-002.cp_idx.a14; CG-PMP-002.cp_idx.a15; CG-PMP-002.cp_idx.a2; CG-PMP-002.cp_idx.a3; CG-PMP-002.cp_idx.a4; CG-PMP-002.cp_idx.a5; CG-PMP-002.cp_idx.a6; CG-PMP-002.cp_idx.a7; CG-PMP-002.cp_idx.a8; CG-PMP-002.cp_idx.a9; CG-PMP-002.cp_next_cfg.next_unlocked_other; CG-PMP-002.cp_op.csrrw; CG-PMP-002.cp_outcome.written; CG-PMP-002.cp_rlb.rlb0; CG-PMP-002.cp_self_lock.unlocked; CG-PMP-002.cp_self_mode.na4; CG-PMP-002.cp_self_mode.napot; CG-PMP-002.cp_self_mode.off; CG-PMP-002.cp_self_mode.tor; CG-PMP-002.cr_hi_mode.bit30_na4; CG-PMP-002.cr_hi_mode.bit30_napot; CG-PMP-002.cr_hi_mode.bit30_off; CG-PMP-002.cr_hi_mode.bit30_tor; CG-PMP-002.cr_hi_mode.bit31_na4; CG-PMP-002.cr_hi_mode.bit31_napot; CG-PMP-002.cr_hi_mode.bit31_off; CG-PMP-002.cr_hi_mode.bit31_tor; CG-PMP-002.cr_hi_mode.both_na4; CG-PMP-002.cr_hi_mode.both_napot; CG-PMP-002.cr_hi_mode.both_off; CG-PMP-002.cr_hi_mode.both_tor; CG-PMP-002.cr_self_lock.unlocked_rlb0_written; CG-PMP-004.cp_class.pmpaddr; CG-PMP-004.cr_op_class.csrrw_pmpaddr,0,no,,NOT-RUN-CLEAN (fcov expectation unverifiable: per-test urg report has no grpinfo.txt )
TP-PMP-003,gen_pmp_csr_warl,gen_test_pmp_csr_warl,targeted,3,FAIL,yes,4,4,CG-PMP-001.cp_res_bits.nonzero; CG-PMP-001.cr_res_op.nonzero_csrrc; CG-PMP-001.cr_res_op.nonzero_csrrs; CG-PMP-001.cr_res_op.nonzero_csrrw,0,no,,NOT-RUN-CLEAN (fcov expectation unverifiable: per-test urg report has no grpinfo.txt )
TP-PMP-004,gen_pmp_csr_warl,gen_test_pmp_csr_warl,targeted,3,FAIL,yes,7,7,CG-PMP-001.cp_mml.mml0; CG-PMP-001.cp_outcome.w_dropped; CG-PMP-001.cp_wr_lrwx.c0010; CG-PMP-001.cp_wr_lrwx.c0011; CG-PMP-001.cp_wr_lrwx.c1010; CG-PMP-001.cp_wr_lrwx.c1011; CG-PMP-001.cr_rw01_mml.rw01_mml0_wdrop,0,no,,NOT-RUN-CLEAN (fcov expectation unverifiable: per-test urg report has no grpinfo.txt )
TP-PMP-005,gen_pmp_csr_warl,gen_test_pmp_csr_warl,targeted,3,FAIL,yes,3,3,CG-PMP-001.cp_mml.mml1; CG-PMP-001.cr_rw01_mml.rw01_mml1_l1_rlb1_stored; CG-PMP-001.cr_rw01_mml.rw01_mml1_stored,0,no,,NOT-RUN-CLEAN (fcov expectation unverifiable: per-test urg report has no grpinfo.txt )
TP-PMP-006,gen_pmp_csr_warl,gen_test_pmp_csr_warl,smoke,3,FAIL,yes,7,7,CG-PMP-001.cp_wr_mode.na4; CG-PMP-001.cp_wr_mode.napot; CG-PMP-001.cp_wr_mode.off; CG-PMP-001.cp_wr_mode.tor; CG-PMP-005.cp_mode.na4; CG-PMP-005.cp_mode.napot; CG-PMP-005.cp_mode.tor,0,no,,NOT-RUN-CLEAN (fcov expectation unverifiable: per-test urg report has no grpinfo.txt )
TP-PMP-007,gen_pmp_csr_warl,gen_test_pmp_csr_warl,targeted,3,FAIL,yes,91,91,CG-PMP-001.cp_op.csrrc; CG-PMP-001.cp_op.csrrs; CG-PMP-002.cp_op.csrrc; CG-PMP-002.cp_op.csrrs; CG-PMP-002.cr_idx_op.a0_csrrc; CG-PMP-002.cr_idx_op.a0_csrrs; CG-PMP-002.cr_idx_op.a0_csrrw; CG-PMP-002.cr_idx_op.a10_csrrc; CG-PMP-002.cr_idx_op.a10_csrrs; CG-PMP-002.cr_idx_op.a10_csrrw; CG-PMP-002.cr_idx_op.a11_csrrc; CG-PMP-002.cr_idx_op.a11_csrrs; CG-PMP-002.cr_idx_op.a11_csrrw; CG-PMP-002.cr_idx_op.a12_csrrc; CG-PMP-002.cr_idx_op.a12_csrrs; CG-PMP-002.cr_idx_op.a12_csrrw; CG-PMP-002.cr_idx_op.a13_csrrc; CG-PMP-002.cr_idx_op.a13_csrrs; CG-PMP-002.cr_idx_op.a13_csrrw; CG-PMP-002.cr_idx_op.a14_csrrc; CG-PMP-002.cr_idx_op.a14_csrrs; CG-PMP-002.cr_idx_op.a14_csrrw; CG-PMP-002.cr_idx_op.a15_csrrc; CG-PMP-002.cr_idx_op.a15_csrrs; CG-PMP-002.cr_idx_op.a15_csrrw; CG-PMP-002.cr_idx_op.a1_csrrc; CG-PMP-002.cr_idx_op.a1_csrrs; CG-PMP-002.cr_idx_op.a1_csrrw; CG-PMP-002.cr_idx_op.a2_csrrc; CG-PMP-002.cr_idx_op.a2_csrrs; CG-PMP-002.cr_idx_op.a2_csrrw; CG-PMP-002.cr_idx_op.a3_csrrc; CG-PMP-002.cr_idx_op.a3_csrrs; CG-PMP-002.cr_idx_op.a3_csrrw; CG-PMP-002.cr_idx_op.a4_csrrc; CG-PMP-002.cr_idx_op.a4_csrrs; CG-PMP-002.cr_idx_op.a4_csrrw; CG-PMP-002.cr_idx_op.a5_csrrc; CG-PMP-002.cr_idx_op.a5_csrrs; CG-PMP-002.cr_idx_op.a5_csrrw; CG-PMP-002.cr_idx_op.a6_csrrc; CG-PMP-002.cr_idx_op.a6_csrrs; CG-PMP-002.cr_idx_op.a6_csrrw; CG-PMP-002.cr_idx_op.a7_csrrc; CG-PMP-002.cr_idx_op.a7_csrrs; CG-PMP-002.cr_idx_op.a7_csrrw; CG-PMP-002.cr_idx_op.a8_csrrc; CG-PMP-002.cr_idx_op.a8_csrrs; CG-PMP-002.cr_idx_op.a8_csrrw; CG-PMP-002.cr_idx_op.a9_csrrc; CG-PMP-002.cr_idx_op.a9_csrrs; CG-PMP-002.cr_idx_op.a9_csrrw; CG-PMP-003.cp_op.csrrc; CG-PMP-003.cp_op.csrrs; CG-PMP-003.cp_op.csrrw; CG-PMP-004.cp_class.mseccfg; CG-PMP-004.cp_class.mseccfgh; CG-PMP-004.cp_class.pmpaddr; CG-PMP-004.cp_class.pmpcfg; CG-PMP-004.cp_op.csrrc; CG-PMP-004.cp_op.csrrci; CG-PMP-004.cp_op.csrrs; CG-PMP-004.cp_op.csrrsi; CG-PMP-004.cp_op.csrrw; CG-PMP-004.cp_op.csrrwi; CG-PMP-004.cp_rw.read_only; CG-PMP-004.cp_rw.write; CG-PMP-004.cr_op_class.csrrc_mseccfg; CG-PMP-004.cr_op_class.csrrc_mseccfgh; CG-PMP-004.cr_op_class.csrrc_pmpaddr; CG-PMP-004.cr_op_class.csrrc_pmpcfg; CG-PMP-004.cr_op_class.csrrci_mseccfg; CG-PMP-004.cr_op_class.csrrci_mseccfgh; CG-PMP-004.cr_op_class.csrrci_pmpaddr; CG-PMP-004.cr_op_class.csrrci_pmpcfg; CG-PMP-004.cr_op_class.csrrs_mseccfg; CG-PMP-004.cr_op_class.csrrs_mseccfgh; CG-PMP-004.cr_op_class.csrrs_pmpaddr; CG-PMP-004.cr_op_class.csrrs_pmpcfg; CG-PMP-004.cr_op_class.csrrsi_mseccfg; CG-PMP-004.cr_op_class.csrrsi_mseccfgh; CG-PMP-004.cr_op_class.csrrsi_pmpaddr; CG-PMP-004.cr_op_class.csrrsi_pmpcfg; CG-PMP-004.cr_op_class.csrrw_mseccfg; CG-PMP-004.cr_op_class.csrrw_mseccfgh; CG-PMP-004.cr_op_class.csrrw_pmpaddr; CG-PMP-004.cr_op_class.csrrw_pmpcfg; CG-PMP-004.cr_op_class.csrrwi_mseccfg; CG-PMP-004.cr_op_class.csrrwi_mseccfgh; CG-PMP-004.cr_op_class.csrrwi_pmpaddr; CG-PMP-004.cr_op_class.csrrwi_pmpcfg,0,no,,NOT-RUN-CLEAN (fcov expectation unverifiable: per-test urg report has no grpinfo.txt )
TP-PMP-008,gen_pmp_csr_warl,gen_test_pmp_csr_warl,targeted,3,FAIL,yes,11,11,CG-PMP-004.cp_priv.u; CG-PMP-004.cp_trap.illegal; CG-PMP-004.cr_priv_trap.u_illegal; CG-PMP-004.cr_u_class.u_mseccfg_read_only; CG-PMP-004.cr_u_class.u_mseccfg_write; CG-PMP-004.cr_u_class.u_mseccfgh_read_only; CG-PMP-004.cr_u_class.u_mseccfgh_write; CG-PMP-004.cr_u_class.u_pmpaddr_read_only; CG-PMP-004.cr_u_class.u_pmpaddr_write; CG-PMP-004.cr_u_class.u_pmpcfg_read_only; CG-PMP-004.cr_u_class.u_pmpcfg_write,0,no,,NOT-RUN-CLEAN (fcov expectation unverifiable: per-test urg report has no grpinfo.txt )
TP-RST-001,gen_rst_boot,gen_test_rst_boot,smoke,3,FAIL,none,3,3,CG-RST-001.cp_fetch_en_at_release.off (not declared); CG-RST-001.cp_fetch_en_at_release.on (not declared); CG-RST-001.cp_reset_kind.power_on (not declared),0,no,,NOT-RUN-CLEAN (fcov expectation unverifiable: per-test urg report has no grpinfo.txt )
TP-RST-002,gen_rst_boot,gen_test_rst_boot,smoke,3,FAIL,none,10,10,CG-RST-001.cp_boot_addr.high; CG-RST-001.cp_boot_addr.low (not declared); CG-RST-001.cp_boot_addr.mid (not declared); CG-RST-001.cp_boot_addr.zero; CG-RST-001.cp_boot_low_byte.zero (not declared); CG-RST-001.cr_boot_kind.high_power_on (not declared); CG-RST-001.cr_boot_kind.low_power_on (not declared); CG-RST-001.cr_boot_kind.mid_power_on (not declared); CG-RST-001.cr_boot_kind.zero_power_on (not declared); CG-RST-001.cr_pending_first.none_first_instr_retire (not declared),0,no,,NOT-RUN-CLEAN (fcov expectation unverifiable: per-test urg report has no grpinfo.txt )
TP-RST-003,gen_rst_boot,gen_test_rst_boot,smoke,3,FAIL,yes,3,3,CG-RST-001.cp_boot_addr.high; CG-RST-001.cp_boot_addr.zero; CG-RST-001.cp_first_event.first_instr_retire,0,no,,NOT-RUN-CLEAN (fcov expectation unverifiable: per-test urg report has no grpinfo.txt )
TP-RST-004,gen_rst_boot,gen_test_rst_boot,targeted,3,FAIL,none,5,5,CG-RST-001.cp_boot_to_req_cycles.two (not declared); CG-SEC-005.cp_boot_addr_change_ctx.in_handler (not declared); CG-SEC-005.cp_boot_addr_change_ctx.in_wfi (not declared); CG-SEC-005.cp_boot_addr_change_ctx.running (not declared); CG-SEC-005.cp_event.boot_addr_change (not declared),0,no,,NOT-RUN-CLEAN (fcov expectation unverifiable: per-test urg report has no grpinfo.txt )
TP-RST-005,gen_rst_boot,gen_test_rst_boot,targeted,3,FAIL,none,3,3,CG-RST-001.cp_hart_id.max (not declared); CG-RST-001.cp_hart_id.random (not declared); CG-RST-001.cp_hart_id.zero (not declared),0,no,,NOT-RUN-CLEAN (fcov expectation unverifiable: per-test urg report has no grpinfo.txt )
TP-RST-006,gen_rst_boot,gen_test_rst_boot,smoke,3,FAIL,yes,3,3,CG-RST-001.cr_pending_first.irq_enabled_later_first_instr_retire (bins_not_hit); CG-RVFI-001.cp_mode.m; CG-RVFI-001.cp_mode.u,0,no,,NOT-RUN-CLEAN (fcov expectation unverifiable: per-test urg report has no grpinfo.txt )
TP-RST-007,gen_rst_boot,gen_test_rst_boot,smoke,3,FAIL,yes,3,3,CG-SEC-005.cp_bit8_readback.one; CG-SEC-005.cp_bit8_readback.zero; CG-SEC-005.cp_bits67_readback.b6_0_b7_0,0,no,,NOT-RUN-CLEAN (fcov expectation unverifiable: per-test urg report has no grpinfo.txt )
TP-RST-008,gen_rst_boot,gen_test_rst_boot,smoke,3,FAIL,none,3,3,CG-RST-001.cp_boot_to_req_cycles.two (not declared); CG-RST-001.cr_fetch_en_first.on_first_instr_retire (not declared); CG-SEC-006.cp_value.on (not declared),0,no,,NOT-RUN-CLEAN (fcov expectation unverifiable: per-test urg report has no grpinfo.txt )
TP-RST-027,gen_rst_boot,gen_test_rst_boot,smoke,3,FAIL,none,1,1,CG-RVFI-001.cp_order_step.first (not declared),0,no,,NOT-RUN-CLEAN (fcov expectation unverifiable: per-test urg report has no grpinfo.txt )
TP-RVFI-036,gen_rst_boot,gen_test_rst_boot,smoke,3,FAIL,none,2,2,CG-RST-001.cp_reset_kind.mid_run (not declared); CG-RST-001.cp_reset_kind.power_on (not declared),0,no,,NOT-RUN-CLEAN (fcov expectation unverifiable: per-test urg report has no grpinfo.txt )
TP-SEC-031,gen_rst_boot,gen_test_rst_boot,smoke,3,FAIL,none,10,10,CG-SEC-004.cp_trigger.boot (not declared); CG-SEC-004.cp_trigger.first_id (not declared); CG-SEC-004.cp_trigger.reset (not declared); CG-SEC-004.cp_value_class.boot_page (not declared); CG-SEC-004.cp_value_class.zero (not declared); CG-SEC-004.cr_field_trigger.current_pc_first_id (not declared); CG-SEC-004.cr_field_trigger.exception_addr_reset (not declared); CG-SEC-004.cr_field_trigger.exception_pc_reset (not declared); CG-SEC-004.cr_field_trigger.last_data_addr_reset (not declared); CG-SEC-004.cr_field_trigger.next_pc_boot (not declared),0,no,,NOT-RUN-CLEAN (fcov expectation unverifiable: per-test urg report has no grpinfo.txt )
