tp_item,covergroup,coverpoint,bin,adopted
TP-ADOPT-001,CG-ADOPT-001,cp_gpr_hazard,no_hazard,1
TP-ADOPT-001,CG-ADOPT-001,cp_gpr_hazard,raw,1
TP-ADOPT-001,CG-ADOPT-001,cp_gpr_hazard,war,1
TP-ADOPT-001,CG-ADOPT-001,cp_gpr_hazard,waw,1
TP-ADOPT-001,CG-ADOPT-001,cp_lsu_hazard,no_hazard,1
TP-ADOPT-001,CG-ADOPT-001,cp_lsu_hazard,raw,1
TP-ADOPT-001,CG-ADOPT-001,cp_lsu_hazard,war,1
TP-ADOPT-001,CG-ADOPT-001,cp_lsu_hazard,waw,1
TP-ADOPT-002,CG-ADOPT-002,cp_branch_history,all_not_taken,1
TP-ADOPT-002,CG-ADOPT-002,cp_branch_history,all_taken,1
TP-ADOPT-002,CG-ADOPT-002,cp_branch_history,alt_01010,1
TP-ADOPT-002,CG-ADOPT-002,cp_branch_history,alt_10101,1
TP-ADOPT-002,CG-ADOPT-002,cp_branch_history,other,1
TP-ADOPT-003,CG-ADOPT-003,cp_addsub_sign,nnn,1
TP-ADOPT-003,CG-ADOPT-003,cp_addsub_sign,nnp,1
TP-ADOPT-003,CG-ADOPT-003,cp_addsub_sign,npn,1
TP-ADOPT-003,CG-ADOPT-003,cp_addsub_sign,npp,1
TP-ADOPT-003,CG-ADOPT-003,cp_addsub_sign,pnn,1
TP-ADOPT-003,CG-ADOPT-003,cp_addsub_sign,pnp,1
TP-ADOPT-003,CG-ADOPT-003,cp_addsub_sign,ppn,1
TP-ADOPT-003,CG-ADOPT-003,cp_addsub_sign,ppp,1
TP-ADOPT-003,CG-ADOPT-003,cp_imm_sign,branch_bwd,1
TP-ADOPT-003,CG-ADOPT-003,cp_imm_sign,branch_fwd,1
TP-ADOPT-003,CG-ADOPT-003,cp_imm_sign,jal_bwd,1
TP-ADOPT-003,CG-ADOPT-003,cp_imm_sign,jal_fwd,1
TP-ADOPT-003,CG-ADOPT-003,cp_imm_sign,load_imm_neg,1
TP-ADOPT-003,CG-ADOPT-003,cp_imm_sign,load_imm_pos,1
TP-ADOPT-003,CG-ADOPT-003,cp_imm_sign,store_imm_neg,1
TP-ADOPT-003,CG-ADOPT-003,cp_imm_sign,store_imm_pos,1
TP-ADOPT-003,CG-ADOPT-003,cp_logical_similarity,different,1
TP-ADOPT-003,CG-ADOPT-003,cp_logical_similarity,identical,1
TP-ADOPT-003,CG-ADOPT-003,cp_logical_similarity,opposite,1
TP-ADOPT-003,CG-ADOPT-003,cp_logical_similarity,similar,1
TP-ADOPT-004,CG-ADOPT-004,cp_ras,non_link_non_link,1
TP-ADOPT-004,CG-ADOPT-004,cp_ras,non_link_ra,1
TP-ADOPT-004,CG-ADOPT-004,cp_ras,non_link_t1,1
TP-ADOPT-004,CG-ADOPT-004,cp_ras,ra_non_link,1
TP-ADOPT-004,CG-ADOPT-004,cp_ras,ra_ra,1
TP-ADOPT-004,CG-ADOPT-004,cp_ras,ra_t1,1
TP-ADOPT-004,CG-ADOPT-004,cp_ras,t1_non_link,1
TP-ADOPT-004,CG-ADOPT-004,cp_ras,t1_ra,1
TP-ADOPT-004,CG-ADOPT-004,cp_ras,t1_t1,1
TP-ADOPT-005,CG-ADOPT-005,cp_c_reg_prime,a0,1
TP-ADOPT-005,CG-ADOPT-005,cp_c_reg_prime,a1,1
TP-ADOPT-005,CG-ADOPT-005,cp_c_reg_prime,a2,1
TP-ADOPT-005,CG-ADOPT-005,cp_c_reg_prime,a3,1
TP-ADOPT-005,CG-ADOPT-005,cp_c_reg_prime,a4,1
TP-ADOPT-005,CG-ADOPT-005,cp_c_reg_prime,a5,1
TP-ADOPT-005,CG-ADOPT-005,cp_c_reg_prime,s0,1
TP-ADOPT-005,CG-ADOPT-005,cp_c_reg_prime,s1,1
TP-ADOPT-006,CG-ADOPT-006,cp_bitcount_result,r0,1
TP-ADOPT-006,CG-ADOPT-006,cp_bitcount_result,r16_23,1
TP-ADOPT-006,CG-ADOPT-006,cp_bitcount_result,r1_7,1
TP-ADOPT-006,CG-ADOPT-006,cp_bitcount_result,r24_31,1
TP-ADOPT-006,CG-ADOPT-006,cp_bitcount_result,r8_15,1
TP-BIT-001,CG-BIT-011,cp_trap,no,0
TP-BIT-001,CG-BIT-011,cr_legal_notrap,auto,0
TP-BIT-002,CG-BIT-001,cp_op,sh1add,0
TP-BIT-002,CG-BIT-001,cp_op,sh2add,0
TP-BIT-002,CG-BIT-001,cp_op,sh3add,0
TP-BIT-002,CG-BIT-001,cr_op_rs1,auto,0
TP-BIT-002,CG-BIT-001,cr_op_rs2,auto,0
TP-BIT-003,CG-BIT-001,cp_rs1_class,all_ones,0
TP-BIT-003,CG-BIT-001,cp_rs1_class,e0000000,0
TP-BIT-003,CG-BIT-001,cr_op_eq,auto,0
TP-BIT-003,CG-BIT-001,cr_op_same,auto,0
TP-BIT-003,CG-BIT-001,cr_shadd_wrap,auto,0
TP-BIT-004,CG-BIT-001,cp_op,andn,0
TP-BIT-004,CG-BIT-001,cp_op,orn,0
TP-BIT-004,CG-BIT-001,cp_op,xnor,0
TP-BIT-004,CG-BIT-001,cp_result_class,all_ones,0
TP-BIT-004,CG-BIT-001,cp_result_class,zero,0
TP-BIT-004,CG-BIT-001,cr_op_rs1,auto,0
TP-BIT-004,CG-BIT-001,cr_op_rs2,auto,0
TP-BIT-005,CG-BIT-002,cp_op,clz,0
TP-BIT-005,CG-BIT-002,cp_op,cpop,0
TP-BIT-005,CG-BIT-002,cp_op,ctz,0
TP-BIT-005,CG-BIT-002,cr_op_operand,auto,0
TP-BIT-006,CG-BIT-002,cp_operand,all_ones,0
TP-BIT-006,CG-BIT-002,cp_operand,zero,0
TP-BIT-006,CG-BIT-002,cp_result,r0,0
TP-BIT-006,CG-BIT-002,cp_result,r31,0
TP-BIT-006,CG-BIT-002,cp_result,r32,0
TP-BIT-006,CG-BIT-002,cr_op_result,auto,0
TP-BIT-006,CG-BIT-002,cr_op_single,auto,0
TP-BIT-007,CG-BIT-001,cp_op,max,0
TP-BIT-007,CG-BIT-001,cp_op,maxu,0
TP-BIT-007,CG-BIT-001,cp_op,min,0
TP-BIT-007,CG-BIT-001,cp_op,minu,0
TP-BIT-007,CG-BIT-001,cr_minmax_sign,auto,0
TP-BIT-008,CG-BIT-001,cp_rs1_class,all_ones,0
TP-BIT-008,CG-BIT-001,cp_rs1_class,int_min,0
TP-BIT-008,CG-BIT-001,cp_rs2_class,int_max,0
TP-BIT-008,CG-BIT-001,cp_rs2_class,one,0
TP-BIT-008,CG-BIT-001,cr_minmax_sign,auto,0
TP-BIT-008,CG-BIT-001,cr_op_eq,auto,0
TP-BIT-009,CG-BIT-001,cp_op,sext_b,0
TP-BIT-009,CG-BIT-001,cp_op,sext_h,0
TP-BIT-009,CG-BIT-001,cp_rs1_class,byte_msb,0
TP-BIT-009,CG-BIT-001,cp_rs1_class,half_msb,0
TP-BIT-009,CG-CMP-005,cp_insn,c_sext_b,0
TP-BIT-009,CG-CMP-005,cp_insn,c_sext_h,0
TP-BIT-010,CG-BIT-001,cp_op,zext_h,0
TP-BIT-010,CG-BIT-001,cr_op_rs1,auto,0
TP-BIT-010,CG-CMP-005,cp_insn,c_zext_h,0
TP-BIT-011,CG-BIT-001,cp_op,pack,0
TP-BIT-011,CG-BIT-001,cp_op,packh,0
TP-BIT-011,CG-BIT-001,cp_op,packu,0
TP-BIT-011,CG-BIT-001,cr_op_rs1,auto,0
TP-BIT-011,CG-BIT-001,cr_op_rs2,auto,0
TP-BIT-011,CG-BIT-001,cr_op_same,auto,0
TP-BIT-012,CG-BIT-003,cp_op,rol,0
TP-BIT-012,CG-BIT-003,cp_op,ror,0
TP-BIT-012,CG-BIT-003,cp_op,rori,0
TP-BIT-012,CG-BIT-003,cr_op_amount,auto,0
TP-BIT-012,CG-BIT-003,cr_rot_delta,rol_d2,0
TP-BIT-012,CG-BIT-003,cr_rot_delta,ror_d2,0
TP-BIT-012,CG-BIT-003,cr_rot_delta,rori_d2,0
TP-BIT-012,CG-BIT-010,cr_class_delta_clean,rot_d2,0
TP-BIT-013,CG-BIT-003,cp_amount,a0,0
TP-BIT-013,CG-BIT-003,cp_amount,a1,0
TP-BIT-013,CG-BIT-003,cp_amount,a31,0
TP-BIT-013,CG-BIT-003,cp_rs2_upper,all_ones,0
TP-BIT-013,CG-BIT-003,cp_rs2_upper,is32,0
TP-BIT-013,CG-BIT-003,cr_reg_upper,auto,0
TP-BIT-013,CG-BIT-011,cp_illegal_class,rori_bit25,0
TP-BIT-013,CG-BIT-011,cr_illegal_trap,auto,0
TP-BIT-014,CG-BIT-004,cp_grev_ctrl,c7,0
TP-BIT-014,CG-BIT-004,cp_op,gorci,0
TP-BIT-014,CG-BIT-004,cr_op_operand,auto,0
TP-BIT-015,CG-BIT-004,cp_grev_ctrl,c24,0
TP-BIT-015,CG-BIT-004,cp_op,grevi,0
TP-BIT-015,CG-BIT-004,cp_operand,bytes_01020304,0
TP-BIT-016,CG-BIT-004,cp_grev_ctrl,c0,0
TP-BIT-016,CG-BIT-004,cp_grev_ctrl,c31,0
TP-BIT-016,CG-BIT-004,cp_op,gorc,0
TP-BIT-016,CG-BIT-004,cp_op,grev,0
TP-BIT-016,CG-BIT-004,cp_operand,single_bit,0
TP-BIT-016,CG-BIT-004,cr_grev_ctrl,auto,0
TP-BIT-016,CG-BIT-004,cr_reg_upper,auto,0
TP-BIT-017,CG-BIT-006,cp_op,bclr,0
TP-BIT-017,CG-BIT-006,cp_op,bext,0
TP-BIT-017,CG-BIT-006,cp_op,binv,0
TP-BIT-017,CG-BIT-006,cp_op,bset,0
TP-BIT-017,CG-BIT-006,cr_op_index_prior,auto,0
TP-BIT-018,CG-BIT-006,cp_op,bclri,0
TP-BIT-018,CG-BIT-006,cp_op,bexti,0
TP-BIT-018,CG-BIT-006,cp_op,binvi,0
TP-BIT-018,CG-BIT-006,cp_op,bseti,0
TP-BIT-018,CG-BIT-006,cr_op_index_prior,auto,0
TP-BIT-018,CG-BIT-006,cr_op_operand,auto,0
TP-BIT-019,CG-BIT-006,cp_binv_twice,yes,0
TP-BIT-019,CG-BIT-006,cp_index,i0,0
TP-BIT-019,CG-BIT-006,cp_index,i31,0
TP-BIT-019,CG-BIT-006,cp_rs2_upper,all_ones,0
TP-BIT-019,CG-BIT-006,cr_reg_upper,auto,0
TP-BIT-019,CG-BIT-011,cp_illegal_class,bclri_bit25,0
TP-BIT-019,CG-BIT-011,cp_illegal_class,bexti_bit25,0
TP-BIT-019,CG-BIT-011,cp_illegal_class,binvi_bit25,0
TP-BIT-019,CG-BIT-011,cp_illegal_class,bseti_bit25,0
TP-BIT-020,CG-BIT-007,cp_op,clmul,0
TP-BIT-020,CG-BIT-007,cp_op,clmulh,0
TP-BIT-020,CG-BIT-007,cp_op,clmulr,0
TP-BIT-020,CG-BIT-007,cr_clmul_rs2,auto,0
TP-BIT-020,CG-BIT-007,cr_op_rs1,auto,0
TP-BIT-021,CG-BIT-007,cp_rs1_class,all_ones,0
TP-BIT-021,CG-BIT-007,cp_rs2_class,all_ones,0
TP-BIT-021,CG-BIT-007,cp_rs2_class,one,0
TP-BIT-021,CG-BIT-007,cp_rs2_class,zero,0
TP-BIT-021,CG-BIT-007,cr_clmul_bitsum,auto,0
TP-BIT-022,CG-BIT-003,cp_op,slo,0
TP-BIT-022,CG-BIT-003,cp_op,sloi,0
TP-BIT-022,CG-BIT-003,cp_op,sro,0
TP-BIT-022,CG-BIT-003,cp_op,sroi,0
TP-BIT-022,CG-BIT-003,cr_op_amount,auto,0
TP-BIT-022,CG-BIT-003,cr_op_operand,auto,0
TP-BIT-023,CG-BIT-003,cp_amount,a0,0
TP-BIT-023,CG-BIT-003,cp_amount,a31,0
TP-BIT-023,CG-BIT-003,cp_operand,zero,0
TP-BIT-023,CG-BIT-003,cr_reg_upper,auto,0
TP-BIT-024,CG-BIT-004,cp_op,shfl,0
TP-BIT-024,CG-BIT-004,cp_op,shfli,0
TP-BIT-024,CG-BIT-004,cp_op,unshfl,0
TP-BIT-024,CG-BIT-004,cp_op,unshfli,0
TP-BIT-024,CG-BIT-004,cp_shfl_ctrl,c15,0
TP-BIT-024,CG-BIT-004,cr_shfl_ctrl,auto,0
TP-BIT-024,CG-BIT-011,cp_illegal_class,shfli_bit26,0
TP-BIT-025,CG-BIT-005,cp_op,xperm_b,0
TP-BIT-025,CG-BIT-005,cp_op,xperm_h,0
TP-BIT-025,CG-BIT-005,cp_op,xperm_n,0
TP-BIT-025,CG-BIT-005,cr_op_pattern,auto,0
TP-BIT-025,CG-BIT-005,cr_op_rs1,auto,0
TP-BIT-026,CG-BIT-005,cp_index_pattern,all_oob,0
TP-BIT-026,CG-BIT-005,cp_index_pattern,mixed_oob,0
TP-BIT-026,CG-BIT-005,cp_rs1_class,all_ones,0
TP-BIT-026,CG-BIT-005,cr_op_oob,auto,0
TP-BIT-027,CG-BIT-008,cp_op,cmix,0
TP-BIT-027,CG-BIT-008,cp_op,cmov,0
TP-BIT-027,CG-BIT-008,cr_cmix,auto,0
TP-BIT-027,CG-BIT-008,cr_cmov,auto,0
TP-BIT-027,CG-BIT-008,cr_op_delta,auto,0
TP-BIT-027,CG-BIT-008,cr_op_rs3,auto,0
TP-BIT-027,CG-BIT-010,cr_class_delta_clean,ternary_d2,0
TP-BIT-028,CG-BIT-008,cp_op,fsl,0
TP-BIT-028,CG-BIT-008,cp_op,fsr,0
TP-BIT-028,CG-BIT-008,cp_op,fsri,0
TP-BIT-028,CG-BIT-008,cr_funnel_amt,auto,0
TP-BIT-028,CG-BIT-008,cr_op_rs13,auto,0
TP-BIT-028,CG-BIT-008,cr_op_rs3,auto,0
TP-BIT-029,CG-BIT-008,cp_funnel_amt,a0,0
TP-BIT-029,CG-BIT-008,cp_funnel_amt,a31,0
TP-BIT-029,CG-BIT-008,cp_funnel_amt,a32,0
TP-BIT-029,CG-BIT-008,cp_funnel_amt,a33,0
TP-BIT-029,CG-BIT-008,cp_funnel_amt,a63,0
TP-BIT-029,CG-BIT-008,cr_funnel_upper,fsl_nonzero,0
TP-BIT-029,CG-BIT-008,cr_funnel_upper,fsr_nonzero,0
TP-BIT-030,CG-BIT-009,cp_ctrl_upper,nonzero,0
TP-BIT-030,CG-BIT-009,cp_ctrl_upper,zero,0
TP-BIT-030,CG-BIT-009,cp_delta,d1,0
TP-BIT-030,CG-BIT-009,cr_data_rs1,auto,0
TP-BIT-030,CG-BIT-009,cr_len_off,auto,0
TP-BIT-030,CG-BIT-011,cp_legal_insn,bfp,0
TP-BIT-031,CG-BIT-009,cp_data_class,above_len_set,0
TP-BIT-031,CG-BIT-009,cp_len,l0,0
TP-BIT-031,CG-BIT-009,cp_off,o16,0
TP-BIT-031,CG-BIT-009,cp_off,o31,0
TP-BIT-031,CG-BIT-009,cp_overflow,yes,0
TP-BIT-031,CG-BIT-009,cr_overflow_len,auto,0
TP-BIT-032,CG-BIT-007,cp_op,crc32_b,0
TP-BIT-032,CG-BIT-007,cp_op,crc32_h,0
TP-BIT-032,CG-BIT-007,cp_op,crc32_w,0
TP-BIT-032,CG-BIT-007,cp_op,crc32c_b,0
TP-BIT-032,CG-BIT-007,cp_op,crc32c_h,0
TP-BIT-032,CG-BIT-007,cp_op,crc32c_w,0
TP-BIT-032,CG-BIT-007,cr_crc_delta,auto,0
TP-BIT-032,CG-BIT-007,cr_op_rs1,auto,0
TP-BIT-032,CG-BIT-010,cr_class_delta_clean,crc_d2,0
TP-BIT-033,CG-BIT-007,cp_rs1_class,all_ones,0
TP-BIT-033,CG-BIT-007,cp_rs1_class,high_only,0
TP-BIT-033,CG-BIT-007,cp_rs1_class,low_only,0
TP-BIT-033,CG-BIT-007,cp_rs1_class,single_bit,0
TP-BIT-033,CG-BIT-007,cp_rs1_class,zero,0
TP-BIT-034,CG-BIT-011,cp_illegal_class,bcompress,0
TP-BIT-034,CG-BIT-011,cp_illegal_class,bdecompress,0
TP-BIT-034,CG-BIT-011,cp_mtval_ok,yes,0
TP-BIT-034,CG-BIT-011,cr_illegal_trap,auto,0
TP-BIT-035,CG-BIT-011,cp_illegal_class,op32_any,0
TP-BIT-035,CG-BIT-011,cp_illegal_class,opimm32_any,0
TP-BIT-035,CG-BIT-011,cr_illegal_priv,auto,0
TP-BIT-036,CG-BIT-003,cp_delta,d3plus,0
TP-BIT-036,CG-BIT-007,cp_delta,d3plus,0
TP-BIT-036,CG-BIT-008,cp_delta,d3plus,0
TP-BIT-036,CG-BIT-010,cp_event_mid,debug_req,0
TP-BIT-036,CG-BIT-010,cp_event_mid,irq,0
TP-BIT-036,CG-BIT-010,cp_event_mid,nmi,0
TP-BIT-036,CG-BIT-010,cp_wb_busy,yes,0
TP-BIT-036,CG-BIT-010,cr_class_event,auto,0
TP-BIT-036,CG-BIT-010,cr_class_rd_x0,auto,0
TP-BIT-036,CG-BIT-010,cr_class_wb,auto,0
TP-BIT-037,CG-BIT-003,cp_sloi_bits,b01,0
TP-BIT-037,CG-BIT-003,cp_sloi_bits,b10,0
TP-BIT-037,CG-BIT-003,cp_sloi_bits,b11,0
TP-BIT-037,CG-BIT-003,cp_sroi_bit25,b1,0
TP-BIT-037,CG-BIT-003,cr_sloi_lenient,auto,0
TP-BIT-037,CG-BIT-003,cr_sroi_lenient,auto,0
TP-BIT-037,CG-BIT-004,cr_lenient,gorci_b1,0
TP-BIT-037,CG-BIT-004,cr_lenient,grevi_b1,0
TP-BIT-037,CG-BIT-004,cr_lenient,shfli_b1,0
TP-BIT-037,CG-BIT-004,cr_lenient,unshfli_b1,0
TP-BIT-038,CG-BIT-001,cr_op_rd_x0,auto,0
TP-BIT-038,CG-BIT-002,cr_op_rd_x0,auto,0
TP-BIT-038,CG-BIT-003,cr_op_rd_x0,auto,0
TP-BIT-038,CG-BIT-004,cr_op_rd_x0,auto,0
TP-BIT-038,CG-BIT-005,cr_op_rd_x0,auto,0
TP-BIT-038,CG-BIT-006,cr_op_rd_x0,auto,0
TP-BIT-038,CG-BIT-007,cr_op_rd_x0,auto,0
TP-BIT-038,CG-BIT-008,cr_op_rd_x0,auto,0
TP-BIT-038,CG-BIT-009,cp_rd_x0,yes,0
TP-BIT-038,CG-ISA-005,cp_writer_class,bit_1cyc,0
TP-BIT-038,CG-ISA-005,cp_writer_class,bit_2cyc,0
TP-BIT-039,CG-BIT-008,cr_op_rs3,auto,0
TP-BIT-039,CG-BIT-010,cp_prev_dep,alu_rs3,0
TP-BIT-039,CG-BIT-010,cp_prev_dep,load_rs3,0
TP-BIT-039,CG-BIT-010,cr_class_next,auto,0
TP-BIT-039,CG-BIT-010,cr_class_prev,auto,0
TP-BIT-040,CG-BIT-011,cp_misa,b_clear,0
TP-BIT-040,CG-BIT-011,cp_misa,c_set,0
TP-BIT-040,CG-BIT-011,cp_misa,m_set,0
TP-BIT-040,CG-BIT-011,cp_misa,x_set,0
TP-BIT-041,CG-BIT-001,cr_op_rs1,auto,0
TP-BIT-041,CG-BIT-002,cr_op_operand,auto,0
TP-BIT-041,CG-BIT-003,cr_op_amount,auto,0
TP-BIT-041,CG-BIT-004,cr_grev_ctrl,auto,0
TP-BIT-041,CG-BIT-004,cr_shfl_ctrl,auto,0
TP-BIT-041,CG-BIT-005,cr_op_pattern,auto,0
TP-BIT-041,CG-BIT-006,cr_op_index_prior,auto,0
TP-BIT-041,CG-BIT-007,cr_op_rs1,auto,0
TP-BIT-041,CG-BIT-008,cr_funnel_amt,auto,0
TP-BIT-041,CG-BIT-009,cr_len_off,auto,0
TP-BIT-041,CG-BIT-011,cr_legal_notrap,auto,0
TP-BIT-042,CG-BIT-010,cr_class_event,auto,0
TP-BIT-042,CG-BIT-010,cr_class_next,auto,0
TP-BIT-042,CG-BIT-010,cr_class_prev,auto,0
TP-BIT-042,CG-BIT-010,cr_class_wb,auto,0
TP-BIT-043,CG-BIT-010,cp_hold_cycles,h1,0
TP-BIT-043,CG-BIT-010,cp_hold_cycles,h2_4,0
TP-BIT-043,CG-BIT-010,cp_hold_cycles,h5plus,0
TP-BIT-043,CG-BIT-010,cp_wb_busy,yes,0
TP-BIT-043,CG-BIT-010,cp_wb_kind,load,0
TP-BIT-043,CG-BIT-010,cp_wb_kind,store,0
TP-BIT-043,CG-BIT-010,cr_class_hold,auto,0
TP-BIT-043,CG-BIT-010,cr_class_wb,auto,0
TP-BTALU-001,CG-BTALU-001,cr_taken_dir_align,auto,0
TP-BTALU-001,CG-BTALU-001,cr_taken_distance,auto,0
TP-BTALU-001,CG-BTALU-001,cr_taken_dit_delta,nt_dit0_d1,0
TP-BTALU-001,CG-BTALU-001,cr_taken_dit_delta,t_dit0_d2,0
TP-BTALU-001,CG-ISA-007,cr_taken_dit_delta,t_dit0_d2,0
TP-BTALU-002,CG-BTALU-002,cp_link_ok,yes,0
TP-BTALU-002,CG-BTALU-002,cp_type,jal,0
TP-BTALU-002,CG-BTALU-002,cr_type_align,auto,0
TP-BTALU-002,CG-BTALU-002,cr_type_delta,auto,0
TP-BTALU-003,CG-BTALU-002,cp_type,c_jalr,0
TP-BTALU-003,CG-BTALU-002,cp_type,c_jr,0
TP-BTALU-003,CG-BTALU-002,cp_type,jalr,0
TP-BTALU-003,CG-BTALU-002,cr_type_align,auto,0
TP-BTALU-003,CG-BTALU-003,cr_cti_src,auto,0
TP-BTALU-004,CG-BTALU-002,cp_link_ok,yes,0
TP-BTALU-004,CG-BTALU-002,cp_type,c_jal,0
TP-BTALU-004,CG-BTALU-002,cp_type,c_jalr,0
TP-BTALU-004,CG-ISA-006,cr_link,c_jalr_pc2,0
TP-BTALU-004,CG-ISA-006,cr_link,jalr_pc4,0
TP-BTALU-005,CG-BTALU-001,cp_redirect,no,0
TP-BTALU-005,CG-BTALU-001,cr_taken_dit_redirect,nt_dit0_noredir,0
TP-BTALU-005,CG-BTALU-001,cr_taken_dit_redirect,t_dit0_redir,0
TP-BTALU-006,CG-BTALU-001,cp_dit,on,0
TP-BTALU-006,CG-BTALU-001,cr_taken_dit_delta,nt_dit1_d2,0
TP-BTALU-006,CG-BTALU-001,cr_taken_dit_delta,t_dit1_d2,0
TP-BTALU-006,CG-BTALU-001,cr_taken_dit_redirect,nt_dit1_redir,0
TP-BTALU-006,CG-BTALU-001,cr_taken_dit_redirect,t_dit1_redir,0
TP-BTALU-006,CG-ISA-007,cr_taken_dit_delta,nt_dit1_d2,0
TP-BTALU-006,CG-ISA-007,cr_taken_dit_delta,t_dit1_d2,0
TP-BTALU-007,CG-BTALU-001,cp_target_align,half,0
TP-BTALU-007,CG-BTALU-002,cp_target_align,half,0
TP-BTALU-007,CG-BTALU-002,cr_odd_bit0,jalr_odd_b0,0
TP-BTALU-007,CG-BTALU-002,cr_odd_bit0,jalr_odd_b1,0
TP-BTALU-007,CG-BTALU-002,cr_type_align,auto,0
TP-BTALU-008,CG-BTALU-002,cp_pc_wdata_bit0,b1,0
TP-BTALU-008,CG-BTALU-002,cr_odd_bit0,c_jalr_odd_b1,0
TP-BTALU-008,CG-BTALU-002,cr_odd_bit0,c_jr_odd_b1,0
TP-BTALU-008,CG-BTALU-002,cr_odd_bit0,jalr_odd_b1,0
TP-BTALU-009,CG-BTALU-001,cp_wrap,yes,0
TP-BTALU-009,CG-BTALU-001,cr_wrap,auto,0
TP-BTALU-009,CG-BTALU-002,cp_wrap,yes,0
TP-BTALU-009,CG-BTALU-002,cr_type_wrap,auto,0
TP-BTALU-010,CG-BTALU-003,cp_mtval_target_ok,yes,0
TP-BTALU-010,CG-BTALU-003,cp_target_fault,bus_err,0
TP-BTALU-010,CG-BTALU-003,cp_target_fault,pmp_exec,0
TP-BTALU-010,CG-BTALU-003,cr_cti_fault,auto,0
TP-BTALU-011,CG-BTALU-003,cp_redirect_count,one,0
TP-BTALU-011,CG-BTALU-003,cp_redirect_count,zero,0
TP-BTALU-011,CG-BTALU-003,cp_wb_error,yes,0
TP-BTALU-011,CG-BTALU-003,cr_cti_redirects,auto,0
TP-BTALU-011,CG-BTALU-003,cr_cti_wb,auto,0
TP-BTALU-012,CG-BTALU-002,cp_type,fence_i,0
TP-BTALU-012,CG-BTALU-002,cr_type_align,auto,0
TP-BTALU-012,CG-BTALU-002,cr_type_delta,auto,0
TP-BTALU-012,CG-ISA-008,cp_pc_align,half,0
TP-BTALU-012,CG-ISA-008,cp_pc_align,word,0
TP-BTALU-013,CG-BTALU-003,cp_operand_src,fwd_alu,0
TP-BTALU-013,CG-BTALU-003,cp_operand_src,load_stall,0
TP-BTALU-013,CG-BTALU-003,cr_cti_src,auto,0
TP-BTALU-013,CG-BTALU-003,cr_src_delay,auto,0
TP-BTALU-014,CG-BTALU-002,cp_seq,br_br,0
TP-BTALU-014,CG-BTALU-002,cp_seq,br_to_jump,0
TP-BTALU-014,CG-BTALU-002,cp_seq,jal_to_jalr,0
TP-BTALU-014,CG-BTALU-002,cp_seq,jalr_to_branch,0
TP-BTALU-014,CG-BTALU-002,cp_seq,jump_self,0
TP-BTALU-014,CG-BTALU-002,cp_seq,jump_to_odd_half,0
TP-BTALU-014,CG-BTALU-002,cr_type_seq,auto,0
TP-BTALU-015,CG-BTALU-001,cp_branch_inc,inc1,0
TP-BTALU-015,CG-BTALU-001,cr_perf,nt_dit0_inc0,0
TP-BTALU-015,CG-BTALU-001,cr_perf,t_dit0_inc1,0
TP-BTALU-015,CG-BTALU-001,cr_perf_branch,auto,0
TP-BTALU-016,CG-BTALU-001,cr_perf,nt_dit1_inc0,0
TP-BTALU-016,CG-BTALU-001,cr_perf,nt_dit1_inc1,0
TP-BTALU-016,CG-BTALU-001,cr_perf,t_dit1_inc1,0
TP-BTALU-017,CG-BTALU-001,cr_taken_dir_align,auto,0
TP-BTALU-017,CG-BTALU-001,cr_taken_distance,auto,0
TP-BTALU-017,CG-BTALU-002,cr_type_align,auto,0
TP-BTALU-017,CG-BTALU-002,cr_type_seq,auto,0
TP-BTALU-017,CG-BTALU-003,cr_cti_src,auto,0
TP-BTALU-017,CG-BTALU-003,cr_cti_wb,auto,0
TP-CHERI-001,CG-CHERI-001,cp_funct3,f0,0
TP-CHERI-001,CG-CHERI-001,cp_funct3,f1,0
TP-CHERI-001,CG-CHERI-001,cp_funct3,f2,0
TP-CHERI-001,CG-CHERI-001,cp_funct3,f3,0
TP-CHERI-001,CG-CHERI-001,cp_funct3,f4,0
TP-CHERI-001,CG-CHERI-001,cp_funct3,f5,0
TP-CHERI-001,CG-CHERI-001,cp_funct3,f6,0
TP-CHERI-001,CG-CHERI-001,cp_funct3,f7,0
TP-CHERI-001,CG-CHERI-001,cp_funct7_class,f7_00,0
TP-CHERI-001,CG-CHERI-001,cp_funct7_class,f7_01,0
TP-CHERI-001,CG-CHERI-001,cp_funct7_class,f7_7f,0
TP-CHERI-001,CG-CHERI-001,cp_funct7_class,f7_other,0
TP-CHERI-001,CG-CHERI-001,cp_kind,op_auicgp,0
TP-CHERI-001,CG-CHERI-001,cp_kind,op_cheri,0
TP-CHERI-001,CG-CHERI-001,cp_mode,m,0
TP-CHERI-001,CG-CHERI-001,cp_mode,u,0
TP-CHERI-001,CG-CHERI-001,cp_trap,yes,0
TP-CHERI-001,CG-CHERI-001,cr_kind_mode_trap,op_auicgp_m_yes,0
TP-CHERI-001,CG-CHERI-001,cr_kind_mode_trap,op_auicgp_u_yes,0
TP-CHERI-001,CG-CHERI-001,cr_kind_mode_trap,op_cheri_m_yes,0
TP-CHERI-001,CG-CHERI-001,cr_kind_mode_trap,op_cheri_u_yes,0
TP-CHERI-001,CG-CHERI-001,cr_op_funct3,op_auicgp_f0,0
TP-CHERI-001,CG-CHERI-001,cr_op_funct3,op_auicgp_f1,0
TP-CHERI-001,CG-CHERI-001,cr_op_funct3,op_auicgp_f2,0
TP-CHERI-001,CG-CHERI-001,cr_op_funct3,op_auicgp_f3,0
TP-CHERI-001,CG-CHERI-001,cr_op_funct3,op_auicgp_f4,0
TP-CHERI-001,CG-CHERI-001,cr_op_funct3,op_auicgp_f5,0
TP-CHERI-001,CG-CHERI-001,cr_op_funct3,op_auicgp_f6,0
TP-CHERI-001,CG-CHERI-001,cr_op_funct3,op_auicgp_f7,0
TP-CHERI-001,CG-CHERI-001,cr_op_funct3,op_cheri_f0,0
TP-CHERI-001,CG-CHERI-001,cr_op_funct3,op_cheri_f1,0
TP-CHERI-001,CG-CHERI-001,cr_op_funct3,op_cheri_f2,0
TP-CHERI-001,CG-CHERI-001,cr_op_funct3,op_cheri_f3,0
TP-CHERI-001,CG-CHERI-001,cr_op_funct3,op_cheri_f4,0
TP-CHERI-001,CG-CHERI-001,cr_op_funct3,op_cheri_f5,0
TP-CHERI-001,CG-CHERI-001,cr_op_funct3,op_cheri_f6,0
TP-CHERI-001,CG-CHERI-001,cr_op_funct3,op_cheri_f7,0
TP-CHERI-002,CG-CHERI-001,cp_csr_op,csrrc,0
TP-CHERI-002,CG-CHERI-001,cp_csr_op,csrrci,0
TP-CHERI-002,CG-CHERI-001,cp_csr_op,csrrs,0
TP-CHERI-002,CG-CHERI-001,cp_csr_op,csrrsi,0
TP-CHERI-002,CG-CHERI-001,cp_csr_op,csrrw,0
TP-CHERI-002,CG-CHERI-001,cp_csr_op,csrrwi,0
TP-CHERI-002,CG-CHERI-001,cp_kind,csr_cdbg_ctrl,0
TP-CHERI-002,CG-CHERI-001,cp_kind,csr_mshwm,0
TP-CHERI-002,CG-CHERI-001,cp_kind,csr_mshwmb,0
TP-CHERI-002,CG-CHERI-001,cp_kind,csr_scr_other,0
TP-CHERI-002,CG-CHERI-001,cr_csr_op,csr_cdbg_ctrl_csrrsi,0
TP-CHERI-002,CG-CHERI-001,cr_csr_op,csr_cdbg_ctrl_csrrw,0
TP-CHERI-002,CG-CHERI-001,cr_csr_op,csr_mshwm_csrrc,0
TP-CHERI-002,CG-CHERI-001,cr_csr_op,csr_mshwm_csrrs,0
TP-CHERI-002,CG-CHERI-001,cr_csr_op,csr_mshwm_csrrw,0
TP-CHERI-002,CG-CHERI-001,cr_csr_op,csr_mshwmb_csrrw,0
TP-CHERI-002,CG-CHERI-001,cr_csr_op,csr_mshwmb_csrrwi,0
TP-CHERI-002,CG-CHERI-001,cr_csr_op,csr_scr_other_csrrci,0
TP-CHERI-002,CG-CHERI-001,cr_csr_op,csr_scr_other_csrrw,0
TP-CHERI-002,CG-CHERI-001,cr_kind_mode_trap,csr_cdbg_ctrl_m_yes,0
TP-CHERI-002,CG-CHERI-001,cr_kind_mode_trap,csr_mshwm_m_yes,0
TP-CHERI-002,CG-CHERI-001,cr_kind_mode_trap,csr_mshwm_u_yes,0
TP-CHERI-002,CG-CHERI-001,cr_kind_mode_trap,csr_mshwmb_m_yes,0
TP-CHERI-002,CG-CHERI-001,cr_kind_mode_trap,csr_scr_other_m_yes,0
TP-CHERI-003,CG-CHERI-001,cp_caps_zero_run,yes,0
TP-CHERI-003,CG-CHERI-001,cp_kind,eot,0
TP-CHERI-003,CG-CHERI-001,cp_store_seen,yes,0
TP-CHERI-003,CG-CHERI-001,cp_tag_zero_run,yes,0
TP-CHERI-004,CG-CHERI-001,cp_kind,id_marchid,0
TP-CHERI-004,CG-CHERI-001,cp_kind,id_misa,0
TP-CHERI-004,CG-CHERI-001,cp_marchid_val,is22,0
TP-CHERI-004,CG-CHERI-001,cp_misa_val,expected,0
TP-CHERI-004,CG-CHERI-001,cp_trap,no,0
TP-CMP-001,CG-CMP-001,cp_insn32_straddle,no,0
TP-CMP-001,CG-CMP-001,cp_insn32_straddle,yes,0
TP-CMP-001,CG-CMP-001,cp_pc_inc,two,0
TP-CMP-001,CG-CMP-001,cr_insn_align,auto,0
TP-CMP-001,CG-CMP-001,cr_insn_next,auto,0
TP-CMP-002,CG-CMP-001,cp_insn,c_addi4spn,0
TP-CMP-002,CG-CMP-001,cr_insn_reg3,auto,0
TP-CMP-002,CG-CMP-002,cp_addi4spn_imm,max,0
TP-CMP-002,CG-CMP-002,cp_addi4spn_imm,min,0
TP-CMP-002,CG-CMP-002,cp_addi4spn_imm,rand,0
TP-CMP-003,CG-CMP-004,cp_class,addi4spn_imm0,0
TP-CMP-003,CG-CMP-004,cp_class,zero_hw,0
TP-CMP-003,CG-CMP-004,cp_mtval_ok,yes,0
TP-CMP-003,CG-CMP-004,cp_rvfi_insn_ok,yes,0
TP-CMP-003,CG-CMP-004,cr_class_align,auto,0
TP-CMP-004,CG-CMP-001,cp_insn,c_lw,0
TP-CMP-004,CG-CMP-001,cp_insn,c_sw,0
TP-CMP-004,CG-CMP-002,cp_lw_sw_uimm,max,0
TP-CMP-004,CG-CMP-002,cp_lw_sw_uimm,rand,0
TP-CMP-004,CG-CMP-002,cp_lw_sw_uimm,zero,0
TP-CMP-005,CG-CMP-001,cp_insn,c_lwsp,0
TP-CMP-005,CG-CMP-001,cp_insn,c_swsp,0
TP-CMP-005,CG-CMP-001,cr_insn_rdfull,auto,0
TP-CMP-005,CG-CMP-002,cp_sp_uimm,max,0
TP-CMP-005,CG-CMP-002,cp_sp_uimm,rand,0
TP-CMP-005,CG-CMP-002,cp_sp_uimm,zero,0
TP-CMP-006,CG-CMP-004,cp_class,lwsp_rd0,0
TP-CMP-006,CG-CMP-004,cr_class_priv,auto,0
TP-CMP-007,CG-CMP-004,cp_class,c_fld,0
TP-CMP-007,CG-CMP-004,cp_class,c_fldsp,0
TP-CMP-007,CG-CMP-004,cp_class,c_flw,0
TP-CMP-007,CG-CMP-004,cp_class,c_flwsp,0
TP-CMP-007,CG-CMP-004,cp_class,c_fsd,0
TP-CMP-007,CG-CMP-004,cp_class,c_fsw,0
TP-CMP-007,CG-CMP-004,cp_class,c_fswsp,0
TP-CMP-008,CG-CMP-001,cp_insn,c_addi,0
TP-CMP-008,CG-CMP-001,cp_insn,c_nop,0
TP-CMP-008,CG-CMP-002,cp_ci_imm6,max,0
TP-CMP-008,CG-CMP-002,cp_ci_imm6,min,0
TP-CMP-008,CG-CMP-002,cr_ci,auto,0
TP-CMP-009,CG-CMP-003,cp_hint,c_addi_imm0,0
TP-CMP-009,CG-CMP-003,cp_hint,c_nop_nzimm,0
TP-CMP-009,CG-CMP-003,cp_minstret_inc,observed,0
TP-CMP-009,CG-CMP-003,cr_hint_align,auto,0
TP-CMP-010,CG-CMP-001,cp_insn,c_j,0
TP-CMP-010,CG-CMP-001,cp_insn,c_jal,0
TP-CMP-010,CG-ISA-006,cp_op,c_j,0
TP-CMP-010,CG-ISA-006,cp_op,c_jal,0
TP-CMP-010,CG-ISA-006,cr_op_align,auto,0
TP-CMP-011,CG-CMP-002,cp_cj_off,max_bwd,0
TP-CMP-011,CG-CMP-002,cp_cj_off,max_fwd,0
TP-CMP-011,CG-CMP-002,cp_cj_off,self,0
TP-CMP-011,CG-CMP-002,cp_link,pc2,0
TP-CMP-011,CG-ISA-006,cr_link,c_jal_pc2,0
TP-CMP-012,CG-CMP-001,cp_insn,c_li,0
TP-CMP-012,CG-CMP-002,cp_ci_imm6,zero,0
TP-CMP-012,CG-CMP-002,cr_ci,auto,0
TP-CMP-013,CG-CMP-003,cp_hint,c_li_x0,0
TP-CMP-013,CG-ISA-005,cp_writer_class,cmp_hint,0
TP-CMP-014,CG-CMP-001,cp_insn,c_lui,0
TP-CMP-014,CG-CMP-002,cp_lui_imm,neg_max,0
TP-CMP-014,CG-CMP-002,cp_lui_imm,neg_min,0
TP-CMP-014,CG-CMP-002,cp_lui_imm,pos_max,0
TP-CMP-014,CG-CMP-002,cp_lui_imm,pos_min,0
TP-CMP-014,CG-CMP-002,cp_lui_imm,rand,0
TP-CMP-015,CG-CMP-003,cp_hint,c_lui_x0,0
TP-CMP-015,CG-CMP-004,cp_class,lui_imm0,0
TP-CMP-016,CG-CMP-001,cp_insn,c_addi16sp,0
TP-CMP-016,CG-CMP-002,cp_addi16sp_imm,minus16,0
TP-CMP-016,CG-CMP-002,cp_addi16sp_imm,plus16,0
TP-CMP-016,CG-CMP-002,cp_addi16sp_imm,rand,0
TP-CMP-017,CG-CMP-002,cp_addi16sp_imm,max,0
TP-CMP-017,CG-CMP-002,cp_addi16sp_imm,min,0
TP-CMP-017,CG-CMP-002,cp_sp_wrap,yes,0
TP-CMP-017,CG-CMP-002,cr_sp_wrap,auto,0
TP-CMP-017,CG-CMP-004,cp_class,addi16sp_imm0,0
TP-CMP-018,CG-CMP-001,cp_insn,c_srai,0
TP-CMP-018,CG-CMP-001,cp_insn,c_srli,0
TP-CMP-018,CG-CMP-002,cr_shift,auto,0
TP-CMP-019,CG-CMP-003,cp_hint,c_srai_shamt0,0
TP-CMP-019,CG-CMP-003,cp_hint,c_srli_shamt0,0
TP-CMP-019,CG-CMP-004,cp_class,srai_shamt5,0
TP-CMP-019,CG-CMP-004,cp_class,srli_shamt5,0
TP-CMP-020,CG-CMP-001,cp_insn,c_andi,0
TP-CMP-020,CG-CMP-002,cp_ci_imm6,minus1,0
TP-CMP-020,CG-CMP-002,cp_ci_imm6,one,0
TP-CMP-020,CG-CMP-002,cr_ci,auto,0
TP-CMP-021,CG-CMP-001,cp_insn,c_and,0
TP-CMP-021,CG-CMP-001,cp_insn,c_or,0
TP-CMP-021,CG-CMP-001,cp_insn,c_sub,0
TP-CMP-021,CG-CMP-001,cp_insn,c_xor,0
TP-CMP-021,CG-CMP-001,cr_insn_reg3,auto,0
TP-CMP-022,CG-CMP-004,cp_class,addw,0
TP-CMP-022,CG-CMP-004,cp_class,subw,0
TP-CMP-023,CG-CMP-001,cp_insn,c_beqz,0
TP-CMP-023,CG-CMP-001,cp_insn,c_bnez,0
TP-CMP-023,CG-CMP-002,cp_cb_off,max_bwd,0
TP-CMP-023,CG-CMP-002,cp_cb_off,max_fwd,0
TP-CMP-023,CG-CMP-002,cp_cb_off,self,0
TP-CMP-023,CG-ISA-007,cp_op,c_beqz,0
TP-CMP-023,CG-ISA-007,cp_op,c_bnez,0
TP-CMP-024,CG-CMP-001,cp_insn,c_slli,0
TP-CMP-024,CG-CMP-001,cr_insn_rdfull,auto,0
TP-CMP-024,CG-CMP-002,cr_shift,auto,0
TP-CMP-025,CG-CMP-003,cp_hint,c_slli_shamt0,0
TP-CMP-025,CG-CMP-003,cp_hint,c_slli_x0,0
TP-CMP-025,CG-CMP-003,cp_hint,c_slli_x0_shamt0,0
TP-CMP-025,CG-CMP-004,cp_class,slli_shamt5,0
TP-CMP-026,CG-CMP-001,cp_insn,c_mv,0
TP-CMP-026,CG-CMP-001,cr_insn_rdfull,auto,0
TP-CMP-027,CG-CMP-003,cp_hint,c_mv_x0,0
TP-CMP-028,CG-CMP-001,cp_insn,c_jr,0
TP-CMP-028,CG-ISA-006,cp_op,c_jr,0
TP-CMP-028,CG-ISA-006,cr_op_align,auto,0
TP-CMP-029,CG-CMP-004,cp_class,jr_rs1_0,0
TP-CMP-030,CG-CMP-001,cp_insn,c_add,0
TP-CMP-030,CG-CMP-001,cr_insn_rdfull,auto,0
TP-CMP-031,CG-CMP-003,cp_hint,c_add_x0,0
TP-CMP-031,CG-CMP-003,cp_hint,c_add_x0_ntl_all,0
TP-CMP-031,CG-CMP-003,cp_hint,c_add_x0_ntl_p1,0
TP-CMP-031,CG-CMP-003,cp_hint,c_add_x0_ntl_pall,0
TP-CMP-031,CG-CMP-003,cp_hint,c_add_x0_ntl_s1,0
TP-CMP-032,CG-CMP-001,cp_insn,c_jalr,0
TP-CMP-032,CG-CMP-002,cp_link,pc2,0
TP-CMP-032,CG-ISA-006,cp_op,c_jalr,0
TP-CMP-032,CG-ISA-006,cr_link,c_jalr_pc2,0
TP-CMP-033,CG-ISA-009,cp_op,c_ebreak,0
TP-CMP-033,CG-ISA-009,cr_ebreak,c_m_dbg,0
TP-CMP-033,CG-ISA-009,cr_ebreak,c_m_exc,0
TP-CMP-033,CG-ISA-009,cr_ebreak,c_u_dbg,0
TP-CMP-034,CG-CMP-005,cp_insn,c_lbu,0
TP-CMP-034,CG-CMP-005,cp_insn,c_lh,0
TP-CMP-034,CG-CMP-005,cp_insn,c_lhu,0
TP-CMP-034,CG-CMP-005,cp_insn,c_sb,0
TP-CMP-034,CG-CMP-005,cp_insn,c_sh,0
TP-CMP-034,CG-CMP-005,cr_half_misaligned,auto,0
TP-CMP-034,CG-CMP-005,cr_load_sign,auto,0
TP-CMP-034,CG-CMP-005,cr_ls_b,auto,0
TP-CMP-034,CG-CMP-005,cr_ls_h,auto,0
TP-CMP-035,CG-CMP-004,cp_class,sh_bit6,0
TP-CMP-035,CG-CMP-004,cp_class,zcb_ls_1xx,0
TP-CMP-036,CG-CMP-005,cp_insn,c_not,0
TP-CMP-036,CG-CMP-005,cp_insn,c_sext_b,0
TP-CMP-036,CG-CMP-005,cp_insn,c_sext_h,0
TP-CMP-036,CG-CMP-005,cp_insn,c_zext_b,0
TP-CMP-036,CG-CMP-005,cp_insn,c_zext_h,0
TP-CMP-036,CG-CMP-005,cr_alu_operand,auto,0
TP-CMP-037,CG-CMP-004,cp_class,zcb_alu_110,0
TP-CMP-037,CG-CMP-004,cp_class,zcb_alu_111,0
TP-CMP-037,CG-CMP-004,cp_class,zext_w,0
TP-CMP-038,CG-CMP-005,cp_insn,c_mul,0
TP-CMP-038,CG-MUL-001,cp_op,c_mul,0
TP-CMP-038,CG-MUL-001,cr_op_rs1,auto,0
TP-CMP-039,CG-CMP-006,cp_insn,cm_push,0
TP-CMP-039,CG-CMP-006,cp_order_ok,yes,0
TP-CMP-039,CG-CMP-006,cp_rvfi_tags_ok,yes,0
TP-CMP-039,CG-CMP-006,cp_uop_count_ok,yes,0
TP-CMP-039,CG-CMP-006,cr_insn_delay,auto,0
TP-CMP-039,CG-CMP-006,cr_insn_rlist_spimm,auto,0
TP-CMP-040,CG-CMP-006,cp_rlist,r4,0
TP-CMP-040,CG-CMP-006,cp_stack_adj,a16,0
TP-CMP-040,CG-CMP-006,cp_stack_adj,a32,0
TP-CMP-040,CG-CMP-006,cp_stack_adj,a48,0
TP-CMP-040,CG-CMP-006,cp_stack_adj,a64,0
TP-CMP-041,CG-CMP-006,cp_rlist,r15,0
TP-CMP-041,CG-CMP-006,cp_stack_adj,a112,0
TP-CMP-041,CG-CMP-006,cp_stack_adj,a64,0
TP-CMP-041,CG-CMP-006,cp_stack_adj,a80,0
TP-CMP-041,CG-CMP-006,cp_stack_adj,a96,0
TP-CMP-042,CG-CMP-006,cp_rlist,r10,0
TP-CMP-042,CG-CMP-006,cp_rlist,r11,0
TP-CMP-042,CG-CMP-006,cp_rlist,r12,0
TP-CMP-042,CG-CMP-006,cp_rlist,r13,0
TP-CMP-042,CG-CMP-006,cp_rlist,r14,0
TP-CMP-042,CG-CMP-006,cp_rlist,r5,0
TP-CMP-042,CG-CMP-006,cp_rlist,r6,0
TP-CMP-042,CG-CMP-006,cp_rlist,r7,0
TP-CMP-042,CG-CMP-006,cp_rlist,r8,0
TP-CMP-042,CG-CMP-006,cp_rlist,r9,0
TP-CMP-043,CG-CMP-006,cp_spimm,s0,0
TP-CMP-043,CG-CMP-006,cp_spimm,s1,0
TP-CMP-043,CG-CMP-006,cp_spimm,s2,0
TP-CMP-043,CG-CMP-006,cp_spimm,s3,0
TP-CMP-043,CG-CMP-006,cp_stack_adj,a112,0
TP-CMP-043,CG-CMP-006,cp_stack_adj,a16,0
TP-CMP-043,CG-CMP-006,cp_stack_adj,a32,0
TP-CMP-043,CG-CMP-006,cp_stack_adj,a48,0
TP-CMP-043,CG-CMP-006,cp_stack_adj,a64,0
TP-CMP-043,CG-CMP-006,cp_stack_adj,a80,0
TP-CMP-043,CG-CMP-006,cp_stack_adj,a96,0
TP-CMP-044,CG-CMP-004,cp_class,pop_rlist_res,0
TP-CMP-044,CG-CMP-004,cp_class,popret_rlist_res,0
TP-CMP-044,CG-CMP-004,cp_class,popretz_rlist_res,0
TP-CMP-044,CG-CMP-004,cp_class,push_rlist_res,0
TP-CMP-044,CG-CMP-004,cr_zcmp_rlist,auto,0
TP-CMP-045,CG-CMP-006,cp_insn,cm_pop,0
TP-CMP-045,CG-CMP-006,cp_order_ok,yes,0
TP-CMP-045,CG-CMP-006,cp_uop_count_ok,yes,0
TP-CMP-045,CG-CMP-006,cr_insn_rlist_spimm,auto,0
TP-CMP-046,CG-CMP-006,cp_order_ok,yes,0
TP-CMP-046,CG-CMP-006,cp_rlist,r15,0
TP-CMP-046,CG-CMP-006,cp_rlist,r8,0
TP-CMP-046,CG-CMP-006,cp_spimm,s1,0
TP-CMP-046,CG-CMP-006,cp_spimm,s3,0
TP-CMP-047,CG-CMP-006,cp_insn,cm_popret,0
TP-CMP-047,CG-CMP-006,cp_ret_align,half,0
TP-CMP-047,CG-CMP-006,cp_ret_align,word,0
TP-CMP-047,CG-CMP-006,cr_insn_rlist_spimm,auto,0
TP-CMP-047,CG-CMP-006,cr_ret_align,auto,0
TP-CMP-048,CG-CMP-006,cp_insn,cm_popretz,0
TP-CMP-048,CG-CMP-006,cr_insn_rlist_spimm,auto,0
TP-CMP-048,CG-CMP-006,cr_ret_align,auto,0
TP-CMP-049,CG-CMP-006,cr_popret_r4,popret_r4,0
TP-CMP-049,CG-CMP-006,cr_popret_r4,popretz_r4,0
TP-CMP-049,CG-CMP-009,cp_hazard,popret_ra_fwd,0
TP-CMP-049,CG-CMP-009,cr_hazard_delay,auto,0
TP-CMP-050,CG-CMP-007,cp_insn,cm_mvsa01,0
TP-CMP-050,CG-CMP-007,cp_uop_count_ok,yes,0
TP-CMP-050,CG-CMP-007,cr_insn_r1_r2,auto,0
TP-CMP-051,CG-CMP-007,cp_equal,yes,0
TP-CMP-051,CG-CMP-007,cr_insn_equal,auto,0
TP-CMP-052,CG-CMP-007,cp_insn,cm_mva01s,0
TP-CMP-052,CG-CMP-007,cr_insn_r1_r2,auto,0
TP-CMP-053,CG-CMP-007,cp_src_values,same,0
TP-CMP-053,CG-CMP-007,cr_insn_equal,auto,0
TP-CMP-054,CG-CMP-004,cp_class,q2_011xx_65_00,0
TP-CMP-054,CG-CMP-004,cp_class,q2_011xx_65_10,0
TP-CMP-054,CG-CMP-004,cp_class,q2_101_other,0
TP-CMP-054,CG-CMP-004,cp_class,q2_101_zcmt,0
TP-CMP-055,CG-CMP-006,cp_minstret_once,yes,0
TP-CMP-055,CG-CMP-006,cp_rvfi_tags_ok,yes,0
TP-CMP-055,CG-CMP-007,cp_uop_count_ok,yes,0
TP-CMP-056,CG-CMP-008,cp_insn,cm_push,0
TP-CMP-056,CG-CMP-008,cp_mepc_ok,yes,0
TP-CMP-056,CG-CMP-008,cp_reexec,yes,0
TP-CMP-056,CG-CMP-008,cp_sp_unchanged_ok,yes,0
TP-CMP-056,CG-CMP-008,cr_event_phase_outcome,irq_ls_taken,0
TP-CMP-056,CG-CMP-008,cr_event_phase_outcome,nmi_ls_taken,0
TP-CMP-056,CG-CMP-008,cr_insn_rlist_event,auto,0
TP-CMP-056,CG-CMP-008,cr_irq_idx,auto,0
TP-CMP-057,CG-CMP-008,cp_insn,cm_pop,0
TP-CMP-057,CG-CMP-008,cp_insn,cm_popret,0
TP-CMP-057,CG-CMP-008,cp_insn,cm_popretz,0
TP-CMP-057,CG-CMP-008,cp_reexec,yes,0
TP-CMP-057,CG-CMP-008,cr_event_phase_outcome,irq_ls_taken,0
TP-CMP-057,CG-CMP-008,cr_irq_idx,auto,0
TP-CMP-058,CG-CMP-008,cp_insn,cm_mva01s,0
TP-CMP-058,CG-CMP-008,cp_insn,cm_mvsa01,0
TP-CMP-058,CG-CMP-008,cp_phase,commit_phase,0
TP-CMP-058,CG-CMP-008,cr_event_phase_outcome,irq_commit_deferred,0
TP-CMP-058,CG-CMP-008,cr_event_phase_outcome,nmi_commit_deferred,0
TP-CMP-059,CG-CMP-008,cp_event,debug_req,0
TP-CMP-059,CG-CMP-008,cp_event,step,0
TP-CMP-059,CG-CMP-008,cp_event,trigger,0
TP-CMP-059,CG-CMP-008,cr_event_phase_outcome,debug_commit_deferred,0
TP-CMP-059,CG-CMP-008,cr_event_phase_outcome,debug_ls_deferred,0
TP-CMP-059,CG-CMP-008,cr_event_phase_outcome,step_deferred,0
TP-CMP-059,CG-CMP-008,cr_event_phase_outcome,trigger_deferred,0
TP-CMP-059,CG-CMP-008,cr_insn_event,auto,0
TP-CMP-060,CG-CMP-008,cp_event,store_fault_pmp,0
TP-CMP-060,CG-CMP-008,cp_mepc_ok,yes,0
TP-CMP-060,CG-CMP-008,cp_reexec,yes,0
TP-CMP-060,CG-CMP-008,cp_sp_unchanged_ok,yes,0
TP-CMP-060,CG-CMP-008,cr_event_phase_outcome,store_fault_pmp_trap,0
TP-CMP-060,CG-CMP-008,cr_fault_idx,auto,0
TP-CMP-061,CG-CMP-008,cp_event,store_fault_bus,0
TP-CMP-061,CG-CMP-008,cr_event_phase_outcome,store_fault_bus_trap,0
TP-CMP-061,CG-CMP-008,cr_fault_idx,auto,0
TP-CMP-061,CG-CMP-008,cr_insn_rlist_event,auto,0
TP-CMP-062,CG-CMP-008,cp_event,load_fault_bus,0
TP-CMP-062,CG-CMP-008,cp_event,load_fault_pmp,0
TP-CMP-062,CG-CMP-008,cr_event_phase_outcome,load_fault_bus_trap,0
TP-CMP-062,CG-CMP-008,cr_event_phase_outcome,load_fault_pmp_trap,0
TP-CMP-062,CG-CMP-008,cr_fault_idx,auto,0
TP-CMP-063,CG-CMP-006,cp_sp_align,mis1,0
TP-CMP-063,CG-CMP-006,cp_sp_align,mis2,0
TP-CMP-063,CG-CMP-006,cp_sp_align,mis3,0
TP-CMP-063,CG-CMP-006,cr_insn_sp_align,auto,0
TP-CMP-063,CG-CMP-008,cp_mis_half,first,0
TP-CMP-063,CG-CMP-008,cp_mis_half,second,0
TP-CMP-063,CG-CMP-008,cr_mis_fault,auto,0
TP-CMP-064,CG-CMP-008,cp_reexec,yes,0
TP-CMP-064,CG-CMP-008,cr_insn_event,auto,0
TP-CMP-065,CG-CMP-008,cp_event,dummy_inserted,0
TP-CMP-065,CG-CMP-008,cr_event_phase_outcome,dummy_commit,0
TP-CMP-065,CG-CMP-008,cr_event_phase_outcome,dummy_ls,0
TP-CMP-066,CG-CMP-006,cp_uop_count_ok,yes,0
TP-CMP-066,CG-CMP-006,cr_insn_delay,auto,0
TP-CMP-066,CG-CMP-007,cr_insn_b2b,auto,0
TP-CMP-066,CG-CMP-009,cp_delta_uop,all_one,0
TP-CMP-066,CG-CMP-009,cp_delta_uop,some_stall,0
TP-CMP-066,CG-CMP-009,cp_hazard,mvsa01_then_mva01s,0
TP-CMP-066,CG-CMP-009,cp_hazard,pop_then_push_b2b,0
TP-CMP-066,CG-CMP-009,cp_hazard,popret_then_target,0
TP-CMP-066,CG-CMP-009,cp_hazard,popretz_then_target,0
TP-CMP-066,CG-CMP-009,cp_hazard,push_then_pop_b2b,0
TP-CMP-067,CG-CMP-004,cp_mtval_ok,yes,0
TP-CMP-067,CG-CMP-004,cp_rvfi_insn_ok,yes,0
TP-CMP-067,CG-CMP-004,cr_class_align,auto,0
TP-CMP-067,CG-CMP-004,cr_class_priv,auto,0
TP-CMP-068,CG-CMP-006,cr_insn_wrap,pop_above_max,0
TP-CMP-068,CG-CMP-006,cr_insn_wrap,popret_above_max,0
TP-CMP-068,CG-CMP-006,cr_insn_wrap,popretz_above_max,0
TP-CMP-068,CG-CMP-006,cr_insn_wrap,push_below_zero,0
TP-CMP-069,CG-CMP-007,cr_insn_hazard,auto,0
TP-CMP-069,CG-CMP-009,cp_hazard,load_pushed_reg_then_push,0
TP-CMP-069,CG-CMP-009,cp_hazard,load_then_mva01s,0
TP-CMP-069,CG-CMP-009,cp_hazard,store_same_slot_then_pop,0
TP-CMP-069,CG-CMP-009,cp_hazard,write_pushed_reg_then_push,0
TP-CMP-069,CG-CMP-009,cr_hazard_delay,auto,0
TP-CMP-069,CG-CMP-009,cr_hazard_rlist,auto,0
TP-CMP-070,CG-CMP-001,cr_insn_align,auto,0
TP-CMP-070,CG-CMP-001,cr_insn_next,auto,0
TP-CMP-070,CG-CMP-002,cr_ci,auto,0
TP-CMP-070,CG-CMP-003,cr_hint_align,auto,0
TP-CMP-070,CG-CMP-004,cr_class_align,auto,0
TP-CMP-070,CG-CMP-005,cr_alu_operand,auto,0
TP-CMP-071,CG-CMP-006,cr_insn_delay,auto,0
TP-CMP-071,CG-CMP-006,cr_insn_rlist_spimm,auto,0
TP-CMP-071,CG-CMP-007,cr_insn_r1_r2,auto,0
TP-CMP-071,CG-CMP-008,cr_fault_idx,auto,0
TP-CMP-071,CG-CMP-008,cr_insn_event,auto,0
TP-CMP-071,CG-CMP-008,cr_irq_idx,auto,0
TP-CMP-071,CG-CMP-009,cr_hazard_delay,auto,0
TP-CMP-072,CG-CMP-010,cp_err_kind,bus,0
TP-CMP-072,CG-CMP-010,cp_err_kind,pmp,0
TP-CMP-072,CG-CMP-010,cp_expanded_tag,bus_not_expanded,0
TP-CMP-072,CG-CMP-010,cp_expanded_tag,pmp_expanded,0
TP-CMP-072,CG-CMP-010,cp_mtval_ok,yes,0
TP-CMP-072,CG-CMP-010,cp_next_uop0,yes,0
TP-CMP-072,CG-CMP-010,cp_no_dreq,yes,0
TP-CMP-072,CG-CMP-010,cr_err_align,auto,0
TP-CMP-072,CG-CMP-010,cr_err_reach,auto,0
TP-CMP-072,CG-CMP-010,cr_insn_err,auto,0
TP-CMP-073,CG-CMP-009,cp_hazard,popret_ft_cm,0
TP-CMP-073,CG-CMP-009,cp_hazard,popretz_ft_cm,0
TP-CMP-073,CG-CMP-009,cp_redirect_once,yes,0
TP-CMP-073,CG-CMP-009,cp_ret_once,yes,0
TP-CMP-073,CG-CMP-009,cr_ft_kind,auto,0
TP-CSR-001,CG-CSR-001,cp_aclass,rw_m,0
TP-CSR-001,CG-CSR-001,cp_iclass,none,0
TP-CSR-001,CG-CSR-001,cp_op,csrrc,0
TP-CSR-001,CG-CSR-001,cp_op,csrrci,0
TP-CSR-001,CG-CSR-001,cp_op,csrrs,0
TP-CSR-001,CG-CSR-001,cp_op,csrrsi,0
TP-CSR-001,CG-CSR-001,cp_op,csrrw,0
TP-CSR-001,CG-CSR-001,cp_op,csrrwi,0
TP-CSR-001,CG-CSR-001,cp_priv,m,0
TP-CSR-001,CG-CSR-001,cp_rd,nonx0,0
TP-CSR-001,CG-CSR-001,cr_iclass_priv,none_m,0
TP-CSR-001,CG-CSR-001,cr_rd_x0_write,csrrw_rdnz_rw_m,0
TP-CSR-001,CG-CSR-003,cp_csr,mscratch,0
TP-CSR-001,CG-CSR-003,cp_csr,mtval,0
TP-CSR-001,CG-CSR-003,cp_op,csrrc,0
TP-CSR-001,CG-CSR-003,cp_op,csrrci,0
TP-CSR-001,CG-CSR-003,cp_op,csrrs,0
TP-CSR-001,CG-CSR-003,cp_op,csrrsi,0
TP-CSR-001,CG-CSR-003,cp_op,csrrw,0
TP-CSR-001,CG-CSR-003,cp_op,csrrwi,0
TP-CSR-001,CG-CSR-003,cr_csr_op,mscratch_csrrc,0
TP-CSR-001,CG-CSR-003,cr_csr_op,mscratch_csrrci,0
TP-CSR-001,CG-CSR-003,cr_csr_op,mscratch_csrrs,0
TP-CSR-001,CG-CSR-003,cr_csr_op,mscratch_csrrsi,0
TP-CSR-001,CG-CSR-003,cr_csr_op,mscratch_csrrw,0
TP-CSR-001,CG-CSR-003,cr_csr_op,mscratch_csrrwi,0
TP-CSR-001,CG-CSR-003,cr_csr_op,mtval_csrrc,0
TP-CSR-001,CG-CSR-003,cr_csr_op,mtval_csrrs,0
TP-CSR-001,CG-CSR-003,cr_csr_op,mtval_csrrw,0
TP-CSR-002,CG-CSR-001,cp_aclass,rw_m,0
TP-CSR-002,CG-CSR-001,cp_op,csrrc,0
TP-CSR-002,CG-CSR-001,cp_op,csrrci,0
TP-CSR-002,CG-CSR-001,cp_op,csrrs,0
TP-CSR-002,CG-CSR-001,cp_op,csrrsi,0
TP-CSR-002,CG-CSR-001,cp_rd,x0,0
TP-CSR-002,CG-CSR-001,cp_rs1,zero,0
TP-CSR-002,CG-CSR-001,cr_rd_x0_write,csrrc_rdx0_rw_m,0
TP-CSR-002,CG-CSR-001,cr_rd_x0_write,csrrci_rdx0_rw_m,0
TP-CSR-002,CG-CSR-001,cr_rd_x0_write,csrrs_rdx0_rw_m,0
TP-CSR-002,CG-CSR-001,cr_rd_x0_write,csrrsi_rdx0_rw_m,0
TP-CSR-002,CG-CSR-010,cp_op,csrrc,0
TP-CSR-002,CG-CSR-010,cp_op,csrrci,0
TP-CSR-002,CG-CSR-010,cp_op,csrrs,0
TP-CSR-002,CG-CSR-010,cp_op,csrrsi,0
TP-CSR-002,CG-CSR-010,cp_pulse,none,0
TP-CSR-002,CG-CSR-010,cp_rs1,zero,0
TP-CSR-002,CG-CSR-010,cr_op_form_pulse,csrrc_x0_none,0
TP-CSR-002,CG-CSR-010,cr_op_form_pulse,csrrci_0_none,0
TP-CSR-002,CG-CSR-010,cr_op_form_pulse,csrrs_x0_none,0
TP-CSR-002,CG-CSR-010,cr_op_form_pulse,csrrsi_0_none,0
TP-CSR-003,CG-CSR-001,cp_aclass,rw_m,0
TP-CSR-003,CG-CSR-001,cp_op,csrrw,0
TP-CSR-003,CG-CSR-001,cp_op,csrrwi,0
TP-CSR-003,CG-CSR-001,cp_rd,x0,0
TP-CSR-003,CG-CSR-001,cr_rd_x0_write,csrrw_rdx0_rw_m,0
TP-CSR-003,CG-CSR-001,cr_rd_x0_write,csrrwi_rdx0_rw_m,0
TP-CSR-003,CG-CSR-002,cp_csr,mie,0
TP-CSR-003,CG-CSR-002,cp_wpat,all0,0
TP-CSR-003,CG-CSR-002,cr_csr_wpat,mie_all0,0
TP-CSR-003,CG-CSR-003,cp_csr,mscratch,0
TP-CSR-003,CG-CSR-003,cp_csr,mtval,0
TP-CSR-003,CG-CSR-003,cp_wpat,all0,0
TP-CSR-003,CG-CSR-003,cr_csr_wpat,mscratch_all0,0
TP-CSR-003,CG-CSR-003,cr_csr_wpat,mtval_all0,0
TP-CSR-003,CG-CSR-012,cp_fam,other_flush,0
TP-CSR-003,CG-CSR-012,cp_op,csrrw,0
TP-CSR-003,CG-CSR-012,cp_op,csrrwi,0
TP-CSR-003,CG-CSR-012,cr_fam_op,other_csrrw,0
TP-CSR-003,CG-CSR-012,cr_fam_op,other_csrrwi,0
TP-CSR-004,CG-CSR-001,cp_aclass,pmp,0
TP-CSR-004,CG-CSR-001,cp_aclass,rw_m,0
TP-CSR-004,CG-CSR-001,cp_aclass,wi_m,0
TP-CSR-004,CG-CSR-001,cp_op,csrrw,0
TP-CSR-004,CG-CSR-001,cp_op,csrrwi,0
TP-CSR-004,CG-CSR-001,cp_priv,m,0
TP-CSR-004,CG-CSR-001,cp_rd,x0,0
TP-CSR-004,CG-CSR-001,cp_trap,ok,0
TP-CSR-004,CG-CSR-001,cr_priv_aclass_trap,m_pmp_ok,0
TP-CSR-004,CG-CSR-001,cr_priv_aclass_trap,m_rw_m_ok,0
TP-CSR-004,CG-CSR-001,cr_priv_aclass_trap,m_wi_m_ok,0
TP-CSR-004,CG-CSR-001,cr_rd_x0_write,csrrw_rdx0_rw_m,0
TP-CSR-004,CG-CSR-001,cr_rd_x0_write,csrrw_rdx0_wi_m,0
TP-CSR-004,CG-CSR-001,cr_rd_x0_write,csrrwi_rdx0_rw_m,0
TP-CSR-004,CG-CSR-002,cp_rd,x0,0
TP-CSR-005,CG-CSR-001,cp_op,f3_100,0
TP-CSR-005,CG-CSR-001,cp_trap,trap,0
TP-CSR-005,CG-CSR-001,cr_f3_100,f3_100_trap,0
TP-CSR-006,CG-CSR-012,cp_enable,enables_pending,0
TP-CSR-006,CG-CSR-012,cp_fam,other_flush,0
TP-CSR-006,CG-CSR-012,cp_gap,g2_3,0
TP-CSR-006,CG-CSR-012,cp_next,alu,0
TP-CSR-006,CG-CSR-012,cp_next,branch_jump,0
TP-CSR-006,CG-CSR-012,cp_next,csr_rd_other,0
TP-CSR-006,CG-CSR-012,cp_next,ecall_ebreak,0
TP-CSR-006,CG-CSR-012,cp_next,irq_taken,0
TP-CSR-006,CG-CSR-012,cp_next,load_store,0
TP-CSR-006,CG-CSR-012,cp_next,wfi,0
TP-CSR-006,CG-CSR-012,cr_enable_next,enables_irq_taken,0
TP-CSR-006,CG-CSR-012,cr_fam_gap,other_g2_3,0
TP-CSR-006,CG-CSR-012,cr_fam_next,other_alu,0
TP-CSR-006,CG-CSR-012,cr_fam_next,other_branch_jump,0
TP-CSR-006,CG-CSR-012,cr_fam_next,other_csr_rd_other,0
TP-CSR-006,CG-CSR-012,cr_fam_next,other_ecall,0
TP-CSR-006,CG-CSR-012,cr_fam_next,other_irq_taken,0
TP-CSR-006,CG-CSR-012,cr_fam_next,other_load_store,0
TP-CSR-006,CG-CSR-012,cr_fam_next,other_wfi,0
TP-CSR-007,CG-CSR-012,cp_fam,mepc,0
TP-CSR-007,CG-CSR-012,cp_fam,mscratch,0
TP-CSR-007,CG-CSR-012,cp_gap,g1,0
TP-CSR-007,CG-CSR-012,cp_next,csr_rd_same,0
TP-CSR-007,CG-CSR-012,cp_next,load_store,0
TP-CSR-007,CG-CSR-012,cp_next,mret,0
TP-CSR-007,CG-CSR-012,cp_op,csrrw,0
TP-CSR-007,CG-CSR-012,cr_fam_gap,mepc_g1,0
TP-CSR-007,CG-CSR-012,cr_fam_gap,mscratch_g1,0
TP-CSR-007,CG-CSR-012,cr_fam_next,mepc_csr_rd_same,0
TP-CSR-007,CG-CSR-012,cr_fam_next,mepc_mret,0
TP-CSR-007,CG-CSR-012,cr_fam_next,mscratch_csr_rd_same,0
TP-CSR-007,CG-CSR-012,cr_fam_next,mscratch_load_store,0
TP-CSR-007,CG-CSR-012,cr_fam_op,mepc_csrrw,0
TP-CSR-007,CG-CSR-012,cr_fam_op,mscratch_csrrw,0
TP-CSR-008,CG-CSR-015,cp_cause,wb_lsu_err,0
TP-CSR-008,CG-CSR-015,cp_cause,wb_lsu_pmp,0
TP-CSR-008,CG-CSR-015,cp_fam,flush_csr,0
TP-CSR-008,CG-CSR-015,cp_fam,mscratch_mepc,0
TP-CSR-008,CG-CSR-015,cp_op,csrrc,0
TP-CSR-008,CG-CSR-015,cp_op,csrrs,0
TP-CSR-008,CG-CSR-015,cp_op,csrrsi,0
TP-CSR-008,CG-CSR-015,cp_op,csrrw,0
TP-CSR-008,CG-CSR-015,cp_op,csrrwi,0
TP-CSR-008,CG-CSR-015,cp_reexec,no,0
TP-CSR-008,CG-CSR-015,cp_reexec,yes,0
TP-CSR-008,CG-CSR-015,cr_cause_fam,lsu_err_flush,0
TP-CSR-008,CG-CSR-015,cr_cause_fam,lsu_err_mscratch,0
TP-CSR-008,CG-CSR-015,cr_cause_fam,lsu_pmp_flush,0
TP-CSR-008,CG-CSR-015,cr_cause_op,lsu_err_csrrc,0
TP-CSR-008,CG-CSR-015,cr_cause_op,lsu_err_csrrs,0
TP-CSR-008,CG-CSR-015,cr_cause_op,lsu_err_csrrw,0
TP-CSR-008,CG-CSR-015,cr_cause_op,lsu_err_csrrwi,0
TP-CSR-008,CG-CSR-015,cr_cause_reexec,lsu_err_no,0
TP-CSR-008,CG-CSR-015,cr_cause_reexec,lsu_err_yes,0
TP-CSR-008,CG-CSR-015,cr_cause_reexec,lsu_pmp_yes,0
TP-CSR-009,CG-CSR-001,cp_aclass,hole_lo,0
TP-CSR-009,CG-CSR-001,cp_aclass,hole_m,0
TP-CSR-009,CG-CSR-001,cp_aclass,hole_ro,0
TP-CSR-009,CG-CSR-001,cp_iclass,unimpl,0
TP-CSR-009,CG-CSR-001,cp_priv,m,0
TP-CSR-009,CG-CSR-001,cp_priv,u,0
TP-CSR-009,CG-CSR-001,cp_trap,trap,0
TP-CSR-009,CG-CSR-001,cr_iclass_priv,unimpl_m,0
TP-CSR-009,CG-CSR-001,cr_iclass_priv,unimpl_u,0
TP-CSR-009,CG-CSR-001,cr_priv_aclass_trap,m_hole_lo_trap,0
TP-CSR-009,CG-CSR-001,cr_priv_aclass_trap,m_hole_m_trap,0
TP-CSR-009,CG-CSR-001,cr_priv_aclass_trap,m_hole_ro_trap,0
TP-CSR-009,CG-CSR-014,cp_class,lo,0
TP-CSR-009,CG-CSR-014,cp_class,mhole,0
TP-CSR-009,CG-CSR-014,cp_class,mid_unpriv,0
TP-CSR-009,CG-CSR-014,cp_form,rd,0
TP-CSR-009,CG-CSR-014,cp_form,wr,0
TP-CSR-009,CG-CSR-014,cp_priv,m,0
TP-CSR-009,CG-CSR-014,cp_priv,u,0
TP-CSR-009,CG-CSR-014,cr_class_priv_form,lo_m_rd,0
TP-CSR-009,CG-CSR-014,cr_class_priv_form,lo_u_rd,0
TP-CSR-009,CG-CSR-014,cr_class_priv_form,mhole_m_rd,0
TP-CSR-009,CG-CSR-014,cr_class_priv_form,mhole_m_wr,0
TP-CSR-009,CG-CSR-014,cr_class_priv_form,mid_u_rd,0
TP-CSR-009,CG-CSR-014,cr_class_priv_form,mid_u_wr,0
TP-CSR-010,CG-CSR-014,cp_class,dbg_hole,0
TP-CSR-010,CG-CSR-014,cp_class,lo,0
TP-CSR-010,CG-CSR-014,cp_class,mid_unpriv,0
TP-CSR-010,CG-CSR-014,cp_class,ro_hole,0
TP-CSR-010,CG-CSR-014,cp_class,s_h_hole,0
TP-CSR-010,CG-CSR-014,cp_form,rd,0
TP-CSR-010,CG-CSR-014,cp_form,wr,0
TP-CSR-010,CG-CSR-014,cp_priv,m,0
TP-CSR-010,CG-CSR-014,cp_range,r000_0ff,0
TP-CSR-010,CG-CSR-014,cp_range,r100_1ff,0
TP-CSR-010,CG-CSR-014,cp_range,r200_2ff,0
TP-CSR-010,CG-CSR-014,cp_range,r302_303,0
TP-CSR-010,CG-CSR-014,cp_range,r307_309,0
TP-CSR-010,CG-CSR-014,cp_range,r30b_30f,0
TP-CSR-010,CG-CSR-014,cp_range,r311_319,0
TP-CSR-010,CG-CSR-014,cp_range,r31b_31f,0
TP-CSR-010,CG-CSR-014,cp_range,r321_322,0
TP-CSR-010,CG-CSR-014,cp_range,r345_39f,0
TP-CSR-010,CG-CSR-014,cp_range,r3a4_3af,0
TP-CSR-010,CG-CSR-014,cp_range,r3c0_5a7,0
TP-CSR-010,CG-CSR-014,cp_range,r5a9_746,0
TP-CSR-010,CG-CSR-014,cp_range,r748_756,0
TP-CSR-010,CG-CSR-014,cp_range,r758_79f,0
TP-CSR-010,CG-CSR-014,cp_range,r7a4_7a7,0
TP-CSR-010,CG-CSR-014,cp_range,r7a9,0
TP-CSR-010,CG-CSR-014,cp_range,r7ab_7af,0
TP-CSR-010,CG-CSR-014,cp_range,r7b4_7bf,0
TP-CSR-010,CG-CSR-014,cp_range,r7c2_7ff,0
TP-CSR-010,CG-CSR-014,cp_range,r800_aff,0
TP-CSR-010,CG-CSR-014,cp_range,rb01,0
TP-CSR-010,CG-CSR-014,cp_range,rb81,0
TP-CSR-010,CG-CSR-014,cp_range,rbc0,0
TP-CSR-010,CG-CSR-014,cp_range,rbc3,0
TP-CSR-010,CG-CSR-014,cp_range,rbc5_bff,0
TP-CSR-010,CG-CSR-014,cp_range,rc01,0
TP-CSR-010,CG-CSR-014,cp_range,rc20_c7f,0
TP-CSR-010,CG-CSR-014,cp_range,rc81,0
TP-CSR-010,CG-CSR-014,cp_range,rca0_f10,0
TP-CSR-010,CG-CSR-014,cp_range,rf16_fff,0
TP-CSR-010,CG-CSR-014,cr_class_priv_form,dbg_m_rd,0
TP-CSR-010,CG-CSR-014,cr_class_priv_form,dbg_m_wr,0
TP-CSR-010,CG-CSR-014,cr_class_priv_form,lo_m_wr,0
TP-CSR-010,CG-CSR-014,cr_class_priv_form,mid_m_rd,0
TP-CSR-010,CG-CSR-014,cr_class_priv_form,mid_m_wr,0
TP-CSR-010,CG-CSR-014,cr_class_priv_form,ro_m_rd,0
TP-CSR-010,CG-CSR-014,cr_class_priv_form,ro_m_wr,0
TP-CSR-010,CG-CSR-014,cr_class_priv_form,sh_m_rd,0
TP-CSR-010,CG-CSR-014,cr_class_priv_form,sh_m_wr,0
TP-CSR-011,CG-CSR-001,cp_aclass,alias_impl,0
TP-CSR-011,CG-CSR-001,cp_aclass,info_ro,0
TP-CSR-011,CG-CSR-001,cp_iclass,wro,0
TP-CSR-011,CG-CSR-001,cp_op,csrrc,0
TP-CSR-011,CG-CSR-001,cp_op,csrrci,0
TP-CSR-011,CG-CSR-001,cp_op,csrrs,0
TP-CSR-011,CG-CSR-001,cp_op,csrrsi,0
TP-CSR-011,CG-CSR-001,cp_op,csrrw,0
TP-CSR-011,CG-CSR-001,cp_priv,m,0
TP-CSR-011,CG-CSR-001,cp_rs1,nonzero,0
TP-CSR-011,CG-CSR-001,cp_trap,trap,0
TP-CSR-011,CG-CSR-001,cr_iclass_priv,wro_m,0
TP-CSR-011,CG-CSR-001,cr_rs1zero_ro,csrrc_nz_alias_trap,0
TP-CSR-011,CG-CSR-001,cr_rs1zero_ro,csrrc_nz_info_trap,0
TP-CSR-011,CG-CSR-001,cr_rs1zero_ro,csrrci_nz_info_trap,0
TP-CSR-011,CG-CSR-001,cr_rs1zero_ro,csrrs_nz_alias_trap,0
TP-CSR-011,CG-CSR-001,cr_rs1zero_ro,csrrs_nz_info_trap,0
TP-CSR-011,CG-CSR-001,cr_rs1zero_ro,csrrsi_nz_info_trap,0
TP-CSR-011,CG-CSR-001,cr_rs1zero_ro,csrrw_nz_alias_trap,0
TP-CSR-011,CG-CSR-001,cr_rs1zero_ro,csrrw_nz_info_trap,0
TP-CSR-011,CG-CSR-005,cp_form,wr,0
TP-CSR-011,CG-CSR-005,cp_priv,m,0
TP-CSR-011,CG-CSR-005,cp_trap,trap,0
TP-CSR-011,CG-CSR-005,cr_wr_alias,wr_m_trap,0
TP-CSR-011,CG-CSR-006,cp_csr,marchid,0
TP-CSR-011,CG-CSR-006,cp_csr,mconfigptr,0
TP-CSR-011,CG-CSR-006,cp_csr,mhartid,0
TP-CSR-011,CG-CSR-006,cp_csr,mimpid,0
TP-CSR-011,CG-CSR-006,cp_csr,mvendorid,0
TP-CSR-011,CG-CSR-006,cp_form,wr,0
TP-CSR-011,CG-CSR-006,cp_trap,trap,0
TP-CSR-011,CG-CSR-006,cr_csr_form_trap,marchid_wr_trap,0
TP-CSR-011,CG-CSR-006,cr_csr_form_trap,mconfigptr_wr_trap,0
TP-CSR-011,CG-CSR-006,cr_csr_form_trap,mhartid_wr_trap,0
TP-CSR-011,CG-CSR-006,cr_csr_form_trap,mimpid_wr_trap,0
TP-CSR-011,CG-CSR-006,cr_csr_form_trap,mvendorid_wr_trap,0
TP-CSR-012,CG-CSR-001,cp_aclass,alias_impl,0
TP-CSR-012,CG-CSR-001,cp_aclass,alias_unimpl,0
TP-CSR-012,CG-CSR-001,cp_aclass,info_ro,0
TP-CSR-012,CG-CSR-001,cp_op,csrrc,0
TP-CSR-012,CG-CSR-001,cp_op,csrrci,0
TP-CSR-012,CG-CSR-001,cp_op,csrrs,0
TP-CSR-012,CG-CSR-001,cp_op,csrrsi,0
TP-CSR-012,CG-CSR-001,cp_priv,m,0
TP-CSR-012,CG-CSR-001,cp_rs1,zero,0
TP-CSR-012,CG-CSR-001,cp_trap,ok,0
TP-CSR-012,CG-CSR-001,cr_priv_aclass_trap,m_alias_impl_ok,0
TP-CSR-012,CG-CSR-001,cr_priv_aclass_trap,m_alias_unimpl_ok,0
TP-CSR-012,CG-CSR-001,cr_priv_aclass_trap,m_info_ro_ok,0
TP-CSR-012,CG-CSR-001,cr_rs1zero_ro,csrrc_x0_alias_ok,0
TP-CSR-012,CG-CSR-001,cr_rs1zero_ro,csrrc_x0_info_ok,0
TP-CSR-012,CG-CSR-001,cr_rs1zero_ro,csrrci_0_alias_ok,0
TP-CSR-012,CG-CSR-001,cr_rs1zero_ro,csrrci_0_info_ok,0
TP-CSR-012,CG-CSR-001,cr_rs1zero_ro,csrrs_x0_alias_ok,0
TP-CSR-012,CG-CSR-001,cr_rs1zero_ro,csrrs_x0_info_ok,0
TP-CSR-012,CG-CSR-001,cr_rs1zero_ro,csrrsi_0_alias_ok,0
TP-CSR-012,CG-CSR-001,cr_rs1zero_ro,csrrsi_0_info_ok,0
TP-CSR-013,CG-CSR-001,cp_aclass,alias_impl,0
TP-CSR-013,CG-CSR-001,cp_aclass,info_ro,0
TP-CSR-013,CG-CSR-001,cp_op,csrrw,0
TP-CSR-013,CG-CSR-001,cp_op,csrrwi,0
TP-CSR-013,CG-CSR-001,cp_rd,x0,0
TP-CSR-013,CG-CSR-001,cp_rs1,zero,0
TP-CSR-013,CG-CSR-001,cp_trap,trap,0
TP-CSR-013,CG-CSR-001,cr_rd_x0_write,csrrw_rdx0_info_ro,0
TP-CSR-013,CG-CSR-001,cr_rs1zero_ro,csrrw_x0_alias_trap,0
TP-CSR-013,CG-CSR-001,cr_rs1zero_ro,csrrw_x0_info_trap,0
TP-CSR-013,CG-CSR-001,cr_rs1zero_ro,csrrwi_0_alias_trap,0
TP-CSR-013,CG-CSR-001,cr_rs1zero_ro,csrrwi_0_info_trap,0
TP-CSR-013,CG-CSR-006,cp_csr,marchid,0
TP-CSR-013,CG-CSR-006,cp_csr,mhartid,0
TP-CSR-013,CG-CSR-006,cp_form,wr,0
TP-CSR-013,CG-CSR-006,cp_trap,trap,0
TP-CSR-013,CG-CSR-006,cr_csr_form_trap,marchid_wr_trap,0
TP-CSR-013,CG-CSR-006,cr_csr_form_trap,mhartid_wr_trap,0
TP-CSR-014,CG-CSR-001,cp_aclass,cheriot,0
TP-CSR-014,CG-CSR-001,cp_aclass,dbg_only,0
TP-CSR-014,CG-CSR-001,cp_aclass,hole_lo,0
TP-CSR-014,CG-CSR-001,cp_aclass,hole_m,0
TP-CSR-014,CG-CSR-001,cp_aclass,hole_ro,0
TP-CSR-014,CG-CSR-001,cp_aclass,info_ro,0
TP-CSR-014,CG-CSR-001,cp_aclass,pmp,0
TP-CSR-014,CG-CSR-001,cp_aclass,rw_m,0
TP-CSR-014,CG-CSR-001,cp_aclass,s_lvl,0
TP-CSR-014,CG-CSR-001,cp_aclass,trig,0
TP-CSR-014,CG-CSR-001,cp_aclass,wi_m,0
TP-CSR-014,CG-CSR-001,cp_iclass,multi,0
TP-CSR-014,CG-CSR-001,cp_iclass,priv,0
TP-CSR-014,CG-CSR-001,cp_iclass,wro,0
TP-CSR-014,CG-CSR-001,cp_priv,u,0
TP-CSR-014,CG-CSR-001,cp_trap,trap,0
TP-CSR-014,CG-CSR-001,cr_iclass_priv,multi_u,0
TP-CSR-014,CG-CSR-001,cr_iclass_priv,priv_u,0
TP-CSR-014,CG-CSR-001,cr_iclass_priv,wro_u,0
TP-CSR-014,CG-CSR-001,cr_priv_aclass_trap,u_cheriot_trap,0
TP-CSR-014,CG-CSR-001,cr_priv_aclass_trap,u_dbg_only_trap,0
TP-CSR-014,CG-CSR-001,cr_priv_aclass_trap,u_hole_lo_trap,0
TP-CSR-014,CG-CSR-001,cr_priv_aclass_trap,u_hole_m_trap,0
TP-CSR-014,CG-CSR-001,cr_priv_aclass_trap,u_hole_ro_trap,0
TP-CSR-014,CG-CSR-001,cr_priv_aclass_trap,u_info_ro_trap,0
TP-CSR-014,CG-CSR-001,cr_priv_aclass_trap,u_pmp_trap,0
TP-CSR-014,CG-CSR-001,cr_priv_aclass_trap,u_rw_m_trap,0
TP-CSR-014,CG-CSR-001,cr_priv_aclass_trap,u_s_lvl_trap,0
TP-CSR-014,CG-CSR-001,cr_priv_aclass_trap,u_trig_trap,0
TP-CSR-014,CG-CSR-001,cr_priv_aclass_trap,u_wi_m_trap,0
TP-CSR-014,CG-CSR-014,cp_class,cheriot,0
TP-CSR-014,CG-CSR-014,cp_class,dbg_hole,0
TP-CSR-014,CG-CSR-014,cp_class,lo,0
TP-CSR-014,CG-CSR-014,cp_class,mhole,0
TP-CSR-014,CG-CSR-014,cp_class,ro_hole,0
TP-CSR-014,CG-CSR-014,cp_class,s_h_hole,0
TP-CSR-014,CG-CSR-014,cp_form,rd,0
TP-CSR-014,CG-CSR-014,cp_form,wr,0
TP-CSR-014,CG-CSR-014,cp_priv,u,0
TP-CSR-014,CG-CSR-014,cr_class_priv_form,cher_u_rd,0
TP-CSR-014,CG-CSR-014,cr_class_priv_form,cher_u_wr,0
TP-CSR-014,CG-CSR-014,cr_class_priv_form,dbg_u_rd,0
TP-CSR-014,CG-CSR-014,cr_class_priv_form,dbg_u_wr,0
TP-CSR-014,CG-CSR-014,cr_class_priv_form,lo_u_wr,0
TP-CSR-014,CG-CSR-014,cr_class_priv_form,mhole_u_rd,0
TP-CSR-014,CG-CSR-014,cr_class_priv_form,mhole_u_wr,0
TP-CSR-014,CG-CSR-014,cr_class_priv_form,ro_u_rd,0
TP-CSR-014,CG-CSR-014,cr_class_priv_form,ro_u_wr,0
TP-CSR-014,CG-CSR-014,cr_class_priv_form,sh_u_rd,0
TP-CSR-014,CG-CSR-014,cr_class_priv_form,sh_u_wr,0
TP-CSR-014,CG-PRV-001,cp_seq3,m_u_m,0
TP-CSR-014,CG-PRV-001,cp_u_exit,illegal_csr,0
TP-CSR-014,CG-PRV-001,cr_u_exit_seq,illegal_csr_m_u_m,0
TP-CSR-015,CG-CSR-001,cp_aclass,alias_impl,0
TP-CSR-015,CG-CSR-001,cp_aclass,info_ro,0
TP-CSR-015,CG-CSR-001,cp_aclass,rw_m,0
TP-CSR-015,CG-CSR-001,cp_priv,u,0
TP-CSR-015,CG-CSR-001,cp_trap,ok,0
TP-CSR-015,CG-CSR-001,cp_trap,trap,0
TP-CSR-015,CG-CSR-001,cr_priv_aclass_trap,u_alias_impl_ok,0
TP-CSR-015,CG-CSR-001,cr_priv_aclass_trap,u_alias_impl_trap,0
TP-CSR-015,CG-CSR-001,cr_priv_aclass_trap,u_info_ro_trap,0
TP-CSR-015,CG-CSR-001,cr_priv_aclass_trap,u_rw_m_trap,0
TP-CSR-015,CG-CSR-005,cp_alias,cycle,0
TP-CSR-015,CG-CSR-005,cp_alias,instret,0
TP-CSR-015,CG-CSR-005,cp_mcen_bit,clr,0
TP-CSR-015,CG-CSR-005,cp_mcen_bit,set,0
TP-CSR-015,CG-CSR-005,cp_priv,u,0
TP-CSR-015,CG-CSR-005,cp_trap,ok,0
TP-CSR-015,CG-CSR-005,cp_trap,trap,0
TP-CSR-015,CG-CSR-005,cr_alias_u_ok,cycle,0
TP-CSR-015,CG-CSR-005,cr_alias_u_ok,instret,0
TP-CSR-015,CG-CSR-005,cr_alias_u_trap,instret,0
TP-CSR-015,CG-CSR-005,cr_priv_bit_trap,u_clr_trap,0
TP-CSR-015,CG-CSR-005,cr_priv_bit_trap,u_set_ok,0
TP-CSR-016,CG-CSR-001,cp_iclass,multi,0
TP-CSR-016,CG-CSR-001,cp_priv,m,0
TP-CSR-016,CG-CSR-001,cp_priv,u,0
TP-CSR-016,CG-CSR-001,cr_iclass_priv,multi_m,0
TP-CSR-016,CG-CSR-001,cr_iclass_priv,multi_u,0
TP-CSR-016,CG-CSR-014,cp_class,dbg_hole,0
TP-CSR-016,CG-CSR-014,cp_class,ro_hole,0
TP-CSR-016,CG-CSR-014,cp_form,wr,0
TP-CSR-016,CG-CSR-014,cp_priv,m,0
TP-CSR-016,CG-CSR-014,cp_priv,u,0
TP-CSR-016,CG-CSR-014,cp_range,rc01,0
TP-CSR-016,CG-CSR-014,cr_class_priv_form,dbg_u_wr,0
TP-CSR-016,CG-CSR-014,cr_class_priv_form,ro_m_wr,0
TP-CSR-016,CG-CSR-014,cr_class_priv_form,ro_u_wr,0
TP-CSR-016,CG-CSR-014,cr_time,time_u,0
TP-CSR-017,CG-CSR-001,cp_aclass,dbg_only,0
TP-CSR-017,CG-CSR-001,cp_dbg,dbg,0
TP-CSR-017,CG-CSR-001,cp_dbg,nondbg,0
TP-CSR-017,CG-CSR-001,cp_iclass,dbg,0
TP-CSR-017,CG-CSR-001,cp_priv,m,0
TP-CSR-017,CG-CSR-001,cp_trap,ok,0
TP-CSR-017,CG-CSR-001,cp_trap,trap,0
TP-CSR-017,CG-CSR-001,cr_dbg_access,dbg_dbgonly_ok,0
TP-CSR-017,CG-CSR-001,cr_dbg_access,nondbg_dbgonly_trap,0
TP-CSR-017,CG-CSR-001,cr_iclass_priv,dbg_m,0
TP-CSR-017,CG-CSR-001,cr_priv_aclass_trap,m_dbg_only_trap,0
TP-CSR-017,CG-CSR-007,cp_csr,dcsr,0
TP-CSR-017,CG-CSR-007,cp_csr,dpc,0
TP-CSR-017,CG-CSR-007,cp_csr,dscratch0,0
TP-CSR-017,CG-CSR-007,cp_csr,dscratch1,0
TP-CSR-017,CG-CSR-007,cp_dbg,dbg,0
TP-CSR-017,CG-CSR-007,cp_dbg,nondbg,0
TP-CSR-017,CG-CSR-007,cp_form,rd_only,0
TP-CSR-017,CG-CSR-007,cp_form,wr,0
TP-CSR-017,CG-CSR-007,cp_trap,ok,0
TP-CSR-017,CG-CSR-007,cp_trap,trap,0
TP-CSR-017,CG-CSR-007,cr_csr_dbg_trap,dcsr_dbg_ok,0
TP-CSR-017,CG-CSR-007,cr_csr_dbg_trap,dcsr_nondbg_trap,0
TP-CSR-017,CG-CSR-007,cr_csr_dbg_trap,dpc_dbg_ok,0
TP-CSR-017,CG-CSR-007,cr_csr_dbg_trap,dpc_nondbg_trap,0
TP-CSR-017,CG-CSR-007,cr_csr_dbg_trap,dscratch0_dbg_ok,0
TP-CSR-017,CG-CSR-007,cr_csr_dbg_trap,dscratch0_nondbg_trap,0
TP-CSR-017,CG-CSR-007,cr_csr_dbg_trap,dscratch1_dbg_ok,0
TP-CSR-017,CG-CSR-007,cr_csr_dbg_trap,dscratch1_nondbg_trap,0
TP-CSR-017,CG-CSR-007,cr_csr_form_nondbg,dcsr_rd,0
TP-CSR-017,CG-CSR-007,cr_csr_form_nondbg,dcsr_wr,0
TP-CSR-017,CG-CSR-007,cr_csr_form_nondbg,dpc_rd,0
TP-CSR-017,CG-CSR-007,cr_csr_form_nondbg,dpc_wr,0
TP-CSR-017,CG-CSR-007,cr_csr_form_nondbg,dscratch0_rd,0
TP-CSR-017,CG-CSR-007,cr_csr_form_nondbg,dscratch0_wr,0
TP-CSR-017,CG-CSR-007,cr_csr_form_nondbg,dscratch1_rd,0
TP-CSR-017,CG-CSR-007,cr_csr_form_nondbg,dscratch1_wr,0
TP-CSR-018,CG-CSR-001,cp_aclass,hole_m,0
TP-CSR-018,CG-CSR-001,cp_dbg,dbg,0
TP-CSR-018,CG-CSR-001,cp_trap,trap,0
TP-CSR-018,CG-CSR-001,cr_dbg_access,dbg_hole_m_trap,0
TP-CSR-018,CG-CSR-007,cp_csr,hole,0
TP-CSR-018,CG-CSR-007,cp_dbg,dbg,0
TP-CSR-018,CG-CSR-007,cp_dbg,nondbg,0
TP-CSR-018,CG-CSR-007,cp_trap,trap,0
TP-CSR-018,CG-CSR-007,cr_csr_dbg_trap,hole_dbg_trap,0
TP-CSR-018,CG-CSR-007,cr_csr_dbg_trap,hole_nondbg_trap,0
TP-CSR-018,CG-CSR-014,cp_dbg,dbg,0
TP-CSR-018,CG-CSR-014,cp_dbg,nondbg,0
TP-CSR-018,CG-CSR-014,cp_range,r7b4_7bf,0
TP-CSR-018,CG-CSR-014,cp_trap,trap,0
TP-CSR-018,CG-CSR-014,cr_dbg_hole,dbghole_dbg_trap,0
TP-CSR-018,CG-CSR-014,cr_dbg_hole,dbghole_nondbg_trap,0
TP-CSR-019,CG-CSR-006,cp_csr,marchid,0
TP-CSR-019,CG-CSR-006,cp_csr,mconfigptr,0
TP-CSR-019,CG-CSR-006,cp_csr,mimpid,0
TP-CSR-019,CG-CSR-006,cp_csr,mvendorid,0
TP-CSR-019,CG-CSR-006,cp_form,rd_only,0
TP-CSR-019,CG-CSR-006,cp_priv,m,0
TP-CSR-019,CG-CSR-006,cp_trap,ok,0
TP-CSR-019,CG-CSR-006,cr_csr_form_trap,marchid_rd_ok,0
TP-CSR-019,CG-CSR-006,cr_csr_form_trap,mconfigptr_rd_ok,0
TP-CSR-019,CG-CSR-006,cr_csr_form_trap,mimpid_rd_ok,0
TP-CSR-019,CG-CSR-006,cr_csr_form_trap,mvendorid_rd_ok,0
TP-CSR-019,CG-CSR-016,cp_csr,marchid,0
TP-CSR-019,CG-CSR-016,cp_csr,mconfigptr,0
TP-CSR-019,CG-CSR-016,cp_csr,mimpid,0
TP-CSR-019,CG-CSR-016,cp_csr,mvendorid,0
TP-CSR-020,CG-CSR-006,cp_csr,mhartid,0
TP-CSR-020,CG-CSR-006,cp_form,rd_only,0
TP-CSR-020,CG-CSR-006,cp_hartid_val,all1,0
TP-CSR-020,CG-CSR-006,cp_hartid_val,rand,0
TP-CSR-020,CG-CSR-006,cp_hartid_val,walking1,0
TP-CSR-020,CG-CSR-006,cp_hartid_val,zero,0
TP-CSR-020,CG-CSR-006,cp_trap,ok,0
TP-CSR-020,CG-CSR-006,cr_csr_form_trap,mhartid_rd_ok,0
TP-CSR-020,CG-CSR-006,cr_hartid_val_rd,all1,0
TP-CSR-020,CG-CSR-006,cr_hartid_val_rd,rand,0
TP-CSR-020,CG-CSR-006,cr_hartid_val_rd,walking1,0
TP-CSR-020,CG-CSR-006,cr_hartid_val_rd,zero,0
TP-CSR-020,CG-CSR-016,cp_csr,mhartid,0
TP-CSR-020,CG-CSR-016,cp_hart,all1,0
TP-CSR-020,CG-CSR-016,cp_hart,rand,0
TP-CSR-020,CG-CSR-016,cp_hart,zero,0
TP-CSR-020,CG-CSR-016,cr_first_csr,mhartid_first,0
TP-CSR-020,CG-CSR-016,cr_hart_rd,hart_all1,0
TP-CSR-020,CG-CSR-016,cr_hart_rd,hart_rand,0
TP-CSR-020,CG-CSR-016,cr_hart_rd,hart_zero,0
TP-CSR-021,CG-CSR-001,cp_aclass,wi_m,0
TP-CSR-021,CG-CSR-001,cp_priv,m,0
TP-CSR-021,CG-CSR-001,cp_trap,ok,0
TP-CSR-021,CG-CSR-001,cr_priv_aclass_trap,m_wi_m_ok,0
TP-CSR-021,CG-CSR-002,cp_csr,misa,0
TP-CSR-021,CG-CSR-002,cp_op,csrrc,0
TP-CSR-021,CG-CSR-002,cp_op,csrrci,0
TP-CSR-021,CG-CSR-002,cp_op,csrrs,0
TP-CSR-021,CG-CSR-002,cp_op,csrrsi,0
TP-CSR-021,CG-CSR-002,cp_op,csrrw,0
TP-CSR-021,CG-CSR-002,cp_op,csrrwi,0
TP-CSR-021,CG-CSR-002,cp_wpat,illegal_only,0
TP-CSR-021,CG-CSR-002,cp_wpat,legal_only,0
TP-CSR-021,CG-CSR-002,cp_wpat,msb_only,0
TP-CSR-021,CG-CSR-002,cp_wpat,rand,0
TP-CSR-021,CG-CSR-002,cr_csr_op,misa_csrrc,0
TP-CSR-021,CG-CSR-002,cr_csr_op,misa_csrrci,0
TP-CSR-021,CG-CSR-002,cr_csr_op,misa_csrrs,0
TP-CSR-021,CG-CSR-002,cr_csr_op,misa_csrrsi,0
TP-CSR-021,CG-CSR-002,cr_csr_op,misa_csrrw,0
TP-CSR-021,CG-CSR-002,cr_csr_op,misa_csrrwi,0
TP-CSR-021,CG-CSR-002,cr_csr_wpat,misa_illegal,0
TP-CSR-021,CG-CSR-002,cr_csr_wpat,misa_legal,0
TP-CSR-021,CG-CSR-002,cr_csr_wpat,misa_msb,0
TP-CSR-021,CG-CSR-002,cr_csr_wpat,misa_rand,0
TP-CSR-021,CG-CSR-016,cp_csr,misa,0
TP-CSR-022,CG-CSR-002,cp_csr,misa,0
TP-CSR-022,CG-CSR-002,cp_op,csrrc,0
TP-CSR-022,CG-CSR-002,cp_op,csrrs,0
TP-CSR-022,CG-CSR-002,cp_wpat,all0,0
TP-CSR-022,CG-CSR-002,cp_wpat,all1,0
TP-CSR-022,CG-CSR-002,cr_csr_op,misa_csrrc,0
TP-CSR-022,CG-CSR-002,cr_csr_op,misa_csrrs,0
TP-CSR-022,CG-CSR-002,cr_csr_wpat,misa_all0,0
TP-CSR-022,CG-CSR-002,cr_csr_wpat,misa_all1,0
TP-CSR-023,CG-CSR-002,cp_csr,mstatus,0
TP-CSR-023,CG-CSR-002,cp_mst_mie_w,b0,0
TP-CSR-023,CG-CSR-002,cp_mst_mpie_w,b0,0
TP-CSR-023,CG-CSR-002,cp_mst_mpie_w,b1,0
TP-CSR-023,CG-CSR-002,cp_mst_mprv_w,b1,0
TP-CSR-023,CG-CSR-002,cp_mst_tw_w,b1,0
TP-CSR-023,CG-CSR-002,cp_op,csrrc,0
TP-CSR-023,CG-CSR-002,cp_op,csrrci,0
TP-CSR-023,CG-CSR-002,cp_op,csrrs,0
TP-CSR-023,CG-CSR-002,cp_op,csrrsi,0
TP-CSR-023,CG-CSR-002,cp_op,csrrw,0
TP-CSR-023,CG-CSR-002,cp_op,csrrwi,0
TP-CSR-023,CG-CSR-002,cp_rd,nonx0,0
TP-CSR-023,CG-CSR-002,cp_wpat,all0,0
TP-CSR-023,CG-CSR-002,cp_wpat,illegal_only,0
TP-CSR-023,CG-CSR-002,cp_wpat,legal_only,0
TP-CSR-023,CG-CSR-002,cp_wpat,msb_only,0
TP-CSR-023,CG-CSR-002,cp_wpat,rand,0
TP-CSR-023,CG-CSR-002,cr_csr_op,mstatus_csrrc,0
TP-CSR-023,CG-CSR-002,cr_csr_op,mstatus_csrrci,0
TP-CSR-023,CG-CSR-002,cr_csr_op,mstatus_csrrs,0
TP-CSR-023,CG-CSR-002,cr_csr_op,mstatus_csrrsi,0
TP-CSR-023,CG-CSR-002,cr_csr_op,mstatus_csrrw,0
TP-CSR-023,CG-CSR-002,cr_csr_op,mstatus_csrrwi,0
TP-CSR-023,CG-CSR-002,cr_csr_wpat,mstatus_all0,0
TP-CSR-023,CG-CSR-002,cr_csr_wpat,mstatus_illegal,0
TP-CSR-023,CG-CSR-002,cr_csr_wpat,mstatus_legal,0
TP-CSR-023,CG-CSR-002,cr_csr_wpat,mstatus_msb,0
TP-CSR-023,CG-CSR-002,cr_csr_wpat,mstatus_rand,0
TP-CSR-023,CG-CSR-002,cr_mst_fields,all0,0
TP-CSR-023,CG-CSR-002,cr_mst_fields,mie_mpie,0
TP-CSR-023,CG-CSR-002,cr_mst_fields,mie_only,0
TP-CSR-023,CG-CSR-002,cr_mst_fields,mpie_only,0
TP-CSR-023,CG-CSR-002,cr_mst_fields,mprv_only,0
TP-CSR-023,CG-CSR-002,cr_mst_fields,mprv_tw,0
TP-CSR-023,CG-CSR-002,cr_mst_fields,tw_only,0
TP-CSR-024,CG-CSR-002,cp_mpp_w,h,0
TP-CSR-024,CG-CSR-002,cp_mpp_w,m,0
TP-CSR-024,CG-CSR-002,cp_mpp_w,s,0
TP-CSR-024,CG-CSR-002,cp_mpp_w,u,0
TP-CSR-024,CG-CSR-002,cp_op,csrrc,0
TP-CSR-024,CG-CSR-002,cp_op,csrrs,0
TP-CSR-024,CG-CSR-002,cp_op,csrrsi,0
TP-CSR-024,CG-CSR-002,cp_op,csrrw,0
TP-CSR-024,CG-CSR-002,cr_mpp_op,mpp_h_csrrsi,0
TP-CSR-024,CG-CSR-002,cr_mpp_op,mpp_h_csrrw,0
TP-CSR-024,CG-CSR-002,cr_mpp_op,mpp_m_csrrs,0
TP-CSR-024,CG-CSR-002,cr_mpp_op,mpp_m_csrrw,0
TP-CSR-024,CG-CSR-002,cr_mpp_op,mpp_s_csrrs,0
TP-CSR-024,CG-CSR-002,cr_mpp_op,mpp_s_csrrw,0
TP-CSR-024,CG-CSR-002,cr_mpp_op,mpp_u_csrrc,0
TP-CSR-024,CG-CSR-002,cr_mpp_op,mpp_u_csrrw,0
TP-CSR-024,CG-PRV-001,cp_from,m,0
TP-CSR-024,CG-PRV-001,cp_from,u,0
TP-CSR-024,CG-PRV-001,cp_to,m,0
TP-CSR-024,CG-PRV-001,cp_to,u,0
TP-CSR-024,CG-PRV-001,cp_via,ecall,0
TP-CSR-024,CG-PRV-001,cp_via,mret,0
TP-CSR-024,CG-PRV-001,cr_trans,m_m_mret,0
TP-CSR-024,CG-PRV-001,cr_trans,m_u_mret,0
TP-CSR-024,CG-PRV-001,cr_trans,u_m_ecall,0
TP-CSR-025,CG-CSR-002,cp_csr,mstatus,0
TP-CSR-025,CG-CSR-002,cp_mpp_w,m,0
TP-CSR-025,CG-CSR-002,cp_wpat,all1,0
TP-CSR-025,CG-CSR-002,cr_csr_wpat,mstatus_all1,0
TP-CSR-025,CG-CSR-002,cr_mst_fields,all0,0
TP-CSR-025,CG-CSR-002,cr_mst_fields,all1,0
TP-CSR-026,CG-CSR-002,cp_mst_mie_w,b1,0
TP-CSR-026,CG-CSR-012,cp_enable,enables_pending,0
TP-CSR-026,CG-CSR-012,cp_fam,other_flush,0
TP-CSR-026,CG-CSR-012,cp_next,irq_taken,0
TP-CSR-026,CG-CSR-012,cr_enable_next,enables_irq_taken,0
TP-CSR-026,CG-CSR-012,cr_fam_next,other_irq_taken,0
TP-CSR-026,CG-PRV-006,cp_kind,ext,0
TP-CSR-026,CG-PRV-006,cp_kind,fast,0
TP-CSR-026,CG-PRV-006,cp_kind,sw,0
TP-CSR-026,CG-PRV-006,cp_kind,timer,0
TP-CSR-026,CG-PRV-006,cp_mie,b1,0
TP-CSR-026,CG-PRV-006,cp_priv,m,0
TP-CSR-026,CG-PRV-006,cp_taken,yes,0
TP-CSR-026,CG-PRV-006,cr_kind_priv,ext_m,0
TP-CSR-026,CG-PRV-006,cr_kind_priv,fast_m,0
TP-CSR-026,CG-PRV-006,cr_kind_priv,sw_m,0
TP-CSR-026,CG-PRV-006,cr_kind_priv,timer_m,0
TP-CSR-026,CG-PRV-006,cr_priv_mie_taken,m_1_yes,0
TP-CSR-027,CG-CSR-002,cp_csr,mstatush,0
TP-CSR-027,CG-CSR-002,cp_op,csrrc,0
TP-CSR-027,CG-CSR-002,cp_op,csrrci,0
TP-CSR-027,CG-CSR-002,cp_op,csrrs,0
TP-CSR-027,CG-CSR-002,cp_op,csrrsi,0
TP-CSR-027,CG-CSR-002,cp_op,csrrw,0
TP-CSR-027,CG-CSR-002,cp_op,csrrwi,0
TP-CSR-027,CG-CSR-002,cp_wpat,all0,0
TP-CSR-027,CG-CSR-002,cp_wpat,all1,0
TP-CSR-027,CG-CSR-002,cp_wpat,msb_only,0
TP-CSR-027,CG-CSR-002,cp_wpat,rand,0
TP-CSR-027,CG-CSR-002,cr_csr_op,mstatush_csrrc,0
TP-CSR-027,CG-CSR-002,cr_csr_op,mstatush_csrrci,0
TP-CSR-027,CG-CSR-002,cr_csr_op,mstatush_csrrs,0
TP-CSR-027,CG-CSR-002,cr_csr_op,mstatush_csrrsi,0
TP-CSR-027,CG-CSR-002,cr_csr_op,mstatush_csrrw,0
TP-CSR-027,CG-CSR-002,cr_csr_op,mstatush_csrrwi,0
TP-CSR-027,CG-CSR-002,cr_csr_wpat,mstatush_all0,0
TP-CSR-027,CG-CSR-002,cr_csr_wpat,mstatush_all1,0
TP-CSR-027,CG-CSR-002,cr_csr_wpat,mstatush_msb,0
TP-CSR-027,CG-CSR-002,cr_csr_wpat,mstatush_rand,0
TP-CSR-027,CG-CSR-016,cp_csr,mstatush,0
TP-CSR-028,CG-CSR-002,cp_csr,menvcfg,0
TP-CSR-028,CG-CSR-002,cp_csr,menvcfgh,0
TP-CSR-028,CG-CSR-002,cp_op,csrrc,0
TP-CSR-028,CG-CSR-002,cp_op,csrrci,0
TP-CSR-028,CG-CSR-002,cp_op,csrrs,0
TP-CSR-028,CG-CSR-002,cp_op,csrrsi,0
TP-CSR-028,CG-CSR-002,cp_op,csrrw,0
TP-CSR-028,CG-CSR-002,cp_op,csrrwi,0
TP-CSR-028,CG-CSR-002,cp_wpat,all0,0
TP-CSR-028,CG-CSR-002,cp_wpat,all1,0
TP-CSR-028,CG-CSR-002,cp_wpat,msb_only,0
TP-CSR-028,CG-CSR-002,cp_wpat,rand,0
TP-CSR-028,CG-CSR-002,cr_csr_op,menvcfg_csrrc,0
TP-CSR-028,CG-CSR-002,cr_csr_op,menvcfg_csrrci,0
TP-CSR-028,CG-CSR-002,cr_csr_op,menvcfg_csrrs,0
TP-CSR-028,CG-CSR-002,cr_csr_op,menvcfg_csrrsi,0
TP-CSR-028,CG-CSR-002,cr_csr_op,menvcfg_csrrw,0
TP-CSR-028,CG-CSR-002,cr_csr_op,menvcfg_csrrwi,0
TP-CSR-028,CG-CSR-002,cr_csr_op,menvcfgh_csrrc,0
TP-CSR-028,CG-CSR-002,cr_csr_op,menvcfgh_csrrci,0
TP-CSR-028,CG-CSR-002,cr_csr_op,menvcfgh_csrrs,0
TP-CSR-028,CG-CSR-002,cr_csr_op,menvcfgh_csrrsi,0
TP-CSR-028,CG-CSR-002,cr_csr_op,menvcfgh_csrrw,0
TP-CSR-028,CG-CSR-002,cr_csr_op,menvcfgh_csrrwi,0
TP-CSR-028,CG-CSR-002,cr_csr_wpat,menvcfg_all0,0
TP-CSR-028,CG-CSR-002,cr_csr_wpat,menvcfg_all1,0
TP-CSR-028,CG-CSR-002,cr_csr_wpat,menvcfg_msb,0
TP-CSR-028,CG-CSR-002,cr_csr_wpat,menvcfg_rand,0
TP-CSR-028,CG-CSR-002,cr_csr_wpat,menvcfgh_all0,0
TP-CSR-028,CG-CSR-002,cr_csr_wpat,menvcfgh_all1,0
TP-CSR-028,CG-CSR-002,cr_csr_wpat,menvcfgh_msb,0
TP-CSR-028,CG-CSR-002,cr_csr_wpat,menvcfgh_rand,0
TP-CSR-028,CG-CSR-016,cp_csr,menvcfg,0
TP-CSR-028,CG-CSR-016,cp_csr,menvcfgh,0
TP-CSR-029,CG-CSR-002,cp_csr,mie,0
TP-CSR-029,CG-CSR-002,cp_mie_w,all_fast,0
TP-CSR-029,CG-CSR-002,cp_mie_w,fast_only,0
TP-CSR-029,CG-CSR-002,cp_mie_w,ro_only,0
TP-CSR-029,CG-CSR-002,cp_mie_w,std_fast,0
TP-CSR-029,CG-CSR-002,cp_mie_w,std_only,0
TP-CSR-029,CG-CSR-002,cp_op,csrrc,0
TP-CSR-029,CG-CSR-002,cp_op,csrrci,0
TP-CSR-029,CG-CSR-002,cp_op,csrrs,0
TP-CSR-029,CG-CSR-002,cp_op,csrrsi,0
TP-CSR-029,CG-CSR-002,cp_op,csrrw,0
TP-CSR-029,CG-CSR-002,cp_op,csrrwi,0
TP-CSR-029,CG-CSR-002,cp_wpat,illegal_only,0
TP-CSR-029,CG-CSR-002,cp_wpat,legal_only,0
TP-CSR-029,CG-CSR-002,cp_wpat,msb_only,0
TP-CSR-029,CG-CSR-002,cp_wpat,rand,0
TP-CSR-029,CG-CSR-002,cr_csr_op,mie_csrrc,0
TP-CSR-029,CG-CSR-002,cr_csr_op,mie_csrrci,0
TP-CSR-029,CG-CSR-002,cr_csr_op,mie_csrrs,0
TP-CSR-029,CG-CSR-002,cr_csr_op,mie_csrrsi,0
TP-CSR-029,CG-CSR-002,cr_csr_op,mie_csrrw,0
TP-CSR-029,CG-CSR-002,cr_csr_op,mie_csrrwi,0
TP-CSR-029,CG-CSR-002,cr_csr_wpat,mie_illegal,0
TP-CSR-029,CG-CSR-002,cr_csr_wpat,mie_legal,0
TP-CSR-029,CG-CSR-002,cr_csr_wpat,mie_msb,0
TP-CSR-029,CG-CSR-002,cr_csr_wpat,mie_rand,0
TP-CSR-029,CG-CSR-002,cr_mie_w_op,allfast_csrrw,0
TP-CSR-029,CG-CSR-002,cr_mie_w_op,both_csrrw,0
TP-CSR-029,CG-CSR-002,cr_mie_w_op,fast_csrrc,0
TP-CSR-029,CG-CSR-002,cr_mie_w_op,fast_csrrs,0
TP-CSR-029,CG-CSR-002,cr_mie_w_op,fast_csrrw,0
TP-CSR-029,CG-CSR-002,cr_mie_w_op,ro_csrrw,0
TP-CSR-029,CG-CSR-002,cr_mie_w_op,std_csrrc,0
TP-CSR-029,CG-CSR-002,cr_mie_w_op,std_csrrci,0
TP-CSR-029,CG-CSR-002,cr_mie_w_op,std_csrrs,0
TP-CSR-029,CG-CSR-002,cr_mie_w_op,std_csrrsi,0
TP-CSR-029,CG-CSR-002,cr_mie_w_op,std_csrrw,0
TP-CSR-030,CG-CSR-002,cp_csr,mie,0
TP-CSR-030,CG-CSR-002,cp_mie_w,std_fast,0
TP-CSR-030,CG-CSR-002,cp_op,csrrw,0
TP-CSR-030,CG-CSR-002,cp_wpat,all0,0
TP-CSR-030,CG-CSR-002,cp_wpat,all1,0
TP-CSR-030,CG-CSR-002,cr_csr_wpat,mie_all0,0
TP-CSR-030,CG-CSR-002,cr_csr_wpat,mie_all1,0
TP-CSR-030,CG-CSR-002,cr_mie_w_op,both_csrrw,0
TP-CSR-031,CG-CSR-002,cp_mie_w,std_only,0
TP-CSR-031,CG-CSR-002,cp_op,csrrc,0
TP-CSR-031,CG-CSR-002,cp_op,csrrs,0
TP-CSR-031,CG-CSR-002,cr_mie_w_op,std_csrrc,0
TP-CSR-031,CG-CSR-002,cr_mie_w_op,std_csrrs,0
TP-CSR-031,CG-CSR-012,cp_enable,none,0
TP-CSR-031,CG-CSR-012,cp_fam,other_flush,0
TP-CSR-031,CG-CSR-012,cp_next,alu,0
TP-CSR-031,CG-CSR-012,cp_next,wfi,0
TP-CSR-031,CG-CSR-012,cr_enable_next,none_alu,0
TP-CSR-031,CG-CSR-012,cr_fam_next,other_wfi,0
TP-CSR-031,CG-PRV-005,cp_irq_dis_seen,yes,0
TP-CSR-031,CG-PRV-005,cp_len,long,0
TP-CSR-031,CG-PRV-005,cp_len,short,0
TP-CSR-031,CG-PRV-005,cp_wake,dbg_req,0
TP-CSR-031,CG-PRV-005,cp_wake,irq_en,0
TP-CSR-031,CG-PRV-005,cr_dis_irq,dis_then_dbg,0
TP-CSR-031,CG-PRV-005,cr_dis_irq,dis_then_irq_en,0
TP-CSR-031,CG-PRV-005,cr_len_wake,long_irq_en,0
TP-CSR-031,CG-PRV-005,cr_len_wake,short_irq_en,0
TP-CSR-032,CG-CSR-003,cp_mip_pins,ext,0
TP-CSR-032,CG-CSR-003,cp_mip_pins,fast_any,0
TP-CSR-032,CG-CSR-003,cp_mip_pins,multi,0
TP-CSR-032,CG-CSR-003,cp_mip_pins,none,0
TP-CSR-032,CG-CSR-003,cp_mip_pins,sw,0
TP-CSR-032,CG-CSR-003,cp_mip_pins,timer,0
TP-CSR-032,CG-CSR-013,cp_mip_toggle,stable,0
TP-CSR-032,CG-CSR-013,cp_prepost,equal,0
TP-CSR-032,CG-CSR-013,cr_mip_rd,stable_equal,0
TP-CSR-032,CG-CSR-016,cp_csr,mip,0
TP-CSR-033,CG-CSR-003,cp_csr,mip,0
TP-CSR-033,CG-CSR-003,cp_mip_pins,ext,0
TP-CSR-033,CG-CSR-003,cp_mip_pins,fast_any,0
TP-CSR-033,CG-CSR-003,cp_mip_pins,multi,0
TP-CSR-033,CG-CSR-003,cp_mip_pins,none,0
TP-CSR-033,CG-CSR-003,cp_mip_pins,sw,0
TP-CSR-033,CG-CSR-003,cp_mip_pins,timer,0
TP-CSR-033,CG-CSR-003,cp_op,csrrc,0
TP-CSR-033,CG-CSR-003,cp_op,csrrci,0
TP-CSR-033,CG-CSR-003,cp_op,csrrs,0
TP-CSR-033,CG-CSR-003,cp_op,csrrsi,0
TP-CSR-033,CG-CSR-003,cp_op,csrrw,0
TP-CSR-033,CG-CSR-003,cp_op,csrrwi,0
TP-CSR-033,CG-CSR-003,cp_wpat,all0,0
TP-CSR-033,CG-CSR-003,cp_wpat,all1,0
TP-CSR-033,CG-CSR-003,cp_wpat,msb_only,0
TP-CSR-033,CG-CSR-003,cp_wpat,rand,0
TP-CSR-033,CG-CSR-003,cr_csr_op,mip_csrrc,0
TP-CSR-033,CG-CSR-003,cr_csr_op,mip_csrrci,0
TP-CSR-033,CG-CSR-003,cr_csr_op,mip_csrrs,0
TP-CSR-033,CG-CSR-003,cr_csr_op,mip_csrrsi,0
TP-CSR-033,CG-CSR-003,cr_csr_op,mip_csrrw,0
TP-CSR-033,CG-CSR-003,cr_csr_op,mip_csrrwi,0
TP-CSR-033,CG-CSR-003,cr_csr_wpat,mip_all0,0
TP-CSR-033,CG-CSR-003,cr_csr_wpat,mip_all1,0
TP-CSR-033,CG-CSR-003,cr_csr_wpat,mip_msb,0
TP-CSR-033,CG-CSR-003,cr_csr_wpat,mip_rand,0
TP-CSR-033,CG-CSR-003,cr_mip_pins_op,ext_csrrc,0
TP-CSR-033,CG-CSR-003,cr_mip_pins_op,fast_csrrw,0
TP-CSR-033,CG-CSR-003,cr_mip_pins_op,multi_csrrw,0
TP-CSR-033,CG-CSR-003,cr_mip_pins_op,multi_csrrwi,0
TP-CSR-033,CG-CSR-003,cr_mip_pins_op,none_csrrw,0
TP-CSR-033,CG-CSR-003,cr_mip_pins_op,sw_csrrw,0
TP-CSR-033,CG-CSR-003,cr_mip_pins_op,timer_csrrs,0
TP-CSR-033,CG-CSR-012,cp_fam,other_flush,0
TP-CSR-033,CG-CSR-012,cp_gap,g2_3,0
TP-CSR-033,CG-CSR-012,cr_fam_gap,other_g2_3,0
TP-CSR-034,CG-CSR-013,cp_csr,mip,0
TP-CSR-034,CG-CSR-013,cp_mip_toggle,toggle_at,0
TP-CSR-034,CG-CSR-013,cp_mip_toggle,toggle_before,0
TP-CSR-034,CG-CSR-013,cp_prepost,differ,0
TP-CSR-034,CG-CSR-013,cp_prepost,equal,0
TP-CSR-034,CG-CSR-013,cr_mip_rd,at_differ,0
TP-CSR-034,CG-CSR-013,cr_mip_rd,at_equal,0
TP-CSR-034,CG-CSR-013,cr_mip_rd,before_differ,0
TP-CSR-034,CG-CSR-013,cr_mip_rd,before_equal,0
TP-CSR-035,CG-CSR-002,cp_csr,mtvec,0
TP-CSR-035,CG-CSR-002,cp_mtvec_base_w,boot_page,0
TP-CSR-035,CG-CSR-002,cp_mtvec_base_w,high,0
TP-CSR-035,CG-CSR-002,cp_mtvec_base_w,low,0
TP-CSR-035,CG-CSR-002,cp_mtvec_base_w,rand,0
TP-CSR-035,CG-CSR-002,cp_op,csrrc,0
TP-CSR-035,CG-CSR-002,cp_op,csrrci,0
TP-CSR-035,CG-CSR-002,cp_op,csrrs,0
TP-CSR-035,CG-CSR-002,cp_op,csrrsi,0
TP-CSR-035,CG-CSR-002,cp_op,csrrw,0
TP-CSR-035,CG-CSR-002,cp_op,csrrwi,0
TP-CSR-035,CG-CSR-002,cp_wpat,legal_only,0
TP-CSR-035,CG-CSR-002,cp_wpat,rand,0
TP-CSR-035,CG-CSR-002,cr_csr_op,mtvec_csrrc,0
TP-CSR-035,CG-CSR-002,cr_csr_op,mtvec_csrrci,0
TP-CSR-035,CG-CSR-002,cr_csr_op,mtvec_csrrs,0
TP-CSR-035,CG-CSR-002,cr_csr_op,mtvec_csrrsi,0
TP-CSR-035,CG-CSR-002,cr_csr_op,mtvec_csrrw,0
TP-CSR-035,CG-CSR-002,cr_csr_op,mtvec_csrrwi,0
TP-CSR-035,CG-CSR-002,cr_csr_wpat,mtvec_legal,0
TP-CSR-035,CG-CSR-002,cr_csr_wpat,mtvec_rand,0
TP-CSR-035,CG-CSR-002,cr_mtvec_base_op,boot_csrrw,0
TP-CSR-035,CG-CSR-002,cr_mtvec_base_op,high_csrrs,0
TP-CSR-035,CG-CSR-002,cr_mtvec_base_op,high_csrrw,0
TP-CSR-035,CG-CSR-002,cr_mtvec_base_op,low_csrrw,0
TP-CSR-035,CG-CSR-002,cr_mtvec_base_op,rand_csrrc,0
TP-CSR-035,CG-CSR-002,cr_mtvec_base_op,rand_csrrs,0
TP-CSR-035,CG-CSR-002,cr_mtvec_base_op,rand_csrrw,0
TP-CSR-035,CG-PRV-008,cp_base,sw_high,0
TP-CSR-035,CG-PRV-008,cp_base,sw_low,0
TP-CSR-035,CG-PRV-008,cp_cause,exc,0
TP-CSR-035,CG-PRV-008,cp_cause,irq_fast,0
TP-CSR-035,CG-PRV-008,cp_cause,irq_sw,0
TP-CSR-035,CG-PRV-008,cr_base_cause,high_exc,0
TP-CSR-035,CG-PRV-008,cr_base_cause,high_irq_fast,0
TP-CSR-035,CG-PRV-008,cr_base_cause,low_exc,0
TP-CSR-035,CG-PRV-008,cr_base_cause,low_irq_sw,0
TP-CSR-036,CG-CSR-002,cp_csr,mtvec,0
TP-CSR-036,CG-CSR-002,cp_mtvec_lo_w,nonzero,0
TP-CSR-036,CG-CSR-002,cp_mtvec_lo_w,zero,0
TP-CSR-036,CG-CSR-002,cp_mtvec_mode_w,d00,0
TP-CSR-036,CG-CSR-002,cp_mtvec_mode_w,r10,0
TP-CSR-036,CG-CSR-002,cp_mtvec_mode_w,r11,0
TP-CSR-036,CG-CSR-002,cp_mtvec_mode_w,v01,0
TP-CSR-036,CG-CSR-002,cp_wpat,all0,0
TP-CSR-036,CG-CSR-002,cp_wpat,all1,0
TP-CSR-036,CG-CSR-002,cp_wpat,illegal_only,0
TP-CSR-036,CG-CSR-002,cp_wpat,msb_only,0
TP-CSR-036,CG-CSR-002,cr_csr_wpat,mtvec_all0,0
TP-CSR-036,CG-CSR-002,cr_csr_wpat,mtvec_all1,0
TP-CSR-036,CG-CSR-002,cr_csr_wpat,mtvec_illegal,0
TP-CSR-036,CG-CSR-002,cr_csr_wpat,mtvec_msb,0
TP-CSR-036,CG-CSR-002,cr_mtvec_mode_lo,d00_nz,0
TP-CSR-036,CG-CSR-002,cr_mtvec_mode_lo,d00_zero,0
TP-CSR-036,CG-CSR-002,cr_mtvec_mode_lo,r10_nz,0
TP-CSR-036,CG-CSR-002,cr_mtvec_mode_lo,r10_zero,0
TP-CSR-036,CG-CSR-002,cr_mtvec_mode_lo,r11_nz,0
TP-CSR-036,CG-CSR-002,cr_mtvec_mode_lo,r11_zero,0
TP-CSR-036,CG-CSR-002,cr_mtvec_mode_lo,v01_nz,0
TP-CSR-036,CG-CSR-002,cr_mtvec_mode_lo,v01_zero,0
TP-CSR-037,CG-CSR-016,cp_boot_lo,nonzero,0
TP-CSR-037,CG-CSR-016,cp_boot_lo,zero,0
TP-CSR-037,CG-CSR-016,cp_csr,mtvec,0
TP-CSR-037,CG-CSR-016,cp_when,early,0
TP-CSR-037,CG-CSR-016,cp_when,first_insn,0
TP-CSR-037,CG-CSR-016,cr_mtvec_first,mtvec_early_nonzero,0
TP-CSR-037,CG-CSR-016,cr_mtvec_first,mtvec_early_zero,0
TP-CSR-037,CG-CSR-016,cr_mtvec_first,mtvec_first_nonzero,0
TP-CSR-037,CG-CSR-016,cr_mtvec_first,mtvec_first_zero,0
TP-CSR-037,CG-PRV-008,cp_base,boot_page,0
TP-CSR-037,CG-PRV-008,cp_cause,exc,0
TP-CSR-037,CG-PRV-008,cr_base_cause,boot_exc,0
TP-CSR-038,CG-CSR-003,cp_csr,mscratch,0
TP-CSR-038,CG-CSR-003,cp_op,csrrc,0
TP-CSR-038,CG-CSR-003,cp_op,csrrs,0
TP-CSR-038,CG-CSR-003,cp_op,csrrw,0
TP-CSR-038,CG-CSR-003,cp_wpat,all0,0
TP-CSR-038,CG-CSR-003,cp_wpat,all1,0
TP-CSR-038,CG-CSR-003,cp_wpat,msb_only,0
TP-CSR-038,CG-CSR-003,cp_wpat,rand,0
TP-CSR-038,CG-CSR-003,cr_csr_op,mscratch_csrrc,0
TP-CSR-038,CG-CSR-003,cr_csr_op,mscratch_csrrs,0
TP-CSR-038,CG-CSR-003,cr_csr_op,mscratch_csrrw,0
TP-CSR-038,CG-CSR-003,cr_csr_wpat,mscratch_all0,0
TP-CSR-038,CG-CSR-003,cr_csr_wpat,mscratch_all1,0
TP-CSR-038,CG-CSR-003,cr_csr_wpat,mscratch_msb,0
TP-CSR-038,CG-CSR-003,cr_csr_wpat,mscratch_rand,0
TP-CSR-038,CG-CSR-016,cp_csr,mscratch,0
TP-CSR-039,CG-CSR-003,cp_csr,mepc,0
TP-CSR-039,CG-CSR-003,cp_mepc_lo_w,b00,0
TP-CSR-039,CG-CSR-003,cp_mepc_lo_w,b01,0
TP-CSR-039,CG-CSR-003,cp_mepc_lo_w,b10,0
TP-CSR-039,CG-CSR-003,cp_op,csrrc,0
TP-CSR-039,CG-CSR-003,cp_op,csrrci,0
TP-CSR-039,CG-CSR-003,cp_op,csrrs,0
TP-CSR-039,CG-CSR-003,cp_op,csrrsi,0
TP-CSR-039,CG-CSR-003,cp_op,csrrw,0
TP-CSR-039,CG-CSR-003,cp_op,csrrwi,0
TP-CSR-039,CG-CSR-003,cp_wpat,all0,0
TP-CSR-039,CG-CSR-003,cp_wpat,all1,0
TP-CSR-039,CG-CSR-003,cp_wpat,illegal_only,0
TP-CSR-039,CG-CSR-003,cp_wpat,legal_only,0
TP-CSR-039,CG-CSR-003,cp_wpat,msb_only,0
TP-CSR-039,CG-CSR-003,cp_wpat,rand,0
TP-CSR-039,CG-CSR-003,cr_csr_op,mepc_csrrc,0
TP-CSR-039,CG-CSR-003,cr_csr_op,mepc_csrrci,0
TP-CSR-039,CG-CSR-003,cr_csr_op,mepc_csrrs,0
TP-CSR-039,CG-CSR-003,cr_csr_op,mepc_csrrsi,0
TP-CSR-039,CG-CSR-003,cr_csr_op,mepc_csrrw,0
TP-CSR-039,CG-CSR-003,cr_csr_op,mepc_csrrwi,0
TP-CSR-039,CG-CSR-003,cr_csr_wpat,mepc_all0,0
TP-CSR-039,CG-CSR-003,cr_csr_wpat,mepc_all1,0
TP-CSR-039,CG-CSR-003,cr_csr_wpat,mepc_illegal,0
TP-CSR-039,CG-CSR-003,cr_csr_wpat,mepc_legal,0
TP-CSR-039,CG-CSR-003,cr_csr_wpat,mepc_msb,0
TP-CSR-039,CG-CSR-003,cr_csr_wpat,mepc_rand,0
TP-CSR-039,CG-CSR-003,cr_mepc_lo_op,b00_csrrw,0
TP-CSR-039,CG-CSR-003,cr_mepc_lo_op,b01_csrrc,0
TP-CSR-039,CG-CSR-003,cr_mepc_lo_op,b01_csrrs,0
TP-CSR-039,CG-CSR-003,cr_mepc_lo_op,b10_csrrw,0
TP-CSR-039,CG-CSR-016,cp_csr,mepc,0
TP-CSR-040,CG-CSR-003,cp_mepc_lo_w,b01,0
TP-CSR-040,CG-CSR-003,cp_mepc_lo_w,b11,0
TP-CSR-040,CG-CSR-003,cp_op,csrrsi,0
TP-CSR-040,CG-CSR-003,cp_op,csrrw,0
TP-CSR-040,CG-CSR-003,cr_mepc_lo_op,b01_csrrw,0
TP-CSR-040,CG-CSR-003,cr_mepc_lo_op,b11_csrrsi,0
TP-CSR-040,CG-CSR-003,cr_mepc_lo_op,b11_csrrw,0
TP-CSR-040,CG-PRV-002,cp_mepc_odd_lsb,b0,0
TP-CSR-040,CG-PRV-002,cp_mepc_odd_lsb,b1,0
TP-CSR-040,CG-PRV-002,cp_mpp_at_mret,m,0
TP-CSR-040,CG-PRV-002,cr_mret_target,m_b0,0
TP-CSR-040,CG-PRV-002,cr_mret_target,m_b1,0
TP-CSR-041,CG-PRV-008,cp_cause,exc,0
TP-CSR-041,CG-PRV-008,cp_cause,irq_sw,0
TP-CSR-041,CG-PRV-008,cp_mepc_src,pc_id,0
TP-CSR-041,CG-PRV-008,cp_mepc_src,pc_if,0
TP-CSR-041,CG-PRV-008,cp_mepc_src,pc_wb,0
TP-CSR-041,CG-PRV-008,cp_younger_in_id,no,0
TP-CSR-041,CG-PRV-008,cp_younger_in_id,yes,0
TP-CSR-041,CG-PRV-008,cr_cause_mepc,exc_pc_id,0
TP-CSR-041,CG-PRV-008,cr_cause_mepc,exc_pc_wb,0
TP-CSR-041,CG-PRV-008,cr_cause_mepc,exc_pc_wb_younger,0
TP-CSR-041,CG-PRV-008,cr_cause_mepc,irq_pc_if,0
TP-CSR-042,CG-CSR-003,cp_csr,mcause,0
TP-CSR-042,CG-CSR-003,cp_mcause_code_w,c0,0
TP-CSR-042,CG-CSR-003,cp_mcause_code_w,c31,0
TP-CSR-042,CG-CSR-003,cp_mcause_code_w,other,0
TP-CSR-042,CG-CSR-003,cp_mcause_hi_w,h00,0
TP-CSR-042,CG-CSR-003,cp_mcause_hi_w,h10,0
TP-CSR-042,CG-CSR-003,cp_mcause_mid_w,zero,0
TP-CSR-042,CG-CSR-003,cp_op,csrrc,0
TP-CSR-042,CG-CSR-003,cp_op,csrrci,0
TP-CSR-042,CG-CSR-003,cp_op,csrrs,0
TP-CSR-042,CG-CSR-003,cp_op,csrrsi,0
TP-CSR-042,CG-CSR-003,cp_op,csrrw,0
TP-CSR-042,CG-CSR-003,cp_op,csrrwi,0
TP-CSR-042,CG-CSR-003,cp_wpat,all0,0
TP-CSR-042,CG-CSR-003,cp_wpat,all1,0
TP-CSR-042,CG-CSR-003,cp_wpat,illegal_only,0
TP-CSR-042,CG-CSR-003,cp_wpat,legal_only,0
TP-CSR-042,CG-CSR-003,cp_wpat,msb_only,0
TP-CSR-042,CG-CSR-003,cp_wpat,rand,0
TP-CSR-042,CG-CSR-003,cr_csr_op,mcause_csrrc,0
TP-CSR-042,CG-CSR-003,cr_csr_op,mcause_csrrci,0
TP-CSR-042,CG-CSR-003,cr_csr_op,mcause_csrrs,0
TP-CSR-042,CG-CSR-003,cr_csr_op,mcause_csrrsi,0
TP-CSR-042,CG-CSR-003,cr_csr_op,mcause_csrrw,0
TP-CSR-042,CG-CSR-003,cr_csr_op,mcause_csrrwi,0
TP-CSR-042,CG-CSR-003,cr_csr_wpat,mcause_all0,0
TP-CSR-042,CG-CSR-003,cr_csr_wpat,mcause_all1,0
TP-CSR-042,CG-CSR-003,cr_csr_wpat,mcause_illegal,0
TP-CSR-042,CG-CSR-003,cr_csr_wpat,mcause_legal,0
TP-CSR-042,CG-CSR-003,cr_csr_wpat,mcause_msb,0
TP-CSR-042,CG-CSR-003,cr_csr_wpat,mcause_rand,0
TP-CSR-042,CG-CSR-003,cr_mcause_hi_code,h00_c31,0
TP-CSR-042,CG-CSR-003,cr_mcause_hi_code,h10_c0,0
TP-CSR-042,CG-CSR-003,cr_mcause_hi_code,h10_other,0
TP-CSR-042,CG-CSR-003,cr_mcause_hi_mid,h00_zero,0
TP-CSR-042,CG-CSR-003,cr_mcause_hi_mid,h10_zero,0
TP-CSR-042,CG-CSR-016,cp_csr,mcause,0
TP-CSR-043,CG-CSR-003,cp_mcause_hi_w,h00,0
TP-CSR-043,CG-CSR-003,cp_mcause_hi_w,h01,0
TP-CSR-043,CG-CSR-003,cp_mcause_hi_w,h10,0
TP-CSR-043,CG-CSR-003,cp_mcause_mid_w,nonzero,0
TP-CSR-043,CG-CSR-003,cr_mcause_hi_mid,h00_nz,0
TP-CSR-043,CG-CSR-003,cr_mcause_hi_mid,h01_nz,0
TP-CSR-043,CG-CSR-003,cr_mcause_hi_mid,h10_nz,0
TP-CSR-044,CG-CSR-003,cp_mcause_code_w,c0,0
TP-CSR-044,CG-CSR-003,cp_mcause_code_w,c31,0
TP-CSR-044,CG-CSR-003,cp_mcause_hi_w,h11,0
TP-CSR-044,CG-CSR-003,cp_mcause_mid_w,nonzero,0
TP-CSR-044,CG-CSR-003,cp_mcause_mid_w,zero,0
TP-CSR-044,CG-CSR-003,cr_mcause_hi_code,h11_c0,0
TP-CSR-044,CG-CSR-003,cr_mcause_hi_code,h11_c31,0
TP-CSR-044,CG-CSR-003,cr_mcause_hi_mid,h11_nz,0
TP-CSR-044,CG-CSR-003,cr_mcause_hi_mid,h11_zero,0
TP-CSR-045,CG-CSR-003,cp_mcause_code_w,other,0
TP-CSR-045,CG-CSR-003,cp_mcause_hi_w,h01,0
TP-CSR-045,CG-CSR-003,cp_mcause_mid_w,zero,0
TP-CSR-045,CG-CSR-003,cr_mcause_hi_code,h01_other,0
TP-CSR-045,CG-CSR-003,cr_mcause_hi_mid,h01_zero,0
TP-CSR-046,CG-CSR-003,cp_csr,mcause,0
TP-CSR-046,CG-CSR-003,cp_mcause_code_w,other,0
TP-CSR-046,CG-CSR-003,cp_mcause_hi_w,h10,0
TP-CSR-046,CG-CSR-003,cp_op,csrrw,0
TP-CSR-046,CG-CSR-003,cp_wpat,legal_only,0
TP-CSR-046,CG-CSR-003,cr_csr_op,mcause_csrrw,0
TP-CSR-046,CG-CSR-003,cr_csr_wpat,mcause_legal,0
TP-CSR-046,CG-CSR-003,cr_mcause_hi_code,h10_other,0
TP-CSR-047,CG-CSR-003,cp_csr,mtval,0
TP-CSR-047,CG-CSR-003,cp_op,csrrci,0
TP-CSR-047,CG-CSR-003,cp_op,csrrsi,0
TP-CSR-047,CG-CSR-003,cp_op,csrrwi,0
TP-CSR-047,CG-CSR-003,cp_wpat,all0,0
TP-CSR-047,CG-CSR-003,cp_wpat,all1,0
TP-CSR-047,CG-CSR-003,cp_wpat,msb_only,0
TP-CSR-047,CG-CSR-003,cp_wpat,rand,0
TP-CSR-047,CG-CSR-003,cr_csr_op,mtval_csrrci,0
TP-CSR-047,CG-CSR-003,cr_csr_op,mtval_csrrsi,0
TP-CSR-047,CG-CSR-003,cr_csr_op,mtval_csrrwi,0
TP-CSR-047,CG-CSR-003,cr_csr_wpat,mtval_all0,0
TP-CSR-047,CG-CSR-003,cr_csr_wpat,mtval_all1,0
TP-CSR-047,CG-CSR-003,cr_csr_wpat,mtval_msb,0
TP-CSR-047,CG-CSR-003,cr_csr_wpat,mtval_rand,0
TP-CSR-047,CG-CSR-016,cp_csr,mtval,0
TP-CSR-047,CG-PRV-008,cp_mtval,addr,0
TP-CSR-047,CG-PRV-008,cp_mtval,insn32,0
TP-CSR-047,CG-PRV-008,cp_mtval,zero,0
TP-CSR-047,CG-PRV-008,cr_exc_mtval,exc_addr,0
TP-CSR-047,CG-PRV-008,cr_exc_mtval,exc_insn32,0
TP-CSR-047,CG-PRV-008,cr_exc_mtval,exc_zero,0
TP-CSR-048,CG-PRV-008,cp_mtval,insn16,0
TP-CSR-048,CG-PRV-008,cr_exc_mtval,exc_insn16,0
TP-CSR-049,CG-CSR-001,cp_iclass,dbg,0
TP-CSR-049,CG-CSR-001,cp_iclass,priv,0
TP-CSR-049,CG-CSR-001,cp_iclass,unimpl,0
TP-CSR-049,CG-CSR-001,cp_iclass,wro,0
TP-CSR-049,CG-PRV-008,cp_mtval,insn32,0
TP-CSR-049,CG-PRV-008,cr_exc_mtval,exc_insn32,0
TP-CSR-050,CG-CSR-002,cp_csr,mcounteren,0
TP-CSR-050,CG-CSR-002,cp_mcen_gate,on,0
TP-CSR-050,CG-CSR-002,cp_mcen_w,cy,0
TP-CSR-050,CG-CSR-002,cp_mcen_w,hi_ro,0
TP-CSR-050,CG-CSR-002,cp_mcen_w,hpm10,0
TP-CSR-050,CG-CSR-002,cp_mcen_w,hpm11,0
TP-CSR-050,CG-CSR-002,cp_mcen_w,hpm12,0
TP-CSR-050,CG-CSR-002,cp_mcen_w,hpm3,0
TP-CSR-050,CG-CSR-002,cp_mcen_w,hpm4,0
TP-CSR-050,CG-CSR-002,cp_mcen_w,hpm5,0
TP-CSR-050,CG-CSR-002,cp_mcen_w,hpm6,0
TP-CSR-050,CG-CSR-002,cp_mcen_w,hpm7,0
TP-CSR-050,CG-CSR-002,cp_mcen_w,hpm8,0
TP-CSR-050,CG-CSR-002,cp_mcen_w,hpm9,0
TP-CSR-050,CG-CSR-002,cp_mcen_w,ir,0
TP-CSR-050,CG-CSR-002,cp_mcen_w,tm_ro,0
TP-CSR-050,CG-CSR-002,cp_op,csrrc,0
TP-CSR-050,CG-CSR-002,cp_op,csrrci,0
TP-CSR-050,CG-CSR-002,cp_op,csrrs,0
TP-CSR-050,CG-CSR-002,cp_op,csrrsi,0
TP-CSR-050,CG-CSR-002,cp_op,csrrw,0
TP-CSR-050,CG-CSR-002,cp_op,csrrwi,0
TP-CSR-050,CG-CSR-002,cp_wpat,all0,0
TP-CSR-050,CG-CSR-002,cp_wpat,illegal_only,0
TP-CSR-050,CG-CSR-002,cp_wpat,legal_only,0
TP-CSR-050,CG-CSR-002,cp_wpat,msb_only,0
TP-CSR-050,CG-CSR-002,cp_wpat,rand,0
TP-CSR-050,CG-CSR-002,cr_csr_op,mcounteren_csrrc,0
TP-CSR-050,CG-CSR-002,cr_csr_op,mcounteren_csrrci,0
TP-CSR-050,CG-CSR-002,cr_csr_op,mcounteren_csrrs,0
TP-CSR-050,CG-CSR-002,cr_csr_op,mcounteren_csrrsi,0
TP-CSR-050,CG-CSR-002,cr_csr_op,mcounteren_csrrw,0
TP-CSR-050,CG-CSR-002,cr_csr_op,mcounteren_csrrwi,0
TP-CSR-050,CG-CSR-002,cr_csr_wpat,mcounteren_all0,0
TP-CSR-050,CG-CSR-002,cr_csr_wpat,mcounteren_illegal,0
TP-CSR-050,CG-CSR-002,cr_csr_wpat,mcounteren_legal,0
TP-CSR-050,CG-CSR-002,cr_csr_wpat,mcounteren_msb,0
TP-CSR-050,CG-CSR-002,cr_csr_wpat,mcounteren_rand,0
TP-CSR-050,CG-CSR-002,cr_mcen_gate_w,on_cy,0
TP-CSR-050,CG-CSR-002,cr_mcen_gate_w,on_hi_ro,0
TP-CSR-050,CG-CSR-002,cr_mcen_gate_w,on_hpm12,0
TP-CSR-050,CG-CSR-002,cr_mcen_gate_w,on_hpm3,0
TP-CSR-050,CG-CSR-002,cr_mcen_gate_w,on_ir,0
TP-CSR-050,CG-CSR-002,cr_mcen_gate_w,on_tm_ro,0
TP-CSR-050,CG-CSR-016,cp_csr,mcounteren,0
TP-CSR-051,CG-CSR-002,cp_mcen_gate,invalid,0
TP-CSR-051,CG-CSR-002,cp_mcen_gate,off,0
TP-CSR-051,CG-CSR-002,cp_mcen_w,all1,0
TP-CSR-051,CG-CSR-002,cp_mcen_w,cy,0
TP-CSR-051,CG-CSR-002,cp_mcen_w,ir,0
TP-CSR-051,CG-CSR-002,cr_mcen_gate_w,invalid_all1,0
TP-CSR-051,CG-CSR-002,cr_mcen_gate_w,invalid_ir,0
TP-CSR-051,CG-CSR-002,cr_mcen_gate_w,off_all1,0
TP-CSR-051,CG-CSR-002,cr_mcen_gate_w,off_cy,0
TP-CSR-051,CG-CSR-005,cp_mcen_bit,clr,0
TP-CSR-051,CG-CSR-005,cp_priv,u,0
TP-CSR-051,CG-CSR-005,cp_trap,trap,0
TP-CSR-051,CG-CSR-005,cr_priv_bit_trap,u_clr_trap,0
TP-CSR-052,CG-CSR-002,cp_csr,mcounteren,0
TP-CSR-052,CG-CSR-002,cp_mcen_gate,on,0
TP-CSR-052,CG-CSR-002,cp_mcen_w,all1,0
TP-CSR-052,CG-CSR-002,cp_wpat,all1,0
TP-CSR-052,CG-CSR-002,cr_csr_wpat,mcounteren_all1,0
TP-CSR-052,CG-CSR-002,cr_mcen_gate_w,on_all1,0
TP-CSR-053,CG-CSR-005,cp_alias,cycle,0
TP-CSR-053,CG-CSR-005,cp_alias,cycleh,0
TP-CSR-053,CG-CSR-005,cp_alias,hpm10,0
TP-CSR-053,CG-CSR-005,cp_alias,hpm10h,0
TP-CSR-053,CG-CSR-005,cp_alias,hpm11,0
TP-CSR-053,CG-CSR-005,cp_alias,hpm11h,0
TP-CSR-053,CG-CSR-005,cp_alias,hpm12,0
TP-CSR-053,CG-CSR-005,cp_alias,hpm12h,0
TP-CSR-053,CG-CSR-005,cp_alias,hpm3,0
TP-CSR-053,CG-CSR-005,cp_alias,hpm3h,0
TP-CSR-053,CG-CSR-005,cp_alias,hpm4,0
TP-CSR-053,CG-CSR-005,cp_alias,hpm4h,0
TP-CSR-053,CG-CSR-005,cp_alias,hpm5,0
TP-CSR-053,CG-CSR-005,cp_alias,hpm5h,0
TP-CSR-053,CG-CSR-005,cp_alias,hpm6,0
TP-CSR-053,CG-CSR-005,cp_alias,hpm6h,0
TP-CSR-053,CG-CSR-005,cp_alias,hpm7,0
TP-CSR-053,CG-CSR-005,cp_alias,hpm7h,0
TP-CSR-053,CG-CSR-005,cp_alias,hpm8,0
TP-CSR-053,CG-CSR-005,cp_alias,hpm8h,0
TP-CSR-053,CG-CSR-005,cp_alias,hpm9,0
TP-CSR-053,CG-CSR-005,cp_alias,hpm9h,0
TP-CSR-053,CG-CSR-005,cp_alias,instret,0
TP-CSR-053,CG-CSR-005,cp_alias,instreth,0
TP-CSR-053,CG-CSR-005,cp_diag,na,0
TP-CSR-053,CG-CSR-005,cp_form,rd_only,0
TP-CSR-053,CG-CSR-005,cp_mcen_bit,clr,0
TP-CSR-053,CG-CSR-005,cp_mcen_bit,set,0
TP-CSR-053,CG-CSR-005,cp_priv,m,0
TP-CSR-053,CG-CSR-005,cp_priv,u,0
TP-CSR-053,CG-CSR-005,cp_trap,ok,0
TP-CSR-053,CG-CSR-005,cr_alias_m,m_cycle_ok,0
TP-CSR-053,CG-CSR-005,cr_alias_m,m_cycleh_ok,0
TP-CSR-053,CG-CSR-005,cr_alias_m,m_hpm12_ok,0
TP-CSR-053,CG-CSR-005,cr_alias_m,m_hpm3_ok,0
TP-CSR-053,CG-CSR-005,cr_alias_m,m_hpm3h_ok,0
TP-CSR-053,CG-CSR-005,cr_alias_m,m_instret_ok,0
TP-CSR-053,CG-CSR-005,cr_alias_m,m_instreth_ok,0
TP-CSR-053,CG-CSR-005,cr_alias_u_ok,cycle,0
TP-CSR-053,CG-CSR-005,cr_alias_u_ok,cycleh,0
TP-CSR-053,CG-CSR-005,cr_alias_u_ok,hpm10,0
TP-CSR-053,CG-CSR-005,cr_alias_u_ok,hpm10h,0
TP-CSR-053,CG-CSR-005,cr_alias_u_ok,hpm11,0
TP-CSR-053,CG-CSR-005,cr_alias_u_ok,hpm11h,0
TP-CSR-053,CG-CSR-005,cr_alias_u_ok,hpm12,0
TP-CSR-053,CG-CSR-005,cr_alias_u_ok,hpm12h,0
TP-CSR-053,CG-CSR-005,cr_alias_u_ok,hpm3,0
TP-CSR-053,CG-CSR-005,cr_alias_u_ok,hpm3h,0
TP-CSR-053,CG-CSR-005,cr_alias_u_ok,hpm4,0
TP-CSR-053,CG-CSR-005,cr_alias_u_ok,hpm4h,0
TP-CSR-053,CG-CSR-005,cr_alias_u_ok,hpm5,0
TP-CSR-053,CG-CSR-005,cr_alias_u_ok,hpm5h,0
TP-CSR-053,CG-CSR-005,cr_alias_u_ok,hpm6,0
TP-CSR-053,CG-CSR-005,cr_alias_u_ok,hpm6h,0
TP-CSR-053,CG-CSR-005,cr_alias_u_ok,hpm7,0
TP-CSR-053,CG-CSR-005,cr_alias_u_ok,hpm7h,0
TP-CSR-053,CG-CSR-005,cr_alias_u_ok,hpm8,0
TP-CSR-053,CG-CSR-005,cr_alias_u_ok,hpm8h,0
TP-CSR-053,CG-CSR-005,cr_alias_u_ok,hpm9,0
TP-CSR-053,CG-CSR-005,cr_alias_u_ok,hpm9h,0
TP-CSR-053,CG-CSR-005,cr_alias_u_ok,instret,0
TP-CSR-053,CG-CSR-005,cr_alias_u_ok,instreth,0
TP-CSR-053,CG-CSR-005,cr_priv_bit_trap,m_clr_ok,0
TP-CSR-053,CG-CSR-005,cr_priv_bit_trap,m_set_ok,0
TP-CSR-053,CG-CSR-016,cp_csr,cycle_alias,0
TP-CSR-053,CG-CSR-016,cp_csr,hpm_alias,0
TP-CSR-053,CG-CSR-016,cp_csr,instret_alias,0
TP-CSR-054,CG-CSR-005,cp_alias,cycle,0
TP-CSR-054,CG-CSR-005,cp_alias,cycleh,0
TP-CSR-054,CG-CSR-005,cp_alias,hpm10,0
TP-CSR-054,CG-CSR-005,cp_alias,hpm11,0
TP-CSR-054,CG-CSR-005,cp_alias,hpm12,0
TP-CSR-054,CG-CSR-005,cp_alias,hpm12h,0
TP-CSR-054,CG-CSR-005,cp_alias,hpm3,0
TP-CSR-054,CG-CSR-005,cp_alias,hpm3h,0
TP-CSR-054,CG-CSR-005,cp_alias,hpm4,0
TP-CSR-054,CG-CSR-005,cp_alias,hpm5,0
TP-CSR-054,CG-CSR-005,cp_alias,hpm6,0
TP-CSR-054,CG-CSR-005,cp_alias,hpm7,0
TP-CSR-054,CG-CSR-005,cp_alias,hpm8,0
TP-CSR-054,CG-CSR-005,cp_alias,hpm9,0
TP-CSR-054,CG-CSR-005,cp_alias,instret,0
TP-CSR-054,CG-CSR-005,cp_alias,instreth,0
TP-CSR-054,CG-CSR-005,cp_diag,diag,0
TP-CSR-054,CG-CSR-005,cp_diag,offdiag,0
TP-CSR-054,CG-CSR-005,cp_mcen_onehot,cy,0
TP-CSR-054,CG-CSR-005,cp_mcen_onehot,hpm10,0
TP-CSR-054,CG-CSR-005,cp_mcen_onehot,hpm11,0
TP-CSR-054,CG-CSR-005,cp_mcen_onehot,hpm12,0
TP-CSR-054,CG-CSR-005,cp_mcen_onehot,hpm3,0
TP-CSR-054,CG-CSR-005,cp_mcen_onehot,hpm4,0
TP-CSR-054,CG-CSR-005,cp_mcen_onehot,hpm5,0
TP-CSR-054,CG-CSR-005,cp_mcen_onehot,hpm6,0
TP-CSR-054,CG-CSR-005,cp_mcen_onehot,hpm7,0
TP-CSR-054,CG-CSR-005,cp_mcen_onehot,hpm8,0
TP-CSR-054,CG-CSR-005,cp_mcen_onehot,hpm9,0
TP-CSR-054,CG-CSR-005,cp_mcen_onehot,ir,0
TP-CSR-054,CG-CSR-005,cp_mcen_onehot,multi,0
TP-CSR-054,CG-CSR-005,cp_mcen_onehot,none,0
TP-CSR-054,CG-CSR-005,cp_priv,u,0
TP-CSR-054,CG-CSR-005,cp_trap,ok,0
TP-CSR-054,CG-CSR-005,cp_trap,trap,0
TP-CSR-054,CG-CSR-005,cr_alias_u_trap,cycle,0
TP-CSR-054,CG-CSR-005,cr_alias_u_trap,cycleh,0
TP-CSR-054,CG-CSR-005,cr_alias_u_trap,hpm10,0
TP-CSR-054,CG-CSR-005,cr_alias_u_trap,hpm11,0
TP-CSR-054,CG-CSR-005,cr_alias_u_trap,hpm12,0
TP-CSR-054,CG-CSR-005,cr_alias_u_trap,hpm12h,0
TP-CSR-054,CG-CSR-005,cr_alias_u_trap,hpm3,0
TP-CSR-054,CG-CSR-005,cr_alias_u_trap,hpm3h,0
TP-CSR-054,CG-CSR-005,cr_alias_u_trap,hpm4,0
TP-CSR-054,CG-CSR-005,cr_alias_u_trap,hpm5,0
TP-CSR-054,CG-CSR-005,cr_alias_u_trap,hpm6,0
TP-CSR-054,CG-CSR-005,cr_alias_u_trap,hpm7,0
TP-CSR-054,CG-CSR-005,cr_alias_u_trap,hpm8,0
TP-CSR-054,CG-CSR-005,cr_alias_u_trap,hpm9,0
TP-CSR-054,CG-CSR-005,cr_alias_u_trap,instret,0
TP-CSR-054,CG-CSR-005,cr_alias_u_trap,instreth,0
TP-CSR-054,CG-CSR-005,cr_diag_u,diag_ok,0
TP-CSR-054,CG-CSR-005,cr_diag_u,offdiag_trap,0
TP-CSR-054,CG-CSR-005,cr_onehot_alias,cy_cycle,0
TP-CSR-054,CG-CSR-005,cr_onehot_alias,cy_cycleh,0
TP-CSR-054,CG-CSR-005,cr_onehot_alias,hpm10_hpm10,0
TP-CSR-054,CG-CSR-005,cr_onehot_alias,hpm11_hpm11,0
TP-CSR-054,CG-CSR-005,cr_onehot_alias,hpm12_hpm12,0
TP-CSR-054,CG-CSR-005,cr_onehot_alias,hpm12_hpm12h,0
TP-CSR-054,CG-CSR-005,cr_onehot_alias,hpm3_hpm3,0
TP-CSR-054,CG-CSR-005,cr_onehot_alias,hpm4_hpm4,0
TP-CSR-054,CG-CSR-005,cr_onehot_alias,hpm5_hpm5,0
TP-CSR-054,CG-CSR-005,cr_onehot_alias,hpm6_hpm6,0
TP-CSR-054,CG-CSR-005,cr_onehot_alias,hpm7_hpm7,0
TP-CSR-054,CG-CSR-005,cr_onehot_alias,hpm8_hpm8,0
TP-CSR-054,CG-CSR-005,cr_onehot_alias,hpm9_hpm9,0
TP-CSR-054,CG-CSR-005,cr_onehot_alias,ir_instret,0
TP-CSR-054,CG-CSR-005,cr_onehot_alias,ir_instreth,0
TP-CSR-055,CG-CSR-001,cp_aclass,time,0
TP-CSR-055,CG-CSR-001,cp_priv,m,0
TP-CSR-055,CG-CSR-001,cp_priv,u,0
TP-CSR-055,CG-CSR-001,cp_trap,trap,0
TP-CSR-055,CG-CSR-001,cr_priv_aclass_trap,m_time_trap,0
TP-CSR-055,CG-CSR-001,cr_priv_aclass_trap,u_time_trap,0
TP-CSR-055,CG-CSR-005,cp_alias,time,0
TP-CSR-055,CG-CSR-005,cp_alias,timeh,0
TP-CSR-055,CG-CSR-005,cp_priv,m,0
TP-CSR-055,CG-CSR-005,cp_priv,u,0
TP-CSR-055,CG-CSR-005,cp_trap,trap,0
TP-CSR-055,CG-CSR-005,cr_alias_m,m_time_trap,0
TP-CSR-055,CG-CSR-005,cr_alias_m,m_timeh_trap,0
TP-CSR-055,CG-CSR-005,cr_alias_u_trap,time,0
TP-CSR-055,CG-CSR-005,cr_alias_u_trap,timeh,0
TP-CSR-055,CG-CSR-014,cp_priv,m,0
TP-CSR-055,CG-CSR-014,cp_priv,u,0
TP-CSR-055,CG-CSR-014,cp_range,rc01,0
TP-CSR-055,CG-CSR-014,cp_range,rc81,0
TP-CSR-055,CG-CSR-014,cr_time,time_m,0
TP-CSR-055,CG-CSR-014,cr_time,time_u,0
TP-CSR-055,CG-CSR-014,cr_time,timeh_m,0
TP-CSR-055,CG-CSR-014,cr_time,timeh_u,0
TP-CSR-056,CG-CSR-001,cp_aclass,alias_unimpl,0
TP-CSR-056,CG-CSR-001,cp_priv,u,0
TP-CSR-056,CG-CSR-001,cp_trap,trap,0
TP-CSR-056,CG-CSR-001,cr_priv_aclass_trap,u_alias_unimpl_trap,0
TP-CSR-056,CG-CSR-005,cp_alias,hpm_unimpl,0
TP-CSR-056,CG-CSR-005,cp_alias,hpm_unimpl_h,0
TP-CSR-056,CG-CSR-005,cp_mcen_bit,na,0
TP-CSR-056,CG-CSR-005,cp_priv,m,0
TP-CSR-056,CG-CSR-005,cp_priv,u,0
TP-CSR-056,CG-CSR-005,cp_trap,ok,0
TP-CSR-056,CG-CSR-005,cp_trap,trap,0
TP-CSR-056,CG-CSR-005,cr_alias_m,m_hpm_unimpl_h_ok,0
TP-CSR-056,CG-CSR-005,cr_alias_m,m_hpm_unimpl_ok,0
TP-CSR-056,CG-CSR-005,cr_alias_u_trap,hpm_unimpl,0
TP-CSR-056,CG-CSR-005,cr_alias_u_trap,hpm_unimpl_h,0
TP-CSR-056,CG-CSR-005,cr_priv_bit_trap,m_na_ok,0
TP-CSR-056,CG-CSR-005,cr_priv_bit_trap,u_na_trap,0
TP-CSR-057,CG-CSR-001,cp_aclass,alias_impl,0
TP-CSR-057,CG-CSR-001,cp_iclass,wro,0
TP-CSR-057,CG-CSR-001,cp_op,csrrc,0
TP-CSR-057,CG-CSR-001,cp_op,csrrs,0
TP-CSR-057,CG-CSR-001,cp_op,csrrw,0
TP-CSR-057,CG-CSR-001,cp_priv,u,0
TP-CSR-057,CG-CSR-001,cp_rs1,nonzero,0
TP-CSR-057,CG-CSR-001,cp_rs1,zero,0
TP-CSR-057,CG-CSR-001,cp_trap,ok,0
TP-CSR-057,CG-CSR-001,cp_trap,trap,0
TP-CSR-057,CG-CSR-001,cr_iclass_priv,wro_u,0
TP-CSR-057,CG-CSR-001,cr_rs1zero_ro,csrrc_nz_alias_trap,0
TP-CSR-057,CG-CSR-001,cr_rs1zero_ro,csrrs_nz_alias_trap,0
TP-CSR-057,CG-CSR-001,cr_rs1zero_ro,csrrs_x0_alias_ok,0
TP-CSR-057,CG-CSR-001,cr_rs1zero_ro,csrrw_nz_alias_trap,0
TP-CSR-057,CG-CSR-005,cp_form,wr,0
TP-CSR-057,CG-CSR-005,cp_priv,m,0
TP-CSR-057,CG-CSR-005,cp_priv,u,0
TP-CSR-057,CG-CSR-005,cp_trap,trap,0
TP-CSR-057,CG-CSR-005,cr_wr_alias,wr_m_trap,0
TP-CSR-057,CG-CSR-005,cr_wr_alias,wr_u_trap,0
TP-CSR-058,CG-CSR-004,cp_csr,mcountinhibit,0
TP-CSR-058,CG-CSR-004,cp_fam,mcinh,0
TP-CSR-058,CG-CSR-004,cp_mcinh_w,cy,0
TP-CSR-058,CG-CSR-004,cp_mcinh_w,hi_ro,0
TP-CSR-058,CG-CSR-004,cp_mcinh_w,hpm10,0
TP-CSR-058,CG-CSR-004,cp_mcinh_w,hpm11,0
TP-CSR-058,CG-CSR-004,cp_mcinh_w,hpm12,0
TP-CSR-058,CG-CSR-004,cp_mcinh_w,hpm3,0
TP-CSR-058,CG-CSR-004,cp_mcinh_w,hpm4,0
TP-CSR-058,CG-CSR-004,cp_mcinh_w,hpm5,0
TP-CSR-058,CG-CSR-004,cp_mcinh_w,hpm6,0
TP-CSR-058,CG-CSR-004,cp_mcinh_w,hpm7,0
TP-CSR-058,CG-CSR-004,cp_mcinh_w,hpm8,0
TP-CSR-058,CG-CSR-004,cp_mcinh_w,hpm9,0
TP-CSR-058,CG-CSR-004,cp_mcinh_w,ir,0
TP-CSR-058,CG-CSR-004,cp_mcinh_w,tm_ro,0
TP-CSR-058,CG-CSR-004,cp_op,csrrc,0
TP-CSR-058,CG-CSR-004,cp_op,csrrci,0
TP-CSR-058,CG-CSR-004,cp_op,csrrs,0
TP-CSR-058,CG-CSR-004,cp_op,csrrsi,0
TP-CSR-058,CG-CSR-004,cp_op,csrrw,0
TP-CSR-058,CG-CSR-004,cp_op,csrrwi,0
TP-CSR-058,CG-CSR-004,cp_wpat,all0,0
TP-CSR-058,CG-CSR-004,cp_wpat,rand,0
TP-CSR-058,CG-CSR-004,cp_wpat,small,0
TP-CSR-058,CG-CSR-004,cr_fam_op,mcinh_csrrc,0
TP-CSR-058,CG-CSR-004,cr_fam_op,mcinh_csrrci,0
TP-CSR-058,CG-CSR-004,cr_fam_op,mcinh_csrrs,0
TP-CSR-058,CG-CSR-004,cr_fam_op,mcinh_csrrsi,0
TP-CSR-058,CG-CSR-004,cr_fam_op,mcinh_csrrw,0
TP-CSR-058,CG-CSR-004,cr_fam_op,mcinh_csrrwi,0
TP-CSR-058,CG-CSR-004,cr_fam_wpat,mcinh_all0,0
TP-CSR-058,CG-CSR-004,cr_fam_wpat,mcinh_rand,0
TP-CSR-058,CG-CSR-004,cr_fam_wpat,mcinh_small,0
TP-CSR-058,CG-CSR-004,cr_mcinh_w_op,cy_csrrc,0
TP-CSR-058,CG-CSR-004,cr_mcinh_w_op,cy_csrrs,0
TP-CSR-058,CG-CSR-004,cr_mcinh_w_op,hi_ro_csrrw,0
TP-CSR-058,CG-CSR-004,cr_mcinh_w_op,hpm12_csrrs,0
TP-CSR-058,CG-CSR-004,cr_mcinh_w_op,hpm3_csrrsi,0
TP-CSR-058,CG-CSR-004,cr_mcinh_w_op,ir_csrrc,0
TP-CSR-058,CG-CSR-004,cr_mcinh_w_op,ir_csrrs,0
TP-CSR-058,CG-CSR-004,cr_mcinh_w_op,tm_ro_csrrw,0
TP-CSR-058,CG-CSR-016,cp_csr,mcountinhibit,0
TP-CSR-059,CG-CSR-004,cp_csr,hpm10,0
TP-CSR-059,CG-CSR-004,cp_csr,hpm11,0
TP-CSR-059,CG-CSR-004,cp_csr,hpm12,0
TP-CSR-059,CG-CSR-004,cp_csr,hpm3,0
TP-CSR-059,CG-CSR-004,cp_csr,hpm4,0
TP-CSR-059,CG-CSR-004,cp_csr,hpm5,0
TP-CSR-059,CG-CSR-004,cp_csr,hpm6,0
TP-CSR-059,CG-CSR-004,cp_csr,hpm7,0
TP-CSR-059,CG-CSR-004,cp_csr,hpm8,0
TP-CSR-059,CG-CSR-004,cp_csr,hpm9,0
TP-CSR-059,CG-CSR-004,cp_csr,mcycle,0
TP-CSR-059,CG-CSR-004,cp_csr,mcycleh,0
TP-CSR-059,CG-CSR-004,cp_csr,minstret,0
TP-CSR-059,CG-CSR-004,cp_csr,minstreth,0
TP-CSR-059,CG-CSR-004,cp_inhibit,on,0
TP-CSR-059,CG-CSR-004,cr_csr_inhibit,hpm10_on,0
TP-CSR-059,CG-CSR-004,cr_csr_inhibit,hpm11_on,0
TP-CSR-059,CG-CSR-004,cr_csr_inhibit,hpm12_on,0
TP-CSR-059,CG-CSR-004,cr_csr_inhibit,hpm3_on,0
TP-CSR-059,CG-CSR-004,cr_csr_inhibit,hpm4_on,0
TP-CSR-059,CG-CSR-004,cr_csr_inhibit,hpm5_on,0
TP-CSR-059,CG-CSR-004,cr_csr_inhibit,hpm6_on,0
TP-CSR-059,CG-CSR-004,cr_csr_inhibit,hpm7_on,0
TP-CSR-059,CG-CSR-004,cr_csr_inhibit,hpm8_on,0
TP-CSR-059,CG-CSR-004,cr_csr_inhibit,hpm9_on,0
TP-CSR-059,CG-CSR-004,cr_csr_inhibit,mcycle_on,0
TP-CSR-059,CG-CSR-004,cr_csr_inhibit,mcycleh_on,0
TP-CSR-059,CG-CSR-004,cr_csr_inhibit,minstret_on,0
TP-CSR-059,CG-CSR-004,cr_csr_inhibit,minstreth_on,0
TP-CSR-059,CG-CSR-013,cp_csr,mcycle,0
TP-CSR-059,CG-CSR-013,cp_csr,mcycleh,0
TP-CSR-059,CG-CSR-013,cp_inhibit,on,0
TP-CSR-059,CG-CSR-013,cp_kind,rd,0
TP-CSR-059,CG-CSR-013,cp_kind,wr,0
TP-CSR-059,CG-CSR-013,cr_cyc_wr,mcycle_rd_on,0
TP-CSR-059,CG-CSR-013,cr_cyc_wr,mcycle_wr_on,0
TP-CSR-059,CG-CSR-013,cr_cyc_wr,mcycleh_wr_on,0
TP-CSR-060,CG-CSR-004,cp_fam,mcinh,0
TP-CSR-060,CG-CSR-004,cp_mcinh_w,all1,0
TP-CSR-060,CG-CSR-004,cp_op,csrrs,0
TP-CSR-060,CG-CSR-004,cp_op,csrrw,0
TP-CSR-060,CG-CSR-004,cp_wpat,all1,0
TP-CSR-060,CG-CSR-004,cr_fam_wpat,mcinh_all1,0
TP-CSR-060,CG-CSR-004,cr_mcinh_w_op,all1_csrrs,0
TP-CSR-060,CG-CSR-004,cr_mcinh_w_op,all1_csrrw,0
TP-CSR-060,CG-CSR-013,cp_csr,minstret,0
TP-CSR-060,CG-CSR-013,cp_inhibit,off,0
TP-CSR-060,CG-CSR-013,cp_inhibit,on,0
TP-CSR-060,CG-CSR-013,cp_wb_state,retiring,0
TP-CSR-060,CG-CSR-013,cr_minstret_rd_wb,minstret_inh_retiring,0
TP-CSR-060,CG-CSR-013,cr_minstret_rd_wb,minstret_retiring,0
TP-CSR-061,CG-CSR-004,cp_csr,mhpmevent_impl,0
TP-CSR-061,CG-CSR-004,cp_csr,mhpmevent_unimpl,0
TP-CSR-061,CG-CSR-004,cp_fam,mhpmev,0
TP-CSR-061,CG-CSR-004,cp_op,csrrc,0
TP-CSR-061,CG-CSR-004,cp_op,csrrci,0
TP-CSR-061,CG-CSR-004,cp_op,csrrs,0
TP-CSR-061,CG-CSR-004,cp_op,csrrsi,0
TP-CSR-061,CG-CSR-004,cp_op,csrrw,0
TP-CSR-061,CG-CSR-004,cp_op,csrrwi,0
TP-CSR-061,CG-CSR-004,cp_wpat,all0,0
TP-CSR-061,CG-CSR-004,cp_wpat,all1,0
TP-CSR-061,CG-CSR-004,cp_wpat,rand,0
TP-CSR-061,CG-CSR-004,cr_fam_op,mhpmev_csrrc,0
TP-CSR-061,CG-CSR-004,cr_fam_op,mhpmev_csrrci,0
TP-CSR-061,CG-CSR-004,cr_fam_op,mhpmev_csrrs,0
TP-CSR-061,CG-CSR-004,cr_fam_op,mhpmev_csrrsi,0
TP-CSR-061,CG-CSR-004,cr_fam_op,mhpmev_csrrw,0
TP-CSR-061,CG-CSR-004,cr_fam_op,mhpmev_csrrwi,0
TP-CSR-061,CG-CSR-004,cr_fam_wpat,mhpmev_all0,0
TP-CSR-061,CG-CSR-004,cr_fam_wpat,mhpmev_all1,0
TP-CSR-061,CG-CSR-004,cr_fam_wpat,mhpmev_rand,0
TP-CSR-061,CG-CSR-016,cp_csr,mhpmevent,0
TP-CSR-061,CG-CSR-016,cp_csr,mhpmevent_unimpl,0
TP-CSR-062,CG-CSR-004,cp_csr,mcycle,0
TP-CSR-062,CG-CSR-004,cp_csr,mcycleh,0
TP-CSR-062,CG-CSR-004,cp_fam,cycle64,0
TP-CSR-062,CG-CSR-004,cp_inhibit,off,0
TP-CSR-062,CG-CSR-004,cp_op,csrrc,0
TP-CSR-062,CG-CSR-004,cp_op,csrrci,0
TP-CSR-062,CG-CSR-004,cp_op,csrrs,0
TP-CSR-062,CG-CSR-004,cp_op,csrrsi,0
TP-CSR-062,CG-CSR-004,cp_op,csrrw,0
TP-CSR-062,CG-CSR-004,cp_op,csrrwi,0
TP-CSR-062,CG-CSR-004,cp_wpat,all0,0
TP-CSR-062,CG-CSR-004,cp_wpat,all1,0
TP-CSR-062,CG-CSR-004,cp_wpat,rand,0
TP-CSR-062,CG-CSR-004,cp_wpat,small,0
TP-CSR-062,CG-CSR-004,cr_csr_inhibit,mcycle_off,0
TP-CSR-062,CG-CSR-004,cr_csr_inhibit,mcycleh_off,0
TP-CSR-062,CG-CSR-004,cr_fam_op,cycle64_csrrc,0
TP-CSR-062,CG-CSR-004,cr_fam_op,cycle64_csrrci,0
TP-CSR-062,CG-CSR-004,cr_fam_op,cycle64_csrrs,0
TP-CSR-062,CG-CSR-004,cr_fam_op,cycle64_csrrsi,0
TP-CSR-062,CG-CSR-004,cr_fam_op,cycle64_csrrw,0
TP-CSR-062,CG-CSR-004,cr_fam_op,cycle64_csrrwi,0
TP-CSR-062,CG-CSR-004,cr_fam_wpat,cycle64_all0,0
TP-CSR-062,CG-CSR-004,cr_fam_wpat,cycle64_all1,0
TP-CSR-062,CG-CSR-004,cr_fam_wpat,cycle64_rand,0
TP-CSR-062,CG-CSR-004,cr_fam_wpat,cycle64_small,0
TP-CSR-062,CG-CSR-013,cp_near_wrap,no,0
TP-CSR-062,CG-CSR-016,cp_csr,mcycle,0
TP-CSR-062,CG-CSR-016,cp_csr,mcycleh,0
TP-CSR-063,CG-CSR-013,cp_coincide,coincide,0
TP-CSR-063,CG-CSR-013,cp_csr,mcycle,0
TP-CSR-063,CG-CSR-013,cp_inhibit,off,0
TP-CSR-063,CG-CSR-013,cp_kind,rd,0
TP-CSR-063,CG-CSR-013,cp_kind,wr,0
TP-CSR-063,CG-CSR-013,cr_cyc_wr,mcycle_rd_off,0
TP-CSR-063,CG-CSR-013,cr_cyc_wr,mcycle_wr_off,0
TP-CSR-064,CG-CSR-004,cp_fam,cycle64,0
TP-CSR-064,CG-CSR-004,cp_wpat,near_wrap,0
TP-CSR-064,CG-CSR-004,cr_fam_wpat,cycle64_near_wrap,0
TP-CSR-064,CG-CSR-013,cp_carry_win,no,0
TP-CSR-064,CG-CSR-013,cp_carry_win,yes,0
TP-CSR-064,CG-CSR-013,cp_csr,mcycle,0
TP-CSR-064,CG-CSR-013,cp_csr,mcycleh,0
TP-CSR-064,CG-CSR-013,cp_inhibit,off,0
TP-CSR-064,CG-CSR-013,cp_kind,rd,0
TP-CSR-064,CG-CSR-013,cp_kind,wr,0
TP-CSR-064,CG-CSR-013,cp_near_wrap,yes,0
TP-CSR-064,CG-CSR-013,cr_carry,carry_no,0
TP-CSR-064,CG-CSR-013,cr_carry,carry_yes,0
TP-CSR-064,CG-CSR-013,cr_cyc_wr,mcycleh_wr_off,0
TP-CSR-064,CG-CSR-013,cr_near_wrap,mcycle_wrap_rd,0
TP-CSR-064,CG-CSR-013,cr_near_wrap,mcycleh_wrap_wr,0
TP-CSR-065,CG-CSR-013,cp_coincide,coincide,0
TP-CSR-065,CG-CSR-013,cp_csr,mcycle,0
TP-CSR-065,CG-CSR-013,cp_csr,mcycleh,0
TP-CSR-065,CG-CSR-013,cp_csr,minstret,0
TP-CSR-065,CG-CSR-013,cp_inhibit,off,0
TP-CSR-065,CG-CSR-013,cp_kind,clr,0
TP-CSR-065,CG-CSR-013,cp_kind,set,0
TP-CSR-065,CG-CSR-013,cr_cyc_wr,mcycle_clr_off,0
TP-CSR-065,CG-CSR-013,cr_cyc_wr,mcycle_set_off,0
TP-CSR-065,CG-CSR-013,cr_cyc_wr,mcycleh_clr_off,0
TP-CSR-065,CG-CSR-013,cr_cyc_wr,mcycleh_set_off,0
TP-CSR-065,CG-CSR-013,cr_minstret_wr,minstret_clr_coincide,0
TP-CSR-065,CG-CSR-013,cr_minstret_wr,minstret_set_coincide,0
TP-CSR-066,CG-CSR-004,cp_csr,minstret,0
TP-CSR-066,CG-CSR-004,cp_csr,minstreth,0
TP-CSR-066,CG-CSR-004,cp_fam,instret64,0
TP-CSR-066,CG-CSR-004,cp_inhibit,off,0
TP-CSR-066,CG-CSR-004,cp_op,csrrc,0
TP-CSR-066,CG-CSR-004,cp_op,csrrci,0
TP-CSR-066,CG-CSR-004,cp_op,csrrs,0
TP-CSR-066,CG-CSR-004,cp_op,csrrsi,0
TP-CSR-066,CG-CSR-004,cp_op,csrrw,0
TP-CSR-066,CG-CSR-004,cp_op,csrrwi,0
TP-CSR-066,CG-CSR-004,cp_wpat,all0,0
TP-CSR-066,CG-CSR-004,cp_wpat,all1,0
TP-CSR-066,CG-CSR-004,cp_wpat,near_wrap,0
TP-CSR-066,CG-CSR-004,cp_wpat,rand,0
TP-CSR-066,CG-CSR-004,cp_wpat,small,0
TP-CSR-066,CG-CSR-004,cr_csr_inhibit,minstret_off,0
TP-CSR-066,CG-CSR-004,cr_csr_inhibit,minstreth_off,0
TP-CSR-066,CG-CSR-004,cr_fam_op,instret64_csrrc,0
TP-CSR-066,CG-CSR-004,cr_fam_op,instret64_csrrci,0
TP-CSR-066,CG-CSR-004,cr_fam_op,instret64_csrrs,0
TP-CSR-066,CG-CSR-004,cr_fam_op,instret64_csrrsi,0
TP-CSR-066,CG-CSR-004,cr_fam_op,instret64_csrrw,0
TP-CSR-066,CG-CSR-004,cr_fam_op,instret64_csrrwi,0
TP-CSR-066,CG-CSR-004,cr_fam_wpat,instret64_all0,0
TP-CSR-066,CG-CSR-004,cr_fam_wpat,instret64_all1,0
TP-CSR-066,CG-CSR-004,cr_fam_wpat,instret64_near_wrap,0
TP-CSR-066,CG-CSR-004,cr_fam_wpat,instret64_rand,0
TP-CSR-066,CG-CSR-004,cr_fam_wpat,instret64_small,0
TP-CSR-066,CG-CSR-013,cp_csr,minstret,0
TP-CSR-066,CG-CSR-013,cp_kind,rd,0
TP-CSR-066,CG-CSR-013,cp_near_wrap,yes,0
TP-CSR-066,CG-CSR-013,cr_near_wrap,minstret_wrap_rd,0
TP-CSR-066,CG-CSR-016,cp_csr,minstret,0
TP-CSR-066,CG-CSR-016,cp_csr,minstreth,0
TP-CSR-067,CG-CSR-013,cp_coincide,coincide,0
TP-CSR-067,CG-CSR-013,cp_coincide,none,0
TP-CSR-067,CG-CSR-013,cp_csr,minstret,0
TP-CSR-067,CG-CSR-013,cp_csr,minstreth,0
TP-CSR-067,CG-CSR-013,cp_kind,wr,0
TP-CSR-067,CG-CSR-013,cr_minstret_wr,minstret_wr_coincide,0
TP-CSR-067,CG-CSR-013,cr_minstret_wr,minstret_wr_none,0
TP-CSR-067,CG-CSR-013,cr_minstret_wr,minstreth_wr_coincide,0
TP-CSR-068,CG-CSR-013,cp_csr,hpm_lo,0
TP-CSR-068,CG-CSR-013,cp_csr,minstret,0
TP-CSR-068,CG-CSR-013,cp_inhibit,off,0
TP-CSR-068,CG-CSR-013,cp_wb_state,idle,0
TP-CSR-068,CG-CSR-013,cp_wb_state,retiring,0
TP-CSR-068,CG-CSR-013,cp_wb_state,retiring_err,0
TP-CSR-068,CG-CSR-013,cr_minstret_rd_wb,hpm_lo_retiring,0
TP-CSR-068,CG-CSR-013,cr_minstret_rd_wb,minstret_idle,0
TP-CSR-068,CG-CSR-013,cr_minstret_rd_wb,minstret_retiring,0
TP-CSR-068,CG-CSR-013,cr_minstret_rd_wb,minstret_retiring_err,0
TP-CSR-069,CG-CSR-004,cp_csr,hpm10,0
TP-CSR-069,CG-CSR-004,cp_csr,hpm10h,0
TP-CSR-069,CG-CSR-004,cp_csr,hpm11,0
TP-CSR-069,CG-CSR-004,cp_csr,hpm11h,0
TP-CSR-069,CG-CSR-004,cp_csr,hpm12,0
TP-CSR-069,CG-CSR-004,cp_csr,hpm12h,0
TP-CSR-069,CG-CSR-004,cp_csr,hpm3,0
TP-CSR-069,CG-CSR-004,cp_csr,hpm3h,0
TP-CSR-069,CG-CSR-004,cp_csr,hpm4,0
TP-CSR-069,CG-CSR-004,cp_csr,hpm4h,0
TP-CSR-069,CG-CSR-004,cp_csr,hpm5,0
TP-CSR-069,CG-CSR-004,cp_csr,hpm5h,0
TP-CSR-069,CG-CSR-004,cp_csr,hpm6,0
TP-CSR-069,CG-CSR-004,cp_csr,hpm6h,0
TP-CSR-069,CG-CSR-004,cp_csr,hpm7,0
TP-CSR-069,CG-CSR-004,cp_csr,hpm7h,0
TP-CSR-069,CG-CSR-004,cp_csr,hpm8,0
TP-CSR-069,CG-CSR-004,cp_csr,hpm8h,0
TP-CSR-069,CG-CSR-004,cp_csr,hpm9,0
TP-CSR-069,CG-CSR-004,cp_csr,hpm9h,0
TP-CSR-069,CG-CSR-004,cp_fam,hpm32,0
TP-CSR-069,CG-CSR-004,cp_fam,hpm32h,0
TP-CSR-069,CG-CSR-004,cp_inhibit,off,0
TP-CSR-069,CG-CSR-004,cp_op,csrrc,0
TP-CSR-069,CG-CSR-004,cp_op,csrrci,0
TP-CSR-069,CG-CSR-004,cp_op,csrrs,0
TP-CSR-069,CG-CSR-004,cp_op,csrrsi,0
TP-CSR-069,CG-CSR-004,cp_op,csrrw,0
TP-CSR-069,CG-CSR-004,cp_op,csrrwi,0
TP-CSR-069,CG-CSR-004,cp_wpat,all0,0
TP-CSR-069,CG-CSR-004,cp_wpat,all1,0
TP-CSR-069,CG-CSR-004,cp_wpat,rand,0
TP-CSR-069,CG-CSR-004,cp_wpat,small,0
TP-CSR-069,CG-CSR-004,cr_csr_inhibit,hpm10_off,0
TP-CSR-069,CG-CSR-004,cr_csr_inhibit,hpm11_off,0
TP-CSR-069,CG-CSR-004,cr_csr_inhibit,hpm12_off,0
TP-CSR-069,CG-CSR-004,cr_csr_inhibit,hpm3_off,0
TP-CSR-069,CG-CSR-004,cr_csr_inhibit,hpm4_off,0
TP-CSR-069,CG-CSR-004,cr_csr_inhibit,hpm5_off,0
TP-CSR-069,CG-CSR-004,cr_csr_inhibit,hpm6_off,0
TP-CSR-069,CG-CSR-004,cr_csr_inhibit,hpm7_off,0
TP-CSR-069,CG-CSR-004,cr_csr_inhibit,hpm8_off,0
TP-CSR-069,CG-CSR-004,cr_csr_inhibit,hpm9_off,0
TP-CSR-069,CG-CSR-004,cr_fam_op,hpm32_csrrc,0
TP-CSR-069,CG-CSR-004,cr_fam_op,hpm32_csrrci,0
TP-CSR-069,CG-CSR-004,cr_fam_op,hpm32_csrrs,0
TP-CSR-069,CG-CSR-004,cr_fam_op,hpm32_csrrsi,0
TP-CSR-069,CG-CSR-004,cr_fam_op,hpm32_csrrw,0
TP-CSR-069,CG-CSR-004,cr_fam_op,hpm32_csrrwi,0
TP-CSR-069,CG-CSR-004,cr_fam_op,hpm32h_csrrc,0
TP-CSR-069,CG-CSR-004,cr_fam_op,hpm32h_csrrci,0
TP-CSR-069,CG-CSR-004,cr_fam_op,hpm32h_csrrs,0
TP-CSR-069,CG-CSR-004,cr_fam_op,hpm32h_csrrsi,0
TP-CSR-069,CG-CSR-004,cr_fam_op,hpm32h_csrrw,0
TP-CSR-069,CG-CSR-004,cr_fam_op,hpm32h_csrrwi,0
TP-CSR-069,CG-CSR-004,cr_fam_wpat,hpm32_all0,0
TP-CSR-069,CG-CSR-004,cr_fam_wpat,hpm32_all1,0
TP-CSR-069,CG-CSR-004,cr_fam_wpat,hpm32_rand,0
TP-CSR-069,CG-CSR-004,cr_fam_wpat,hpm32_small,0
TP-CSR-069,CG-CSR-004,cr_fam_wpat,hpm32h_all0,0
TP-CSR-069,CG-CSR-004,cr_fam_wpat,hpm32h_all1,0
TP-CSR-069,CG-CSR-004,cr_fam_wpat,hpm32h_rand,0
TP-CSR-069,CG-CSR-016,cp_csr,hpm,0
TP-CSR-069,CG-CSR-016,cp_csr,hpmh,0
TP-CSR-070,CG-CSR-004,cp_fam,hpm32,0
TP-CSR-070,CG-CSR-004,cp_wpat,near_wrap,0
TP-CSR-070,CG-CSR-004,cr_fam_wpat,hpm32_near_wrap,0
TP-CSR-070,CG-CSR-013,cp_coincide,coincide,0
TP-CSR-070,CG-CSR-013,cp_csr,hpm_lo,0
TP-CSR-070,CG-CSR-013,cp_kind,rd,0
TP-CSR-070,CG-CSR-013,cp_kind,set,0
TP-CSR-070,CG-CSR-013,cp_kind,wr,0
TP-CSR-070,CG-CSR-013,cp_near_wrap,yes,0
TP-CSR-070,CG-CSR-013,cr_minstret_wr,hpm_lo_set_coincide,0
TP-CSR-070,CG-CSR-013,cr_minstret_wr,hpm_lo_wr_coincide,0
TP-CSR-070,CG-CSR-013,cr_near_wrap,hpm_wrap_rd,0
TP-CSR-071,CG-CSR-004,cp_csr,hpm_unimpl,0
TP-CSR-071,CG-CSR-004,cp_csr,hpm_unimpl_h,0
TP-CSR-071,CG-CSR-004,cp_fam,hpm_unimpl,0
TP-CSR-071,CG-CSR-004,cp_op,csrrc,0
TP-CSR-071,CG-CSR-004,cp_op,csrrci,0
TP-CSR-071,CG-CSR-004,cp_op,csrrs,0
TP-CSR-071,CG-CSR-004,cp_op,csrrsi,0
TP-CSR-071,CG-CSR-004,cp_op,csrrw,0
TP-CSR-071,CG-CSR-004,cp_op,csrrwi,0
TP-CSR-071,CG-CSR-004,cp_wpat,all1,0
TP-CSR-071,CG-CSR-004,cp_wpat,rand,0
TP-CSR-071,CG-CSR-004,cr_fam_op,hpm_unimpl_csrrc,0
TP-CSR-071,CG-CSR-004,cr_fam_op,hpm_unimpl_csrrci,0
TP-CSR-071,CG-CSR-004,cr_fam_op,hpm_unimpl_csrrs,0
TP-CSR-071,CG-CSR-004,cr_fam_op,hpm_unimpl_csrrsi,0
TP-CSR-071,CG-CSR-004,cr_fam_op,hpm_unimpl_csrrw,0
TP-CSR-071,CG-CSR-004,cr_fam_op,hpm_unimpl_csrrwi,0
TP-CSR-071,CG-CSR-004,cr_fam_wpat,hpm_unimpl_all1,0
TP-CSR-071,CG-CSR-004,cr_fam_wpat,hpm_unimpl_rand,0
TP-CSR-071,CG-CSR-016,cp_csr,hpm_unimpl,0
TP-CSR-072,CG-CSR-013,cp_csr,hpm10,0
TP-CSR-072,CG-CSR-013,cp_inhibit,off,0
TP-CSR-072,CG-CSR-013,cp_wb_state,idle,0
TP-CSR-072,CG-CSR-013,cp_wb_state,retiring,0
TP-CSR-072,CG-CSR-013,cr_minstret_rd_wb,hpm10_idle,0
TP-CSR-072,CG-CSR-013,cr_minstret_rd_wb,hpm10_retiring,0
TP-CSR-073,CG-CSR-004,cp_fam,hpm32h,0
TP-CSR-073,CG-CSR-004,cp_op,csrrw,0
TP-CSR-073,CG-CSR-004,cr_fam_op,hpm32h_csrrw,0
TP-CSR-073,CG-CSR-013,cp_coincide,coincide,0
TP-CSR-073,CG-CSR-013,cp_csr,hpm_hi,0
TP-CSR-073,CG-CSR-013,cp_kind,wr,0
TP-CSR-073,CG-CSR-013,cp_near_wrap,yes,0
TP-CSR-073,CG-CSR-013,cr_minstret_wr,hpm_hi_wr_coincide,0
TP-CSR-073,CG-CSR-013,cr_near_wrap,hpm_hi_wrap_wr,0
TP-CSR-074,CG-CSR-007,cp_csr,dcsr,0
TP-CSR-074,CG-CSR-007,cp_dcsr_ebreakm_w,b0,0
TP-CSR-074,CG-CSR-007,cp_dcsr_ebreakm_w,b1,0
TP-CSR-074,CG-CSR-007,cp_dcsr_ebreaku_w,b0,0
TP-CSR-074,CG-CSR-007,cp_dcsr_ebreaku_w,b1,0
TP-CSR-074,CG-CSR-007,cp_dcsr_ro_w,none,0
TP-CSR-074,CG-CSR-007,cp_dcsr_ro_w,some,0
TP-CSR-074,CG-CSR-007,cp_dcsr_step_w,b0,0
TP-CSR-074,CG-CSR-007,cp_dcsr_step_w,b1,0
TP-CSR-074,CG-CSR-007,cp_op,csrrc,0
TP-CSR-074,CG-CSR-007,cp_op,csrrci,0
TP-CSR-074,CG-CSR-007,cp_op,csrrs,0
TP-CSR-074,CG-CSR-007,cp_op,csrrsi,0
TP-CSR-074,CG-CSR-007,cp_op,csrrw,0
TP-CSR-074,CG-CSR-007,cp_op,csrrwi,0
TP-CSR-074,CG-CSR-007,cp_priv,m,0
TP-CSR-074,CG-CSR-007,cp_wpat,all0,0
TP-CSR-074,CG-CSR-007,cp_wpat,illegal_only,0
TP-CSR-074,CG-CSR-007,cp_wpat,legal_only,0
TP-CSR-074,CG-CSR-007,cp_wpat,rand,0
TP-CSR-074,CG-CSR-007,cr_csr_op_dbg,dcsr_csrrc,0
TP-CSR-074,CG-CSR-007,cr_csr_op_dbg,dcsr_csrrci,0
TP-CSR-074,CG-CSR-007,cr_csr_op_dbg,dcsr_csrrs,0
TP-CSR-074,CG-CSR-007,cr_csr_op_dbg,dcsr_csrrsi,0
TP-CSR-074,CG-CSR-007,cr_csr_op_dbg,dcsr_csrrw,0
TP-CSR-074,CG-CSR-007,cr_csr_op_dbg,dcsr_csrrwi,0
TP-CSR-074,CG-CSR-007,cr_csr_wpat_dbg,dcsr_all0,0
TP-CSR-074,CG-CSR-007,cr_csr_wpat_dbg,dcsr_illegal,0
TP-CSR-074,CG-CSR-007,cr_csr_wpat_dbg,dcsr_legal,0
TP-CSR-074,CG-CSR-007,cr_csr_wpat_dbg,dcsr_rand,0
TP-CSR-074,CG-CSR-007,cr_dcsr_bits,all0,0
TP-CSR-074,CG-CSR-007,cr_dcsr_bits,ebreakm_only,0
TP-CSR-074,CG-CSR-007,cr_dcsr_bits,ebreakm_u,0
TP-CSR-074,CG-CSR-007,cr_dcsr_bits,ebreaku_only,0
TP-CSR-074,CG-CSR-007,cr_dcsr_bits,step_ebreakm,0
TP-CSR-074,CG-CSR-007,cr_dcsr_bits,step_only,0
TP-CSR-074,CG-CSR-007,cr_dcsr_ro_w,none_csrrw,0
TP-CSR-074,CG-CSR-007,cr_dcsr_ro_w,some_csrrs,0
TP-CSR-074,CG-CSR-007,cr_dcsr_ro_w,some_csrrw,0
TP-CSR-075,CG-CSR-007,cp_csr,dcsr,0
TP-CSR-075,CG-CSR-007,cp_dcsr_prv_w,m,0
TP-CSR-075,CG-CSR-007,cp_op,csrrw,0
TP-CSR-075,CG-CSR-007,cp_wpat,all1,0
TP-CSR-075,CG-CSR-007,cr_csr_wpat_dbg,dcsr_all1,0
TP-CSR-075,CG-CSR-007,cr_dcsr_bits,all1,0
TP-CSR-075,CG-CSR-007,cr_prv_w_op,prv_m_csrrw,0
TP-CSR-075,CG-PRV-007,cp_cause,ebreak,0
TP-CSR-075,CG-PRV-007,cp_cause,haltreq,0
TP-CSR-075,CG-PRV-007,cp_cause,step,0
TP-CSR-075,CG-PRV-007,cp_cause,trigger,0
TP-CSR-076,CG-CSR-007,cp_csr,dcsr,0
TP-CSR-076,CG-CSR-007,cp_dcsr_ebreaks_w,b0,0
TP-CSR-076,CG-CSR-007,cp_dcsr_ebreaks_w,b1,0
TP-CSR-076,CG-CSR-007,cp_op,csrrc,0
TP-CSR-076,CG-CSR-007,cp_op,csrrs,0
TP-CSR-076,CG-CSR-007,cr_csr_op_dbg,dcsr_csrrc,0
TP-CSR-076,CG-CSR-007,cr_csr_op_dbg,dcsr_csrrs,0
TP-CSR-076,CG-CSR-007,cr_dcsr_bits,ebreaks_only,0
TP-CSR-077,CG-CSR-007,cp_dcsr_prv_w,h,0
TP-CSR-077,CG-CSR-007,cp_dcsr_prv_w,m,0
TP-CSR-077,CG-CSR-007,cp_dcsr_prv_w,s,0
TP-CSR-077,CG-CSR-007,cp_dcsr_prv_w,u,0
TP-CSR-077,CG-CSR-007,cp_op,csrrc,0
TP-CSR-077,CG-CSR-007,cp_op,csrrs,0
TP-CSR-077,CG-CSR-007,cp_op,csrrsi,0
TP-CSR-077,CG-CSR-007,cp_op,csrrw,0
TP-CSR-077,CG-CSR-007,cr_prv_w_op,prv_h_csrrsi,0
TP-CSR-077,CG-CSR-007,cr_prv_w_op,prv_h_csrrw,0
TP-CSR-077,CG-CSR-007,cr_prv_w_op,prv_m_csrrw,0
TP-CSR-077,CG-CSR-007,cr_prv_w_op,prv_s_csrrs,0
TP-CSR-077,CG-CSR-007,cr_prv_w_op,prv_s_csrrw,0
TP-CSR-077,CG-CSR-007,cr_prv_w_op,prv_u_csrrc,0
TP-CSR-077,CG-CSR-007,cr_prv_w_op,prv_u_csrrw,0
TP-CSR-077,CG-PRV-007,cp_prv_at_dret,m,0
TP-CSR-077,CG-PRV-007,cp_prv_at_dret,u,0
TP-CSR-077,CG-PRV-007,cp_prv_written,h,0
TP-CSR-077,CG-PRV-007,cp_prv_written,m,0
TP-CSR-077,CG-PRV-007,cp_prv_written,s,0
TP-CSR-077,CG-PRV-007,cp_prv_written,u,0
TP-CSR-077,CG-PRV-007,cr_dret_prv,h_u,0
TP-CSR-077,CG-PRV-007,cr_dret_prv,m_m,0
TP-CSR-077,CG-PRV-007,cr_dret_prv,s_u,0
TP-CSR-077,CG-PRV-007,cr_dret_prv,u_u,0
TP-CSR-078,CG-CSR-007,cp_csr,dpc,0
TP-CSR-078,CG-CSR-007,cp_dpc_lo_w,b0,0
TP-CSR-078,CG-CSR-007,cp_dpc_lo_w,b1,0
TP-CSR-078,CG-CSR-007,cp_op,csrrc,0
TP-CSR-078,CG-CSR-007,cp_op,csrrci,0
TP-CSR-078,CG-CSR-007,cp_op,csrrs,0
TP-CSR-078,CG-CSR-007,cp_op,csrrsi,0
TP-CSR-078,CG-CSR-007,cp_op,csrrw,0
TP-CSR-078,CG-CSR-007,cp_op,csrrwi,0
TP-CSR-078,CG-CSR-007,cp_wpat,all0,0
TP-CSR-078,CG-CSR-007,cp_wpat,all1,0
TP-CSR-078,CG-CSR-007,cp_wpat,illegal_only,0
TP-CSR-078,CG-CSR-007,cp_wpat,legal_only,0
TP-CSR-078,CG-CSR-007,cp_wpat,rand,0
TP-CSR-078,CG-CSR-007,cr_csr_op_dbg,dpc_csrrc,0
TP-CSR-078,CG-CSR-007,cr_csr_op_dbg,dpc_csrrci,0
TP-CSR-078,CG-CSR-007,cr_csr_op_dbg,dpc_csrrs,0
TP-CSR-078,CG-CSR-007,cr_csr_op_dbg,dpc_csrrsi,0
TP-CSR-078,CG-CSR-007,cr_csr_op_dbg,dpc_csrrw,0
TP-CSR-078,CG-CSR-007,cr_csr_op_dbg,dpc_csrrwi,0
TP-CSR-078,CG-CSR-007,cr_csr_wpat_dbg,dpc_all0,0
TP-CSR-078,CG-CSR-007,cr_csr_wpat_dbg,dpc_all1,0
TP-CSR-078,CG-CSR-007,cr_csr_wpat_dbg,dpc_illegal,0
TP-CSR-078,CG-CSR-007,cr_csr_wpat_dbg,dpc_legal,0
TP-CSR-078,CG-CSR-007,cr_csr_wpat_dbg,dpc_rand,0
TP-CSR-078,CG-CSR-007,cr_dpc_lo,b0_csrrw,0
TP-CSR-078,CG-CSR-007,cr_dpc_lo,b1_csrrsi,0
TP-CSR-078,CG-CSR-007,cr_dpc_lo,b1_csrrw,0
TP-CSR-079,CG-CSR-007,cp_csr,dscratch0,0
TP-CSR-079,CG-CSR-007,cp_csr,dscratch1,0
TP-CSR-079,CG-CSR-007,cp_op,csrrc,0
TP-CSR-079,CG-CSR-007,cp_op,csrrci,0
TP-CSR-079,CG-CSR-007,cp_op,csrrs,0
TP-CSR-079,CG-CSR-007,cp_op,csrrsi,0
TP-CSR-079,CG-CSR-007,cp_op,csrrw,0
TP-CSR-079,CG-CSR-007,cp_op,csrrwi,0
TP-CSR-079,CG-CSR-007,cp_wpat,all0,0
TP-CSR-079,CG-CSR-007,cp_wpat,all1,0
TP-CSR-079,CG-CSR-007,cp_wpat,rand,0
TP-CSR-079,CG-CSR-007,cr_csr_op_dbg,dscratch0_csrrc,0
TP-CSR-079,CG-CSR-007,cr_csr_op_dbg,dscratch0_csrrci,0
TP-CSR-079,CG-CSR-007,cr_csr_op_dbg,dscratch0_csrrs,0
TP-CSR-079,CG-CSR-007,cr_csr_op_dbg,dscratch0_csrrsi,0
TP-CSR-079,CG-CSR-007,cr_csr_op_dbg,dscratch0_csrrw,0
TP-CSR-079,CG-CSR-007,cr_csr_op_dbg,dscratch0_csrrwi,0
TP-CSR-079,CG-CSR-007,cr_csr_op_dbg,dscratch1_csrrc,0
TP-CSR-079,CG-CSR-007,cr_csr_op_dbg,dscratch1_csrrci,0
TP-CSR-079,CG-CSR-007,cr_csr_op_dbg,dscratch1_csrrs,0
TP-CSR-079,CG-CSR-007,cr_csr_op_dbg,dscratch1_csrrsi,0
TP-CSR-079,CG-CSR-007,cr_csr_op_dbg,dscratch1_csrrw,0
TP-CSR-079,CG-CSR-007,cr_csr_op_dbg,dscratch1_csrrwi,0
TP-CSR-079,CG-CSR-007,cr_csr_wpat_dbg,dscratch0_all0,0
TP-CSR-079,CG-CSR-007,cr_csr_wpat_dbg,dscratch0_all1,0
TP-CSR-079,CG-CSR-007,cr_csr_wpat_dbg,dscratch0_rand,0
TP-CSR-079,CG-CSR-007,cr_csr_wpat_dbg,dscratch1_all0,0
TP-CSR-079,CG-CSR-007,cr_csr_wpat_dbg,dscratch1_all1,0
TP-CSR-079,CG-CSR-007,cr_csr_wpat_dbg,dscratch1_rand,0
TP-CSR-080,CG-CSR-001,cp_aclass,trig,0
TP-CSR-080,CG-CSR-001,cp_priv,m,0
TP-CSR-080,CG-CSR-001,cp_trap,ok,0
TP-CSR-080,CG-CSR-001,cr_priv_aclass_trap,m_trig_ok,0
TP-CSR-080,CG-CSR-008,cp_csr,tselect,0
TP-CSR-080,CG-CSR-008,cp_dbg,dbg,0
TP-CSR-080,CG-CSR-008,cp_dbg,nondbg,0
TP-CSR-080,CG-CSR-008,cp_form,rd_only,0
TP-CSR-080,CG-CSR-008,cp_form,wr,0
TP-CSR-080,CG-CSR-008,cp_op,csrrc,0
TP-CSR-080,CG-CSR-008,cp_op,csrrci,0
TP-CSR-080,CG-CSR-008,cp_op,csrrs,0
TP-CSR-080,CG-CSR-008,cp_op,csrrsi,0
TP-CSR-080,CG-CSR-008,cp_op,csrrw,0
TP-CSR-080,CG-CSR-008,cp_op,csrrwi,0
TP-CSR-080,CG-CSR-008,cp_tsel_w,ge_num,0
TP-CSR-080,CG-CSR-008,cp_tsel_w,zero,0
TP-CSR-080,CG-CSR-008,cp_wpat,all1,0
TP-CSR-080,CG-CSR-008,cp_wpat,rand,0
TP-CSR-080,CG-CSR-008,cr_csr_dbg_form,tselect_dbg_rd,0
TP-CSR-080,CG-CSR-008,cr_csr_dbg_form,tselect_dbg_wr,0
TP-CSR-080,CG-CSR-008,cr_csr_dbg_form,tselect_nondbg_rd,0
TP-CSR-080,CG-CSR-008,cr_csr_dbg_form,tselect_nondbg_wr,0
TP-CSR-080,CG-CSR-008,cr_csr_op_dbg,tselect_csrrc,0
TP-CSR-080,CG-CSR-008,cr_csr_op_dbg,tselect_csrrci,0
TP-CSR-080,CG-CSR-008,cr_csr_op_dbg,tselect_csrrs,0
TP-CSR-080,CG-CSR-008,cr_csr_op_dbg,tselect_csrrsi,0
TP-CSR-080,CG-CSR-008,cr_csr_op_dbg,tselect_csrrw,0
TP-CSR-080,CG-CSR-008,cr_csr_op_dbg,tselect_csrrwi,0
TP-CSR-080,CG-CSR-008,cr_csr_wpat,tselect_all1,0
TP-CSR-080,CG-CSR-008,cr_csr_wpat,tselect_rand,0
TP-CSR-080,CG-CSR-008,cr_tsel_w_dbg,ge_dbg,0
TP-CSR-080,CG-CSR-008,cr_tsel_w_dbg,ge_nondbg,0
TP-CSR-080,CG-CSR-008,cr_tsel_w_dbg,zero_dbg,0
TP-CSR-080,CG-CSR-008,cr_tsel_w_dbg,zero_nondbg,0
TP-CSR-080,CG-CSR-016,cp_csr,tselect,0
TP-CSR-081,CG-CSR-008,cp_csr,tdata1,0
TP-CSR-081,CG-CSR-008,cp_dbg,dbg,0
TP-CSR-081,CG-CSR-008,cp_dbg,nondbg,0
TP-CSR-081,CG-CSR-008,cp_form,rd_only,0
TP-CSR-081,CG-CSR-008,cp_form,wr,0
TP-CSR-081,CG-CSR-008,cp_op,csrrc,0
TP-CSR-081,CG-CSR-008,cp_op,csrrci,0
TP-CSR-081,CG-CSR-008,cp_op,csrrs,0
TP-CSR-081,CG-CSR-008,cp_op,csrrsi,0
TP-CSR-081,CG-CSR-008,cp_op,csrrw,0
TP-CSR-081,CG-CSR-008,cp_op,csrrwi,0
TP-CSR-081,CG-CSR-008,cp_priv,m,0
TP-CSR-081,CG-CSR-008,cp_tdata1_exec_w,b0,0
TP-CSR-081,CG-CSR-008,cp_tdata1_exec_w,b1,0
TP-CSR-081,CG-CSR-008,cp_tdata1_other_w,none,0
TP-CSR-081,CG-CSR-008,cp_tdata1_other_w,some,0
TP-CSR-081,CG-CSR-008,cp_trap,ok,0
TP-CSR-081,CG-CSR-008,cp_wpat,all0,0
TP-CSR-081,CG-CSR-008,cp_wpat,all1,0
TP-CSR-081,CG-CSR-008,cp_wpat,illegal_only,0
TP-CSR-081,CG-CSR-008,cp_wpat,legal_only,0
TP-CSR-081,CG-CSR-008,cp_wpat,rand,0
TP-CSR-081,CG-CSR-008,cr_csr_dbg_form,tdata1_dbg_rd,0
TP-CSR-081,CG-CSR-008,cr_csr_dbg_form,tdata1_dbg_wr,0
TP-CSR-081,CG-CSR-008,cr_csr_dbg_form,tdata1_nondbg_rd,0
TP-CSR-081,CG-CSR-008,cr_csr_dbg_form,tdata1_nondbg_wr,0
TP-CSR-081,CG-CSR-008,cr_csr_op_dbg,tdata1_csrrc,0
TP-CSR-081,CG-CSR-008,cr_csr_op_dbg,tdata1_csrrci,0
TP-CSR-081,CG-CSR-008,cr_csr_op_dbg,tdata1_csrrs,0
TP-CSR-081,CG-CSR-008,cr_csr_op_dbg,tdata1_csrrsi,0
TP-CSR-081,CG-CSR-008,cr_csr_op_dbg,tdata1_csrrw,0
TP-CSR-081,CG-CSR-008,cr_csr_op_dbg,tdata1_csrrwi,0
TP-CSR-081,CG-CSR-008,cr_csr_wpat,tdata1_all0,0
TP-CSR-081,CG-CSR-008,cr_csr_wpat,tdata1_all1,0
TP-CSR-081,CG-CSR-008,cr_csr_wpat,tdata1_illegal,0
TP-CSR-081,CG-CSR-008,cr_csr_wpat,tdata1_legal,0
TP-CSR-081,CG-CSR-008,cr_csr_wpat,tdata1_rand,0
TP-CSR-081,CG-CSR-008,cr_tdata1_w,dbg_e0_none,0
TP-CSR-081,CG-CSR-008,cr_tdata1_w,dbg_e0_some,0
TP-CSR-081,CG-CSR-008,cr_tdata1_w,dbg_e1_none,0
TP-CSR-081,CG-CSR-008,cr_tdata1_w,dbg_e1_some,0
TP-CSR-081,CG-CSR-008,cr_tdata1_w,nondbg_e1_none,0
TP-CSR-081,CG-CSR-008,cr_tdata1_w,nondbg_e1_some,0
TP-CSR-081,CG-CSR-016,cp_csr,tdata1,0
TP-CSR-081,CG-CSR-016,cr_dbg_reset,tdata1_dbg,0
TP-CSR-082,CG-CSR-008,cp_csr,tdata2,0
TP-CSR-082,CG-CSR-008,cp_dbg,dbg,0
TP-CSR-082,CG-CSR-008,cp_dbg,nondbg,0
TP-CSR-082,CG-CSR-008,cp_form,rd_only,0
TP-CSR-082,CG-CSR-008,cp_form,wr,0
TP-CSR-082,CG-CSR-008,cp_op,csrrc,0
TP-CSR-082,CG-CSR-008,cp_op,csrrci,0
TP-CSR-082,CG-CSR-008,cp_op,csrrs,0
TP-CSR-082,CG-CSR-008,cp_op,csrrsi,0
TP-CSR-082,CG-CSR-008,cp_op,csrrw,0
TP-CSR-082,CG-CSR-008,cp_op,csrrwi,0
TP-CSR-082,CG-CSR-008,cp_wpat,all0,0
TP-CSR-082,CG-CSR-008,cp_wpat,all1,0
TP-CSR-082,CG-CSR-008,cp_wpat,rand,0
TP-CSR-082,CG-CSR-008,cr_csr_dbg_form,tdata2_dbg_rd,0
TP-CSR-082,CG-CSR-008,cr_csr_dbg_form,tdata2_dbg_wr,0
TP-CSR-082,CG-CSR-008,cr_csr_dbg_form,tdata2_nondbg_rd,0
TP-CSR-082,CG-CSR-008,cr_csr_dbg_form,tdata2_nondbg_wr,0
TP-CSR-082,CG-CSR-008,cr_csr_op_dbg,tdata2_csrrc,0
TP-CSR-082,CG-CSR-008,cr_csr_op_dbg,tdata2_csrrci,0
TP-CSR-082,CG-CSR-008,cr_csr_op_dbg,tdata2_csrrs,0
TP-CSR-082,CG-CSR-008,cr_csr_op_dbg,tdata2_csrrsi,0
TP-CSR-082,CG-CSR-008,cr_csr_op_dbg,tdata2_csrrw,0
TP-CSR-082,CG-CSR-008,cr_csr_op_dbg,tdata2_csrrwi,0
TP-CSR-082,CG-CSR-008,cr_csr_wpat,tdata2_all0,0
TP-CSR-082,CG-CSR-008,cr_csr_wpat,tdata2_all1,0
TP-CSR-082,CG-CSR-008,cr_csr_wpat,tdata2_rand,0
TP-CSR-082,CG-CSR-016,cp_csr,tdata2,0
TP-CSR-083,CG-CSR-001,cp_aclass,s_lvl,0
TP-CSR-083,CG-CSR-001,cp_priv,m,0
TP-CSR-083,CG-CSR-001,cp_priv,u,0
TP-CSR-083,CG-CSR-001,cp_trap,ok,0
TP-CSR-083,CG-CSR-001,cp_trap,trap,0
TP-CSR-083,CG-CSR-001,cr_priv_aclass_trap,m_s_lvl_ok,0
TP-CSR-083,CG-CSR-001,cr_priv_aclass_trap,u_s_lvl_trap,0
TP-CSR-083,CG-CSR-008,cp_csr,mcontext,0
TP-CSR-083,CG-CSR-008,cp_csr,mscontext,0
TP-CSR-083,CG-CSR-008,cp_csr,scontext,0
TP-CSR-083,CG-CSR-008,cp_csr,tdata3,0
TP-CSR-083,CG-CSR-008,cp_dbg,dbg,0
TP-CSR-083,CG-CSR-008,cp_dbg,nondbg,0
TP-CSR-083,CG-CSR-008,cp_form,rd_only,0
TP-CSR-083,CG-CSR-008,cp_form,wr,0
TP-CSR-083,CG-CSR-008,cp_priv,u,0
TP-CSR-083,CG-CSR-008,cp_trap,trap,0
TP-CSR-083,CG-CSR-008,cp_wpat,all1,0
TP-CSR-083,CG-CSR-008,cr_csr_dbg_form,mcontext_nondbg_rd,0
TP-CSR-083,CG-CSR-008,cr_csr_dbg_form,mcontext_nondbg_wr,0
TP-CSR-083,CG-CSR-008,cr_csr_dbg_form,mscontext_nondbg_rd,0
TP-CSR-083,CG-CSR-008,cr_csr_dbg_form,mscontext_nondbg_wr,0
TP-CSR-083,CG-CSR-008,cr_csr_dbg_form,scontext_nondbg_rd,0
TP-CSR-083,CG-CSR-008,cr_csr_dbg_form,scontext_nondbg_wr,0
TP-CSR-083,CG-CSR-008,cr_csr_dbg_form,tdata3_dbg_wr,0
TP-CSR-083,CG-CSR-008,cr_csr_dbg_form,tdata3_nondbg_rd,0
TP-CSR-083,CG-CSR-008,cr_csr_dbg_form,tdata3_nondbg_wr,0
TP-CSR-083,CG-CSR-008,cr_csr_u,mcontext_u,0
TP-CSR-083,CG-CSR-008,cr_csr_u,mscontext_u,0
TP-CSR-083,CG-CSR-008,cr_csr_u,scontext_u,0
TP-CSR-083,CG-CSR-008,cr_csr_u,tdata3_u,0
TP-CSR-083,CG-CSR-008,cr_csr_wpat,mcontext_all1,0
TP-CSR-083,CG-CSR-008,cr_csr_wpat,mscontext_all1,0
TP-CSR-083,CG-CSR-008,cr_csr_wpat,scontext_all1,0
TP-CSR-083,CG-CSR-008,cr_csr_wpat,tdata3_all1,0
TP-CSR-083,CG-CSR-016,cp_csr,mcontext,0
TP-CSR-083,CG-CSR-016,cp_csr,mscontext,0
TP-CSR-083,CG-CSR-016,cp_csr,scontext,0
TP-CSR-083,CG-CSR-016,cp_csr,tdata3,0
TP-CSR-084,CG-CSR-008,cp_csr,tdata1,0
TP-CSR-084,CG-CSR-008,cp_csr,tdata2,0
TP-CSR-084,CG-CSR-008,cp_csr,tselect,0
TP-CSR-084,CG-CSR-008,cp_dbg,nondbg,0
TP-CSR-084,CG-CSR-008,cp_form,wr,0
TP-CSR-084,CG-CSR-008,cp_priv,u,0
TP-CSR-084,CG-CSR-008,cp_tdata1_other_w,none,0
TP-CSR-084,CG-CSR-008,cp_trap,trap,0
TP-CSR-084,CG-CSR-008,cr_csr_dbg_form,tdata1_nondbg_wr,0
TP-CSR-084,CG-CSR-008,cr_csr_dbg_form,tdata2_nondbg_wr,0
TP-CSR-084,CG-CSR-008,cr_csr_dbg_form,tselect_nondbg_wr,0
TP-CSR-084,CG-CSR-008,cr_csr_u,tdata1_u,0
TP-CSR-084,CG-CSR-008,cr_csr_u,tdata2_u,0
TP-CSR-084,CG-CSR-008,cr_csr_u,tselect_u,0
TP-CSR-084,CG-CSR-008,cr_tdata1_w,nondbg_e1_none,0
TP-CSR-085,CG-CSR-009,cp_dit_w,b0,0
TP-CSR-085,CG-CSR-009,cp_dit_w,b1,0
TP-CSR-085,CG-CSR-009,cp_dummy_en_w,b1,0
TP-CSR-085,CG-CSR-009,cp_hi_w,nonzero,0
TP-CSR-085,CG-CSR-009,cp_hi_w,zero,0
TP-CSR-085,CG-CSR-009,cp_op,csrrc,0
TP-CSR-085,CG-CSR-009,cp_op,csrrci,0
TP-CSR-085,CG-CSR-009,cp_op,csrrs,0
TP-CSR-085,CG-CSR-009,cp_op,csrrsi,0
TP-CSR-085,CG-CSR-009,cp_op,csrrw,0
TP-CSR-085,CG-CSR-009,cp_op,csrrwi,0
TP-CSR-085,CG-CSR-009,cp_priv,m,0
TP-CSR-085,CG-CSR-009,cp_trap,ok,0
TP-CSR-085,CG-CSR-009,cp_wpat,all0,0
TP-CSR-085,CG-CSR-009,cp_wpat,illegal_only,0
TP-CSR-085,CG-CSR-009,cp_wpat,legal_only,0
TP-CSR-085,CG-CSR-009,cp_wpat,rand,0
TP-CSR-085,CG-CSR-009,cr_hi_w,nz_csrrs,0
TP-CSR-085,CG-CSR-009,cr_hi_w,nz_csrrw,0
TP-CSR-085,CG-CSR-009,cr_ic_dit,ic0_dit0,0
TP-CSR-085,CG-CSR-009,cr_ic_dit,ic0_dit1,0
TP-CSR-085,CG-CSR-009,cr_ic_dit,ic1_dit0,0
TP-CSR-085,CG-CSR-009,cr_ic_dit,ic1_dit1,0
TP-CSR-085,CG-CSR-009,cr_wpat_op,all0_csrrw,0
TP-CSR-085,CG-CSR-009,cr_wpat_op,illegal_csrrw,0
TP-CSR-085,CG-CSR-009,cr_wpat_op,legal_csrrci,0
TP-CSR-085,CG-CSR-009,cr_wpat_op,legal_csrrsi,0
TP-CSR-085,CG-CSR-009,cr_wpat_op,rand_csrrc,0
TP-CSR-085,CG-CSR-009,cr_wpat_op,rand_csrrs,0
TP-CSR-085,CG-CSR-009,cr_wpat_op,rand_csrrw,0
TP-CSR-085,CG-CSR-016,cp_csr,cpuctrlsts,0
TP-CSR-086,CG-CSR-009,cp_icache_w,b0,0
TP-CSR-086,CG-CSR-009,cp_icache_w,b1,0
TP-CSR-086,CG-CSR-009,cr_ic_dit,ic1_dit0,0
TP-CSR-086,CG-PRV-007,cp_cause,haltreq,0
TP-CSR-086,CG-PRV-007,cp_from,m,0
TP-CSR-086,CG-PRV-007,cr_entry,m_haltreq,0
TP-CSR-087,CG-CSR-009,cp_dummy_en_w,b0,0
TP-CSR-087,CG-CSR-009,cp_dummy_mask_w,m0,0
TP-CSR-087,CG-CSR-009,cp_dummy_mask_w,m1,0
TP-CSR-087,CG-CSR-009,cp_dummy_mask_w,m2,0
TP-CSR-087,CG-CSR-009,cp_dummy_mask_w,m3,0
TP-CSR-087,CG-CSR-009,cp_dummy_mask_w,m4,0
TP-CSR-087,CG-CSR-009,cp_dummy_mask_w,m5,0
TP-CSR-087,CG-CSR-009,cp_dummy_mask_w,m6,0
TP-CSR-087,CG-CSR-009,cp_dummy_mask_w,m7,0
TP-CSR-087,CG-CSR-009,cr_mask_en,m0_en,0
TP-CSR-087,CG-CSR-009,cr_mask_en,m1_en,0
TP-CSR-087,CG-CSR-009,cr_mask_en,m2_en,0
TP-CSR-087,CG-CSR-009,cr_mask_en,m3_en,0
TP-CSR-087,CG-CSR-009,cr_mask_en,m4_en,0
TP-CSR-087,CG-CSR-009,cr_mask_en,m5_en,0
TP-CSR-087,CG-CSR-009,cr_mask_en,m6_en,0
TP-CSR-087,CG-CSR-009,cr_mask_en,m7_en,0
TP-CSR-088,CG-CSR-009,cp_key_pin,hi,0
TP-CSR-088,CG-CSR-009,cp_key_pin,lo,0
TP-CSR-088,CG-CSR-009,cp_key_w,b0,0
TP-CSR-088,CG-CSR-009,cp_key_w,b1,0
TP-CSR-088,CG-CSR-009,cp_op,csrrs,0
TP-CSR-088,CG-CSR-009,cp_op,csrrw,0
TP-CSR-088,CG-CSR-009,cp_wpat,all1,0
TP-CSR-088,CG-CSR-009,cr_key_rd,hi_rd,0
TP-CSR-088,CG-CSR-009,cr_key_rd,lo_rd,0
TP-CSR-088,CG-CSR-009,cr_key_w,w0_hi,0
TP-CSR-088,CG-CSR-009,cr_key_w,w1_hi,0
TP-CSR-088,CG-CSR-009,cr_key_w,w1_lo,0
TP-CSR-088,CG-CSR-009,cr_wpat_op,all1_csrrs,0
TP-CSR-088,CG-CSR-009,cr_wpat_op,all1_csrrw,0
TP-CSR-089,CG-CSR-009,cp_dbl_state,d1,0
TP-CSR-089,CG-CSR-009,cp_event,hw_dbl_pulse,0
TP-CSR-089,CG-CSR-009,cp_event,hw_irq,0
TP-CSR-089,CG-CSR-009,cp_event,hw_mret_clr,0
TP-CSR-089,CG-CSR-009,cp_event,hw_sync_set,0
TP-CSR-089,CG-CSR-009,cp_sync_state,s0,0
TP-CSR-089,CG-CSR-009,cp_sync_state,s1,0
TP-CSR-089,CG-CSR-009,cp_trap_kind,irq,0
TP-CSR-089,CG-CSR-009,cp_trap_kind,nmi,0
TP-CSR-089,CG-CSR-009,cp_trap_kind,sync_exc,0
TP-CSR-089,CG-CSR-009,cr_dbl_detect,mret_clr_s0,0
TP-CSR-089,CG-CSR-009,cr_dbl_detect,mret_clr_s1,0
TP-CSR-089,CG-CSR-009,cr_dbl_detect,s1_irq_nopulse,0
TP-CSR-089,CG-CSR-009,cr_dbl_detect,s1_nmi_nopulse,0
TP-CSR-089,CG-CSR-009,cr_dbl_detect,sync_s0_set,0
TP-CSR-089,CG-CSR-009,cr_dbl_detect,sync_s1_pulse,0
TP-CSR-090,CG-CSR-009,cp_event,hw_dbg,0
TP-CSR-090,CG-CSR-009,cp_event,hw_dbl_pulse,0
TP-CSR-090,CG-CSR-009,cp_event,hw_irq,0
TP-CSR-090,CG-CSR-009,cp_sync_state,s1,0
TP-CSR-090,CG-CSR-009,cp_trap_kind,dbg_entry,0
TP-CSR-090,CG-CSR-009,cp_trap_kind,dbgmode_exc,0
TP-CSR-090,CG-CSR-009,cp_trap_kind,irq,0
TP-CSR-090,CG-CSR-009,cp_trap_kind,nmi,0
TP-CSR-090,CG-CSR-009,cp_trap_kind,sync_exc,0
TP-CSR-090,CG-CSR-009,cr_dbl_detect,s1_dbg_nopulse,0
TP-CSR-090,CG-CSR-009,cr_dbl_detect,s1_dbgmode_exc_nopulse,0
TP-CSR-090,CG-CSR-009,cr_dbl_detect,s1_irq_nopulse,0
TP-CSR-090,CG-CSR-009,cr_dbl_detect,s1_nmi_nopulse,0
TP-CSR-090,CG-CSR-009,cr_dbl_detect,sync_s1_pulse,0
TP-CSR-091,CG-CSR-009,cp_dbl_state,d0,0
TP-CSR-091,CG-CSR-009,cp_dbl_state,d1,0
TP-CSR-091,CG-CSR-009,cp_dbl_w,b0,0
TP-CSR-091,CG-CSR-009,cp_dbl_w,b1,0
TP-CSR-091,CG-CSR-009,cp_sync_state,s0,0
TP-CSR-091,CG-CSR-009,cp_sync_state,s1,0
TP-CSR-091,CG-CSR-009,cp_sync_w,b0,0
TP-CSR-091,CG-CSR-009,cp_sync_w,b1,0
TP-CSR-091,CG-CSR-009,cr_sw_dbl,clr_d1,0
TP-CSR-091,CG-CSR-009,cr_sw_dbl,keep_d0,0
TP-CSR-091,CG-CSR-009,cr_sw_dbl,keep_d1,0
TP-CSR-091,CG-CSR-009,cr_sw_dbl,set_d0,0
TP-CSR-091,CG-CSR-009,cr_sw_sync,clr_s1,0
TP-CSR-091,CG-CSR-009,cr_sw_sync,keep_s0,0
TP-CSR-091,CG-CSR-009,cr_sw_sync,keep_s1,0
TP-CSR-091,CG-CSR-009,cr_sw_sync,set_s0,0
TP-CSR-092,CG-CSR-010,cp_dummy_en,off,0
TP-CSR-092,CG-CSR-010,cp_dummy_en,on,0
TP-CSR-092,CG-CSR-010,cp_form,rd_only,0
TP-CSR-092,CG-CSR-010,cp_form,wr,0
TP-CSR-092,CG-CSR-010,cp_op,csrrw,0
TP-CSR-092,CG-CSR-010,cp_op,csrrwi,0
TP-CSR-092,CG-CSR-010,cp_priv,m,0
TP-CSR-092,CG-CSR-010,cp_priv,u,0
TP-CSR-092,CG-CSR-010,cp_pulse,pulse,0
TP-CSR-092,CG-CSR-010,cp_rs1,nonzero,0
TP-CSR-092,CG-CSR-010,cp_rs1,zero,0
TP-CSR-092,CG-CSR-010,cp_seed_val,all1,0
TP-CSR-092,CG-CSR-010,cp_seed_val,rand,0
TP-CSR-092,CG-CSR-010,cp_seed_val,zero,0
TP-CSR-092,CG-CSR-010,cp_trap,ok,0
TP-CSR-092,CG-CSR-010,cp_trap,trap,0
TP-CSR-092,CG-CSR-010,cr_op_form_pulse,csrrw_nz_pulse,0
TP-CSR-092,CG-CSR-010,cr_op_form_pulse,csrrw_x0_pulse,0
TP-CSR-092,CG-CSR-010,cr_op_form_pulse,csrrwi_0_pulse,0
TP-CSR-092,CG-CSR-010,cr_op_form_pulse,csrrwi_nz_pulse,0
TP-CSR-092,CG-CSR-010,cr_rd_value,rd_ok,0
TP-CSR-092,CG-CSR-010,cr_seed_en,all1_on,0
TP-CSR-092,CG-CSR-010,cr_seed_en,rand_off,0
TP-CSR-092,CG-CSR-010,cr_seed_en,rand_on,0
TP-CSR-092,CG-CSR-010,cr_seed_en,zero_off,0
TP-CSR-092,CG-CSR-010,cr_seed_en,zero_on,0
TP-CSR-092,CG-CSR-010,cr_u,u_trap,0
TP-CSR-092,CG-CSR-016,cp_csr,secureseed,0
TP-CSR-093,CG-CSR-010,cp_op,csrrc,0
TP-CSR-093,CG-CSR-010,cp_op,csrrci,0
TP-CSR-093,CG-CSR-010,cp_op,csrrs,0
TP-CSR-093,CG-CSR-010,cp_op,csrrsi,0
TP-CSR-093,CG-CSR-010,cp_pulse,none,0
TP-CSR-093,CG-CSR-010,cp_pulse,pulse,0
TP-CSR-093,CG-CSR-010,cp_rs1,nonzero,0
TP-CSR-093,CG-CSR-010,cp_rs1,zero,0
TP-CSR-093,CG-CSR-010,cr_op_form_pulse,csrrc_nz_pulse,0
TP-CSR-093,CG-CSR-010,cr_op_form_pulse,csrrc_x0_none,0
TP-CSR-093,CG-CSR-010,cr_op_form_pulse,csrrci_0_none,0
TP-CSR-093,CG-CSR-010,cr_op_form_pulse,csrrci_nz_pulse,0
TP-CSR-093,CG-CSR-010,cr_op_form_pulse,csrrs_nz_pulse,0
TP-CSR-093,CG-CSR-010,cr_op_form_pulse,csrrs_x0_none,0
TP-CSR-093,CG-CSR-010,cr_op_form_pulse,csrrsi_0_none,0
TP-CSR-093,CG-CSR-010,cr_op_form_pulse,csrrsi_nz_pulse,0
TP-CSR-094,CG-CSR-009,cp_event,hw_irq,0
TP-CSR-094,CG-CSR-009,cp_event,hw_mret_clr,0
TP-CSR-094,CG-CSR-009,cp_sync_state,s1,0
TP-CSR-094,CG-CSR-009,cp_trap_kind,irq,0
TP-CSR-094,CG-CSR-009,cr_dbl_detect,mret_clr_s1,0
TP-CSR-094,CG-CSR-009,cr_dbl_detect,s1_irq_nopulse,0
TP-CSR-094,CG-PRV-002,cp_cause,irq,0
TP-CSR-094,CG-PRV-002,cp_mpie_at_mret,b1,0
TP-CSR-094,CG-PRV-002,cp_mpp_at_mret,m,0
TP-CSR-094,CG-PRV-002,cp_mprv_at_mret,b0,0
TP-CSR-094,CG-PRV-002,cp_prev_mie,b1,0
TP-CSR-094,CG-PRV-002,cp_prev_priv,m,0
TP-CSR-094,CG-PRV-002,cr_entry,m_mie1_irq,0
TP-CSR-094,CG-PRV-002,cr_mret,m_1_0,0
TP-CSR-095,CG-CSR-011,cp_csr,mseccfg,0
TP-CSR-095,CG-CSR-011,cp_csr,mseccfgh,0
TP-CSR-095,CG-CSR-011,cp_fam,mseccfg,0
TP-CSR-095,CG-CSR-011,cp_fam,mseccfgh,0
TP-CSR-095,CG-CSR-011,cp_mseccfg_w,hi_bits,0
TP-CSR-095,CG-CSR-011,cp_op,csrrc,0
TP-CSR-095,CG-CSR-011,cp_op,csrrci,0
TP-CSR-095,CG-CSR-011,cp_op,csrrs,0
TP-CSR-095,CG-CSR-011,cp_op,csrrsi,0
TP-CSR-095,CG-CSR-011,cp_op,csrrw,0
TP-CSR-095,CG-CSR-011,cp_op,csrrwi,0
TP-CSR-095,CG-CSR-011,cp_wpat,all0,0
TP-CSR-095,CG-CSR-011,cp_wpat,all1,0
TP-CSR-095,CG-CSR-011,cp_wpat,illegal_only,0
TP-CSR-095,CG-CSR-011,cp_wpat,legal_only,0
TP-CSR-095,CG-CSR-011,cp_wpat,rand,0
TP-CSR-095,CG-CSR-011,cr_fam_op,mseccfg_csrrc,0
TP-CSR-095,CG-CSR-011,cr_fam_op,mseccfg_csrrci,0
TP-CSR-095,CG-CSR-011,cr_fam_op,mseccfg_csrrs,0
TP-CSR-095,CG-CSR-011,cr_fam_op,mseccfg_csrrsi,0
TP-CSR-095,CG-CSR-011,cr_fam_op,mseccfg_csrrw,0
TP-CSR-095,CG-CSR-011,cr_fam_op,mseccfg_csrrwi,0
TP-CSR-095,CG-CSR-011,cr_fam_op,mseccfgh_csrrc,0
TP-CSR-095,CG-CSR-011,cr_fam_op,mseccfgh_csrrci,0
TP-CSR-095,CG-CSR-011,cr_fam_op,mseccfgh_csrrs,0
TP-CSR-095,CG-CSR-011,cr_fam_op,mseccfgh_csrrsi,0
TP-CSR-095,CG-CSR-011,cr_fam_op,mseccfgh_csrrw,0
TP-CSR-095,CG-CSR-011,cr_fam_op,mseccfgh_csrrwi,0
TP-CSR-095,CG-CSR-011,cr_fam_wpat,mseccfg_all0,0
TP-CSR-095,CG-CSR-011,cr_fam_wpat,mseccfg_all1,0
TP-CSR-095,CG-CSR-011,cr_fam_wpat,mseccfg_illegal,0
TP-CSR-095,CG-CSR-011,cr_fam_wpat,mseccfg_legal,0
TP-CSR-095,CG-CSR-011,cr_fam_wpat,mseccfg_rand,0
TP-CSR-095,CG-CSR-011,cr_fam_wpat,mseccfgh_all1,0
TP-CSR-095,CG-CSR-011,cr_fam_wpat,mseccfgh_rand,0
TP-CSR-095,CG-CSR-016,cp_csr,mseccfg,0
TP-CSR-095,CG-CSR-016,cp_csr,mseccfgh,0
TP-CSR-096,CG-CSR-011,cp_mseccfg_w,mml_clr_attempt,0
TP-CSR-096,CG-CSR-011,cp_mseccfg_w,mml_set,0
TP-CSR-096,CG-CSR-011,cp_mseccfg_w,mmwp_clr_attempt,0
TP-CSR-096,CG-CSR-011,cp_mseccfg_w,mmwp_set,0
TP-CSR-096,CG-CSR-011,cp_mseccfg_w,rlb_clr_with_rlb1,0
TP-CSR-096,CG-CSR-011,cp_mseccfg_w,rlb_set_locked,0
TP-CSR-096,CG-CSR-011,cp_mseccfg_w,rlb_set_nolock,0
TP-CSR-097,CG-CSR-011,cp_addr_class,locked_self,0
TP-CSR-097,CG-CSR-011,cp_addr_class,locked_tor_next,0
TP-CSR-097,CG-CSR-011,cp_addr_class,rlb_unlock,0
TP-CSR-097,CG-CSR-011,cp_addr_class,writable,0
TP-CSR-097,CG-CSR-011,cp_csr,addr0,0
TP-CSR-097,CG-CSR-011,cp_csr,addr1,0
TP-CSR-097,CG-CSR-011,cp_csr,addr10,0
TP-CSR-097,CG-CSR-011,cp_csr,addr11,0
TP-CSR-097,CG-CSR-011,cp_csr,addr12,0
TP-CSR-097,CG-CSR-011,cp_csr,addr13,0
TP-CSR-097,CG-CSR-011,cp_csr,addr14,0
TP-CSR-097,CG-CSR-011,cp_csr,addr15,0
TP-CSR-097,CG-CSR-011,cp_csr,addr2,0
TP-CSR-097,CG-CSR-011,cp_csr,addr3,0
TP-CSR-097,CG-CSR-011,cp_csr,addr4,0
TP-CSR-097,CG-CSR-011,cp_csr,addr5,0
TP-CSR-097,CG-CSR-011,cp_csr,addr6,0
TP-CSR-097,CG-CSR-011,cp_csr,addr7,0
TP-CSR-097,CG-CSR-011,cp_csr,addr8,0
TP-CSR-097,CG-CSR-011,cp_csr,addr9,0
TP-CSR-097,CG-CSR-011,cp_csr,cfg0,0
TP-CSR-097,CG-CSR-011,cp_csr,cfg1,0
TP-CSR-097,CG-CSR-011,cp_csr,cfg2,0
TP-CSR-097,CG-CSR-011,cp_csr,cfg3,0
TP-CSR-097,CG-CSR-011,cp_entry_class,locked_kept,0
TP-CSR-097,CG-CSR-011,cp_entry_class,mml_suppress,0
TP-CSR-097,CG-CSR-011,cp_entry_class,mode_na4,0
TP-CSR-097,CG-CSR-011,cp_entry_class,mode_napot,0
TP-CSR-097,CG-CSR-011,cp_entry_class,mode_off,0
TP-CSR-097,CG-CSR-011,cp_entry_class,mode_tor,0
TP-CSR-097,CG-CSR-011,cp_entry_class,plain,0
TP-CSR-097,CG-CSR-011,cp_entry_class,resv_bits,0
TP-CSR-097,CG-CSR-011,cp_entry_class,w_no_r,0
TP-CSR-097,CG-CSR-011,cp_entry_idx,e0,0
TP-CSR-097,CG-CSR-011,cp_entry_idx,e1,0
TP-CSR-097,CG-CSR-011,cp_entry_idx,e2,0
TP-CSR-097,CG-CSR-011,cp_entry_idx,e3,0
TP-CSR-097,CG-CSR-011,cp_fam,addr,0
TP-CSR-097,CG-CSR-011,cp_fam,cfg,0
TP-CSR-097,CG-CSR-011,cp_op,csrrc,0
TP-CSR-097,CG-CSR-011,cp_op,csrrci,0
TP-CSR-097,CG-CSR-011,cp_op,csrrs,0
TP-CSR-097,CG-CSR-011,cp_op,csrrsi,0
TP-CSR-097,CG-CSR-011,cp_op,csrrw,0
TP-CSR-097,CG-CSR-011,cp_op,csrrwi,0
TP-CSR-097,CG-CSR-011,cp_wpat,all0,0
TP-CSR-097,CG-CSR-011,cp_wpat,all1,0
TP-CSR-097,CG-CSR-011,cp_wpat,illegal_only,0
TP-CSR-097,CG-CSR-011,cp_wpat,legal_only,0
TP-CSR-097,CG-CSR-011,cp_wpat,rand,0
TP-CSR-097,CG-CSR-011,cr_addr_last,addr15_locked_self,0
TP-CSR-097,CG-CSR-011,cr_addr_last,addr15_writable,0
TP-CSR-097,CG-CSR-011,cr_addr_lock,locked_self_csrrw,0
TP-CSR-097,CG-CSR-011,cr_addr_lock,locked_tor_next_csrrw,0
TP-CSR-097,CG-CSR-011,cr_addr_lock,rlb_unlock_csrrw,0
TP-CSR-097,CG-CSR-011,cr_addr_lock,writable_csrrc,0
TP-CSR-097,CG-CSR-011,cr_addr_lock,writable_csrrs,0
TP-CSR-097,CG-CSR-011,cr_addr_lock,writable_csrrw,0
TP-CSR-097,CG-CSR-011,cr_cfg_entry,e0_locked,0
TP-CSR-097,CG-CSR-011,cr_cfg_entry,e0_plain,0
TP-CSR-097,CG-CSR-011,cr_cfg_entry,e0_w_no_r,0
TP-CSR-097,CG-CSR-011,cr_cfg_entry,e1_locked,0
TP-CSR-097,CG-CSR-011,cr_cfg_entry,e1_mml_suppress,0
TP-CSR-097,CG-CSR-011,cr_cfg_entry,e1_plain,0
TP-CSR-097,CG-CSR-011,cr_cfg_entry,e2_locked,0
TP-CSR-097,CG-CSR-011,cr_cfg_entry,e2_plain,0
TP-CSR-097,CG-CSR-011,cr_cfg_entry,e2_resv,0
TP-CSR-097,CG-CSR-011,cr_cfg_entry,e3_locked,0
TP-CSR-097,CG-CSR-011,cr_cfg_entry,e3_plain,0
TP-CSR-097,CG-CSR-011,cr_cfg_entry,e3_w_no_r,0
TP-CSR-097,CG-CSR-011,cr_fam_op,addr_csrrc,0
TP-CSR-097,CG-CSR-011,cr_fam_op,addr_csrrci,0
TP-CSR-097,CG-CSR-011,cr_fam_op,addr_csrrs,0
TP-CSR-097,CG-CSR-011,cr_fam_op,addr_csrrsi,0
TP-CSR-097,CG-CSR-011,cr_fam_op,addr_csrrw,0
TP-CSR-097,CG-CSR-011,cr_fam_op,addr_csrrwi,0
TP-CSR-097,CG-CSR-011,cr_fam_op,cfg_csrrc,0
TP-CSR-097,CG-CSR-011,cr_fam_op,cfg_csrrci,0
TP-CSR-097,CG-CSR-011,cr_fam_op,cfg_csrrs,0
TP-CSR-097,CG-CSR-011,cr_fam_op,cfg_csrrsi,0
TP-CSR-097,CG-CSR-011,cr_fam_op,cfg_csrrw,0
TP-CSR-097,CG-CSR-011,cr_fam_op,cfg_csrrwi,0
TP-CSR-097,CG-CSR-011,cr_fam_wpat,addr_all0,0
TP-CSR-097,CG-CSR-011,cr_fam_wpat,addr_all1,0
TP-CSR-097,CG-CSR-011,cr_fam_wpat,addr_rand,0
TP-CSR-097,CG-CSR-011,cr_fam_wpat,cfg_all0,0
TP-CSR-097,CG-CSR-011,cr_fam_wpat,cfg_all1,0
TP-CSR-097,CG-CSR-011,cr_fam_wpat,cfg_illegal,0
TP-CSR-097,CG-CSR-011,cr_fam_wpat,cfg_legal,0
TP-CSR-097,CG-CSR-011,cr_fam_wpat,cfg_rand,0
TP-CSR-097,CG-CSR-016,cp_csr,pmpaddr,0
TP-CSR-097,CG-CSR-016,cp_csr,pmpcfg,0
TP-CSR-098,CG-CSR-001,cp_aclass,cheriot,0
TP-CSR-098,CG-CSR-001,cp_priv,m,0
TP-CSR-098,CG-CSR-001,cp_priv,u,0
TP-CSR-098,CG-CSR-001,cp_trap,trap,0
TP-CSR-098,CG-CSR-001,cr_priv_aclass_trap,m_cheriot_trap,0
TP-CSR-098,CG-CSR-001,cr_priv_aclass_trap,u_cheriot_trap,0
TP-CSR-098,CG-CSR-014,cp_class,cheriot,0
TP-CSR-098,CG-CSR-014,cp_form,rd,0
TP-CSR-098,CG-CSR-014,cp_form,wr,0
TP-CSR-098,CG-CSR-014,cp_priv,m,0
TP-CSR-098,CG-CSR-014,cp_priv,u,0
TP-CSR-098,CG-CSR-014,cp_range,cheriot,0
TP-CSR-098,CG-CSR-014,cr_class_priv_form,cher_m_rd,0
TP-CSR-098,CG-CSR-014,cr_class_priv_form,cher_m_wr,0
TP-CSR-098,CG-CSR-014,cr_class_priv_form,cher_u_rd,0
TP-CSR-098,CG-CSR-014,cr_class_priv_form,cher_u_wr,0
TP-CSR-099,CG-CSR-002,cp_mtvec_base_w,rand,0
TP-CSR-099,CG-CSR-002,cp_op,csrrw,0
TP-CSR-099,CG-CSR-002,cr_mtvec_base_op,rand_csrrw,0
TP-CSR-099,CG-CSR-011,cp_addr_class,writable,0
TP-CSR-099,CG-CSR-011,cp_op,csrrw,0
TP-CSR-099,CG-CSR-011,cr_addr_lock,writable_csrrw,0
TP-CSR-099,CG-CSR-016,cp_csr,marchid,0
TP-CSR-099,CG-CSR-016,cp_csr,mepc,0
TP-CSR-099,CG-CSR-016,cp_csr,misa,0
TP-CSR-099,CG-CSR-016,cp_csr,mseccfg,0
TP-CSR-099,CG-CSR-016,cp_csr,mtvec,0
TP-CSR-099,CG-CSR-016,cp_csr,pmpaddr,0
TP-CSR-099,CG-CSR-016,cp_csr,pmpcfg,0
TP-CSR-100,CG-CSR-017,cp_alert_int,none,0
TP-CSR-100,CG-CSR-017,cp_density,high,0
TP-CSR-100,CG-CSR-017,cp_density,mid,0
TP-CSR-100,CG-CSR-017,cr_alert_density,none_high,0
TP-CSR-100,CG-CSR-017,cr_alert_density,none_mid,0
TP-CSR-101,CG-CSR-002,cp_csr,mcounteren,0
TP-CSR-101,CG-CSR-002,cp_csr,mie,0
TP-CSR-101,CG-CSR-002,cp_csr,mstatus,0
TP-CSR-101,CG-CSR-002,cp_csr,mtvec,0
TP-CSR-101,CG-CSR-002,cp_op,csrrw,0
TP-CSR-101,CG-CSR-002,cr_csr_op,mcounteren_csrrw,0
TP-CSR-101,CG-CSR-002,cr_csr_op,mie_csrrw,0
TP-CSR-101,CG-CSR-002,cr_csr_op,mstatus_csrrw,0
TP-CSR-101,CG-CSR-002,cr_csr_op,mtvec_csrrw,0
TP-CSR-101,CG-CSR-003,cp_csr,mcause,0
TP-CSR-101,CG-CSR-003,cp_csr,mepc,0
TP-CSR-101,CG-CSR-003,cp_csr,mscratch,0
TP-CSR-101,CG-CSR-003,cp_csr,mtval,0
TP-CSR-101,CG-CSR-003,cp_op,csrrw,0
TP-CSR-101,CG-CSR-003,cr_csr_op,mcause_csrrw,0
TP-CSR-101,CG-CSR-003,cr_csr_op,mepc_csrrw,0
TP-CSR-101,CG-CSR-003,cr_csr_op,mscratch_csrrw,0
TP-CSR-101,CG-CSR-003,cr_csr_op,mtval_csrrw,0
TP-CSR-101,CG-CSR-004,cp_fam,cycle64,0
TP-CSR-101,CG-CSR-004,cp_fam,hpm32,0
TP-CSR-101,CG-CSR-004,cp_fam,instret64,0
TP-CSR-101,CG-CSR-004,cp_fam,mcinh,0
TP-CSR-101,CG-CSR-004,cp_op,csrrw,0
TP-CSR-101,CG-CSR-004,cr_fam_op,cycle64_csrrw,0
TP-CSR-101,CG-CSR-004,cr_fam_op,hpm32_csrrw,0
TP-CSR-101,CG-CSR-004,cr_fam_op,instret64_csrrw,0
TP-CSR-101,CG-CSR-004,cr_fam_op,mcinh_csrrw,0
TP-CSR-101,CG-CSR-011,cp_fam,addr,0
TP-CSR-101,CG-CSR-011,cp_fam,cfg,0
TP-CSR-101,CG-CSR-011,cp_fam,mseccfg,0
TP-CSR-101,CG-CSR-011,cp_op,csrrw,0
TP-CSR-101,CG-CSR-011,cr_fam_op,addr_csrrw,0
TP-CSR-101,CG-CSR-011,cr_fam_op,cfg_csrrw,0
TP-CSR-101,CG-CSR-011,cr_fam_op,mseccfg_csrrw,0
TP-CSR-101,CG-CSR-012,cp_fam,mepc,0
TP-CSR-101,CG-CSR-012,cp_fam,mscratch,0
TP-CSR-101,CG-CSR-012,cp_fam,other_flush,0
TP-CSR-101,CG-CSR-012,cp_next,csr_rd_same,0
TP-CSR-101,CG-CSR-012,cp_next,csr_wr,0
TP-CSR-101,CG-CSR-012,cr_fam_next,mepc_csr_rd_same,0
TP-CSR-101,CG-CSR-012,cr_fam_next,mscratch_csr_rd_same,0
TP-CSR-101,CG-CSR-012,cr_fam_next,other_csr_rd_same,0
TP-CSR-101,CG-CSR-012,cr_fam_next,other_csr_wr,0
TP-CSR-102,CG-CSR-012,cp_enable,none,0
TP-CSR-102,CG-CSR-012,cp_fam,other_flush,0
TP-CSR-102,CG-CSR-012,cp_next,irq_taken,0
TP-CSR-102,CG-CSR-012,cr_enable_next,none_irq_taken,0
TP-CSR-102,CG-CSR-012,cr_fam_next,other_irq_taken,0
TP-CSR-102,CG-CSR-015,cp_cause,illegal_csr,0
TP-CSR-102,CG-CSR-015,cp_fam,flush_csr,0
TP-CSR-102,CG-CSR-015,cp_op,csrrci,0
TP-CSR-102,CG-CSR-015,cp_op,csrrs,0
TP-CSR-102,CG-CSR-015,cp_op,csrrw,0
TP-CSR-102,CG-CSR-015,cp_reexec,no,0
TP-CSR-102,CG-CSR-015,cp_reexec,yes,0
TP-CSR-102,CG-CSR-015,cr_cause_fam,illegal_flush,0
TP-CSR-102,CG-CSR-015,cr_cause_op,illegal_csrrci,0
TP-CSR-102,CG-CSR-015,cr_cause_op,illegal_csrrs,0
TP-CSR-102,CG-CSR-015,cr_cause_op,illegal_csrrw,0
TP-CSR-102,CG-CSR-015,cr_cause_reexec,illegal_no,0
TP-CSR-102,CG-CSR-015,cr_cause_reexec,illegal_yes,0
TP-CSR-103,CG-CSR-015,cp_cause,dbg_req_before,0
TP-CSR-103,CG-CSR-015,cp_cause,fetch_err,0
TP-CSR-103,CG-CSR-015,cp_cause,fetch_pmp,0
TP-CSR-103,CG-CSR-015,cp_cause,wb_lsu_pmp,0
TP-CSR-103,CG-CSR-015,cp_fam,flush_csr,0
TP-CSR-103,CG-CSR-015,cp_fam,mscratch_mepc,0
TP-CSR-103,CG-CSR-015,cp_reexec,yes,0
TP-CSR-103,CG-CSR-015,cr_cause_fam,dbg_before_flush,0
TP-CSR-103,CG-CSR-015,cr_cause_fam,dbg_before_mscratch,0
TP-CSR-103,CG-CSR-015,cr_cause_fam,fetch_err_flush,0
TP-CSR-103,CG-CSR-015,cr_cause_fam,fetch_pmp_flush,0
TP-CSR-103,CG-CSR-015,cr_cause_fam,lsu_pmp_mscratch,0
TP-CSR-103,CG-CSR-015,cr_cause_reexec,dbg_before_yes,0
TP-CSR-103,CG-CSR-015,cr_cause_reexec,fetch_err_yes,0
TP-CSR-103,CG-CSR-015,cr_cause_reexec,fetch_pmp_yes,0
TP-CSR-104,CG-CSR-001,cp_iclass,dbg,0
TP-CSR-104,CG-CSR-001,cp_iclass,priv,0
TP-CSR-104,CG-CSR-001,cp_iclass,unimpl,0
TP-CSR-104,CG-CSR-001,cp_iclass,wro,0
TP-CSR-104,CG-CSR-001,cp_priv,m,0
TP-CSR-104,CG-CSR-001,cp_priv,u,0
TP-CSR-104,CG-CSR-001,cp_rd,nonx0,0
TP-CSR-104,CG-CSR-001,cp_trap,trap,0
TP-CSR-104,CG-CSR-001,cr_iclass_priv,dbg_m,0
TP-CSR-104,CG-CSR-001,cr_iclass_priv,priv_u,0
TP-CSR-104,CG-CSR-001,cr_iclass_priv,unimpl_m,0
TP-CSR-104,CG-CSR-001,cr_iclass_priv,wro_m,0
TP-CSR-104,CG-CSR-015,cp_cause,illegal_csr,0
TP-CSR-104,CG-CSR-015,cp_reexec,no,0
TP-CSR-104,CG-CSR-015,cr_cause_reexec,illegal_no,0
TP-CSR-105,CG-CSR-016,cp_csr,marchid,0
TP-CSR-105,CG-CSR-016,cp_csr,mconfigptr,0
TP-CSR-105,CG-CSR-016,cp_csr,mcounteren,0
TP-CSR-105,CG-CSR-016,cp_csr,menvcfg,0
TP-CSR-105,CG-CSR-016,cp_csr,menvcfgh,0
TP-CSR-105,CG-CSR-016,cp_csr,mhartid,0
TP-CSR-105,CG-CSR-016,cp_csr,mie,0
TP-CSR-105,CG-CSR-016,cp_csr,mimpid,0
TP-CSR-105,CG-CSR-016,cp_csr,misa,0
TP-CSR-105,CG-CSR-016,cp_csr,mstatus,0
TP-CSR-105,CG-CSR-016,cp_csr,mstatush,0
TP-CSR-105,CG-CSR-016,cp_csr,mtvec,0
TP-CSR-105,CG-CSR-016,cp_csr,mvendorid,0
TP-CSR-105,CG-CSR-016,cp_dbg,nondbg,0
TP-CSR-105,CG-CSR-016,cp_when,early,0
TP-CSR-105,CG-CSR-016,cp_when,first_insn,0
TP-CSR-105,CG-CSR-016,cr_first_csr,mie_first,0
TP-CSR-105,CG-CSR-016,cr_first_csr,misa_first,0
TP-CSR-105,CG-CSR-016,cr_first_csr,mstatus_first,0
TP-CSR-106,CG-CSR-016,cp_csr,mcause,0
TP-CSR-106,CG-CSR-016,cp_csr,mepc,0
TP-CSR-106,CG-CSR-016,cp_csr,mip,0
TP-CSR-106,CG-CSR-016,cp_csr,mscratch,0
TP-CSR-106,CG-CSR-016,cp_csr,mtval,0
TP-CSR-107,CG-CSR-016,cp_csr,cycle_alias,0
TP-CSR-107,CG-CSR-016,cp_csr,hpm,0
TP-CSR-107,CG-CSR-016,cp_csr,hpm_alias,0
TP-CSR-107,CG-CSR-016,cp_csr,hpm_unimpl,0
TP-CSR-107,CG-CSR-016,cp_csr,hpmh,0
TP-CSR-107,CG-CSR-016,cp_csr,instret_alias,0
TP-CSR-107,CG-CSR-016,cp_csr,mcountinhibit,0
TP-CSR-107,CG-CSR-016,cp_csr,mcycle,0
TP-CSR-107,CG-CSR-016,cp_csr,mcycleh,0
TP-CSR-107,CG-CSR-016,cp_csr,mhpmevent,0
TP-CSR-107,CG-CSR-016,cp_csr,mhpmevent_unimpl,0
TP-CSR-107,CG-CSR-016,cp_csr,minstret,0
TP-CSR-107,CG-CSR-016,cp_csr,minstreth,0
TP-CSR-107,CG-CSR-016,cr_first_csr,mcycle_first,0
TP-CSR-107,CG-CSR-016,cr_first_csr,minstret_first,0
TP-CSR-108,CG-CSR-007,cp_csr,dcsr,0
TP-CSR-108,CG-CSR-007,cp_dbg,dbg,0
TP-CSR-108,CG-CSR-007,cp_trap,ok,0
TP-CSR-108,CG-CSR-007,cr_csr_dbg_trap,dcsr_dbg_ok,0
TP-CSR-108,CG-CSR-008,cp_csr,tdata1,0
TP-CSR-108,CG-CSR-008,cp_dbg,nondbg,0
TP-CSR-108,CG-CSR-008,cp_form,rd_only,0
TP-CSR-108,CG-CSR-008,cr_csr_dbg_form,tdata1_nondbg_rd,0
TP-CSR-108,CG-CSR-016,cp_csr,dcsr,0
TP-CSR-108,CG-CSR-016,cp_csr,dpc,0
TP-CSR-108,CG-CSR-016,cp_csr,dscratch0,0
TP-CSR-108,CG-CSR-016,cp_csr,dscratch1,0
TP-CSR-108,CG-CSR-016,cp_csr,mcontext,0
TP-CSR-108,CG-CSR-016,cp_csr,mscontext,0
TP-CSR-108,CG-CSR-016,cp_csr,scontext,0
TP-CSR-108,CG-CSR-016,cp_csr,tdata1,0
TP-CSR-108,CG-CSR-016,cp_csr,tdata2,0
TP-CSR-108,CG-CSR-016,cp_csr,tdata3,0
TP-CSR-108,CG-CSR-016,cp_csr,tselect,0
TP-CSR-108,CG-CSR-016,cp_dbg,dbg,0
TP-CSR-108,CG-CSR-016,cr_dbg_reset,dcsr_dbg,0
TP-CSR-108,CG-CSR-016,cr_dbg_reset,dpc_dbg,0
TP-CSR-108,CG-CSR-016,cr_dbg_reset,dscratch0_dbg,0
TP-CSR-108,CG-CSR-016,cr_dbg_reset,dscratch1_dbg,0
TP-CSR-109,CG-CSR-009,cp_key_pin,hi,0
TP-CSR-109,CG-CSR-009,cp_key_pin,lo,0
TP-CSR-109,CG-CSR-009,cr_key_rd,hi_rd,0
TP-CSR-109,CG-CSR-009,cr_key_rd,lo_rd,0
TP-CSR-109,CG-CSR-010,cr_rd_value,rd_ok,0
TP-CSR-109,CG-CSR-011,cp_fam,addr,0
TP-CSR-109,CG-CSR-011,cp_fam,cfg,0
TP-CSR-109,CG-CSR-016,cp_csr,cpuctrlsts,0
TP-CSR-109,CG-CSR-016,cp_csr,mseccfg,0
TP-CSR-109,CG-CSR-016,cp_csr,mseccfgh,0
TP-CSR-109,CG-CSR-016,cp_csr,pmpaddr,0
TP-CSR-109,CG-CSR-016,cp_csr,pmpcfg,0
TP-CSR-109,CG-CSR-016,cp_csr,secureseed,0
TP-CSR-109,CG-CSR-016,cp_when,later,0
TP-CSR-109,CG-CSR-016,cr_first_csr,cpuctrlsts_first,0
TP-CSR-110,CG-CSR-001,cp_aclass,cheriot,0
TP-CSR-110,CG-CSR-001,cp_aclass,dbg_only,0
TP-CSR-110,CG-CSR-001,cp_aclass,info_ro,0
TP-CSR-110,CG-CSR-001,cp_aclass,pmp,0
TP-CSR-110,CG-CSR-001,cp_aclass,rw_m,0
TP-CSR-110,CG-CSR-001,cp_aclass,s_lvl,0
TP-CSR-110,CG-CSR-001,cp_aclass,trig,0
TP-CSR-110,CG-CSR-001,cp_aclass,wi_m,0
TP-CSR-110,CG-CSR-001,cp_priv,u,0
TP-CSR-110,CG-CSR-001,cp_trap,trap,0
TP-CSR-110,CG-CSR-001,cr_priv_aclass_trap,u_cheriot_trap,0
TP-CSR-110,CG-CSR-001,cr_priv_aclass_trap,u_dbg_only_trap,0
TP-CSR-110,CG-CSR-001,cr_priv_aclass_trap,u_info_ro_trap,0
TP-CSR-110,CG-CSR-001,cr_priv_aclass_trap,u_pmp_trap,0
TP-CSR-110,CG-CSR-001,cr_priv_aclass_trap,u_rw_m_trap,0
TP-CSR-110,CG-CSR-001,cr_priv_aclass_trap,u_s_lvl_trap,0
TP-CSR-110,CG-CSR-001,cr_priv_aclass_trap,u_trig_trap,0
TP-CSR-110,CG-CSR-001,cr_priv_aclass_trap,u_wi_m_trap,0
TP-CSR-110,CG-CSR-006,cp_csr,marchid,0
TP-CSR-110,CG-CSR-006,cp_csr,mconfigptr,0
TP-CSR-110,CG-CSR-006,cp_csr,mhartid,0
TP-CSR-110,CG-CSR-006,cp_csr,mimpid,0
TP-CSR-110,CG-CSR-006,cp_csr,mvendorid,0
TP-CSR-110,CG-CSR-006,cp_priv,u,0
TP-CSR-110,CG-CSR-006,cp_trap,trap,0
TP-CSR-110,CG-CSR-006,cr_csr_u,marchid_u,0
TP-CSR-110,CG-CSR-006,cr_csr_u,mconfigptr_u,0
TP-CSR-110,CG-CSR-006,cr_csr_u,mhartid_u,0
TP-CSR-110,CG-CSR-006,cr_csr_u,mimpid_u,0
TP-CSR-110,CG-CSR-006,cr_csr_u,mvendorid_u,0
TP-CSR-110,CG-CSR-007,cp_csr,dcsr,0
TP-CSR-110,CG-CSR-007,cp_csr,dpc,0
TP-CSR-110,CG-CSR-007,cp_csr,dscratch0,0
TP-CSR-110,CG-CSR-007,cp_csr,dscratch1,0
TP-CSR-110,CG-CSR-007,cp_priv,u,0
TP-CSR-110,CG-CSR-007,cp_trap,trap,0
TP-CSR-110,CG-CSR-007,cr_u_nondbg,u_dcsr,0
TP-CSR-110,CG-CSR-007,cr_u_nondbg,u_dpc,0
TP-CSR-110,CG-CSR-007,cr_u_nondbg,u_dscratch0,0
TP-CSR-110,CG-CSR-007,cr_u_nondbg,u_dscratch1,0
TP-CSR-110,CG-CSR-008,cp_csr,mcontext,0
TP-CSR-110,CG-CSR-008,cp_csr,mscontext,0
TP-CSR-110,CG-CSR-008,cp_csr,scontext,0
TP-CSR-110,CG-CSR-008,cp_csr,tdata1,0
TP-CSR-110,CG-CSR-008,cp_csr,tdata2,0
TP-CSR-110,CG-CSR-008,cp_csr,tdata3,0
TP-CSR-110,CG-CSR-008,cp_csr,tselect,0
TP-CSR-110,CG-CSR-008,cp_priv,u,0
TP-CSR-110,CG-CSR-008,cp_trap,trap,0
TP-CSR-110,CG-CSR-008,cr_csr_u,mcontext_u,0
TP-CSR-110,CG-CSR-008,cr_csr_u,mscontext_u,0
TP-CSR-110,CG-CSR-008,cr_csr_u,scontext_u,0
TP-CSR-110,CG-CSR-008,cr_csr_u,tdata1_u,0
TP-CSR-110,CG-CSR-008,cr_csr_u,tdata2_u,0
TP-CSR-110,CG-CSR-008,cr_csr_u,tdata3_u,0
TP-CSR-110,CG-CSR-008,cr_csr_u,tselect_u,0
TP-CSR-110,CG-CSR-009,cp_event,sw_rd,0
TP-CSR-110,CG-CSR-009,cp_event,sw_wr,0
TP-CSR-110,CG-CSR-009,cp_priv,u,0
TP-CSR-110,CG-CSR-009,cp_trap,trap,0
TP-CSR-110,CG-CSR-009,cr_u_trap,u_rd_trap,0
TP-CSR-110,CG-CSR-009,cr_u_trap,u_wr_trap,0
TP-CSR-110,CG-CSR-010,cp_priv,u,0
TP-CSR-110,CG-CSR-010,cp_trap,trap,0
TP-CSR-110,CG-CSR-010,cr_u,u_trap,0
TP-CSR-111,CG-CSR-001,cp_aclass,alias_impl,0
TP-CSR-111,CG-CSR-001,cp_aclass,info_ro,0
TP-CSR-111,CG-CSR-001,cp_op,csrrc,0
TP-CSR-111,CG-CSR-001,cp_op,csrrci,0
TP-CSR-111,CG-CSR-001,cp_op,csrrs,0
TP-CSR-111,CG-CSR-001,cp_op,csrrsi,0
TP-CSR-111,CG-CSR-001,cp_op,csrrw,0
TP-CSR-111,CG-CSR-001,cp_op,csrrwi,0
TP-CSR-111,CG-CSR-001,cp_rs1,nonzero,0
TP-CSR-111,CG-CSR-001,cp_rs1,zero,0
TP-CSR-111,CG-CSR-001,cp_trap,trap,0
TP-CSR-111,CG-CSR-001,cr_rs1zero_ro,csrrc_nz_alias_trap,0
TP-CSR-111,CG-CSR-001,cr_rs1zero_ro,csrrc_nz_info_trap,0
TP-CSR-111,CG-CSR-001,cr_rs1zero_ro,csrrci_nz_info_trap,0
TP-CSR-111,CG-CSR-001,cr_rs1zero_ro,csrrs_nz_alias_trap,0
TP-CSR-111,CG-CSR-001,cr_rs1zero_ro,csrrs_nz_info_trap,0
TP-CSR-111,CG-CSR-001,cr_rs1zero_ro,csrrsi_nz_info_trap,0
TP-CSR-111,CG-CSR-001,cr_rs1zero_ro,csrrw_nz_alias_trap,0
TP-CSR-111,CG-CSR-001,cr_rs1zero_ro,csrrw_nz_info_trap,0
TP-CSR-111,CG-CSR-001,cr_rs1zero_ro,csrrw_x0_alias_trap,0
TP-CSR-111,CG-CSR-001,cr_rs1zero_ro,csrrw_x0_info_trap,0
TP-CSR-111,CG-CSR-001,cr_rs1zero_ro,csrrwi_0_alias_trap,0
TP-CSR-111,CG-CSR-001,cr_rs1zero_ro,csrrwi_0_info_trap,0
TP-CSR-111,CG-CSR-005,cp_form,wr,0
TP-CSR-111,CG-CSR-005,cp_priv,m,0
TP-CSR-111,CG-CSR-005,cp_trap,trap,0
TP-CSR-111,CG-CSR-005,cr_wr_alias,wr_m_trap,0
TP-CSR-111,CG-CSR-006,cp_csr,marchid,0
TP-CSR-111,CG-CSR-006,cp_csr,mconfigptr,0
TP-CSR-111,CG-CSR-006,cp_csr,mhartid,0
TP-CSR-111,CG-CSR-006,cp_csr,mimpid,0
TP-CSR-111,CG-CSR-006,cp_csr,mvendorid,0
TP-CSR-111,CG-CSR-006,cp_form,wr,0
TP-CSR-111,CG-CSR-006,cp_trap,trap,0
TP-CSR-111,CG-CSR-006,cr_csr_form_trap,marchid_wr_trap,0
TP-CSR-111,CG-CSR-006,cr_csr_form_trap,mconfigptr_wr_trap,0
TP-CSR-111,CG-CSR-006,cr_csr_form_trap,mhartid_wr_trap,0
TP-CSR-111,CG-CSR-006,cr_csr_form_trap,mimpid_wr_trap,0
TP-CSR-111,CG-CSR-006,cr_csr_form_trap,mvendorid_wr_trap,0
TP-CSR-112,CG-CSR-001,cp_iclass,multi,0
TP-CSR-112,CG-CSR-001,cp_iclass,unimpl,0
TP-CSR-112,CG-CSR-001,cp_priv,u,0
TP-CSR-112,CG-CSR-001,cr_iclass_priv,multi_u,0
TP-CSR-112,CG-CSR-001,cr_iclass_priv,unimpl_u,0
TP-CSR-112,CG-CSR-014,cp_class,lo,0
TP-CSR-112,CG-CSR-014,cp_class,mhole,0
TP-CSR-112,CG-CSR-014,cp_class,ro_hole,0
TP-CSR-112,CG-CSR-014,cp_class,s_h_hole,0
TP-CSR-112,CG-CSR-014,cp_form,rd,0
TP-CSR-112,CG-CSR-014,cp_form,wr,0
TP-CSR-112,CG-CSR-014,cp_priv,m,0
TP-CSR-112,CG-CSR-014,cp_priv,u,0
TP-CSR-112,CG-CSR-014,cr_class_priv_form,lo_m_rd,0
TP-CSR-112,CG-CSR-014,cr_class_priv_form,lo_u_rd,0
TP-CSR-112,CG-CSR-014,cr_class_priv_form,mhole_m_rd,0
TP-CSR-112,CG-CSR-014,cr_class_priv_form,mhole_u_wr,0
TP-CSR-112,CG-CSR-014,cr_class_priv_form,ro_m_wr,0
TP-CSR-112,CG-CSR-014,cr_class_priv_form,ro_u_rd,0
TP-CSR-112,CG-CSR-014,cr_class_priv_form,sh_u_rd,0
TP-CSR-112,CG-CSR-017,cp_density,high,0
TP-CSR-112,CG-CSR-017,cp_density,mid,0
TP-CSR-112,CG-CSR-017,cp_trap_density,many,0
TP-CSR-112,CG-CSR-017,cp_trap_density,some,0
TP-CSR-112,CG-CSR-017,cr_trap_density,high_many,0
TP-CSR-112,CG-CSR-017,cr_trap_density,high_some,0
TP-CSR-112,CG-CSR-017,cr_trap_density,mid_some,0
TP-CSR-113,CG-CSR-013,cp_coincide,coincide,0
TP-CSR-113,CG-CSR-013,cp_csr,hpm_hi,0
TP-CSR-113,CG-CSR-013,cp_csr,hpm_lo,0
TP-CSR-113,CG-CSR-013,cp_csr,mcycle,0
TP-CSR-113,CG-CSR-013,cp_csr,minstret,0
TP-CSR-113,CG-CSR-013,cp_inhibit,off,0
TP-CSR-113,CG-CSR-013,cp_kind,clr,0
TP-CSR-113,CG-CSR-013,cp_kind,set,0
TP-CSR-113,CG-CSR-013,cp_kind,wr,0
TP-CSR-113,CG-CSR-013,cr_cyc_wr,mcycle_clr_off,0
TP-CSR-113,CG-CSR-013,cr_cyc_wr,mcycle_set_off,0
TP-CSR-113,CG-CSR-013,cr_minstret_wr,hpm_hi_wr_coincide,0
TP-CSR-113,CG-CSR-013,cr_minstret_wr,hpm_lo_set_coincide,0
TP-CSR-113,CG-CSR-013,cr_minstret_wr,hpm_lo_wr_coincide,0
TP-CSR-113,CG-CSR-013,cr_minstret_wr,minstret_clr_coincide,0
TP-CSR-113,CG-CSR-013,cr_minstret_wr,minstret_set_coincide,0
TP-CSR-114,CG-CSR-013,cp_mip_toggle,toggle_at,0
TP-CSR-114,CG-CSR-013,cp_mip_toggle,toggle_before,0
TP-CSR-114,CG-CSR-013,cp_prepost,differ,0
TP-CSR-114,CG-CSR-013,cp_prepost,equal,0
TP-CSR-114,CG-CSR-013,cr_mip_rd,at_differ,0
TP-CSR-114,CG-CSR-013,cr_mip_rd,at_equal,0
TP-CSR-114,CG-CSR-013,cr_mip_rd,before_differ,0
TP-CSR-114,CG-CSR-013,cr_mip_rd,before_equal,0
TP-CSR-115,CG-CSR-012,cp_fam,mepc,0
TP-CSR-115,CG-CSR-012,cp_fam,mscratch,0
TP-CSR-115,CG-CSR-012,cp_fam,other_flush,0
TP-CSR-115,CG-CSR-012,cp_gap,g_more,0
TP-CSR-115,CG-CSR-012,cp_next,alu,0
TP-CSR-115,CG-CSR-012,cp_next,branch_jump,0
TP-CSR-115,CG-CSR-012,cp_next,compressed,0
TP-CSR-115,CG-CSR-012,cp_next,dbg_entry,0
TP-CSR-115,CG-CSR-012,cp_next,load_store,0
TP-CSR-115,CG-CSR-012,cp_next,mret,0
TP-CSR-115,CG-CSR-012,cp_op,csrrc,0
TP-CSR-115,CG-CSR-012,cp_op,csrrci,0
TP-CSR-115,CG-CSR-012,cp_op,csrrs,0
TP-CSR-115,CG-CSR-012,cp_op,csrrsi,0
TP-CSR-115,CG-CSR-012,cr_fam_gap,mscratch_g_more,0
TP-CSR-115,CG-CSR-012,cr_fam_gap,other_g_more,0
TP-CSR-115,CG-CSR-012,cr_fam_next,mepc_alu,0
TP-CSR-115,CG-CSR-012,cr_fam_next,mepc_mret,0
TP-CSR-115,CG-CSR-012,cr_fam_next,mscratch_alu,0
TP-CSR-115,CG-CSR-012,cr_fam_next,other_alu,0
TP-CSR-115,CG-CSR-012,cr_fam_next,other_branch_jump,0
TP-CSR-115,CG-CSR-012,cr_fam_next,other_compressed,0
TP-CSR-115,CG-CSR-012,cr_fam_next,other_dbg_entry,0
TP-CSR-115,CG-CSR-012,cr_fam_next,other_load_store,0
TP-CSR-115,CG-CSR-012,cr_fam_next,other_mret,0
TP-CSR-115,CG-CSR-012,cr_fam_op,mepc_csrrsi,0
TP-CSR-115,CG-CSR-012,cr_fam_op,mscratch_csrrc,0
TP-CSR-115,CG-CSR-012,cr_fam_op,mscratch_csrrs,0
TP-CSR-115,CG-CSR-012,cr_fam_op,other_csrrc,0
TP-CSR-115,CG-CSR-012,cr_fam_op,other_csrrci,0
TP-CSR-115,CG-CSR-012,cr_fam_op,other_csrrs,0
TP-CSR-115,CG-CSR-012,cr_fam_op,other_csrrsi,0
TP-CSR-116,CG-CSR-001,cp_iclass,none,0
TP-CSR-116,CG-CSR-001,cp_priv,m,0
TP-CSR-116,CG-CSR-001,cr_iclass_priv,none_m,0
TP-CSR-116,CG-CSR-002,cp_csr,mstatus,0
TP-CSR-116,CG-CSR-002,cp_op,csrrci,0
TP-CSR-116,CG-CSR-002,cr_csr_op,mstatus_csrrci,0
TP-CSR-116,CG-CSR-003,cp_csr,mtval,0
TP-CSR-116,CG-CSR-003,cp_op,csrrci,0
TP-CSR-116,CG-CSR-003,cr_csr_op,mtval_csrrci,0
TP-CSR-116,CG-CSR-012,cp_fam,other_flush,0
TP-CSR-116,CG-CSR-012,cp_next,csr_wr,0
TP-CSR-116,CG-CSR-012,cr_fam_next,other_csr_wr,0
TP-CSR-116,CG-CSR-014,cp_class,mhole,0
TP-CSR-116,CG-CSR-014,cp_form,rd,0
TP-CSR-116,CG-CSR-014,cp_priv,m,0
TP-CSR-116,CG-CSR-014,cr_class_priv_form,mhole_m_rd,0
TP-CSR-116,CG-CSR-017,cp_dbg_mix,no,0
TP-CSR-116,CG-CSR-017,cp_density,high,0
TP-CSR-116,CG-CSR-017,cp_density,mid,0
TP-CSR-116,CG-CSR-017,cp_distinct,few,0
TP-CSR-116,CG-CSR-017,cp_distinct,many,0
TP-CSR-116,CG-CSR-017,cp_distinct,some,0
TP-CSR-116,CG-CSR-017,cp_irq_mix,yes,0
TP-CSR-116,CG-CSR-017,cp_priv_mix,m_only,0
TP-CSR-116,CG-CSR-017,cp_trap_density,none,0
TP-CSR-116,CG-CSR-017,cr_density_priv,high_m_only,0
TP-CSR-116,CG-CSR-017,cr_density_priv,mid_m_only,0
TP-CSR-116,CG-CSR-017,cr_distinct_density,few_high,0
TP-CSR-116,CG-CSR-017,cr_distinct_density,many_high,0
TP-CSR-116,CG-CSR-017,cr_distinct_density,some_mid,0
TP-CSR-116,CG-CSR-017,cr_mix,nodbg_irq_high,0
TP-CSR-116,CG-CSR-017,cr_trap_density,high_none,0
TP-CSR-117,CG-CSR-001,cp_iclass,none,0
TP-CSR-117,CG-CSR-001,cp_iclass,priv,0
TP-CSR-117,CG-CSR-001,cp_priv,u,0
TP-CSR-117,CG-CSR-001,cr_iclass_priv,none_u,0
TP-CSR-117,CG-CSR-001,cr_iclass_priv,priv_u,0
TP-CSR-117,CG-CSR-005,cp_alias,hpm11,0
TP-CSR-117,CG-CSR-005,cp_mcen_onehot,multi,0
TP-CSR-117,CG-CSR-005,cp_priv,u,0
TP-CSR-117,CG-CSR-005,cp_trap,ok,0
TP-CSR-117,CG-CSR-005,cp_trap,trap,0
TP-CSR-117,CG-CSR-005,cr_alias_u_ok,hpm11,0
TP-CSR-117,CG-CSR-005,cr_alias_u_trap,hpm11,0
TP-CSR-117,CG-CSR-017,cp_density,high,0
TP-CSR-117,CG-CSR-017,cp_density,low,0
TP-CSR-117,CG-CSR-017,cp_density,mid,0
TP-CSR-117,CG-CSR-017,cp_priv_mix,mixed,0
TP-CSR-117,CG-CSR-017,cp_priv_mix,u_only,0
TP-CSR-117,CG-CSR-017,cr_density_priv,high_mixed,0
TP-CSR-117,CG-CSR-017,cr_density_priv,low_u_only,0
TP-CSR-117,CG-CSR-017,cr_density_priv,mid_mixed,0
TP-CSR-117,CG-CSR-017,cr_density_priv,mid_u_only,0
TP-CSR-118,CG-CSR-001,cp_aclass,info_ro,0
TP-CSR-118,CG-CSR-001,cp_aclass,rw_m,0
TP-CSR-118,CG-CSR-001,cp_aclass,trig,0
TP-CSR-118,CG-CSR-001,cp_dbg,dbg,0
TP-CSR-118,CG-CSR-001,cp_trap,ok,0
TP-CSR-118,CG-CSR-001,cr_dbg_access,dbg_info_ro_ok,0
TP-CSR-118,CG-CSR-001,cr_dbg_access,dbg_rw_m_ok,0
TP-CSR-118,CG-CSR-001,cr_dbg_access,dbg_trig_ok,0
TP-CSR-118,CG-CSR-007,cp_csr,dscratch0,0
TP-CSR-118,CG-CSR-007,cp_wpat,rand,0
TP-CSR-118,CG-CSR-007,cr_csr_wpat_dbg,dscratch0_rand,0
TP-CSR-118,CG-CSR-008,cp_csr,tdata2,0
TP-CSR-118,CG-CSR-008,cp_csr,tdata3,0
TP-CSR-118,CG-CSR-008,cp_dbg,dbg,0
TP-CSR-118,CG-CSR-008,cp_form,rd_only,0
TP-CSR-118,CG-CSR-008,cp_form,wr,0
TP-CSR-118,CG-CSR-008,cr_csr_dbg_form,tdata2_dbg_rd,0
TP-CSR-118,CG-CSR-008,cr_csr_dbg_form,tdata3_dbg_wr,0
TP-CSR-118,CG-CSR-017,cp_dbg_mix,yes,0
TP-CSR-118,CG-CSR-017,cp_density,high,0
TP-CSR-118,CG-CSR-017,cp_irq_mix,no,0
TP-CSR-118,CG-CSR-017,cp_irq_mix,yes,0
TP-CSR-118,CG-CSR-017,cr_mix,dbg_irq_high,0
TP-CSR-118,CG-CSR-017,cr_mix,dbg_noirq_high,0
TP-CSR-119,CG-CSR-012,cp_enable,enables_pending,0
TP-CSR-119,CG-CSR-012,cp_next,irq_taken,0
TP-CSR-119,CG-CSR-012,cr_enable_next,enables_irq_taken,0
TP-CSR-119,CG-CSR-013,cp_csr,mcycle,0
TP-CSR-119,CG-CSR-013,cp_inhibit,off,0
TP-CSR-119,CG-CSR-013,cp_kind,wr,0
TP-CSR-119,CG-CSR-013,cp_mip_toggle,stable,0
TP-CSR-119,CG-CSR-013,cp_mip_toggle,toggle_at,0
TP-CSR-119,CG-CSR-013,cp_mip_toggle,toggle_before,0
TP-CSR-119,CG-CSR-013,cp_prepost,differ,0
TP-CSR-119,CG-CSR-013,cp_prepost,equal,0
TP-CSR-119,CG-CSR-013,cr_cyc_wr,mcycle_wr_off,0
TP-CSR-119,CG-CSR-013,cr_mip_rd,at_differ,0
TP-CSR-119,CG-CSR-013,cr_mip_rd,before_differ,0
TP-CSR-119,CG-CSR-013,cr_mip_rd,stable_equal,0
TP-CSR-119,CG-CSR-017,cp_dbg_mix,no,0
TP-CSR-119,CG-CSR-017,cp_density,high,0
TP-CSR-119,CG-CSR-017,cp_density,mid,0
TP-CSR-119,CG-CSR-017,cp_irq_mix,yes,0
TP-CSR-119,CG-CSR-017,cr_mix,nodbg_irq_high,0
TP-CSR-119,CG-CSR-017,cr_mix,nodbg_irq_mid,0
TP-CSR-120,CG-CSR-004,cp_fam,cycle64,0
TP-CSR-120,CG-CSR-004,cp_fam,hpm32,0
TP-CSR-120,CG-CSR-004,cp_fam,hpm32h,0
TP-CSR-120,CG-CSR-004,cp_fam,hpm_unimpl,0
TP-CSR-120,CG-CSR-004,cp_fam,instret64,0
TP-CSR-120,CG-CSR-004,cp_op,csrrci,0
TP-CSR-120,CG-CSR-004,cp_wpat,near_wrap,0
TP-CSR-120,CG-CSR-004,cr_fam_op,hpm32h_csrrci,0
TP-CSR-120,CG-CSR-004,cr_fam_op,hpm_unimpl_csrrci,0
TP-CSR-120,CG-CSR-004,cr_fam_wpat,cycle64_near_wrap,0
TP-CSR-120,CG-CSR-004,cr_fam_wpat,hpm32_near_wrap,0
TP-CSR-120,CG-CSR-004,cr_fam_wpat,instret64_near_wrap,0
TP-CSR-120,CG-CSR-013,cp_csr,hpm_lo,0
TP-CSR-120,CG-CSR-013,cp_csr,minstret,0
TP-CSR-120,CG-CSR-013,cp_kind,rd,0
TP-CSR-120,CG-CSR-013,cp_near_wrap,yes,0
TP-CSR-120,CG-CSR-013,cr_near_wrap,hpm_wrap_rd,0
TP-CSR-120,CG-CSR-013,cr_near_wrap,minstret_wrap_rd,0
TP-CSR-120,CG-CSR-017,cp_density,high,0
TP-CSR-120,CG-CSR-017,cp_distinct,many,0
TP-CSR-120,CG-CSR-017,cr_distinct_density,many_high,0
TP-DBG-001,CG-DBG-001,cp_cause,haltreq,0
TP-DBG-001,CG-DBG-001,cp_dpc_kind,next_seq,0
TP-DBG-001,CG-DBG-001,cp_entry_ctx,idle,0
TP-DBG-001,CG-DBG-001,cp_prv_before,m,0
TP-DBG-001,CG-DBG-001,cr_cause_ctx,haltreq_idle,0
TP-DBG-001,CG-DBG-001,cr_cause_dpc,haltreq_next,0
TP-DBG-001,CG-DBG-001,cr_cause_prv,haltreq_m,0
TP-DBG-001,CG-DBG-002,cp_coincident,none,0
TP-DBG-001,CG-DBG-002,cp_outcome,entered,0
TP-DBG-001,CG-DBG-002,cp_shape,level_held,0
TP-DBG-001,CG-DBG-002,cr_shape_outcome,held_entered,0
TP-DBG-001,CG-DBG-011,cp_insn_class,alu,0
TP-DBG-001,CG-DBG-011,cp_mode,m,0
TP-DBG-001,CG-DBG-011,cr_class_mode,alu_m,0
TP-DBG-001,CG-DBG-012,cp_flags,req0_mode1,0
TP-DBG-002,CG-DBG-001,cp_cause,haltreq,0
TP-DBG-002,CG-DBG-001,cp_dpc_kind,br_target,0
TP-DBG-002,CG-DBG-001,cp_prv_before,u,0
TP-DBG-002,CG-DBG-001,cr_cause_dpc,haltreq_br,0
TP-DBG-002,CG-DBG-001,cr_cause_prv,haltreq_u,0
TP-DBG-002,CG-DBG-012,cp_flags,req0_mode1,0
TP-DBG-002,CG-DBG-012,cp_mode_dbg,m_dbg,0
TP-DBG-002,CG-DBG-012,cr_flags_mode,mode1_m,0
TP-DBG-003,CG-DBG-001,cp_cause,haltreq,0
TP-DBG-003,CG-DBG-001,cp_entry_ctx,idle,0
TP-DBG-003,CG-DBG-001,cr_cause_ctx,haltreq_idle,0
TP-DBG-003,CG-DBG-002,cp_coincident,irq,0
TP-DBG-003,CG-DBG-002,cp_coincident,nmi,0
TP-DBG-003,CG-DBG-002,cp_outcome,entered,0
TP-DBG-003,CG-DBG-002,cr_coincident_outcome,irq_entered,0
TP-DBG-003,CG-DBG-002,cr_coincident_outcome,nmi_entered,0
TP-DBG-003,CG-DBG-009,cp_disposition,debug_wins_entry,0
TP-DBG-003,CG-DBG-009,cp_src,ext,0
TP-DBG-003,CG-DBG-009,cp_src,fast,0
TP-DBG-003,CG-DBG-009,cp_src,nmi,0
TP-DBG-003,CG-DBG-009,cp_src,sw,0
TP-DBG-003,CG-DBG-009,cp_window,entry_cycle,0
TP-DBG-003,CG-DBG-009,cr_src_window,ext_entry,0
TP-DBG-003,CG-DBG-009,cr_src_window,fast_entry,0
TP-DBG-003,CG-DBG-009,cr_src_window,nmi_entry,0
TP-DBG-003,CG-DBG-009,cr_src_window,sw_entry,0
TP-DBG-003,CG-DBG-009,cr_window_disp,entry_wins,0
TP-DBG-004,CG-DBG-001,cp_cause,haltreq,0
TP-DBG-004,CG-DBG-001,cp_entry_ctx,lsu_wait,0
TP-DBG-004,CG-DBG-001,cr_cause_ctx,haltreq_lsu,0
TP-DBG-004,CG-DBG-012,cp_flags,req1_mode0,0
TP-DBG-004,CG-DBG-012,cp_mode_dbg,m,0
TP-DBG-004,CG-DBG-012,cr_flags_mode,req1_m,0
TP-DBG-005,CG-DBG-001,cp_cause,haltreq,0
TP-DBG-005,CG-DBG-001,cp_dpc_kind,mtvec,0
TP-DBG-005,CG-DBG-001,cp_entry_ctx,flush_exc,0
TP-DBG-005,CG-DBG-001,cr_cause_ctx,haltreq_flush_exc,0
TP-DBG-005,CG-DBG-001,cr_cause_dpc,haltreq_mtvec,0
TP-DBG-005,CG-DBG-002,cp_coincident,sync_exc,0
TP-DBG-005,CG-DBG-002,cp_outcome,entered,0
TP-DBG-005,CG-DBG-002,cr_coincident_outcome,exc_entered,0
TP-DBG-006,CG-DBG-001,cp_cause,haltreq,0
TP-DBG-006,CG-DBG-001,cp_dpc_kind,mtvec,0
TP-DBG-006,CG-DBG-001,cp_entry_ctx,flush_exc,0
TP-DBG-006,CG-DBG-001,cr_cause_ctx,haltreq_flush_exc,0
TP-DBG-006,CG-DBG-001,cr_cause_dpc,haltreq_mtvec,0
TP-DBG-006,CG-DBG-002,cp_coincident,sync_exc,0
TP-DBG-006,CG-DBG-002,cp_outcome,entered,0
TP-DBG-006,CG-DBG-002,cr_coincident_outcome,exc_entered,0
TP-DBG-006,CG-DBG-012,cp_trap_dbg,trap,0
TP-DBG-007,CG-DBG-001,cp_cause,haltreq,0
TP-DBG-007,CG-DBG-001,cp_dpc_kind,mret_target,0
TP-DBG-007,CG-DBG-001,cp_entry_ctx,flush_mret,0
TP-DBG-007,CG-DBG-001,cp_prv_before,u,0
TP-DBG-007,CG-DBG-001,cr_cause_ctx,haltreq_flush_mret,0
TP-DBG-007,CG-DBG-001,cr_cause_dpc,haltreq_mret,0
TP-DBG-007,CG-DBG-001,cr_cause_prv,haltreq_u,0
TP-DBG-007,CG-DBG-002,cp_coincident,mret,0
TP-DBG-007,CG-DBG-002,cp_outcome,entered,0
TP-DBG-007,CG-DBG-002,cr_coincident_outcome,mret_entered,0
TP-DBG-008,CG-DBG-001,cp_busy_dip,none,0
TP-DBG-008,CG-DBG-001,cp_cause,haltreq,0
TP-DBG-008,CG-DBG-001,cp_dpc_kind,next_seq,0
TP-DBG-008,CG-DBG-001,cp_dpc_kind,wfi_next,0
TP-DBG-008,CG-DBG-001,cp_entry_ctx,flush_csr,0
TP-DBG-008,CG-DBG-001,cp_entry_ctx,flush_wfi,0
TP-DBG-008,CG-DBG-001,cr_cause_ctx,haltreq_flush_csr,0
TP-DBG-008,CG-DBG-001,cr_cause_ctx,haltreq_flush_wfi,0
TP-DBG-008,CG-DBG-001,cr_cause_dpc,haltreq_next,0
TP-DBG-008,CG-DBG-001,cr_cause_dpc,haltreq_wfi,0
TP-DBG-008,CG-DBG-001,cr_ctx_busy,flush_wfi_none,0
TP-DBG-008,CG-DBG-002,cp_coincident,csr_flush,0
TP-DBG-008,CG-DBG-002,cp_coincident,wfi,0
TP-DBG-008,CG-DBG-002,cp_outcome,entered,0
TP-DBG-008,CG-DBG-002,cr_coincident_outcome,csr_entered,0
TP-DBG-008,CG-DBG-002,cr_coincident_outcome,wfi_entered,0
TP-DBG-009,CG-DBG-001,cp_cause,haltreq,0
TP-DBG-009,CG-DBG-001,cp_dpc_kind,next_seq,0
TP-DBG-009,CG-DBG-001,cp_entry_ctx,div_wait,0
TP-DBG-009,CG-DBG-001,cr_cause_ctx,haltreq_div,0
TP-DBG-009,CG-DBG-001,cr_cause_dpc,haltreq_next,0
TP-DBG-009,CG-DBG-012,cp_flags,req1_mode0,0
TP-DBG-010,CG-DBG-002,cp_outcome,dropped,0
TP-DBG-010,CG-DBG-002,cp_outcome,entered,0
TP-DBG-010,CG-DBG-002,cp_shape,pulse_short,0
TP-DBG-010,CG-DBG-002,cr_shape_outcome,short_dropped,0
TP-DBG-010,CG-DBG-002,cr_shape_outcome,short_entered,0
TP-DBG-010,CG-DBG-012,cp_flags,req1_mode0,0
TP-DBG-011,CG-DBG-001,cp_cause,none,0
TP-DBG-011,CG-DBG-002,cp_outcome,entered,0
TP-DBG-011,CG-DBG-002,cp_shape,pulse_flush,0
TP-DBG-011,CG-DBG-002,cr_shape_outcome,flush_entered,0
TP-DBG-012,CG-DBG-001,cp_cause,haltreq,0
TP-DBG-012,CG-DBG-001,cp_dpc_kind,dret_target,0
TP-DBG-012,CG-DBG-001,cp_entry_ctx,after_dret,0
TP-DBG-012,CG-DBG-001,cr_cause_ctx,haltreq_after_dret,0
TP-DBG-012,CG-DBG-001,cr_cause_dpc,haltreq_dret,0
TP-DBG-012,CG-DBG-002,cp_outcome,ignored_in_debug,0
TP-DBG-012,CG-DBG-002,cp_outcome,rehalt_after_dret,0
TP-DBG-012,CG-DBG-002,cp_shape,held_across_dret,0
TP-DBG-012,CG-DBG-002,cp_shape,held_in_debug,0
TP-DBG-012,CG-DBG-002,cr_shape_outcome,dret_rehalt,0
TP-DBG-012,CG-DBG-002,cr_shape_outcome,indebug_ignored,0
TP-DBG-012,CG-DBG-005,cp_next,rehalt_req,0
TP-DBG-012,CG-DBG-005,cp_prv_target,m,0
TP-DBG-012,CG-DBG-005,cp_prv_target,u,0
TP-DBG-012,CG-DBG-005,cr_prv_next,m_rehalt_req,0
TP-DBG-012,CG-DBG-005,cr_prv_next,u_rehalt_req,0
TP-DBG-013,CG-DBG-001,cp_cause,haltreq,0
TP-DBG-013,CG-DBG-001,cp_dpc_kind,boot,0
TP-DBG-013,CG-DBG-001,cp_entry_ctx,reset,0
TP-DBG-013,CG-DBG-001,cr_cause_ctx,haltreq_reset,0
TP-DBG-013,CG-DBG-001,cr_cause_dpc,haltreq_boot,0
TP-DBG-013,CG-DBG-002,cp_outcome,entered,0
TP-DBG-013,CG-DBG-002,cp_shape,at_reset,0
TP-DBG-013,CG-DBG-002,cr_shape_outcome,reset_entered,0
TP-DBG-014,CG-DBG-001,cp_cause,haltreq,0
TP-DBG-014,CG-DBG-001,cp_dpc_kind,wfi_next,0
TP-DBG-014,CG-DBG-001,cp_entry_ctx,sleep,0
TP-DBG-014,CG-DBG-001,cr_cause_ctx,haltreq_sleep,0
TP-DBG-014,CG-DBG-001,cr_cause_dpc,haltreq_wfi,0
TP-DBG-014,CG-DBG-002,cp_coincident,wfi,0
TP-DBG-014,CG-DBG-002,cp_outcome,entered,0
TP-DBG-014,CG-DBG-002,cr_coincident_outcome,wfi_entered,0
TP-DBG-015,CG-DBG-001,cp_cause,haltreq,0
TP-DBG-015,CG-DBG-001,cp_dpc_kind,br_target,0
TP-DBG-015,CG-DBG-001,cp_dpc_kind,next_seq,0
TP-DBG-015,CG-DBG-001,cp_entry_ctx,zcmp,0
TP-DBG-015,CG-DBG-001,cr_cause_ctx,haltreq_zcmp,0
TP-DBG-015,CG-DBG-001,cr_cause_dpc,haltreq_br,0
TP-DBG-015,CG-DBG-001,cr_cause_dpc,haltreq_next,0
TP-DBG-016,CG-DBG-001,cp_cause,haltreq,0
TP-DBG-016,CG-DBG-001,cp_dpc_kind,mtvec,0
TP-DBG-016,CG-DBG-001,cp_entry_ctx,irq_taken,0
TP-DBG-016,CG-DBG-001,cr_cause_ctx,haltreq_irq_taken,0
TP-DBG-016,CG-DBG-001,cr_cause_dpc,haltreq_mtvec,0
TP-DBG-016,CG-DBG-009,cp_disposition,handler_then_debug,0
TP-DBG-016,CG-DBG-009,cp_src,ext,0
TP-DBG-016,CG-DBG-009,cp_src,fast,0
TP-DBG-016,CG-DBG-009,cp_window,irq_taken_then_req,0
TP-DBG-016,CG-DBG-009,cr_src_window,ext_irqtaken,0
TP-DBG-016,CG-DBG-009,cr_src_window,fast_irqtaken,0
TP-DBG-016,CG-DBG-009,cr_window_disp,irqtaken_handler,0
TP-DBG-017,CG-DBG-008,cp_csr,dcsr,0
TP-DBG-017,CG-DBG-008,cp_csr,dpc,0
TP-DBG-017,CG-DBG-008,cp_mode,dbg_m,0
TP-DBG-017,CG-DBG-008,cp_op,read,0
TP-DBG-017,CG-DBG-008,cp_result,ok,0
TP-DBG-017,CG-DBG-008,cr_csr_mode_result,dcsr_dbg_ok,0
TP-DBG-017,CG-DBG-008,cr_csr_mode_result,dpc_dbg_ok,0
TP-DBG-017,CG-DBG-008,cr_csr_op,dcsr_rd,0
TP-DBG-017,CG-DBG-008,cr_csr_op,dpc_rd,0
TP-DBG-018,CG-DBG-007,cp_bit,ebreakm,0
TP-DBG-018,CG-DBG-007,cp_bit,ebreaks,0
TP-DBG-018,CG-DBG-007,cp_bit,ebreaku,0
TP-DBG-018,CG-DBG-007,cp_bit,mprven,0
TP-DBG-018,CG-DBG-007,cp_bit,nmip,0
TP-DBG-018,CG-DBG-007,cp_bit,prv,0
TP-DBG-018,CG-DBG-007,cp_bit,step,0
TP-DBG-018,CG-DBG-007,cp_bit,stepie,0
TP-DBG-018,CG-DBG-007,cp_bit,stopcount,0
TP-DBG-018,CG-DBG-007,cp_bit,stoptime,0
TP-DBG-018,CG-DBG-007,cp_bit,xdebugver,0
TP-DBG-018,CG-DBG-007,cp_bit,z14,0
TP-DBG-018,CG-DBG-007,cp_bit,z27_16,0
TP-DBG-018,CG-DBG-007,cp_bit,z5,0
TP-DBG-018,CG-DBG-007,cp_op,rc,0
TP-DBG-018,CG-DBG-007,cp_op,rs,0
TP-DBG-018,CG-DBG-007,cp_op,rw,0
TP-DBG-018,CG-DBG-007,cp_pattern,ones,0
TP-DBG-018,CG-DBG-007,cp_pattern,random,0
TP-DBG-018,CG-DBG-007,cp_pattern,walk1,0
TP-DBG-018,CG-DBG-007,cp_pattern,zeros,0
TP-DBG-018,CG-DBG-007,cp_readback,as_written,0
TP-DBG-018,CG-DBG-007,cp_readback,forced0,0
TP-DBG-018,CG-DBG-007,cp_readback,forced_const,0
TP-DBG-018,CG-DBG-007,cr_bit_rb,ebreakm_w,0
TP-DBG-018,CG-DBG-007,cr_bit_rb,ebreaks_w,0
TP-DBG-018,CG-DBG-007,cr_bit_rb,ebreaku_w,0
TP-DBG-018,CG-DBG-007,cr_bit_rb,mprven_0,0
TP-DBG-018,CG-DBG-007,cr_bit_rb,nmip_0,0
TP-DBG-018,CG-DBG-007,cr_bit_rb,prv_w,0
TP-DBG-018,CG-DBG-007,cr_bit_rb,step_w,0
TP-DBG-018,CG-DBG-007,cr_bit_rb,stepie_0,0
TP-DBG-018,CG-DBG-007,cr_bit_rb,stopcount_0,0
TP-DBG-018,CG-DBG-007,cr_bit_rb,stoptime_0,0
TP-DBG-018,CG-DBG-007,cr_bit_rb,xdv_c,0
TP-DBG-018,CG-DBG-007,cr_bit_rb,z14_0,0
TP-DBG-018,CG-DBG-007,cr_bit_rb,z27_0,0
TP-DBG-018,CG-DBG-007,cr_bit_rb,z5_0,0
TP-DBG-018,CG-DBG-007,cr_pattern_op,ones_rc,0
TP-DBG-018,CG-DBG-007,cr_pattern_op,ones_rs,0
TP-DBG-018,CG-DBG-007,cr_pattern_op,ones_rw,0
TP-DBG-018,CG-DBG-007,cr_pattern_op,rand_rc,0
TP-DBG-018,CG-DBG-007,cr_pattern_op,rand_rs,0
TP-DBG-018,CG-DBG-007,cr_pattern_op,rand_rw,0
TP-DBG-018,CG-DBG-007,cr_pattern_op,walk_rc,0
TP-DBG-018,CG-DBG-007,cr_pattern_op,walk_rs,0
TP-DBG-018,CG-DBG-007,cr_pattern_op,walk_rw,0
TP-DBG-018,CG-DBG-007,cr_pattern_op,zeros_rc,0
TP-DBG-018,CG-DBG-007,cr_pattern_op,zeros_rw,0
TP-DBG-018,CG-DBG-008,cp_csr,dcsr,0
TP-DBG-018,CG-DBG-008,cp_op,clear,0
TP-DBG-018,CG-DBG-008,cp_op,set,0
TP-DBG-018,CG-DBG-008,cp_op,write,0
TP-DBG-018,CG-DBG-008,cr_csr_op,dcsr_clr,0
TP-DBG-018,CG-DBG-008,cr_csr_op,dcsr_set,0
TP-DBG-018,CG-DBG-008,cr_csr_op,dcsr_wr,0
TP-DBG-019,CG-DBG-005,cp_prv_src,sw_h,0
TP-DBG-019,CG-DBG-005,cp_prv_src,sw_m,0
TP-DBG-019,CG-DBG-005,cp_prv_src,sw_s,0
TP-DBG-019,CG-DBG-005,cp_prv_src,sw_u,0
TP-DBG-019,CG-DBG-005,cp_prv_target,m,0
TP-DBG-019,CG-DBG-005,cp_prv_target,u,0
TP-DBG-019,CG-DBG-005,cr_prvsrc_target,swh_u,0
TP-DBG-019,CG-DBG-005,cr_prvsrc_target,swm_m,0
TP-DBG-019,CG-DBG-005,cr_prvsrc_target,sws_u,0
TP-DBG-019,CG-DBG-005,cr_prvsrc_target,swu_u,0
TP-DBG-019,CG-DBG-007,cp_bit,prv,0
TP-DBG-019,CG-DBG-007,cp_op,rci,0
TP-DBG-019,CG-DBG-007,cp_op,rsi,0
TP-DBG-019,CG-DBG-007,cp_op,rwi,0
TP-DBG-019,CG-DBG-007,cp_pattern,prv_only,0
TP-DBG-019,CG-DBG-007,cp_prv_w,h,0
TP-DBG-019,CG-DBG-007,cp_prv_w,m,0
TP-DBG-019,CG-DBG-007,cp_prv_w,s,0
TP-DBG-019,CG-DBG-007,cp_prv_w,u,0
TP-DBG-019,CG-DBG-007,cp_readback,as_written,0
TP-DBG-019,CG-DBG-007,cp_readback,legalised_u,0
TP-DBG-019,CG-DBG-007,cr_bit_rb,prv_leg,0
TP-DBG-019,CG-DBG-007,cr_pattern_op,prv_rci,0
TP-DBG-019,CG-DBG-007,cr_pattern_op,prv_rsi,0
TP-DBG-019,CG-DBG-007,cr_pattern_op,prv_rwi,0
TP-DBG-019,CG-DBG-007,cr_prvw_rb,h_leg,0
TP-DBG-019,CG-DBG-007,cr_prvw_rb,m_w,0
TP-DBG-019,CG-DBG-007,cr_prvw_rb,s_leg,0
TP-DBG-019,CG-DBG-007,cr_prvw_rb,u_w,0
TP-DBG-020,CG-DBG-001,cp_cause,ebreak,0
TP-DBG-020,CG-DBG-001,cp_cause,trigger,0
TP-DBG-020,CG-DBG-007,cp_bit,cause,0
TP-DBG-020,CG-DBG-007,cp_op,rs,0
TP-DBG-020,CG-DBG-007,cp_pattern,walk1,0
TP-DBG-020,CG-DBG-007,cp_readback,forced_const,0
TP-DBG-020,CG-DBG-007,cr_bit_rb,cause_c,0
TP-DBG-020,CG-DBG-007,cr_pattern_op,walk_rs,0
TP-DBG-021,CG-DBG-005,cp_next,nmi_first,0
TP-DBG-021,CG-DBG-005,cp_prv_target,m,0
TP-DBG-021,CG-DBG-005,cr_prv_next,m_nmi,0
TP-DBG-021,CG-DBG-007,cp_bit,nmip,0
TP-DBG-021,CG-DBG-007,cp_readback,forced0,0
TP-DBG-021,CG-DBG-007,cr_bit_rb,nmip_0,0
TP-DBG-021,CG-DBG-009,cp_disposition,masked_then_taken,0
TP-DBG-021,CG-DBG-009,cp_src,nmi,0
TP-DBG-021,CG-DBG-009,cp_window,debug,0
TP-DBG-021,CG-DBG-009,cr_src_window,nmi_debug,0
TP-DBG-021,CG-DBG-009,cr_window_disp,debug_taken,0
TP-DBG-022,CG-DBG-001,cp_cause,ebreak,0
TP-DBG-022,CG-DBG-001,cp_dpc_kind,ebreak_pc,0
TP-DBG-022,CG-DBG-001,cp_entry_ctx,idle,0
TP-DBG-022,CG-DBG-001,cp_prv_before,m,0
TP-DBG-022,CG-DBG-001,cr_cause_ctx,ebreak_idle,0
TP-DBG-022,CG-DBG-001,cr_cause_dpc,ebreak_pc,0
TP-DBG-022,CG-DBG-001,cr_cause_prv,ebreak_m,0
TP-DBG-022,CG-DBG-003,cp_ebreakm,on,0
TP-DBG-022,CG-DBG-003,cp_ebreaku,off,0
TP-DBG-022,CG-DBG-003,cp_ebreaku,on,0
TP-DBG-022,CG-DBG-003,cp_form,full,0
TP-DBG-022,CG-DBG-003,cp_in_debug,no,0
TP-DBG-022,CG-DBG-003,cp_outcome,dbg_entry,0
TP-DBG-022,CG-DBG-003,cp_priv,m,0
TP-DBG-022,CG-DBG-003,cr_form_outcome,full_dbg,0
TP-DBG-022,CG-DBG-003,cr_priv_en_outcome,m_on_off_dbg,0
TP-DBG-022,CG-DBG-003,cr_priv_en_outcome,m_on_on_dbg,0
TP-DBG-022,CG-PMC-002,cp_delta,eq_rvfi,0
TP-DBG-022,CG-PMC-002,cp_window,has_ebreak_dbg,0
TP-DBG-022,CG-PMC-002,cr_window_delta,ebreakdbg_eq,0
TP-DBG-023,CG-DBG-003,cp_ebreakm,off,0
TP-DBG-023,CG-DBG-003,cp_ebreaku,off,0
TP-DBG-023,CG-DBG-003,cp_ebreaku,on,0
TP-DBG-023,CG-DBG-003,cp_form,full,0
TP-DBG-023,CG-DBG-003,cp_outcome,bp_exc,0
TP-DBG-023,CG-DBG-003,cp_priv,m,0
TP-DBG-023,CG-DBG-003,cr_form_outcome,full_exc,0
TP-DBG-023,CG-DBG-003,cr_priv_en_outcome,m_off_off_exc,0
TP-DBG-023,CG-DBG-003,cr_priv_en_outcome,m_off_on_exc,0
TP-DBG-023,CG-PMC-002,cp_delta,eq_rvfi,0
TP-DBG-023,CG-PMC-002,cp_window,has_ebreak_exc,0
TP-DBG-023,CG-PMC-002,cr_window_delta,ebreakexc_eq,0
TP-DBG-024,CG-DBG-001,cp_cause,ebreak,0
TP-DBG-024,CG-DBG-001,cp_prv_before,u,0
TP-DBG-024,CG-DBG-001,cr_cause_prv,ebreak_u,0
TP-DBG-024,CG-DBG-003,cp_ebreakm,off,0
TP-DBG-024,CG-DBG-003,cp_ebreakm,on,0
TP-DBG-024,CG-DBG-003,cp_ebreaku,on,0
TP-DBG-024,CG-DBG-003,cp_outcome,dbg_entry,0
TP-DBG-024,CG-DBG-003,cp_priv,u,0
TP-DBG-024,CG-DBG-003,cr_priv_en_outcome,u_off_on_dbg,0
TP-DBG-024,CG-DBG-003,cr_priv_en_outcome,u_on_on_dbg,0
TP-DBG-024,CG-DBG-005,cp_next,run,0
TP-DBG-024,CG-DBG-005,cp_prv_target,u,0
TP-DBG-024,CG-DBG-005,cr_prv_next,u_run,0
TP-DBG-025,CG-DBG-003,cp_ebreakm,off,0
TP-DBG-025,CG-DBG-003,cp_ebreakm,on,0
TP-DBG-025,CG-DBG-003,cp_ebreaku,off,0
TP-DBG-025,CG-DBG-003,cp_outcome,bp_exc,0
TP-DBG-025,CG-DBG-003,cp_priv,u,0
TP-DBG-025,CG-DBG-003,cr_priv_en_outcome,u_off_off_exc,0
TP-DBG-025,CG-DBG-003,cr_priv_en_outcome,u_on_off_exc,0
TP-DBG-026,CG-DBG-003,cp_coincident,none,0
TP-DBG-026,CG-DBG-003,cp_ebreakm,off,0
TP-DBG-026,CG-DBG-003,cp_ebreakm,on,0
TP-DBG-026,CG-DBG-003,cp_ebreaku,off,0
TP-DBG-026,CG-DBG-003,cp_ebreaku,on,0
TP-DBG-026,CG-DBG-003,cp_outcome,bp_exc,0
TP-DBG-026,CG-DBG-003,cp_outcome,dbg_entry,0
TP-DBG-026,CG-DBG-003,cp_priv,m,0
TP-DBG-026,CG-DBG-003,cp_priv,u,0
TP-DBG-026,CG-DBG-003,cr_priv_en_outcome,m_off_off_exc,0
TP-DBG-026,CG-DBG-003,cr_priv_en_outcome,m_off_on_exc,0
TP-DBG-026,CG-DBG-003,cr_priv_en_outcome,m_on_off_dbg,0
TP-DBG-026,CG-DBG-003,cr_priv_en_outcome,m_on_on_dbg,0
TP-DBG-026,CG-DBG-003,cr_priv_en_outcome,u_off_off_exc,0
TP-DBG-026,CG-DBG-003,cr_priv_en_outcome,u_off_on_dbg,0
TP-DBG-026,CG-DBG-003,cr_priv_en_outcome,u_on_off_exc,0
TP-DBG-026,CG-DBG-003,cr_priv_en_outcome,u_on_on_dbg,0
TP-DBG-027,CG-DBG-003,cp_form,comp,0
TP-DBG-027,CG-DBG-003,cp_outcome,bp_exc,0
TP-DBG-027,CG-DBG-003,cp_outcome,dbg_entry,0
TP-DBG-027,CG-DBG-003,cp_outcome,reenter,0
TP-DBG-027,CG-DBG-003,cr_form_outcome,comp_dbg,0
TP-DBG-027,CG-DBG-003,cr_form_outcome,comp_exc,0
TP-DBG-027,CG-DBG-003,cr_form_outcome,comp_reenter,0
TP-DBG-028,CG-DBG-003,cp_form,comp,0
TP-DBG-028,CG-DBG-003,cp_form,full,0
TP-DBG-028,CG-DBG-003,cp_in_debug,yes,0
TP-DBG-028,CG-DBG-003,cp_outcome,reenter,0
TP-DBG-028,CG-DBG-003,cr_form_outcome,comp_reenter,0
TP-DBG-028,CG-DBG-003,cr_form_outcome,full_reenter,0
TP-DBG-028,CG-DBG-011,cp_insn_class,ebreak,0
TP-DBG-029,CG-DBG-003,cp_coincident,wb_fault,0
TP-DBG-029,CG-DBG-003,cp_outcome,discarded,0
TP-DBG-029,CG-DBG-003,cr_coincident_outcome,wbfault_discarded,0
TP-DBG-030,CG-DBG-001,cp_cause,ebreak,0
TP-DBG-030,CG-DBG-001,cp_dpc_kind,ebreak_pc,0
TP-DBG-030,CG-DBG-001,cr_cause_dpc,ebreak_pc,0
TP-DBG-030,CG-DBG-002,cp_coincident,ebreak_dbg,0
TP-DBG-030,CG-DBG-002,cp_outcome,entered,0
TP-DBG-030,CG-DBG-002,cr_coincident_outcome,ebreak_entered,0
TP-DBG-030,CG-DBG-003,cp_coincident,haltreq,0
TP-DBG-030,CG-DBG-003,cp_outcome,dbg_entry,0
TP-DBG-030,CG-DBG-003,cr_coincident_outcome,haltreq_dbg,0
TP-DBG-031,CG-DBG-004,cp_dret_pending,none,0
TP-DBG-031,CG-DBG-004,cp_kind,ecall,0
TP-DBG-031,CG-DBG-004,cp_kind,illegal,0
TP-DBG-031,CG-DBG-004,cp_kind,illegal_csr,0
TP-DBG-031,CG-DBG-004,cp_priv_in_debug,m,0
TP-DBG-031,CG-DBG-004,cp_seq,first,0
TP-DBG-031,CG-DBG-004,cr_kind_priv,ecall_m,0
TP-DBG-031,CG-DBG-004,cr_kind_priv,illegal_m,0
TP-DBG-031,CG-DBG-004,cr_kind_priv,illegalcsr_m,0
TP-DBG-031,CG-DBG-011,cp_insn_class,ecall,0
TP-DBG-031,CG-DBG-011,cp_insn_class,illegal,0
TP-DBG-031,CG-DBG-012,cp_trap_dbg,trap_dbg,0
TP-DBG-032,CG-DBG-004,cp_kind,load_bus,0
TP-DBG-032,CG-DBG-004,cp_kind,load_pmp,0
TP-DBG-032,CG-DBG-004,cp_kind,store_bus,0
TP-DBG-032,CG-DBG-004,cp_kind,store_pmp,0
TP-DBG-032,CG-DBG-004,cp_mprv,off,0
TP-DBG-032,CG-DBG-004,cp_mprv,on_mpp_m,0
TP-DBG-032,CG-DBG-004,cp_mprv,on_mpp_u,0
TP-DBG-032,CG-DBG-004,cp_priv_in_debug,m,0
TP-DBG-032,CG-DBG-004,cr_kind_mprv,loadbus_mprv_u,0
TP-DBG-032,CG-DBG-004,cr_kind_mprv,loadpmp_off,0
TP-DBG-032,CG-DBG-004,cr_kind_priv,loadbus_m,0
TP-DBG-032,CG-DBG-004,cr_kind_priv,loadpmp_m,0
TP-DBG-032,CG-DBG-004,cr_kind_priv,storebus_m,0
TP-DBG-032,CG-DBG-004,cr_kind_priv,storepmp_m,0
TP-DBG-032,CG-DBG-010,cp_access,load,0
TP-DBG-032,CG-DBG-010,cp_access,store,0
TP-DBG-032,CG-DBG-010,cp_addr,above,0
TP-DBG-032,CG-DBG-010,cp_addr,below,0
TP-DBG-032,CG-DBG-010,cp_addr,far,0
TP-DBG-032,CG-DBG-010,cp_result,fault,0
TP-DBG-032,CG-DBG-010,cp_verdict,deny_cfg,0
TP-DBG-032,CG-DBG-010,cp_verdict,deny_mml,0
TP-DBG-032,CG-DBG-010,cp_verdict,deny_mmwp,0
TP-DBG-032,CG-DBG-010,cr_bypass,l_above_fault,0
TP-DBG-032,CG-DBG-010,cr_bypass,l_below_fault,0
TP-DBG-032,CG-DBG-010,cr_bypass,l_far_mmwp,0
TP-DBG-032,CG-DBG-010,cr_bypass,s_far_mml,0
TP-DBG-033,CG-DBG-004,cp_kind,fetch_bus,0
TP-DBG-033,CG-DBG-004,cp_kind,fetch_pmp,0
TP-DBG-033,CG-DBG-004,cp_priv_in_debug,m,0
TP-DBG-033,CG-DBG-004,cr_kind_priv,fetchbus_m,0
TP-DBG-033,CG-DBG-004,cr_kind_priv,fetchpmp_m,0
TP-DBG-033,CG-DBG-010,cp_access,fetch,0
TP-DBG-033,CG-DBG-010,cp_addr,above,0
TP-DBG-033,CG-DBG-010,cp_addr,below,0
TP-DBG-033,CG-DBG-010,cp_addr,far,0
TP-DBG-033,CG-DBG-010,cp_result,fault,0
TP-DBG-033,CG-DBG-010,cp_verdict,deny_cfg,0
TP-DBG-033,CG-DBG-010,cp_verdict,deny_mml,0
TP-DBG-033,CG-DBG-010,cp_verdict,deny_mmwp,0
TP-DBG-033,CG-DBG-010,cr_bypass,f_above_fault,0
TP-DBG-033,CG-DBG-010,cr_bypass,f_below_fault,0
TP-DBG-033,CG-DBG-010,cr_bypass,f_far_mml,0
TP-DBG-033,CG-DBG-010,cr_bypass,f_far_mmwp,0
TP-DBG-034,CG-DBG-004,cp_kind,ecall,0
TP-DBG-034,CG-DBG-004,cp_kind,fetch_pmp,0
TP-DBG-034,CG-DBG-004,cp_kind,illegal_csr,0
TP-DBG-034,CG-DBG-004,cp_kind,load_pmp,0
TP-DBG-034,CG-DBG-004,cp_priv_in_debug,u,0
TP-DBG-034,CG-DBG-004,cr_kind_priv,ecall_u,0
TP-DBG-034,CG-DBG-004,cr_kind_priv,fetchpmp_u,0
TP-DBG-034,CG-DBG-004,cr_kind_priv,illegalcsr_u,0
TP-DBG-034,CG-DBG-004,cr_kind_priv,loadpmp_u,0
TP-DBG-034,CG-DBG-011,cp_insn_class,alu,0
TP-DBG-034,CG-DBG-011,cp_insn_class,mret,0
TP-DBG-034,CG-DBG-011,cp_mode,u,0
TP-DBG-034,CG-DBG-011,cp_mret_mpp,u,0
TP-DBG-034,CG-DBG-011,cr_class_mode,alu_u,0
TP-DBG-034,CG-DBG-011,cr_mret_mpp,mret_u,0
TP-DBG-035,CG-DBG-004,cp_kind,ecall,0
TP-DBG-035,CG-DBG-004,cp_kind,illegal,0
TP-DBG-035,CG-DBG-004,cp_kind,load_bus,0
TP-DBG-035,CG-DBG-004,cp_seq,second,0
TP-DBG-035,CG-DBG-004,cr_kind_seq,ecall_second,0
TP-DBG-035,CG-DBG-004,cr_kind_seq,illegal_second,0
TP-DBG-035,CG-DBG-004,cr_kind_seq,loadbus_second,0
TP-DBG-036,CG-DBG-005,cp_dpc_src,hw,0
TP-DBG-036,CG-DBG-005,cp_legal,ok,0
TP-DBG-036,CG-DBG-005,cp_mprv,off,0
TP-DBG-036,CG-DBG-005,cp_next,run,0
TP-DBG-036,CG-DBG-005,cp_prv_src,hw,0
TP-DBG-036,CG-DBG-005,cp_prv_target,m,0
TP-DBG-036,CG-DBG-005,cp_prv_target,u,0
TP-DBG-036,CG-DBG-005,cp_wb_pending,none,0
TP-DBG-036,CG-DBG-005,cr_dpcsrc_next,hw_run,0
TP-DBG-036,CG-DBG-005,cr_prv_mprv,m_off,0
TP-DBG-036,CG-DBG-005,cr_prv_next,m_run,0
TP-DBG-036,CG-DBG-005,cr_prv_next,u_run,0
TP-DBG-036,CG-DBG-005,cr_prvsrc_target,hw_m,0
TP-DBG-036,CG-DBG-005,cr_prvsrc_target,hw_u,0
TP-DBG-036,CG-DBG-005,cr_wb_next,none_run,0
TP-DBG-036,CG-DBG-011,cp_insn_class,dret,0
TP-DBG-036,CG-DBG-011,cp_mode,m,0
TP-DBG-036,CG-DBG-011,cr_class_mode,dret_m,0
TP-DBG-036,CG-DBG-012,cp_flags,req0_mode1,0
TP-DBG-036,CG-PMC-002,cp_delta,eq_rvfi,0
TP-DBG-036,CG-PMC-002,cp_window,has_dret,0
TP-DBG-036,CG-PMC-002,cr_window_delta,dret_eq,0
TP-DBG-037,CG-DBG-005,cp_legal,illegal_m,0
TP-DBG-037,CG-DBG-005,cp_legal,illegal_u,0
TP-DBG-038,CG-DBG-005,cp_mprv,off,0
TP-DBG-038,CG-DBG-005,cp_mprv,on,0
TP-DBG-038,CG-DBG-005,cp_prv_target,m,0
TP-DBG-038,CG-DBG-005,cp_prv_target,u,0
TP-DBG-038,CG-DBG-005,cr_prv_mprv,m_on,0
TP-DBG-038,CG-DBG-005,cr_prv_mprv,u_off,0
TP-DBG-038,CG-DBG-005,cr_prv_mprv,u_on,0
TP-DBG-038,CG-DBG-010,cp_access,load,0
TP-DBG-038,CG-DBG-010,cp_access,store,0
TP-DBG-038,CG-DBG-010,cp_phase,post_dret_u_mprv,0
TP-DBG-038,CG-DBG-010,cp_result,no_fault,0
TP-DBG-038,CG-DBG-010,cp_verdict,deny_cfg,0
TP-DBG-038,CG-DBG-010,cr_b1,b1_load_ok,0
TP-DBG-038,CG-DBG-010,cr_b1,b1_store_ok,0
TP-DBG-039,CG-DBG-005,cp_next,run,0
TP-DBG-039,CG-DBG-005,cp_prv_src,sw_m,0
TP-DBG-039,CG-DBG-005,cp_prv_src,sw_u,0
TP-DBG-039,CG-DBG-005,cp_prv_target,m,0
TP-DBG-039,CG-DBG-005,cp_prv_target,u,0
TP-DBG-039,CG-DBG-005,cr_prv_next,u_run,0
TP-DBG-039,CG-DBG-005,cr_prvsrc_target,swm_m,0
TP-DBG-039,CG-DBG-005,cr_prvsrc_target,swu_u,0
TP-DBG-039,CG-DBG-008,cp_csr,dcsr,0
TP-DBG-039,CG-DBG-008,cp_mode,u,0
TP-DBG-039,CG-DBG-008,cp_result,illegal,0
TP-DBG-039,CG-DBG-008,cr_csr_mode_result,dcsr_u_ill,0
TP-DBG-040,CG-DBG-005,cp_dpc_src,sw_even,0
TP-DBG-040,CG-DBG-005,cp_dpc_src,sw_odd,0
TP-DBG-040,CG-DBG-005,cp_next,run,0
TP-DBG-040,CG-DBG-005,cr_dpcsrc_next,even_run,0
TP-DBG-040,CG-DBG-005,cr_dpcsrc_next,odd_run,0
TP-DBG-040,CG-DBG-008,cp_csr,dpc,0
TP-DBG-040,CG-DBG-008,cp_dpc_w,even,0
TP-DBG-040,CG-DBG-008,cp_dpc_w,odd,0
TP-DBG-040,CG-DBG-008,cp_op,clear,0
TP-DBG-040,CG-DBG-008,cp_op,set,0
TP-DBG-040,CG-DBG-008,cp_op,write,0
TP-DBG-040,CG-DBG-008,cp_result,ok,0
TP-DBG-040,CG-DBG-008,cr_csr_op,dpc_clr,0
TP-DBG-040,CG-DBG-008,cr_csr_op,dpc_set,0
TP-DBG-040,CG-DBG-008,cr_csr_op,dpc_wr,0
TP-DBG-040,CG-DBG-008,cr_dpcw_result,even_ok,0
TP-DBG-040,CG-DBG-008,cr_dpcw_result,odd_ok,0
TP-DBG-041,CG-DBG-004,cp_dret_pending,dret_wait,0
TP-DBG-041,CG-DBG-004,cp_kind,load_bus,0
TP-DBG-041,CG-DBG-004,cp_kind,load_pmp,0
TP-DBG-041,CG-DBG-004,cp_kind,store_bus,0
TP-DBG-041,CG-DBG-004,cr_kind_dret,loadbus_dret,0
TP-DBG-041,CG-DBG-004,cr_kind_dret,loadpmp_dret,0
TP-DBG-041,CG-DBG-004,cr_kind_dret,storebus_dret,0
TP-DBG-041,CG-DBG-005,cp_next,run,0
TP-DBG-041,CG-DBG-005,cp_wb_pending,fault,0
TP-DBG-041,CG-DBG-005,cp_wb_pending,load,0
TP-DBG-041,CG-DBG-005,cp_wb_pending,store,0
TP-DBG-041,CG-DBG-005,cr_wb_next,load_run,0
TP-DBG-041,CG-DBG-005,cr_wb_next,store_run,0
TP-DBG-042,CG-DBG-001,cp_cause,step,0
TP-DBG-042,CG-DBG-001,cp_dpc_kind,next_seq,0
TP-DBG-042,CG-DBG-001,cp_entry_ctx,flush_csr,0
TP-DBG-042,CG-DBG-001,cp_entry_ctx,idle,0
TP-DBG-042,CG-DBG-001,cp_prv_before,m,0
TP-DBG-042,CG-DBG-001,cp_prv_before,u,0
TP-DBG-042,CG-DBG-001,cr_cause_ctx,step_flush_csr,0
TP-DBG-042,CG-DBG-001,cr_cause_ctx,step_idle,0
TP-DBG-042,CG-DBG-001,cr_cause_dpc,step_next,0
TP-DBG-042,CG-DBG-001,cr_cause_prv,step_m,0
TP-DBG-042,CG-DBG-001,cr_cause_prv,step_u,0
TP-DBG-042,CG-DBG-005,cp_next,step_one,0
TP-DBG-042,CG-DBG-005,cp_prv_target,m,0
TP-DBG-042,CG-DBG-005,cp_prv_target,u,0
TP-DBG-042,CG-DBG-005,cr_prv_next,m_step,0
TP-DBG-042,CG-DBG-005,cr_prv_next,u_step,0
TP-DBG-042,CG-DBG-006,cp_cause,step,0
TP-DBG-042,CG-DBG-006,cp_haltreq,no,0
TP-DBG-042,CG-DBG-006,cp_minstret_delta,one,0
TP-DBG-042,CG-DBG-006,cp_pending,none,0
TP-DBG-042,CG-DBG-006,cp_prv,m,0
TP-DBG-042,CG-DBG-006,cp_prv,u,0
TP-DBG-042,CG-DBG-006,cp_retired,one_ok,0
TP-DBG-042,CG-DBG-006,cp_stepped,alu,0
TP-DBG-042,CG-DBG-006,cp_stepped,csr_flush,0
TP-DBG-042,CG-DBG-006,cp_stepped,fence_i,0
TP-DBG-042,CG-DBG-006,cr_haltreq_cause,no_step,0
TP-DBG-042,CG-DBG-006,cr_pending_cause,none_step,0
TP-DBG-042,CG-DBG-006,cr_stepped_minstret,alu_one,0
TP-DBG-042,CG-DBG-006,cr_stepped_prv,alu_m,0
TP-DBG-042,CG-DBG-006,cr_stepped_prv,alu_u,0
TP-DBG-042,CG-DBG-006,cr_stepped_prv,csrflush_m,0
TP-DBG-042,CG-DBG-006,cr_stepped_prv,fencei_m,0
TP-DBG-042,CG-DBG-006,cr_stepped_retired,alu_ok,0
TP-DBG-043,CG-DBG-001,cp_cause,step,0
TP-DBG-043,CG-DBG-001,cp_dpc_kind,br_target,0
TP-DBG-043,CG-DBG-001,cr_cause_dpc,step_br,0
TP-DBG-043,CG-DBG-006,cp_prv,m,0
TP-DBG-043,CG-DBG-006,cp_prv,u,0
TP-DBG-043,CG-DBG-006,cp_stepped,br_taken,0
TP-DBG-043,CG-DBG-006,cp_stepped,jal,0
TP-DBG-043,CG-DBG-006,cp_stepped,jalr,0
TP-DBG-043,CG-DBG-006,cr_stepped_prv,brtaken_m,0
TP-DBG-043,CG-DBG-006,cr_stepped_prv,brtaken_u,0
TP-DBG-043,CG-DBG-006,cr_stepped_prv,jal_m,0
TP-DBG-043,CG-DBG-006,cr_stepped_prv,jalr_m,0
TP-DBG-044,CG-DBG-006,cp_prv,m,0
TP-DBG-044,CG-DBG-006,cp_prv,u,0
TP-DBG-044,CG-DBG-006,cp_stepped,br_not,0
TP-DBG-044,CG-DBG-006,cp_stepped,c_br_not,0
TP-DBG-044,CG-DBG-006,cp_stepped,comp,0
TP-DBG-044,CG-DBG-006,cr_stepped_prv,brnot_m,0
TP-DBG-044,CG-DBG-006,cr_stepped_prv,cbrnot_m,0
TP-DBG-044,CG-DBG-006,cr_stepped_prv,comp_m,0
TP-DBG-044,CG-DBG-006,cr_stepped_prv,comp_u,0
TP-DBG-045,CG-DBG-001,cp_cause,step,0
TP-DBG-045,CG-DBG-001,cp_dpc_kind,mtvec,0
TP-DBG-045,CG-DBG-001,cp_entry_ctx,flush_exc,0
TP-DBG-045,CG-DBG-001,cr_cause_ctx,step_flush_exc,0
TP-DBG-045,CG-DBG-001,cr_cause_dpc,step_mtvec,0
TP-DBG-045,CG-DBG-006,cp_minstret_delta,zero,0
TP-DBG-045,CG-DBG-006,cp_prv,m,0
TP-DBG-045,CG-DBG-006,cp_prv,u,0
TP-DBG-045,CG-DBG-006,cp_retired,one_trap,0
TP-DBG-045,CG-DBG-006,cp_stepped,ebreak_exc,0
TP-DBG-045,CG-DBG-006,cp_stepped,ecall,0
TP-DBG-045,CG-DBG-006,cp_stepped,illegal,0
TP-DBG-045,CG-DBG-006,cp_stepped,load_fault,0
TP-DBG-045,CG-DBG-006,cp_stepped,store_fault,0
TP-DBG-045,CG-DBG-006,cr_stepped_minstret,ecall_zero,0
TP-DBG-045,CG-DBG-006,cr_stepped_minstret,illegal_zero,0
TP-DBG-045,CG-DBG-006,cr_stepped_prv,ebreakexc_m,0
TP-DBG-045,CG-DBG-006,cr_stepped_prv,ebreakexc_u,0
TP-DBG-045,CG-DBG-006,cr_stepped_prv,ecall_m,0
TP-DBG-045,CG-DBG-006,cr_stepped_prv,ecall_u,0
TP-DBG-045,CG-DBG-006,cr_stepped_prv,illegal_m,0
TP-DBG-045,CG-DBG-006,cr_stepped_prv,illegal_u,0
TP-DBG-045,CG-DBG-006,cr_stepped_prv,loadfault_m,0
TP-DBG-045,CG-DBG-006,cr_stepped_prv,loadfault_u,0
TP-DBG-045,CG-DBG-006,cr_stepped_prv,storefault_m,0
TP-DBG-045,CG-DBG-006,cr_stepped_retired,ebreakexc_trap,0
TP-DBG-045,CG-DBG-006,cr_stepped_retired,ecall_trap,0
TP-DBG-045,CG-DBG-006,cr_stepped_retired,illegal_trap,0
TP-DBG-045,CG-DBG-006,cr_stepped_retired,loadfault_trap,0
TP-DBG-046,CG-DBG-001,cp_cause,ebreak,0
TP-DBG-046,CG-DBG-001,cp_dpc_kind,ebreak_pc,0
TP-DBG-046,CG-DBG-001,cr_cause_dpc,ebreak_pc,0
TP-DBG-046,CG-DBG-003,cp_coincident,step,0
TP-DBG-046,CG-DBG-003,cp_outcome,dbg_entry,0
TP-DBG-046,CG-DBG-003,cr_coincident_outcome,step_dbg,0
TP-DBG-046,CG-DBG-006,cp_cause,ebreak,0
TP-DBG-046,CG-DBG-006,cp_haltreq,yes,0
TP-DBG-046,CG-DBG-006,cp_prv,m,0
TP-DBG-046,CG-DBG-006,cp_prv,u,0
TP-DBG-046,CG-DBG-006,cp_retired,one_trap,0
TP-DBG-046,CG-DBG-006,cp_stepped,ebreak_dbg,0
TP-DBG-046,CG-DBG-006,cr_haltreq_cause,yes_ebreak,0
TP-DBG-046,CG-DBG-006,cr_stepped_prv,ebreakdbg_m,0
TP-DBG-046,CG-DBG-006,cr_stepped_prv,ebreakdbg_u,0
TP-DBG-046,CG-DBG-006,cr_stepped_retired,ebreakdbg_trap,0
TP-DBG-047,CG-DBG-005,cp_next,irq_first,0
TP-DBG-047,CG-DBG-005,cp_prv_target,m,0
TP-DBG-047,CG-DBG-005,cp_prv_target,u,0
TP-DBG-047,CG-DBG-005,cr_prv_next,m_irq,0
TP-DBG-047,CG-DBG-005,cr_prv_next,u_irq,0
TP-DBG-047,CG-DBG-006,cp_cause,step,0
TP-DBG-047,CG-DBG-006,cp_pending,irq,0
TP-DBG-047,CG-DBG-006,cr_pending_cause,irq_step,0
TP-DBG-047,CG-DBG-009,cp_disposition,masked_still_pending,0
TP-DBG-047,CG-DBG-009,cp_disposition,masked_then_taken,0
TP-DBG-047,CG-DBG-009,cp_src,ext,0
TP-DBG-047,CG-DBG-009,cp_src,fast,0
TP-DBG-047,CG-DBG-009,cp_src,sw,0
TP-DBG-047,CG-DBG-009,cp_src,timer,0
TP-DBG-047,CG-DBG-009,cp_window,step,0
TP-DBG-047,CG-DBG-009,cr_src_window,ext_step,0
TP-DBG-047,CG-DBG-009,cr_src_window,fast_step,0
TP-DBG-047,CG-DBG-009,cr_src_window,sw_step,0
TP-DBG-047,CG-DBG-009,cr_src_window,timer_step,0
TP-DBG-047,CG-DBG-009,cr_window_disp,step_pending,0
TP-DBG-047,CG-DBG-009,cr_window_disp,step_taken,0
TP-DBG-048,CG-DBG-005,cp_next,nmi_first,0
TP-DBG-048,CG-DBG-005,cp_prv_target,m,0
TP-DBG-048,CG-DBG-005,cr_prv_next,m_nmi,0
TP-DBG-048,CG-DBG-006,cp_cause,step,0
TP-DBG-048,CG-DBG-006,cp_pending,nmi,0
TP-DBG-048,CG-DBG-006,cr_pending_cause,nmi_step,0
TP-DBG-048,CG-DBG-007,cp_bit,nmip,0
TP-DBG-048,CG-DBG-007,cp_readback,forced0,0
TP-DBG-048,CG-DBG-007,cr_bit_rb,nmip_0,0
TP-DBG-048,CG-DBG-009,cp_src,nmi,0
TP-DBG-048,CG-DBG-009,cp_window,step,0
TP-DBG-048,CG-DBG-009,cr_src_window,nmi_step,0
TP-DBG-049,CG-DBG-001,cp_busy_dip,one,0
TP-DBG-049,CG-DBG-001,cp_cause,step,0
TP-DBG-049,CG-DBG-001,cp_dpc_kind,wfi_next,0
TP-DBG-049,CG-DBG-001,cp_entry_ctx,sleep,0
TP-DBG-049,CG-DBG-001,cr_cause_ctx,step_sleep,0
TP-DBG-049,CG-DBG-001,cr_cause_dpc,step_wfi,0
TP-DBG-049,CG-DBG-001,cr_ctx_busy,sleep_one,0
TP-DBG-049,CG-DBG-006,cp_minstret_delta,one,0
TP-DBG-049,CG-DBG-006,cp_prv,m,0
TP-DBG-049,CG-DBG-006,cp_prv,u,0
TP-DBG-049,CG-DBG-006,cp_retired,one_ok,0
TP-DBG-049,CG-DBG-006,cp_stepped,wfi,0
TP-DBG-049,CG-DBG-006,cr_stepped_minstret,wfi_one,0
TP-DBG-049,CG-DBG-006,cr_stepped_prv,wfi_m,0
TP-DBG-049,CG-DBG-006,cr_stepped_prv,wfi_u,0
TP-DBG-049,CG-DBG-006,cr_stepped_retired,wfi_ok,0
TP-DBG-050,CG-DBG-001,cp_cause,step,0
TP-DBG-050,CG-DBG-001,cp_dpc_kind,mret_target,0
TP-DBG-050,CG-DBG-001,cp_entry_ctx,flush_mret,0
TP-DBG-050,CG-DBG-001,cp_prv_before,u,0
TP-DBG-050,CG-DBG-001,cr_cause_ctx,step_flush_mret,0
TP-DBG-050,CG-DBG-001,cr_cause_dpc,step_mret,0
TP-DBG-050,CG-DBG-001,cr_cause_prv,step_u,0
TP-DBG-050,CG-DBG-006,cp_prv,m,0
TP-DBG-050,CG-DBG-006,cp_retired,one_ok,0
TP-DBG-050,CG-DBG-006,cp_stepped,mret,0
TP-DBG-050,CG-DBG-006,cr_stepped_prv,mret_m,0
TP-DBG-050,CG-DBG-006,cr_stepped_retired,mret_ok,0
TP-DBG-051,CG-DBG-001,cp_cause,step,0
TP-DBG-051,CG-DBG-001,cp_entry_ctx,zcmp,0
TP-DBG-051,CG-DBG-001,cr_cause_ctx,step_zcmp,0
TP-DBG-051,CG-DBG-006,cp_minstret_delta,one,0
TP-DBG-051,CG-DBG-006,cp_prv,m,0
TP-DBG-051,CG-DBG-006,cp_prv,u,0
TP-DBG-051,CG-DBG-006,cp_retired,one_ok,0
TP-DBG-051,CG-DBG-006,cp_stepped,zcmp_mv,0
TP-DBG-051,CG-DBG-006,cp_stepped,zcmp_pop,0
TP-DBG-051,CG-DBG-006,cp_stepped,zcmp_popret,0
TP-DBG-051,CG-DBG-006,cp_stepped,zcmp_push,0
TP-DBG-051,CG-DBG-006,cr_stepped_minstret,push_one,0
TP-DBG-051,CG-DBG-006,cr_stepped_prv,mv_m,0
TP-DBG-051,CG-DBG-006,cr_stepped_prv,pop_m,0
TP-DBG-051,CG-DBG-006,cr_stepped_prv,popret_m,0
TP-DBG-051,CG-DBG-006,cr_stepped_prv,push_m,0
TP-DBG-051,CG-DBG-006,cr_stepped_prv,push_u,0
TP-DBG-051,CG-DBG-006,cr_stepped_retired,popret_ok,0
TP-DBG-051,CG-DBG-006,cr_stepped_retired,push_ok,0
TP-DBG-052,CG-DBG-001,cp_cause,step,0
TP-DBG-052,CG-DBG-001,cp_entry_ctx,div_wait,0
TP-DBG-052,CG-DBG-001,cp_entry_ctx,lsu_wait,0
TP-DBG-052,CG-DBG-001,cr_cause_ctx,step_div,0
TP-DBG-052,CG-DBG-001,cr_cause_ctx,step_lsu,0
TP-DBG-052,CG-DBG-006,cp_prv,m,0
TP-DBG-052,CG-DBG-006,cp_prv,u,0
TP-DBG-052,CG-DBG-006,cp_stepped,div,0
TP-DBG-052,CG-DBG-006,cp_stepped,load_fast,0
TP-DBG-052,CG-DBG-006,cp_stepped,load_slow,0
TP-DBG-052,CG-DBG-006,cp_stepped,mulh,0
TP-DBG-052,CG-DBG-006,cp_stepped,store_slow,0
TP-DBG-052,CG-DBG-006,cr_stepped_prv,div_m,0
TP-DBG-052,CG-DBG-006,cr_stepped_prv,loadfast_m,0
TP-DBG-052,CG-DBG-006,cr_stepped_prv,loadslow_m,0
TP-DBG-052,CG-DBG-006,cr_stepped_prv,loadslow_u,0
TP-DBG-052,CG-DBG-006,cr_stepped_prv,mulh_m,0
TP-DBG-052,CG-DBG-006,cr_stepped_prv,storeslow_m,0
TP-DBG-053,CG-DBG-005,cp_dpc_src,hw,0
TP-DBG-053,CG-DBG-005,cp_next,fault_at_dpc,0
TP-DBG-053,CG-DBG-005,cp_prv_target,m,0
TP-DBG-053,CG-DBG-005,cp_prv_target,u,0
TP-DBG-053,CG-DBG-005,cr_dpcsrc_next,hw_fault,0
TP-DBG-053,CG-DBG-005,cr_prv_next,m_fault,0
TP-DBG-053,CG-DBG-005,cr_prv_next,u_fault,0
TP-DBG-053,CG-DBG-006,cp_prv,m,0
TP-DBG-053,CG-DBG-006,cp_retired,one_ok,0
TP-DBG-053,CG-DBG-006,cp_stepped,jump_fault_tgt,0
TP-DBG-053,CG-DBG-006,cr_stepped_prv,jumpfault_m,0
TP-DBG-053,CG-DBG-006,cr_stepped_retired,jumpfault_ok,0
TP-DBG-054,CG-DBG-001,cp_cause,haltreq,0
TP-DBG-054,CG-DBG-002,cp_coincident,step,0
TP-DBG-054,CG-DBG-002,cp_outcome,entered,0
TP-DBG-054,CG-DBG-002,cr_coincident_outcome,step_entered,0
TP-DBG-054,CG-DBG-006,cp_cause,haltreq,0
TP-DBG-054,CG-DBG-006,cp_haltreq,yes,0
TP-DBG-054,CG-DBG-006,cr_haltreq_cause,yes_haltreq,0
TP-DBG-055,CG-DBG-008,cp_csr,dcsr,0
TP-DBG-055,CG-DBG-008,cp_csr,dpc,0
TP-DBG-055,CG-DBG-008,cp_csr,dscratch0,0
TP-DBG-055,CG-DBG-008,cp_csr,dscratch1,0
TP-DBG-055,CG-DBG-008,cp_mode,m,0
TP-DBG-055,CG-DBG-008,cp_mode,u,0
TP-DBG-055,CG-DBG-008,cp_result,illegal,0
TP-DBG-055,CG-DBG-008,cr_csr_mode_result,dcsr_m_ill,0
TP-DBG-055,CG-DBG-008,cr_csr_mode_result,dcsr_u_ill,0
TP-DBG-055,CG-DBG-008,cr_csr_mode_result,dpc_m_ill,0
TP-DBG-055,CG-DBG-008,cr_csr_mode_result,dpc_u_ill,0
TP-DBG-055,CG-DBG-008,cr_csr_mode_result,ds0_m_ill,0
TP-DBG-055,CG-DBG-008,cr_csr_mode_result,ds0_u_ill,0
TP-DBG-055,CG-DBG-008,cr_csr_mode_result,ds1_m_ill,0
TP-DBG-055,CG-DBG-008,cr_csr_mode_result,ds1_u_ill,0
TP-DBG-056,CG-DBG-008,cp_csr,dscratch0,0
TP-DBG-056,CG-DBG-008,cp_csr,dscratch1,0
TP-DBG-056,CG-DBG-008,cp_mode,dbg_m,0
TP-DBG-056,CG-DBG-008,cp_op,clear,0
TP-DBG-056,CG-DBG-008,cp_op,read,0
TP-DBG-056,CG-DBG-008,cp_op,set,0
TP-DBG-056,CG-DBG-008,cp_op,write,0
TP-DBG-056,CG-DBG-008,cp_result,ok,0
TP-DBG-056,CG-DBG-008,cp_scratch_pat,alt,0
TP-DBG-056,CG-DBG-008,cp_scratch_pat,ones,0
TP-DBG-056,CG-DBG-008,cp_scratch_pat,random,0
TP-DBG-056,CG-DBG-008,cp_scratch_pat,zeros,0
TP-DBG-056,CG-DBG-008,cr_csr_mode_result,ds0_dbg_ok,0
TP-DBG-056,CG-DBG-008,cr_csr_mode_result,ds1_dbg_ok,0
TP-DBG-056,CG-DBG-008,cr_csr_op,ds0_clr,0
TP-DBG-056,CG-DBG-008,cr_csr_op,ds0_rd,0
TP-DBG-056,CG-DBG-008,cr_csr_op,ds0_set,0
TP-DBG-056,CG-DBG-008,cr_csr_op,ds0_wr,0
TP-DBG-056,CG-DBG-008,cr_csr_op,ds1_clr,0
TP-DBG-056,CG-DBG-008,cr_csr_op,ds1_rd,0
TP-DBG-056,CG-DBG-008,cr_csr_op,ds1_set,0
TP-DBG-056,CG-DBG-008,cr_csr_op,ds1_wr,0
TP-DBG-056,CG-DBG-008,cr_scratch_pat_csr,alt_ds0,0
TP-DBG-056,CG-DBG-008,cr_scratch_pat_csr,alt_ds1,0
TP-DBG-056,CG-DBG-008,cr_scratch_pat_csr,ones_ds0,0
TP-DBG-056,CG-DBG-008,cr_scratch_pat_csr,ones_ds1,0
TP-DBG-056,CG-DBG-008,cr_scratch_pat_csr,rand_ds0,0
TP-DBG-056,CG-DBG-008,cr_scratch_pat_csr,rand_ds1,0
TP-DBG-056,CG-DBG-008,cr_scratch_pat_csr,zeros_ds0,0
TP-DBG-056,CG-DBG-008,cr_scratch_pat_csr,zeros_ds1,0
TP-DBG-057,CG-DBG-010,cp_access,fetch,0
TP-DBG-057,CG-DBG-010,cp_access,load,0
TP-DBG-057,CG-DBG-010,cp_access,store,0
TP-DBG-057,CG-DBG-010,cp_addr,dm_in,0
TP-DBG-057,CG-DBG-010,cp_phase,in_debug,0
TP-DBG-057,CG-DBG-010,cp_result,no_fault,0
TP-DBG-057,CG-DBG-010,cp_verdict,allow_cfg,0
TP-DBG-057,CG-DBG-010,cp_verdict,deny_cfg,0
TP-DBG-057,CG-DBG-010,cp_verdict,deny_mml,0
TP-DBG-057,CG-DBG-010,cp_verdict,deny_mmwp,0
TP-DBG-057,CG-DBG-010,cr_b1,dbg_load_ok,0
TP-DBG-057,CG-DBG-010,cr_bypass,f_in_deny_ok,0
TP-DBG-057,CG-DBG-010,cr_bypass,f_in_mml_ok,0
TP-DBG-057,CG-DBG-010,cr_bypass,l_in_deny_ok,0
TP-DBG-057,CG-DBG-010,cr_bypass,l_in_mmwp_ok,0
TP-DBG-057,CG-DBG-010,cr_bypass,s_in_deny_ok,0
TP-DBG-058,CG-DBG-010,cp_access,fetch,0
TP-DBG-058,CG-DBG-010,cp_access,load,0
TP-DBG-058,CG-DBG-010,cp_access,store,0
TP-DBG-058,CG-DBG-010,cp_addr,above,0
TP-DBG-058,CG-DBG-010,cp_addr,below,0
TP-DBG-058,CG-DBG-010,cp_addr,dm_base,0
TP-DBG-058,CG-DBG-010,cp_addr,dm_straddle,0
TP-DBG-058,CG-DBG-010,cp_addr,dm_top,0
TP-DBG-058,CG-DBG-010,cp_result,fault,0
TP-DBG-058,CG-DBG-010,cp_result,no_fault,0
TP-DBG-058,CG-DBG-010,cp_verdict,deny_cfg,0
TP-DBG-058,CG-DBG-010,cr_bypass,f_above_fault,0
TP-DBG-058,CG-DBG-010,cr_bypass,f_base_deny_ok,0
TP-DBG-058,CG-DBG-010,cr_bypass,f_below_fault,0
TP-DBG-058,CG-DBG-010,cr_bypass,f_straddle_fault,0
TP-DBG-058,CG-DBG-010,cr_bypass,f_top_deny_ok,0
TP-DBG-058,CG-DBG-010,cr_bypass,l_above_fault,0
TP-DBG-058,CG-DBG-010,cr_bypass,l_base_deny_ok,0
TP-DBG-058,CG-DBG-010,cr_bypass,l_below_fault,0
TP-DBG-058,CG-DBG-010,cr_bypass,l_top_deny_ok,0
TP-DBG-058,CG-DBG-010,cr_bypass,s_above_fault,0
TP-DBG-058,CG-DBG-010,cr_bypass,s_base_deny_ok,0
TP-DBG-058,CG-DBG-010,cr_bypass,s_below_fault,0
TP-DBG-058,CG-DBG-010,cr_bypass,s_top_deny_ok,0
TP-DBG-059,CG-DBG-004,cp_kind,fetch_pmp,0
TP-DBG-059,CG-DBG-004,cp_priv_in_debug,m,0
TP-DBG-059,CG-DBG-004,cr_kind_priv,fetchpmp_m,0
TP-DBG-059,CG-DBG-010,cp_access,fetch,0
TP-DBG-059,CG-DBG-010,cp_access,load,0
TP-DBG-059,CG-DBG-010,cp_access,store,0
TP-DBG-059,CG-DBG-010,cp_addr,far,0
TP-DBG-059,CG-DBG-010,cp_result,fault,0
TP-DBG-059,CG-DBG-010,cp_result,no_fault,0
TP-DBG-059,CG-DBG-010,cp_verdict,allow_cfg,0
TP-DBG-059,CG-DBG-010,cp_verdict,deny_mml,0
TP-DBG-059,CG-DBG-010,cp_verdict,deny_mmwp,0
TP-DBG-059,CG-DBG-010,cr_bypass,f_far_allow,0
TP-DBG-059,CG-DBG-010,cr_bypass,f_far_mml,0
TP-DBG-059,CG-DBG-010,cr_bypass,f_far_mmwp,0
TP-DBG-059,CG-DBG-010,cr_bypass,l_far_allow,0
TP-DBG-059,CG-DBG-010,cr_bypass,l_far_mmwp,0
TP-DBG-059,CG-DBG-010,cr_bypass,s_far_allow,0
TP-DBG-059,CG-DBG-010,cr_bypass,s_far_mml,0
TP-DBG-060,CG-DBG-004,cp_kind,load_pmp,0
TP-DBG-060,CG-DBG-004,cp_kind,store_pmp,0
TP-DBG-060,CG-DBG-004,cp_mprv,on_mpp_u,0
TP-DBG-060,CG-DBG-004,cr_kind_mprv,loadpmp_mprv_u,0
TP-DBG-060,CG-DBG-004,cr_kind_mprv,storepmp_mprv_u,0
TP-DBG-060,CG-DBG-007,cp_bit,mprven,0
TP-DBG-060,CG-DBG-007,cp_readback,forced0,0
TP-DBG-060,CG-DBG-007,cr_bit_rb,mprven_0,0
TP-DBG-060,CG-DBG-010,cp_access,load,0
TP-DBG-060,CG-DBG-010,cp_access,store,0
TP-DBG-060,CG-DBG-010,cp_lsu_priv,m,0
TP-DBG-060,CG-DBG-010,cp_lsu_priv,u_mprv,0
TP-DBG-060,CG-DBG-010,cp_result,fault,0
TP-DBG-060,CG-DBG-010,cp_result,no_fault,0
TP-DBG-060,CG-DBG-010,cp_verdict,allow_cfg,0
TP-DBG-060,CG-DBG-010,cp_verdict,deny_cfg,0
TP-DBG-060,CG-DBG-010,cr_lsu_priv,l_m_far_ok,0
TP-DBG-060,CG-DBG-010,cr_lsu_priv,l_umprv_dm_ok,0
TP-DBG-060,CG-DBG-010,cr_lsu_priv,l_umprv_far_fault,0
TP-DBG-060,CG-DBG-010,cr_lsu_priv,s_umprv_far_fault,0
TP-DBG-061,CG-DBG-005,cp_next,irq_first,0
TP-DBG-061,CG-DBG-005,cp_prv_target,m,0
TP-DBG-061,CG-DBG-005,cp_prv_target,u,0
TP-DBG-061,CG-DBG-005,cr_prv_next,m_irq,0
TP-DBG-061,CG-DBG-005,cr_prv_next,u_irq,0
TP-DBG-061,CG-DBG-009,cp_disposition,masked_still_pending,0
TP-DBG-061,CG-DBG-009,cp_disposition,masked_then_taken,0
TP-DBG-061,CG-DBG-009,cp_prv_after,m,0
TP-DBG-061,CG-DBG-009,cp_prv_after,u,0
TP-DBG-061,CG-DBG-009,cp_src,ext,0
TP-DBG-061,CG-DBG-009,cp_src,fast,0
TP-DBG-061,CG-DBG-009,cp_src,sw,0
TP-DBG-061,CG-DBG-009,cp_src,timer,0
TP-DBG-061,CG-DBG-009,cp_window,debug,0
TP-DBG-061,CG-DBG-009,cr_src_prv,ext_m,0
TP-DBG-061,CG-DBG-009,cr_src_prv,ext_u,0
TP-DBG-061,CG-DBG-009,cr_src_prv,fast_m,0
TP-DBG-061,CG-DBG-009,cr_src_prv,fast_u,0
TP-DBG-061,CG-DBG-009,cr_src_prv,sw_m,0
TP-DBG-061,CG-DBG-009,cr_src_prv,sw_u,0
TP-DBG-061,CG-DBG-009,cr_src_prv,timer_m,0
TP-DBG-061,CG-DBG-009,cr_src_prv,timer_u,0
TP-DBG-061,CG-DBG-009,cr_src_window,ext_debug,0
TP-DBG-061,CG-DBG-009,cr_src_window,fast_debug,0
TP-DBG-061,CG-DBG-009,cr_src_window,sw_debug,0
TP-DBG-061,CG-DBG-009,cr_src_window,timer_debug,0
TP-DBG-061,CG-DBG-009,cr_window_disp,debug_pending,0
TP-DBG-061,CG-DBG-009,cr_window_disp,debug_taken,0
TP-DBG-062,CG-DBG-005,cp_next,nmi_first,0
TP-DBG-062,CG-DBG-005,cp_prv_target,m,0
TP-DBG-062,CG-DBG-005,cp_prv_target,u,0
TP-DBG-062,CG-DBG-005,cr_prv_next,m_nmi,0
TP-DBG-062,CG-DBG-005,cr_prv_next,u_nmi,0
TP-DBG-062,CG-DBG-007,cp_bit,nmip,0
TP-DBG-062,CG-DBG-007,cp_readback,forced0,0
TP-DBG-062,CG-DBG-007,cr_bit_rb,nmip_0,0
TP-DBG-062,CG-DBG-009,cp_prv_after,m,0
TP-DBG-062,CG-DBG-009,cp_prv_after,u,0
TP-DBG-062,CG-DBG-009,cp_src,nmi,0
TP-DBG-062,CG-DBG-009,cp_window,debug,0
TP-DBG-062,CG-DBG-009,cr_src_prv,nmi_m,0
TP-DBG-062,CG-DBG-009,cr_src_prv,nmi_u,0
TP-DBG-062,CG-DBG-009,cr_src_window,nmi_debug,0
TP-DBG-063,CG-DBG-011,cp_insn_class,wfi,0
TP-DBG-063,CG-DBG-011,cp_wfi_busy_dip,one,0
TP-DBG-063,CG-DBG-011,cp_wfi_pending,irq_pending,0
TP-DBG-063,CG-DBG-011,cp_wfi_pending,none,0
TP-DBG-063,CG-DBG-011,cr_wfi,wfi_irq,0
TP-DBG-063,CG-DBG-011,cr_wfi,wfi_none,0
TP-DBG-063,CG-DBG-011,cr_wfi_busy,irq_one,0
TP-DBG-063,CG-DBG-011,cr_wfi_busy,none_one,0
TP-DBG-064,CG-DBG-004,cp_kind,illegal_csr,0
TP-DBG-064,CG-DBG-004,cp_priv_in_debug,u,0
TP-DBG-064,CG-DBG-004,cr_kind_priv,illegalcsr_u,0
TP-DBG-064,CG-DBG-008,cp_csr,dcsr,0
TP-DBG-064,CG-DBG-008,cp_mode,dbg_u,0
TP-DBG-064,CG-DBG-008,cp_result,illegal,0
TP-DBG-064,CG-DBG-008,cr_csr_mode_result,dcsr_dbgu_ill,0
TP-DBG-064,CG-DBG-010,cp_access,fetch,0
TP-DBG-064,CG-DBG-010,cp_access,load,0
TP-DBG-064,CG-DBG-010,cp_lsu_priv,u_mode,0
TP-DBG-064,CG-DBG-010,cp_result,fault,0
TP-DBG-064,CG-DBG-010,cp_verdict,deny_cfg,0
TP-DBG-064,CG-DBG-010,cr_lsu_priv,f_umode_fault,0
TP-DBG-064,CG-DBG-010,cr_lsu_priv,l_umode_far_fault,0
TP-DBG-064,CG-DBG-011,cp_insn_class,alu,0
TP-DBG-064,CG-DBG-011,cp_insn_class,csr_dbg,0
TP-DBG-064,CG-DBG-011,cp_insn_class,dret,0
TP-DBG-064,CG-DBG-011,cp_insn_class,load,0
TP-DBG-064,CG-DBG-011,cp_insn_class,mret,0
TP-DBG-064,CG-DBG-011,cp_mode,u,0
TP-DBG-064,CG-DBG-011,cp_mret_mpp,m,0
TP-DBG-064,CG-DBG-011,cp_mret_mpp,u,0
TP-DBG-064,CG-DBG-011,cr_class_mode,alu_u,0
TP-DBG-064,CG-DBG-011,cr_class_mode,csrdbg_u,0
TP-DBG-064,CG-DBG-011,cr_class_mode,dret_u,0
TP-DBG-064,CG-DBG-011,cr_class_mode,load_u,0
TP-DBG-064,CG-DBG-011,cr_mret_mpp,mret_m,0
TP-DBG-064,CG-DBG-011,cr_mret_mpp,mret_u,0
TP-DBG-064,CG-DBG-012,cp_flags,req0_mode1,0
TP-DBG-064,CG-DBG-012,cp_mode_dbg,u_dbg,0
TP-DBG-064,CG-DBG-012,cr_flags_mode,mode1_u,0
TP-DBG-065,CG-DBG-011,cp_fetch_repeat,first,0
TP-DBG-065,CG-DBG-011,cp_fetch_repeat,repeat,0
TP-DBG-065,CG-DBG-011,cp_icache_en,off,0
TP-DBG-065,CG-DBG-011,cp_icache_en,on,0
TP-DBG-065,CG-DBG-011,cr_fetch_icache,first_on,0
TP-DBG-065,CG-DBG-011,cr_fetch_icache,repeat_off,0
TP-DBG-065,CG-DBG-011,cr_fetch_icache,repeat_on,0
TP-DBG-066,CG-DBG-007,cp_bit,stopcount,0
TP-DBG-066,CG-DBG-007,cp_readback,forced0,0
TP-DBG-066,CG-DBG-007,cr_bit_rb,stopcount_0,0
TP-DBG-066,CG-DBG-011,cp_counter_moved,hpm,0
TP-DBG-066,CG-DBG-011,cp_counter_moved,mcycle,0
TP-DBG-066,CG-DBG-011,cp_counter_moved,minstret,0
TP-DBG-066,CG-PMC-001,cp_ctx,debug,0
TP-DBG-066,CG-PMC-001,cp_delta,eq_cycles,0
TP-DBG-066,CG-PMC-001,cr_ctx_delta,debug_eq,0
TP-DBG-066,CG-PMC-002,cp_delta,eq_rvfi,0
TP-DBG-066,CG-PMC-002,cp_window,has_debug,0
TP-DBG-066,CG-PMC-002,cr_window_delta,debug_eq,0
TP-DBG-066,CG-PMC-003,cp_ctx,debug,0
TP-DBG-066,CG-PMC-003,cp_idx,branches,0
TP-DBG-066,CG-PMC-003,cp_idx,jumps,0
TP-DBG-066,CG-PMC-003,cp_idx,loads,0
TP-DBG-066,CG-PMC-003,cp_idx,stores,0
TP-DBG-066,CG-PMC-003,cr_idx_ctx,br_dbg,0
TP-DBG-066,CG-PMC-003,cr_idx_ctx,jmp_dbg,0
TP-DBG-066,CG-PMC-003,cr_idx_ctx,ld_dbg,0
TP-DBG-066,CG-PMC-003,cr_idx_ctx,st_dbg,0
TP-DBG-067,CG-DBG-001,cp_cause,trigger,0
TP-DBG-067,CG-DBG-001,cp_entry_ctx,after_dret,0
TP-DBG-067,CG-DBG-001,cr_cause_ctx,trigger_after_dret,0
TP-DBG-067,CG-DBG-003,cp_outcome,dbg_entry,0
TP-DBG-067,CG-DBG-005,cp_next,rehalt_ebreak,0
TP-DBG-067,CG-DBG-005,cp_next,rehalt_trig,0
TP-DBG-067,CG-DBG-005,cp_prv_target,m,0
TP-DBG-067,CG-DBG-005,cp_prv_target,u,0
TP-DBG-067,CG-DBG-005,cr_prv_next,m_rehalt_ebreak,0
TP-DBG-067,CG-DBG-005,cr_prv_next,m_rehalt_trig,0
TP-DBG-067,CG-DBG-005,cr_prv_next,u_rehalt_ebreak,0
TP-DBG-067,CG-DBG-005,cr_prv_next,u_rehalt_trig,0
TP-DBG-067,CG-TRG-002,cp_ctx,dret_tgt,0
TP-DBG-067,CG-TRG-002,cp_fired,fired,0
TP-DBG-067,CG-TRG-002,cr_ctx_fired,dret_f,0
TP-DBG-068,CG-DBG-001,cp_cause,ebreak,0
TP-DBG-068,CG-DBG-001,cp_cause,haltreq,0
TP-DBG-068,CG-DBG-001,cp_cause,step,0
TP-DBG-068,CG-DBG-001,cp_cause,trigger,0
TP-DBG-068,CG-DBG-002,cp_outcome,entered,0
TP-DBG-068,CG-DBG-002,cp_shape,level_held,0
TP-DBG-068,CG-DBG-002,cr_shape_outcome,held_entered,0
TP-DBG-068,CG-DBG-003,cp_form,full,0
TP-DBG-068,CG-DBG-004,cp_kind,illegal,0
TP-DBG-068,CG-DBG-005,cp_next,run,0
TP-DBG-068,CG-DBG-006,cp_cause,step,0
TP-DBG-068,CG-DBG-007,cp_pattern,random,0
TP-DBG-068,CG-DBG-008,cp_csr,dcsr,0
TP-DBG-068,CG-DBG-008,cp_mode,dbg_m,0
TP-DBG-068,CG-DBG-008,cp_result,ok,0
TP-DBG-068,CG-DBG-008,cr_csr_mode_result,dcsr_dbg_ok,0
TP-DBG-068,CG-DBG-009,cp_disposition,masked_then_taken,0
TP-DBG-068,CG-DBG-009,cp_window,debug,0
TP-DBG-068,CG-DBG-009,cr_window_disp,debug_taken,0
TP-DBG-068,CG-DBG-010,cp_access,load,0
TP-DBG-068,CG-DBG-011,cp_insn_class,alu,0
TP-DBG-068,CG-DBG-011,cp_insn_class,branch,0
TP-DBG-068,CG-DBG-011,cp_insn_class,csr_dbg,0
TP-DBG-068,CG-DBG-011,cp_insn_class,csr_other,0
TP-DBG-068,CG-DBG-011,cp_insn_class,csr_trig,0
TP-DBG-068,CG-DBG-011,cp_insn_class,fence_i,0
TP-DBG-068,CG-DBG-011,cp_insn_class,jump,0
TP-DBG-068,CG-DBG-011,cp_insn_class,load,0
TP-DBG-068,CG-DBG-011,cp_insn_class,store,0
TP-DBG-068,CG-DBG-012,cp_flags,req1_mode0,0
TP-DBG-068,CG-DBG-012,cp_flags,req1_mode1,0
TP-DBG-069,CG-DBG-001,cp_cause,haltreq,0
TP-DBG-069,CG-DBG-001,cp_dpc_kind,next_seq,0
TP-DBG-069,CG-DBG-001,cp_entry_ctx,ifetch_stall,0
TP-DBG-069,CG-DBG-001,cr_cause_ctx,haltreq_ifetch,0
TP-DBG-069,CG-DBG-001,cr_cause_dpc,haltreq_next,0
TP-DBG-069,CG-DBG-012,cp_flags,req0_mode0,0
TP-DBG-070,CG-DBG-012,cp_flags,req0_mode0,0
TP-DBG-070,CG-DBG-012,cp_flags,req0_mode1,0
TP-DBG-070,CG-DBG-012,cp_flags,req1_mode0,0
TP-DBG-070,CG-DBG-012,cp_flags,req1_mode1,0
TP-DBG-070,CG-DBG-012,cp_mode_dbg,m,0
TP-DBG-070,CG-DBG-012,cp_mode_dbg,m_dbg,0
TP-DBG-070,CG-DBG-012,cp_mode_dbg,u,0
TP-DBG-070,CG-DBG-012,cp_trap_dbg,ok,0
TP-DBG-070,CG-DBG-012,cp_trap_dbg,ok_dbg,0
TP-DBG-070,CG-DBG-012,cp_trap_dbg,trap,0
TP-DBG-070,CG-DBG-012,cp_trap_dbg,trap_dbg,0
TP-DBG-070,CG-DBG-012,cr_flags_mode,mode1_m,0
TP-DBG-070,CG-DBG-012,cr_flags_mode,req1_m,0
TP-DBG-070,CG-DBG-012,cr_flags_mode,req1_u,0
TP-DBG-071,CG-DBG-001,cp_busy_dip,many,0
TP-DBG-071,CG-DBG-001,cp_busy_dip,none,0
TP-DBG-071,CG-DBG-001,cp_busy_dip,one,0
TP-DBG-071,CG-DBG-001,cp_cause,haltreq,0
TP-DBG-071,CG-DBG-001,cp_dpc_kind,dret_target,0
TP-DBG-071,CG-DBG-001,cp_dpc_kind,mret_target,0
TP-DBG-071,CG-DBG-001,cp_dpc_kind,wfi_next,0
TP-DBG-071,CG-DBG-001,cp_entry_ctx,after_dret,0
TP-DBG-071,CG-DBG-001,cp_entry_ctx,flush_csr,0
TP-DBG-071,CG-DBG-001,cp_entry_ctx,flush_mret,0
TP-DBG-071,CG-DBG-001,cp_entry_ctx,flush_wfi,0
TP-DBG-071,CG-DBG-001,cp_entry_ctx,sleep,0
TP-DBG-071,CG-DBG-001,cr_cause_ctx,haltreq_after_dret,0
TP-DBG-071,CG-DBG-001,cr_cause_ctx,haltreq_flush_csr,0
TP-DBG-071,CG-DBG-001,cr_cause_ctx,haltreq_flush_mret,0
TP-DBG-071,CG-DBG-001,cr_cause_ctx,haltreq_flush_wfi,0
TP-DBG-071,CG-DBG-001,cr_cause_ctx,haltreq_sleep,0
TP-DBG-071,CG-DBG-001,cr_cause_dpc,haltreq_dret,0
TP-DBG-071,CG-DBG-001,cr_cause_dpc,haltreq_mret,0
TP-DBG-071,CG-DBG-001,cr_cause_dpc,haltreq_wfi,0
TP-DBG-071,CG-DBG-001,cr_ctx_busy,flush_wfi_none,0
TP-DBG-071,CG-DBG-001,cr_ctx_busy,sleep_many,0
TP-DBG-071,CG-DBG-001,cr_ctx_busy,sleep_one,0
TP-DBG-071,CG-DBG-002,cp_coincident,csr_flush,0
TP-DBG-071,CG-DBG-002,cp_coincident,mret,0
TP-DBG-071,CG-DBG-002,cp_coincident,wfi,0
TP-DBG-071,CG-DBG-002,cp_outcome,entered,0
TP-DBG-071,CG-DBG-002,cp_outcome,rehalt_after_dret,0
TP-DBG-071,CG-DBG-002,cp_shape,held_across_dret,0
TP-DBG-071,CG-DBG-002,cr_coincident_outcome,csr_entered,0
TP-DBG-071,CG-DBG-002,cr_coincident_outcome,mret_entered,0
TP-DBG-071,CG-DBG-002,cr_coincident_outcome,wfi_entered,0
TP-DBG-071,CG-DBG-002,cr_shape_outcome,dret_rehalt,0
TP-DIT-001,CG-DIT-001,cp_access,m_write,0
TP-DIT-001,CG-DIT-001,cp_dit,off,0
TP-DIT-001,CG-DIT-001,cp_dit,on,0
TP-DIT-001,CG-DIT-001,cp_dit_toggle,hold_off,0
TP-DIT-001,CG-DIT-001,cp_dit_toggle,hold_on,0
TP-DIT-001,CG-DIT-001,cp_dit_toggle,off2on,0
TP-DIT-001,CG-DIT-001,cp_dit_toggle,on2off,0
TP-DIT-002,CG-DIT-002,cp_compressed,c16,0
TP-DIT-002,CG-DIT-002,cp_compressed,i32,0
TP-DIT-002,CG-DIT-002,cp_dit,off,0
TP-DIT-002,CG-DIT-002,cp_dit,on,0
TP-DIT-002,CG-DIT-002,cp_gap,g1,0
TP-DIT-002,CG-DIT-002,cp_gap,g2,0
TP-DIT-002,CG-DIT-002,cp_gap,g3,0
TP-DIT-002,CG-DIT-002,cp_gap,g4_plus,0
TP-DIT-002,CG-DIT-002,cp_taken,not_taken,0
TP-DIT-002,CG-DIT-002,cp_taken,taken,0
TP-DIT-002,CG-DIT-002,cr_dit_gap,off_nt_g1,0
TP-DIT-002,CG-DIT-002,cr_dit_gap,off_taken_g2,0
TP-DIT-002,CG-DIT-002,cr_dit_gap,on_nt_g2,0
TP-DIT-002,CG-DIT-002,cr_dit_gap,on_nt_g3,0
TP-DIT-002,CG-DIT-002,cr_dit_gap,on_taken_g2,0
TP-DIT-002,CG-DIT-002,cr_dit_gap,on_taken_g3,0
TP-DIT-002,CG-DIT-002,cr_dit_taken_c,off_nt_i32,0
TP-DIT-002,CG-DIT-002,cr_dit_taken_c,off_taken_i32,0
TP-DIT-002,CG-DIT-002,cr_dit_taken_c,on_nt_i32,0
TP-DIT-002,CG-DIT-002,cr_dit_taken_c,on_taken_i32,0
TP-DIT-003,CG-DIT-002,cp_pc_wdata,fallthrough,0
TP-DIT-003,CG-DIT-002,cp_pc_wdata,target,0
TP-DIT-003,CG-DIT-002,cr_dit_taken_c,on_nt_i32,0
TP-DIT-004,CG-DIT-003,cp_class,div,0
TP-DIT-004,CG-DIT-003,cp_dit,on,0
TP-DIT-004,CG-DIT-003,cp_dummy_en,off,0
TP-DIT-004,CG-DIT-003,cp_latency,full,0
TP-DIT-004,CG-DIT-003,cp_op,div,0
TP-DIT-004,CG-DIT-003,cp_op,divu,0
TP-DIT-004,CG-DIT-003,cp_op,rem,0
TP-DIT-004,CG-DIT-003,cp_op,remu,0
TP-DIT-004,CG-DIT-003,cp_overflow,no,0
TP-DIT-004,CG-DIT-003,cp_overflow,yes,0
TP-DIT-004,CG-DIT-003,cp_rs2_zero,nonzero,0
TP-DIT-004,CG-DIT-003,cp_rs2_zero,zero,0
TP-DIT-004,CG-DIT-003,cr_div_dit_zero,div_on_nz,0
TP-DIT-004,CG-DIT-003,cr_div_dit_zero,div_on_zero,0
TP-DIT-004,CG-DIT-003,cr_latency,div_on_nz_full,0
TP-DIT-004,CG-DIT-003,cr_latency,div_on_zero_full,0
TP-DIT-004,CG-DIT-003,cr_op_dit,div_on,0
TP-DIT-004,CG-DIT-003,cr_op_dit,divu_on,0
TP-DIT-004,CG-DIT-003,cr_op_dit,rem_on,0
TP-DIT-004,CG-DIT-003,cr_op_dit,remu_on,0
TP-DIT-005,CG-DIT-003,cp_dit,off,0
TP-DIT-005,CG-DIT-003,cp_latency,fast,0
TP-DIT-005,CG-DIT-003,cp_latency,other,0
TP-DIT-005,CG-DIT-003,cr_div_dit_zero,div_off_nz,0
TP-DIT-005,CG-DIT-003,cr_div_dit_zero,div_off_zero,0
TP-DIT-005,CG-DIT-003,cr_latency,div_off_nz_full,0
TP-DIT-005,CG-DIT-003,cr_latency,div_off_zero_fast,0
TP-DIT-005,CG-DIT-003,cr_op_dit,div_off,0
TP-DIT-005,CG-DIT-003,cr_op_dit,divu_off,0
TP-DIT-005,CG-DIT-003,cr_op_dit,rem_off,0
TP-DIT-005,CG-DIT-003,cr_op_dit,remu_off,0
TP-DIT-006,CG-DIT-003,cp_class,mul,0
TP-DIT-006,CG-DIT-003,cp_class,mulh,0
TP-DIT-006,CG-DIT-003,cp_op,mul,0
TP-DIT-006,CG-DIT-003,cp_op,mulh,0
TP-DIT-006,CG-DIT-003,cp_op,mulhsu,0
TP-DIT-006,CG-DIT-003,cp_op,mulhu,0
TP-DIT-006,CG-DIT-003,cr_latency,mul_off_fast,0
TP-DIT-006,CG-DIT-003,cr_latency,mul_on_fast,0
TP-DIT-006,CG-DIT-003,cr_latency,mulh_off_fast,0
TP-DIT-006,CG-DIT-003,cr_latency,mulh_on_fast,0
TP-DIT-006,CG-DIT-003,cr_op_dit,mul_off,0
TP-DIT-006,CG-DIT-003,cr_op_dit,mul_on,0
TP-DIT-006,CG-DIT-003,cr_op_dit,mulh_off,0
TP-DIT-006,CG-DIT-003,cr_op_dit,mulh_on,0
TP-DIT-006,CG-DIT-003,cr_op_dit,mulhsu_off,0
TP-DIT-006,CG-DIT-003,cr_op_dit,mulhsu_on,0
TP-DIT-006,CG-DIT-003,cr_op_dit,mulhu_off,0
TP-DIT-006,CG-DIT-003,cr_op_dit,mulhu_on,0
TP-DIT-007,CG-DIT-001,cp_next_insn,branch,0
TP-DIT-007,CG-DIT-001,cp_next_insn,csr,0
TP-DIT-007,CG-DIT-001,cp_next_insn,div,0
TP-DIT-007,CG-DIT-001,cp_next_insn,load_store,0
TP-DIT-007,CG-DIT-001,cp_next_insn,mul,0
TP-DIT-007,CG-DIT-001,cp_next_insn,other,0
TP-DIT-007,CG-DIT-001,cr_dit_next,off2on_branch,0
TP-DIT-007,CG-DIT-001,cr_dit_next,off2on_div,0
TP-DIT-007,CG-DIT-001,cr_dit_next,off2on_mul,0
TP-DIT-007,CG-DIT-001,cr_dit_next,on2off_branch,0
TP-DIT-007,CG-DIT-001,cr_dit_next,on2off_div,0
TP-DIT-007,CG-DIT-001,cr_dit_next,on2off_mul,0
TP-DIT-008,CG-DIT-002,cr_dit_taken_c,off_nt_c16,0
TP-DIT-008,CG-DIT-002,cr_dit_taken_c,off_taken_c16,0
TP-DIT-008,CG-DIT-002,cr_dit_taken_c,on_nt_c16,0
TP-DIT-008,CG-DIT-002,cr_dit_taken_c,on_taken_c16,0
TP-DIT-009,CG-DIT-001,cr_dit_next,off2on_load_store,0
TP-DIT-009,CG-DIT-001,cr_dit_next,on2off_load_store,0
TP-DIT-009,CG-RVFI-002,cp_misaligned,no,0
TP-DIT-009,CG-RVFI-002,cp_misaligned,yes,0
TP-DIT-010,CG-DIT-003,cp_dummy_en,on,0
TP-DIT-010,CG-DIT-004,cr_div_rs2,div_x0_off,0
TP-DIT-010,CG-DIT-004,cr_div_rs2,div_x0_on,0
TP-DIT-010,CG-DIT-004,cr_div_rs2,div_x17_31_on,0
TP-DIT-010,CG-DIT-004,cr_div_rs2,div_x1_15_off,0
TP-DIT-010,CG-DIT-004,cr_type_dit,div_off,0
TP-DIT-010,CG-DIT-004,cr_type_dit,div_on,0
TP-DIT-011,CG-DIT-001,cp_access,u_trap,0
TP-DIT-011,CG-DIT-002,cp_priv,m,0
TP-DIT-011,CG-DIT-002,cp_priv,u,0
TP-DIT-011,CG-DIT-002,cr_dit_priv,off_u,0
TP-DIT-011,CG-DIT-002,cr_dit_priv,on_m,0
TP-DIT-011,CG-DIT-002,cr_dit_priv,on_u,0
TP-DIT-011,CG-DIT-005,cp_effect,u_trap,0
TP-DIT-012,CG-DIT-001,cp_dummy_en,off,0
TP-DIT-012,CG-DIT-001,cp_dummy_en,on,0
TP-DIT-012,CG-DIT-001,cp_dummy_toggle,hold_off,0
TP-DIT-012,CG-DIT-001,cp_dummy_toggle,off2on,0
TP-DIT-012,CG-DIT-001,cp_dummy_toggle,on2off,0
TP-DIT-012,CG-DIT-004,cp_dummies_in_window,few,0
TP-DIT-012,CG-DIT-004,cp_dummies_in_window,many,0
TP-DIT-012,CG-DIT-004,cp_dummies_in_window,none,0
TP-DIT-012,CG-DIT-004,cp_event,insert,0
TP-DIT-012,CG-DIT-004,cp_event,window_close,0
TP-DIT-013,CG-DIT-001,cp_mask,m000,0
TP-DIT-013,CG-DIT-001,cp_mask,m001,0
TP-DIT-013,CG-DIT-001,cp_mask,m010,0
TP-DIT-013,CG-DIT-001,cp_mask,m011,0
TP-DIT-013,CG-DIT-001,cp_mask,m100,0
TP-DIT-013,CG-DIT-001,cp_mask,m101,0
TP-DIT-013,CG-DIT-001,cp_mask,m110,0
TP-DIT-013,CG-DIT-001,cp_mask,m111,0
TP-DIT-013,CG-DIT-001,cr_dummy_mask,on_m000,0
TP-DIT-013,CG-DIT-001,cr_dummy_mask,on_m001,0
TP-DIT-013,CG-DIT-001,cr_dummy_mask,on_m010,0
TP-DIT-013,CG-DIT-001,cr_dummy_mask,on_m011,0
TP-DIT-013,CG-DIT-001,cr_dummy_mask,on_m100,0
TP-DIT-013,CG-DIT-001,cr_dummy_mask,on_m101,0
TP-DIT-013,CG-DIT-001,cr_dummy_mask,on_m110,0
TP-DIT-013,CG-DIT-001,cr_dummy_mask,on_m111,0
TP-DIT-013,CG-DIT-004,cp_mask,m000,0
TP-DIT-013,CG-DIT-004,cp_mask,m001,0
TP-DIT-013,CG-DIT-004,cp_mask,m010,0
TP-DIT-013,CG-DIT-004,cp_mask,m011,0
TP-DIT-013,CG-DIT-004,cp_mask,m100,0
TP-DIT-013,CG-DIT-004,cp_mask,m101,0
TP-DIT-013,CG-DIT-004,cp_mask,m110,0
TP-DIT-013,CG-DIT-004,cp_mask,m111,0
TP-DIT-014,CG-DIT-004,cp_rs1,x0,0
TP-DIT-014,CG-DIT-004,cp_rs1,x16,0
TP-DIT-014,CG-DIT-004,cp_rs1,x17_31,0
TP-DIT-014,CG-DIT-004,cp_rs1,x1_15,0
TP-DIT-014,CG-DIT-004,cp_rs2,x0,0
TP-DIT-014,CG-DIT-004,cp_rs2,x16,0
TP-DIT-014,CG-DIT-004,cp_rs2,x17_31,0
TP-DIT-014,CG-DIT-004,cp_rs2,x1_15,0
TP-DIT-014,CG-DIT-004,cp_type,add,0
TP-DIT-014,CG-DIT-004,cp_type,and,0
TP-DIT-014,CG-DIT-004,cp_type,div,0
TP-DIT-014,CG-DIT-004,cp_type,mul,0
TP-DIT-014,CG-DIT-004,cr_type_dit,add_on,0
TP-DIT-014,CG-DIT-004,cr_type_dit,and_on,0
TP-DIT-014,CG-DIT-004,cr_type_dit,mul_off,0
TP-DIT-014,CG-DIT-004,cr_type_dit,mul_on,0
TP-DIT-015,CG-DIT-005,cp_dummy_en_at_write,on,0
TP-DIT-015,CG-DIT-005,cp_effect,write,0
TP-DIT-015,CG-DIT-005,cp_op,csrrc,0
TP-DIT-015,CG-DIT-005,cp_op,csrrci,0
TP-DIT-015,CG-DIT-005,cp_op,csrrs,0
TP-DIT-015,CG-DIT-005,cp_op,csrrsi,0
TP-DIT-015,CG-DIT-005,cp_op,csrrw,0
TP-DIT-015,CG-DIT-005,cp_op,csrrwi,0
TP-DIT-015,CG-DIT-005,cp_pattern_changed,yes,0
TP-DIT-015,CG-DIT-005,cp_readback_zero,yes,0
TP-DIT-015,CG-DIT-005,cr_effect_dummy,write_on,0
TP-DIT-015,CG-DIT-005,cr_wdata_effect,nonzero_write,0
TP-DIT-016,CG-DIT-001,cp_dummy_toggle,hold_on,0
TP-DIT-016,CG-DIT-004,cp_context,straight,0
TP-DIT-016,CG-RST-004,cp_rs1_bank,x0,0
TP-DIT-016,CG-RVFI-001,cp_rs1,x0,0
TP-DIT-017,CG-DIT-004,cp_dit,off,0
TP-DIT-017,CG-DIT-004,cp_dit,on,0
TP-DIT-017,CG-DIT-004,cp_event,insert,0
TP-DIT-017,CG-RVFI-001,cp_order_step,one,0
TP-DIT-018,CG-DIT-004,cp_context,straight,0
TP-DIT-018,CG-RVFI-001,cp_pc_continuity,continuous,0
TP-DIT-018,CG-SEC-001,cp_internal_total,zero,0
TP-DIT-019,CG-DIT-004,cp_event,window_close,0
TP-DIT-019,CG-DIT-004,cp_minstret_excess,positive,0
TP-DIT-019,CG-DIT-004,cp_minstret_excess,zero,0
TP-DIT-020,CG-DIT-004,cp_context,irq_pending,0
TP-DIT-020,CG-DIT-004,cr_mask_ctx,m000_irq_pending,0
TP-DIT-020,CG-RVFI-001,cp_intr,yes,0
TP-DIT-021,CG-DIT-004,cp_context,debug_req_high,0
TP-DIT-021,CG-DIT-004,cr_mask_ctx,m000_debug_req_high,0
TP-DIT-021,CG-RVFI-003,cr_dbg,no_yes,0
TP-DIT-021,CG-RVFI-003,cr_dbg,yes_no,0
TP-DIT-022,CG-DIT-004,cp_context,step_active,0
TP-DIT-022,CG-DIT-004,cr_mask_ctx,m000_step_active,0
TP-DIT-023,CG-DIT-004,cp_context,after_taken_branch,0
TP-DIT-023,CG-DIT-004,cr_mask_ctx,m000_after_taken_branch,0
TP-DIT-024,CG-DIT-004,cp_context,u_mode,0
TP-DIT-024,CG-RVFI-004,cp_cause,load_fault,0
TP-DIT-024,CG-SEC-001,cp_internal_total,zero,0
TP-DIT-025,CG-DIT-001,cp_dummy_toggle,on2off,0
TP-DIT-025,CG-DIT-004,cp_en_cleared_in_flight,no,0
TP-DIT-025,CG-DIT-004,cp_en_cleared_in_flight,yes,0
TP-DIT-026,CG-DIT-003,cp_dummy_en,on,0
TP-DIT-026,CG-DIT-004,cp_type,add,0
TP-DIT-026,CG-DIT-004,cp_type,and,0
TP-DIT-026,CG-DIT-004,cr_type_dit,add_off,0
TP-DIT-026,CG-DIT-004,cr_type_dit,and_off,0
TP-DIT-026,CG-DIT-004,cr_type_dit,div_off,0
TP-DIT-026,CG-DIT-004,cr_type_dit,mul_off,0
TP-DIT-027,CG-DIT-005,cp_wdata,cancels_seed,0
TP-DIT-027,CG-DIT-005,cp_wdata,nonzero,0
TP-DIT-027,CG-DIT-005,cp_wdata,zero,0
TP-DIT-027,CG-DIT-005,cr_wdata_effect,cancels_seed_write,0
TP-DIT-027,CG-DIT-005,cr_wdata_effect,zero_write,0
TP-DIT-028,CG-DIT-005,cp_dummy_en_at_write,off,0
TP-DIT-028,CG-DIT-005,cp_effect,read_only,0
TP-DIT-028,CG-DIT-005,cp_effect,u_trap,0
TP-DIT-028,CG-DIT-005,cp_pattern_changed,no,0
TP-DIT-028,CG-DIT-005,cp_readback_zero,yes,0
TP-DIT-028,CG-DIT-005,cr_effect_dummy,read_only_off,0
TP-DIT-028,CG-DIT-005,cr_effect_dummy,read_only_on,0
TP-DIT-028,CG-DIT-005,cr_effect_dummy,write_off,0
TP-DIT-029,CG-DIT-004,cp_back_to_back,no,0
TP-DIT-029,CG-DIT-004,cp_back_to_back,yes,0
TP-DIT-029,CG-DIT-004,cr_mask_ctx,m000_straight,0
TP-DIT-029,CG-DIT-004,cr_mask_ctx,m111_straight,0
TP-DIT-030,CG-DIT-004,cp_context,fetch_stalled,0
TP-DIT-030,CG-RST-003,cr_trans_pipe,on2off_id_busy,0
TP-DIT-030,CG-SEC-006,cp_value,off,0
TP-DIT-031,CG-DIT-004,cp_context,hazard_load_wb,0
TP-DIT-031,CG-DIT-004,cr_mask_ctx,m000_hazard_load_wb,0
TP-DIT-032,CG-DIT-004,cp_context,in_zcmp,0
TP-DIT-032,CG-DIT-004,cr_mask_ctx,m000_in_zcmp,0
TP-DIT-032,CG-RVFI-003,cp_expanded,mid,0
TP-DIT-033,CG-DIT-001,cp_dummy_toggle,hold_on,0
TP-DIT-033,CG-DIT-001,cp_icache_en,off,0
TP-DIT-033,CG-DIT-001,cp_icache_en,on,0
TP-DIT-033,CG-DIT-002,cr_dit_priv,off_m,0
TP-DIT-033,CG-DIT-004,cp_context,in_irq_handler,0
TP-DIT-033,CG-DIT-004,cr_type_dit,div_on,0
TP-DIT-034,CG-DIT-004,cp_context,irq_pending,0
TP-DIT-034,CG-DIT-004,cp_irq_delay_by_dummy,div,0
TP-DIT-034,CG-DIT-004,cp_irq_delay_by_dummy,none,0
TP-DIT-034,CG-DIT-004,cp_irq_delay_by_dummy,single,0
TP-DIT-034,CG-DIT-004,cr_type_dit,div_on,0
TP-DIT-034,CG-DIT-004,cr_type_irq,add_irq_pending,0
TP-DIT-034,CG-DIT-004,cr_type_irq,and_irq_pending,0
TP-DIT-034,CG-DIT-004,cr_type_irq,div_debug_req_high,0
TP-DIT-034,CG-DIT-004,cr_type_irq,div_irq_pending,0
TP-DIT-034,CG-DIT-004,cr_type_irq,mul_irq_pending,0
TP-DIT-034,CG-RVFI-001,cp_intr,yes,0
TP-DMEM-001,CG-DMEM-001,cp_gnt_delay,d1,0
TP-DMEM-001,CG-DMEM-001,cp_gnt_delay,d16p,0
TP-DMEM-001,CG-DMEM-001,cp_gnt_delay,d2_3,0
TP-DMEM-001,CG-DMEM-001,cp_gnt_delay,d4_15,0
TP-DMEM-001,CG-DMEM-001,cp_we,load,0
TP-DMEM-001,CG-DMEM-001,cp_we,store,0
TP-DMEM-002,CG-DMEM-001,cp_gnt_delay,d4_15,0
TP-DMEM-002,CG-DMEM-001,cp_gnt_knob,long,0
TP-DMEM-002,CG-DMEM-001,cr_delay_x_beat,d16p_second,0
TP-DMEM-002,CG-DMEM-001,cr_delay_x_beat,d4_15_single,0
TP-DMEM-003,CG-DMEM-001,cp_addr_lsb,aligned,0
TP-DMEM-003,CG-DMEM-002,cp_offset,o0,0
TP-DMEM-003,CG-DMEM-002,cp_offset,o1,0
TP-DMEM-003,CG-DMEM-002,cp_offset,o2,0
TP-DMEM-003,CG-DMEM-002,cp_offset,o3,0
TP-DMEM-004,CG-DMEM-001,cp_gnt_delay,d0,0
TP-DMEM-004,CG-DMEM-001,cp_gnt_knob,same_cycle,0
TP-DMEM-004,CG-DMEM-001,cr_delay_x_beat,d0_first,0
TP-DMEM-004,CG-DMEM-001,cr_gnt_x_rvalid_knob,same_min1,0
TP-DMEM-004,CG-DMEM-003,cp_beat2_gnt_delay,d0,0
TP-DMEM-005,CG-DMEM-001,cp_gnt_delay,d16p,0
TP-DMEM-005,CG-DMEM-001,cp_gnt_knob,random,0
TP-DMEM-005,CG-DMEM-001,cr_gnt_x_rvalid_knob,both_long,0
TP-DMEM-005,CG-DMEM-003,cp_beat2_gnt_delay,d4p,0
TP-DMEM-006,CG-DMEM-001,cp_rvalid_delay,d1,0
TP-DMEM-006,CG-DMEM-001,cp_rvalid_delay,d2_3,0
TP-DMEM-006,CG-DMEM-001,cp_rvalid_knob,min1,0
TP-DMEM-006,CG-DMEM-001,cp_rvalid_knob,random,0
TP-DMEM-007,CG-DMEM-001,cp_rvalid_delay,d4_15,0
TP-DMEM-007,CG-DMEM-001,cp_rvalid_knob,short,0
TP-DMEM-008,CG-DMEM-001,cp_beat,single,0
TP-DMEM-008,CG-DMEM-001,cp_outstanding_before,o1,0
TP-DMEM-008,CG-DMEM-001,cp_req_with_prev_rvalid,yes,0
TP-DMEM-008,CG-DMEM-001,cr_b2b_x_we,b2b_load,0
TP-DMEM-008,CG-DMEM-001,cr_b2b_x_we,b2b_store,0
TP-DMEM-009,CG-DMEM-001,cp_beat,first,0
TP-DMEM-009,CG-DMEM-001,cp_beat,second,0
TP-DMEM-009,CG-DMEM-001,cp_outstanding_before,o2,0
TP-DMEM-009,CG-DMEM-001,cr_depth_x_beat,two_first,0
TP-DMEM-009,CG-DMEM-003,cp_req_low_between,yes,0
TP-DMEM-010,CG-DMEM-003,cp_beat1_rvalid_delay,d4p,0
TP-DMEM-010,CG-DMEM-003,cp_beat2_rvalid_delay,d1,0
TP-DMEM-010,CG-DMEM-003,cp_path,gnt2_before_rvalid1,0
TP-DMEM-011,CG-DMEM-002,cp_be,be_0001,0
TP-DMEM-011,CG-DMEM-002,cp_be,be_0011,0
TP-DMEM-011,CG-DMEM-002,cp_be,be_0111,0
TP-DMEM-011,CG-DMEM-002,cp_be,be_1000,0
TP-DMEM-011,CG-DMEM-002,cp_be,be_1100,0
TP-DMEM-011,CG-DMEM-002,cp_be,be_1110,0
TP-DMEM-011,CG-DMEM-002,cp_be,be_1111,0
TP-DMEM-011,CG-DMEM-002,cp_size,word,0
TP-DMEM-011,CG-DMEM-002,cr_be_x_beat,first_1000,0
TP-DMEM-011,CG-DMEM-002,cr_be_x_beat,second_0001,0
TP-DMEM-011,CG-DMEM-002,cr_be_x_beat,second_0011,0
TP-DMEM-011,CG-DMEM-002,cr_be_x_beat,second_0111,0
TP-DMEM-011,CG-DMEM-002,cr_size_offset_beat_we,word_o1_first_store,0
TP-DMEM-012,CG-DMEM-002,cp_be,be_0011,0
TP-DMEM-012,CG-DMEM-002,cp_be,be_0110,0
TP-DMEM-012,CG-DMEM-002,cp_be,be_1100,0
TP-DMEM-012,CG-DMEM-002,cp_size,half,0
TP-DMEM-012,CG-DMEM-002,cr_size_offset_beat_we,half_o3_second_load,0
TP-DMEM-013,CG-DMEM-002,cp_be,be_0001,0
TP-DMEM-013,CG-DMEM-002,cp_be,be_0010,0
TP-DMEM-013,CG-DMEM-002,cp_be,be_0100,0
TP-DMEM-013,CG-DMEM-002,cp_be,be_1000,0
TP-DMEM-013,CG-DMEM-002,cp_size,byte,0
TP-DMEM-013,CG-DMEM-002,cr_size_offset_beat_we,byte_o2_single_store,0
TP-DMEM-014,CG-DMEM-002,cp_disabled_lane_nonzero,seen,0
TP-DMEM-014,CG-DMEM-002,cp_disabled_lane_nonzero,zero,0
TP-DMEM-014,CG-DMEM-002,cp_lane_check,ok,0
TP-DMEM-014,CG-DMEM-002,cp_we,store,0
TP-DMEM-015,CG-DMEM-002,cp_beat,first,0
TP-DMEM-015,CG-DMEM-002,cp_beat,second,0
TP-DMEM-015,CG-DMEM-002,cr_size_offset_beat_we,word_o1_first_store,0
TP-DMEM-015,CG-DMEM-003,cp_type,sh_o3,0
TP-DMEM-015,CG-DMEM-003,cp_type,sw_o1,0
TP-DMEM-015,CG-DMEM-003,cp_type,sw_o2,0
TP-DMEM-015,CG-DMEM-003,cp_type,sw_o3,0
TP-DMEM-016,CG-DMEM-002,cr_size_offset_beat_we,half_o3_second_load,0
TP-DMEM-016,CG-DMEM-003,cp_type,lh_o3,0
TP-DMEM-016,CG-DMEM-003,cp_type,lhu_o3,0
TP-DMEM-016,CG-DMEM-003,cp_type,lw_o1,0
TP-DMEM-016,CG-DMEM-003,cp_type,lw_o2,0
TP-DMEM-016,CG-DMEM-003,cp_type,lw_o3,0
TP-DMEM-017,CG-DMEM-003,cp_second_addr,ok,0
TP-DMEM-017,CG-DMEM-003,cp_wrap,no,0
TP-DMEM-018,CG-DMEM-003,cp_wrap,wrapped,0
TP-DMEM-018,CG-DMEM-003,cr_wrap_x_type,wrap_lw_o1,0
TP-DMEM-018,CG-DMEM-003,cr_wrap_x_type,wrap_lw_o3,0
TP-DMEM-018,CG-DMEM-003,cr_wrap_x_type,wrap_sh_o3,0
TP-DMEM-018,CG-DMEM-003,cr_wrap_x_type,wrap_sw_o2,0
TP-DMEM-019,CG-DMEM-003,cp_beat1_rvalid_delay,d1,0
TP-DMEM-019,CG-DMEM-003,cp_beat1_rvalid_delay,d2_3,0
TP-DMEM-019,CG-DMEM-003,cp_beat2_gnt_delay,d1,0
TP-DMEM-019,CG-DMEM-003,cp_beat2_gnt_delay,d2_3,0
TP-DMEM-019,CG-DMEM-003,cp_beat2_rvalid_delay,d2_3,0
TP-DMEM-019,CG-DMEM-003,cp_beat2_rvalid_delay,d4p,0
TP-DMEM-019,CG-DMEM-003,cr_delays,all_slow,0
TP-DMEM-019,CG-DMEM-003,cr_delays,fast_slow_fast,0
TP-DMEM-019,CG-DMEM-003,cr_delays,slow_fast_slow,0
TP-DMEM-020,CG-DMEM-001,cr_delay_x_beat,d1_second,0
TP-DMEM-020,CG-DMEM-003,cp_beat2_gnt_delay,d4p,0
TP-DMEM-020,CG-DMEM-003,cp_path,gnt2_after_rvalid1,0
TP-DMEM-020,CG-DMEM-003,cr_type_x_path,sw_o1_wait_gnt,0
TP-DMEM-021,CG-DMEM-003,cp_path,gnt2_before_rvalid1,0
TP-DMEM-021,CG-DMEM-003,cp_req_low_between,yes,0
TP-DMEM-021,CG-DMEM-003,cr_type_x_path,lw_o3_gnts_done,0
TP-DMEM-021,CG-DMEM-003,cr_type_x_path,sh_o3_gnts_done,0
TP-DMEM-022,CG-DMEM-003,cp_path,gnt2_same_cycle_rvalid1,0
TP-DMEM-022,CG-DMEM-003,cr_type_x_path,lh_o3_same,0
TP-DMEM-023,CG-DMEM-001,cr_gnt_x_rvalid_knob,random_random,0
TP-DMEM-023,CG-DMEM-003,cr_type_x_path,lh_o3_same,0
TP-DMEM-023,CG-DMEM-003,cr_type_x_path,lw_o3_gnts_done,0
TP-DMEM-023,CG-DMEM-003,cr_type_x_path,sw_o1_wait_gnt,0
TP-DMEM-024,CG-DMEM-004,cp_err_beat,first,0
TP-DMEM-024,CG-DMEM-004,cp_memory_side_effect,landed,0
TP-DMEM-024,CG-DMEM-004,cp_mtval,unaligned_ea,0
TP-DMEM-024,CG-DMEM-004,cp_second_gnt_delay_after_err,d0,0
TP-DMEM-024,CG-DMEM-004,cp_second_gnt_delay_after_err,d1_3,0
TP-DMEM-024,CG-DMEM-004,cp_second_gnt_delay_after_err,d4p,0
TP-DMEM-024,CG-DMEM-004,cp_second_issued,yes,0
TP-DMEM-024,CG-DMEM-004,cr_beat_x_mtval,first_ea,0
TP-DMEM-024,CG-DMEM-004,cr_beat_x_we,first_load,0
TP-DMEM-024,CG-DMEM-004,cr_beat_x_we,first_store,0
TP-DMEM-025,CG-DMEM-004,cp_err_beat,second,0
TP-DMEM-025,CG-DMEM-004,cp_memory_side_effect,none,0
TP-DMEM-025,CG-DMEM-004,cp_mtval,second_word_aligned,0
TP-DMEM-025,CG-DMEM-004,cr_beat_x_mtval,second_aligned,0
TP-DMEM-025,CG-DMEM-004,cr_beat_x_we,second_load,0
TP-DMEM-025,CG-DMEM-004,cr_beat_x_we,second_store,0
TP-DMEM-026,CG-DMEM-004,cp_err_beat,both,0
TP-DMEM-026,CG-DMEM-004,cr_beat_x_mtval,both_ea,0
TP-DMEM-026,CG-DMEM-004,cr_beat_x_we,both_load,0
TP-DMEM-026,CG-DMEM-004,cr_beat_x_we,both_store,0
TP-DMEM-027,CG-DMEM-004,cp_handler_ls_waited,not_ls,0
TP-DMEM-027,CG-DMEM-004,cp_handler_ls_waited,yes,0
TP-DMEM-028,CG-DMEM-005,cp_insn,lb,0
TP-DMEM-028,CG-DMEM-005,cp_insn,lbu,0
TP-DMEM-028,CG-DMEM-005,cp_insn,lh,0
TP-DMEM-028,CG-DMEM-005,cp_insn,lhu,0
TP-DMEM-028,CG-DMEM-005,cp_sign_bit,s0,0
TP-DMEM-028,CG-DMEM-005,cp_sign_bit,s1,0
TP-DMEM-028,CG-DMEM-005,cr_insn_offset_sign,lb_o3_s1,0
TP-DMEM-028,CG-DMEM-005,cr_insn_offset_sign,lh_o3_s0,0
TP-DMEM-028,CG-DMEM-005,cr_insn_offset_sign,lhu_o1_s1,0
TP-DMEM-029,CG-DMEM-005,cp_insn,lw,0
TP-DMEM-029,CG-DMEM-005,cp_offset,o0,0
TP-DMEM-029,CG-DMEM-005,cp_offset,o1,0
TP-DMEM-029,CG-DMEM-005,cp_offset,o2,0
TP-DMEM-029,CG-DMEM-005,cp_offset,o3,0
TP-DMEM-029,CG-DMEM-005,cr_insn_offset_sign,lw_o2_s1,0
TP-DMEM-030,CG-DMEM-005,cp_rd,other,0
TP-DMEM-030,CG-DMEM-005,cp_rd,x0,0
TP-DMEM-030,CG-DMEM-005,cr_x0_x_insn,x0_lb,0
TP-DMEM-030,CG-DMEM-005,cr_x0_x_insn,x0_lhu,0
TP-DMEM-030,CG-DMEM-005,cr_x0_x_insn,x0_lw,0
TP-DMEM-030,CG-DMEM-006,cp_rd_x0,x0,0
TP-DMEM-031,CG-DMEM-005,cp_insn,sb,0
TP-DMEM-031,CG-DMEM-005,cp_insn,sh,0
TP-DMEM-031,CG-DMEM-005,cp_insn,sw,0
TP-DMEM-031,CG-DMEM-005,cp_store_rdata_random,yes,0
TP-DMEM-032,CG-DMEM-006,cp_cause,load_5,0
TP-DMEM-032,CG-DMEM-006,cp_id_insn,alu,0
TP-DMEM-032,CG-DMEM-006,cp_id_insn,branch,0
TP-DMEM-032,CG-DMEM-006,cp_id_insn,csr,0
TP-DMEM-032,CG-DMEM-006,cp_rd_x0,other,0
TP-DMEM-032,CG-DMEM-006,cp_rf_unchanged,ok,0
TP-DMEM-032,CG-DMEM-006,cp_size,byte,0
TP-DMEM-032,CG-DMEM-006,cp_size,half,0
TP-DMEM-032,CG-DMEM-006,cp_size,word,0
TP-DMEM-033,CG-DMEM-006,cp_cause,store_7,0
TP-DMEM-033,CG-DMEM-006,cp_id_insn,load_store,0
TP-DMEM-033,CG-DMEM-006,cp_id_insn,none,0
TP-DMEM-033,CG-DMEM-006,cr_cause_x_id,load_ls,0
TP-DMEM-034,CG-DMEM-006,cp_id_insn,ebreak,0
TP-DMEM-034,CG-DMEM-006,cp_id_insn,ecall,0
TP-DMEM-034,CG-DMEM-006,cp_id_insn,fetch_err,0
TP-DMEM-034,CG-DMEM-006,cp_id_insn,illegal,0
TP-DMEM-034,CG-DMEM-006,cp_id_insn,wfi,0
TP-DMEM-034,CG-DMEM-006,cp_id_killed_reexecuted,yes,0
TP-DMEM-034,CG-DMEM-006,cr_cause_x_id,load_ecall,0
TP-DMEM-034,CG-DMEM-006,cr_cause_x_id,load_illegal,0
TP-DMEM-034,CG-DMEM-006,cr_cause_x_id,load_wfi,0
TP-DMEM-034,CG-DMEM-006,cr_cause_x_id,store_ebreak,0
TP-DMEM-034,CG-DMEM-006,cr_cause_x_id,store_fetch_err,0
TP-DMEM-035,CG-DMEM-001,cp_rvalid_delay,d16p,0
TP-DMEM-035,CG-DMEM-006,cp_dbg_req_at_err,no,0
TP-DMEM-035,CG-DMEM-006,cp_irq_pending_at_err,no,0
TP-DMEM-036,CG-DMEM-006,cp_dbg_req_at_err,yes,0
TP-DMEM-036,CG-DMEM-006,cp_irq_pending_at_err,yes,0
TP-DMEM-036,CG-DMEM-006,cp_trap_order,exc_first,0
TP-DMEM-036,CG-DMEM-006,cr_cause_x_dbg,load_dbg,0
TP-DMEM-036,CG-DMEM-006,cr_cause_x_dbg,store_dbg,0
TP-DMEM-036,CG-DMEM-006,cr_cause_x_irq,load_irq,0
TP-DMEM-036,CG-DMEM-006,cr_cause_x_irq,store_irq,0
TP-DMEM-037,CG-DMEM-001,cp_req_with_prev_rvalid,no,0
TP-DMEM-037,CG-DMEM-006,cp_next_req_suppressed,yes,0
TP-DMEM-038,CG-DMEM-001,cp_gnt_knob,short,0
TP-DMEM-038,CG-DMEM-004,cp_err_beat,both,0
TP-DMEM-038,CG-DMEM-004,cp_err_beat,first,0
TP-DMEM-038,CG-DMEM-004,cp_err_beat,second,0
TP-DMEM-038,CG-DMEM-006,cp_cause,load_5,0
TP-DMEM-038,CG-DMEM-006,cp_cause,store_7,0
TP-DMEM-039,CG-DMEM-007,cp_alert,pulsed,0
TP-DMEM-039,CG-DMEM-007,cp_beat,single,0
TP-DMEM-039,CG-DMEM-007,cp_class,double,0
TP-DMEM-039,CG-DMEM-007,cp_class,single,0
TP-DMEM-039,CG-DMEM-007,cp_nmi_latency,l0,0
TP-DMEM-039,CG-DMEM-007,cp_nmi_latency,l1,0
TP-DMEM-039,CG-DMEM-007,cp_nmi_mtval,aligned_ea,0
TP-DMEM-039,CG-DMEM-007,cp_rf_suppressed,yes,0
TP-DMEM-039,CG-DMEM-007,cp_we,load,0
TP-DMEM-039,CG-DMEM-007,cp_with_bus_err,no,0
TP-DMEM-040,CG-DMEM-007,cp_we,store,0
TP-DMEM-040,CG-DMEM-007,cr_class_x_we_x_beat,double_store_single,0
TP-DMEM-041,CG-DMEM-007,cp_beat,first,0
TP-DMEM-041,CG-DMEM-007,cp_beat,second,0
TP-DMEM-041,CG-DMEM-007,cp_nmi_mtval,first_ea,0
TP-DMEM-041,CG-DMEM-007,cp_nmi_mtval,second_word,0
TP-DMEM-041,CG-DMEM-007,cr_class_x_we_x_beat,double_load_second,0
TP-DMEM-041,CG-DMEM-007,cr_class_x_we_x_beat,single_load_first,0
TP-DMEM-041,CG-DMEM-007,cr_class_x_we_x_beat,single_store_second,0
TP-DMEM-042,CG-DMEM-007,cp_second_intg_while_pending,ignored,0
TP-DMEM-042,CG-DMEM-007,cp_with_bus_err,yes,0
TP-DMEM-042,CG-DMEM-007,cr_buserr_x_class,both_double,0
TP-DMEM-042,CG-DMEM-007,cr_buserr_x_class,both_single,0
TP-DMEM-043,CG-DMEM-007,cp_nmi_in_debug_deferred,yes,0
TP-DMEM-044,CG-DMEM-008,cp_dep_stall,no_consumer,0
TP-DMEM-044,CG-DMEM-008,cp_dep_stall,yes,0
TP-DMEM-044,CG-DMEM-008,cp_dep_x0,yes,0
TP-DMEM-045,CG-DMEM-002,cp_wdata_intg,ok,0
TP-DMEM-045,CG-DMEM-002,cp_wdata_intg_on_load,ok,0
TP-DMEM-045,CG-DMEM-002,cp_we,load,0
TP-DMEM-045,CG-DMEM-002,cr_wdata_intg_x_we,load_ok,0
TP-DMEM-045,CG-DMEM-002,cr_wdata_intg_x_we,store_ok,0
TP-DMEM-046,CG-DMEM-008,cp_overlap,full,0
TP-DMEM-046,CG-DMEM-008,cp_overlap,partial_byte,0
TP-DMEM-046,CG-DMEM-008,cp_overlap,partial_half,0
TP-DMEM-046,CG-DMEM-008,cp_store_load_distance,d1,0
TP-DMEM-046,CG-DMEM-008,cp_store_load_distance,d2,0
TP-DMEM-046,CG-DMEM-008,cp_store_load_distance,d3_8,0
TP-DMEM-046,CG-DMEM-008,cp_store_load_distance,none,0
TP-DMEM-046,CG-DMEM-008,cr_distance_x_overlap,d1_full,0
TP-DMEM-046,CG-DMEM-008,cr_distance_x_overlap,d1_partial_byte,0
TP-DMEM-046,CG-DMEM-008,cr_distance_x_overlap,d2_partial_half,0
TP-DMEM-047,CG-DMEM-008,cp_wfi_outstanding,yes,0
TP-DMEM-048,CG-DMEM-008,cp_pmp_denied,aligned_load,0
TP-DMEM-048,CG-DMEM-008,cp_pmp_denied,aligned_store,0
TP-DMEM-048,CG-DMEM-008,cp_pmp_denied,mis_both_load,0
TP-DMEM-048,CG-DMEM-008,cp_pmp_denied,mis_both_store,0
TP-DMEM-048,CG-DMEM-008,cp_pmp_denied,mis_first_load,0
TP-DMEM-048,CG-DMEM-008,cp_pmp_denied,mis_first_store,0
TP-DMEM-048,CG-DMEM-008,cp_pmp_denied,mis_second_load,0
TP-DMEM-048,CG-DMEM-008,cp_pmp_denied,mis_second_store,0
TP-DMEM-048,CG-DMEM-008,cp_pmp_second_half_issued,yes,0
TP-DMEM-049,CG-DMEM-008,cp_data_tag_zero,zero,0
TP-DMEM-050,CG-DMEM-008,cp_rvfi_mask,r_byte,0
TP-DMEM-050,CG-DMEM-008,cp_rvfi_mask,r_half,0
TP-DMEM-050,CG-DMEM-008,cp_rvfi_mask,r_word,0
TP-DMEM-050,CG-DMEM-008,cp_rvfi_mask,w_byte,0
TP-DMEM-050,CG-DMEM-008,cp_rvfi_mask,w_half,0
TP-DMEM-050,CG-DMEM-008,cp_rvfi_mask,w_word,0
TP-DMEM-050,CG-DMEM-008,cp_rvfi_mask_unshifted,yes,0
TP-DMEM-051,CG-DMEM-008,cp_crash_last_data_addr,eq_last_gnt,0
TP-DMEM-051,CG-DMEM-008,cp_crash_last_data_addr,frozen_on_err,0
TP-DMEM-052,CG-DMEM-008,cp_zcmp_burst,n1,0
TP-DMEM-052,CG-DMEM-008,cp_zcmp_burst,n2,0
TP-DMEM-052,CG-DMEM-008,cp_zcmp_burst,n3_6,0
TP-DMEM-052,CG-DMEM-008,cp_zcmp_burst,n7_13,0
TP-DMEM-053,CG-DMEM-008,cp_zcmp_err_pos,first,0
TP-DMEM-053,CG-DMEM-008,cp_zcmp_err_pos,last,0
TP-DMEM-053,CG-DMEM-008,cp_zcmp_err_pos,middle,0
TP-DMEM-053,CG-DMEM-008,cr_zcmp_err,long_first,0
TP-DMEM-053,CG-DMEM-008,cr_zcmp_err,long_middle,0
TP-DMEM-053,CG-DMEM-008,cr_zcmp_err,short_last,0
TP-DMEM-054,CG-DMEM-006,cp_irq_pending_at_err,yes,0
TP-DMEM-054,CG-DMEM-008,cp_dep_stall,yes,0
TP-DMEM-054,CG-DMEM-008,cp_wfi_outstanding,yes,0
TP-DMEM-055,CG-DMEM-004,cr_beat_x_we,first_store,0
TP-DMEM-055,CG-DMEM-008,cp_pmp_denied,mis_first_store,0
TP-DMEM-055,CG-DMEM-008,cp_pmp_denied,mis_second_load,0
TP-DMEM-056,CG-DMEM-001,cp_gnt_knob,short,0
TP-DMEM-056,CG-DMEM-001,cp_rvalid_knob,long,0
TP-DMEM-056,CG-DMEM-001,cr_gnt_x_rvalid_knob,both_long,0
TP-DMEM-056,CG-DMEM-001,cr_gnt_x_rvalid_knob,random_random,0
TP-DMEM-056,CG-DMEM-001,cr_gnt_x_rvalid_knob,same_min1,0
TP-DMEM-057,CG-DMEM-001,cp_payload_changed_after_gnt,changed,0
TP-DMEM-057,CG-DMEM-001,cp_payload_changed_after_gnt,same,0
TP-DMEM-058,CG-DMEM-009,cp_gnt_regime,long,0
TP-DMEM-058,CG-DMEM-009,cp_gnt_regime,same_cycle,0
TP-DMEM-058,CG-DMEM-009,cp_gnt_with_req,with_req,0
TP-DMEM-058,CG-DMEM-009,cp_no_gnt_on_pmp_denied,yes,0
TP-DMEM-058,CG-DMEM-009,cr_gnt_x_regime,req_long,0
TP-DMEM-058,CG-DMEM-009,cr_gnt_x_regime,req_same,0
TP-DMEM-059,CG-DMEM-009,cp_rdata_known_on_rvalid,known,0
TP-DMEM-059,CG-DMEM-009,cp_rdata_store_resp,fixed,0
TP-DMEM-059,CG-DMEM-009,cp_rdata_store_resp,random,0
TP-DMEM-059,CG-DMEM-009,cp_rdata_x_between_rvalid,yes,0
TP-DMEM-060,CG-DMEM-002,cp_masked_recompute_differs,yes,0
TP-DMEM-060,CG-DMEM-002,cr_intg_x_disabled_lane,ok_nonzero,0
TP-DMEM-060,CG-DMEM-002,cr_wdata_intg_x_we,load_ok,0
TP-DMEM-060,CG-DMEM-002,cr_wdata_intg_x_we,store_ok,0
TP-DMEM-061,CG-DMEM-008,cp_load_then_alu_b2b,yes,0
TP-DMEM-061,CG-DMEM-008,cp_rvfi_load_latency,one,0
TP-DMEM-061,CG-DMEM-008,cp_store_no_rd,yes,0
TP-DMEM-061,CG-DMEM-008,cp_wb_source,lsu_load,0
TP-DMEM-061,CG-DMEM-008,cp_wb_source,wb_flop,0
TP-EXC-001,CG-EXC-001,cp_cause,fetch_fault,0
TP-EXC-001,CG-EXC-001,cr_cause_mie,fetch_fault_mie1,0
TP-EXC-001,CG-EXC-001,cr_cause_mtvec,fetch_fault_boot_init,0
TP-EXC-001,CG-EXC-001,cr_cause_mtvec,fetch_fault_sw_aligned,0
TP-EXC-001,CG-EXC-001,cr_cause_priv_ilen,fetch_fault_m_w32,0
TP-EXC-001,CG-EXC-001,cr_cause_priv_ilen,fetch_fault_u_c16,0
TP-EXC-001,CG-EXC-002,cr_flow_outcome,dret_target_trap,0
TP-EXC-001,CG-EXC-002,cr_flow_outcome,jump_target_trap,0
TP-EXC-001,CG-EXC-002,cr_flow_outcome,mret_target_trap,0
TP-EXC-001,CG-EXC-002,cr_flow_outcome,sequential_trap,0
TP-EXC-001,CG-EXC-002,cr_half_ilen,first_c16,0
TP-EXC-001,CG-EXC-002,cr_half_ilen,first_w32,0
TP-EXC-001,CG-EXC-002,cr_illegal_source,clean_bus_err,0
TP-EXC-001,CG-EXC-002,cr_source_half,bus_err_first,0
TP-EXC-001,CG-EXC-012,cr_kind_mtval,sync_pc,0
TP-EXC-002,CG-EXC-001,cr_cause_mtvec,fetch_fault_sw_legalised,0
TP-EXC-002,CG-EXC-001,cr_cause_priv_ilen,fetch_fault_m_c16,0
TP-EXC-002,CG-EXC-001,cr_cause_priv_ilen,fetch_fault_u_w32,0
TP-EXC-002,CG-EXC-002,cp_source,pmp,0
TP-EXC-002,CG-EXC-002,cr_flow_outcome,branch_target_trap,0
TP-EXC-002,CG-EXC-002,cr_illegal_source,clean_pmp,0
TP-EXC-002,CG-EXC-002,cr_source_half,pmp_first,0
TP-EXC-003,CG-EXC-002,cp_half,second_plus2,0
TP-EXC-003,CG-EXC-002,cr_flow_align,sequential_half,0
TP-EXC-003,CG-EXC-002,cr_half_ilen,second_plus2_w32,0
TP-EXC-003,CG-EXC-002,cr_source_half,bus_err_second_plus2,0
TP-EXC-003,CG-EXC-012,cr_kind_mtval,sync_pc_plus2,0
TP-EXC-004,CG-EXC-002,cr_half_ilen,both_words_w32,0
TP-EXC-004,CG-EXC-002,cr_source_half,both_first,0
TP-EXC-004,CG-EXC-002,cr_source_half,bus_err_both_words,0
TP-EXC-004,CG-EXC-002,cr_source_half,pmp_both_words,0
TP-EXC-004,CG-EXC-002,cr_source_half,pmp_second_plus2,0
TP-EXC-005,CG-EXC-002,cp_outcome,discarded_branch,0
TP-EXC-005,CG-EXC-002,cp_outcome,discarded_debug,0
TP-EXC-005,CG-EXC-002,cp_outcome,discarded_dret,0
TP-EXC-005,CG-EXC-002,cp_outcome,discarded_exception,0
TP-EXC-005,CG-EXC-002,cp_outcome,discarded_irq,0
TP-EXC-005,CG-EXC-002,cp_outcome,discarded_jump,0
TP-EXC-005,CG-EXC-002,cp_outcome,discarded_mret,0
TP-EXC-005,CG-EXC-002,cr_flow_outcome,sequential_discarded_branch,0
TP-EXC-005,CG-EXC-002,cr_flow_outcome,sequential_discarded_debug,0
TP-EXC-005,CG-EXC-002,cr_flow_outcome,sequential_discarded_dret,0
TP-EXC-005,CG-EXC-002,cr_flow_outcome,sequential_discarded_exception,0
TP-EXC-005,CG-EXC-002,cr_flow_outcome,sequential_discarded_irq,0
TP-EXC-005,CG-EXC-002,cr_flow_outcome,sequential_discarded_jump,0
TP-EXC-005,CG-EXC-002,cr_flow_outcome,sequential_discarded_mret,0
TP-EXC-005,CG-EXC-002,cr_outcome_depth,discarded_branch_one,0
TP-EXC-005,CG-EXC-002,cr_outcome_depth,discarded_branch_two_three,0
TP-EXC-005,CG-EXC-002,cr_outcome_depth,discarded_exception_one,0
TP-EXC-005,CG-EXC-002,cr_outcome_depth,discarded_irq_two_three,0
TP-EXC-005,CG-EXC-002,cr_outcome_depth,discarded_jump_four_plus,0
TP-EXC-006,CG-EXC-002,cp_also_illegal,illegal_bits,0
TP-EXC-006,CG-EXC-002,cr_illegal_source,illegal_bits_bus_err,0
TP-EXC-006,CG-EXC-002,cr_illegal_source,illegal_bits_pmp,0
TP-EXC-006,CG-EXC-007,cr_pair_irq,fetch_illegal_irq_enabled,0
TP-EXC-006,CG-EXC-007,cr_pair_kind,fetch_illegal_decoder,0
TP-EXC-006,CG-EXC-007,cr_pair_winner,fetch_illegal_fetch_fault,0
TP-EXC-007,CG-EXC-001,cp_cause,illegal,0
TP-EXC-007,CG-EXC-001,cr_cause_mie,illegal_mie0,0
TP-EXC-007,CG-EXC-001,cr_cause_mie,illegal_mie1,0
TP-EXC-007,CG-EXC-001,cr_cause_mtvec,illegal_boot_init,0
TP-EXC-007,CG-EXC-001,cr_cause_mtvec,illegal_sw_aligned,0
TP-EXC-007,CG-EXC-001,cr_cause_mtvec,illegal_sw_legalised,0
TP-EXC-007,CG-EXC-001,cr_cause_priv_ilen,illegal_m_c16,0
TP-EXC-007,CG-EXC-001,cr_cause_priv_ilen,illegal_m_w32,0
TP-EXC-007,CG-EXC-001,cr_cause_priv_ilen,illegal_u_c16,0
TP-EXC-007,CG-EXC-001,cr_cause_priv_ilen,illegal_u_w32,0
TP-EXC-007,CG-EXC-003,cp_kind,decoder_reject,0
TP-EXC-007,CG-EXC-003,cr_kind_ilen,decoder_reject_c16,0
TP-EXC-007,CG-EXC-003,cr_kind_ilen,decoder_reject_w32,0
TP-EXC-007,CG-EXC-003,cr_kind_mtval,decoder_reject_full32,0
TP-EXC-007,CG-EXC-003,cr_kind_priv,decoder_reject_m,0
TP-EXC-007,CG-EXC-003,cr_kind_priv,decoder_reject_u,0
TP-EXC-007,CG-EXC-003,cr_kind_wb,decoder_reject_wb_empty,0
TP-EXC-008,CG-EXC-003,cp_kind,csr_debug_outside,0
TP-EXC-008,CG-EXC-003,cp_kind,csr_nonexistent,0
TP-EXC-008,CG-EXC-003,cp_kind,csr_priv_u,0
TP-EXC-008,CG-EXC-003,cp_kind,csr_ro_write,0
TP-EXC-008,CG-EXC-003,cp_kind,trigger_csr_mmode_no_trap,0
TP-EXC-008,CG-EXC-003,cr_kind_ilen,csr_debug_outside_w32,0
TP-EXC-008,CG-EXC-003,cr_kind_ilen,csr_nonexistent_w32,0
TP-EXC-008,CG-EXC-003,cr_kind_ilen,csr_priv_u_w32,0
TP-EXC-008,CG-EXC-003,cr_kind_ilen,csr_ro_write_w32,0
TP-EXC-008,CG-EXC-003,cr_kind_mtval,csr_nonexistent_full32,0
TP-EXC-008,CG-EXC-003,cr_kind_priv,csr_debug_outside_m,0
TP-EXC-008,CG-EXC-003,cr_kind_priv,csr_nonexistent_m,0
TP-EXC-008,CG-EXC-003,cr_kind_priv,csr_nonexistent_u,0
TP-EXC-008,CG-EXC-003,cr_kind_priv,csr_priv_u_u,0
TP-EXC-008,CG-EXC-003,cr_kind_priv,csr_ro_write_m,0
TP-EXC-008,CG-EXC-003,cr_kind_priv,csr_ro_write_u,0
TP-EXC-009,CG-EXC-003,cp_kind,mret_umode,0
TP-EXC-009,CG-EXC-003,cr_kind_ilen,mret_umode_w32,0
TP-EXC-009,CG-EXC-003,cr_kind_mtval,mret_umode_full32,0
TP-EXC-009,CG-EXC-003,cr_kind_priv,mret_umode_u,0
TP-EXC-009,CG-EXC-011,cr_priv_mpp,u_m,0
TP-EXC-009,CG-EXC-011,cr_priv_mpp,u_u,0
TP-EXC-010,CG-EXC-003,cp_kind,wfi_tw_umode,0
TP-EXC-010,CG-EXC-003,cr_kind_ilen,wfi_tw_umode_w32,0
TP-EXC-010,CG-EXC-003,cr_kind_mtval,wfi_tw_umode_full32,0
TP-EXC-010,CG-EXC-003,cr_kind_priv,wfi_tw_umode_u,0
TP-EXC-010,CG-IRQ-009,cp_priv_tw,u_tw1,0
TP-EXC-011,CG-EXC-003,cp_kind,dret_outside_debug,0
TP-EXC-011,CG-EXC-003,cr_kind_ilen,dret_outside_debug_w32,0
TP-EXC-011,CG-EXC-003,cr_kind_mtval,dret_outside_debug_full32,0
TP-EXC-011,CG-EXC-003,cr_kind_priv,dret_outside_debug_m,0
TP-EXC-011,CG-EXC-003,cr_kind_priv,dret_outside_debug_u,0
TP-EXC-012,CG-EXC-003,cp_kind,system_rs1rd_nonzero,0
TP-EXC-012,CG-EXC-003,cr_kind_ilen,system_rs1rd_nonzero_w32,0
TP-EXC-012,CG-EXC-003,cr_kind_priv,system_rs1rd_nonzero_m,0
TP-EXC-012,CG-EXC-003,cr_kind_priv,system_rs1rd_nonzero_u,0
TP-EXC-012,CG-EXC-003,cr_sub_priv,dret_enc_m,0
TP-EXC-012,CG-EXC-003,cr_sub_priv,ebreak_enc_m,0
TP-EXC-012,CG-EXC-003,cr_sub_priv,ebreak_enc_u,0
TP-EXC-012,CG-EXC-003,cr_sub_priv,ecall_enc_m,0
TP-EXC-012,CG-EXC-003,cr_sub_priv,ecall_enc_u,0
TP-EXC-012,CG-EXC-003,cr_sub_priv,mret_enc_m,0
TP-EXC-012,CG-EXC-003,cr_sub_priv,wfi_enc_m,0
TP-EXC-012,CG-EXC-003,cr_sub_priv,wfi_enc_u,0
TP-EXC-012,CG-EXC-007,cr_pair_irq,illegal_ecall_irq_enabled,0
TP-EXC-012,CG-EXC-007,cr_pair_kind,illegal_ebreak_system_rs1rd,0
TP-EXC-012,CG-EXC-007,cr_pair_kind,illegal_ecall_system_rs1rd,0
TP-EXC-012,CG-EXC-007,cr_pair_winner,illegal_ebreak_illegal,0
TP-EXC-012,CG-EXC-007,cr_pair_winner,illegal_ecall_illegal,0
TP-EXC-013,CG-EXC-001,cr_cause_pcalign,illegal_half,0
TP-EXC-013,CG-EXC-001,cr_cause_pcalign,illegal_word,0
TP-EXC-013,CG-EXC-003,cp_mtval_form,zext16,0
TP-EXC-013,CG-EXC-003,cr_kind_mtval,decoder_reject_zext16,0
TP-EXC-013,CG-EXC-012,cr_kind_mtval,sync_insn16,0
TP-EXC-013,CG-EXC-012,cr_kind_mtval,sync_insn32,0
TP-EXC-014,CG-EXC-003,cp_kind,zcmp_reserved_rlist,0
TP-EXC-014,CG-EXC-003,cr_kind_ilen,zcmp_reserved_rlist_c16,0
TP-EXC-014,CG-EXC-003,cr_kind_mtval,zcmp_reserved_rlist_zext16,0
TP-EXC-014,CG-EXC-003,cr_kind_priv,zcmp_reserved_rlist_m,0
TP-EXC-014,CG-EXC-003,cr_kind_priv,zcmp_reserved_rlist_u,0
TP-EXC-014,CG-EXC-003,cr_kind_wb,zcmp_reserved_rlist_wb_ls_ok,0
TP-EXC-014,CG-EXC-008,cp_event,reserved_rlist_illegal,0
TP-EXC-014,CG-EXC-008,cr_seq_event,cm_pop_reserved_rlist_illegal,0
TP-EXC-014,CG-EXC-008,cr_seq_event,cm_popret_reserved_rlist_illegal,0
TP-EXC-014,CG-EXC-008,cr_seq_event,cm_popretz_reserved_rlist_illegal,0
TP-EXC-014,CG-EXC-008,cr_seq_event,cm_push_reserved_rlist_illegal,0
TP-EXC-015,CG-EXC-003,cp_wb_state,wb_ls_fault,0
TP-EXC-015,CG-EXC-003,cp_wb_state,wb_ls_ok,0
TP-EXC-015,CG-EXC-003,cr_kind_wb,csr_nonexistent_wb_ls_fault,0
TP-EXC-015,CG-EXC-003,cr_kind_wb,csr_nonexistent_wb_ls_ok,0
TP-EXC-015,CG-EXC-003,cr_kind_wb,decoder_reject_wb_ls_fault,0
TP-EXC-015,CG-EXC-003,cr_kind_wb,decoder_reject_wb_ls_ok,0
TP-EXC-015,CG-EXC-003,cr_kind_wb,system_rs1rd_nonzero_wb_ls_ok,0
TP-EXC-015,CG-EXC-007,cr_pair_kind,ld_illegal_csr_check,0
TP-EXC-015,CG-EXC-007,cr_pair_kind,st_illegal_decoder,0
TP-EXC-015,CG-EXC-007,cr_pair_winner,ld_illegal_load_fault,0
TP-EXC-015,CG-EXC-007,cr_pair_winner,st_illegal_store_fault,0
TP-EXC-015,CG-EXC-013,cp_wb_at_id_exc,wb_ls_fault_wins,0
TP-EXC-015,CG-EXC-013,cp_wb_at_id_exc,wb_ls_ok,0
TP-EXC-015,CG-EXC-013,cr_stage_dbus,id_cause_rvalid_pending,0
TP-EXC-015,CG-EXC-013,cr_stage_latency,id_cause_long,0
TP-EXC-015,CG-EXC-013,cr_stage_latency,id_cause_three_five,0
TP-EXC-016,CG-EXC-001,cp_cause,breakpoint,0
TP-EXC-016,CG-EXC-001,cr_cause_mie,breakpoint_mie0,0
TP-EXC-016,CG-EXC-001,cr_cause_mie,breakpoint_mie1,0
TP-EXC-016,CG-EXC-001,cr_cause_mtvec,breakpoint_boot_init,0
TP-EXC-016,CG-EXC-001,cr_cause_mtvec,breakpoint_sw_aligned,0
TP-EXC-016,CG-EXC-001,cr_cause_mtvec,breakpoint_sw_legalised,0
TP-EXC-016,CG-EXC-001,cr_cause_priv_ilen,breakpoint_m_w32,0
TP-EXC-016,CG-EXC-001,cr_cause_priv_ilen,breakpoint_u_w32,0
TP-EXC-016,CG-EXC-004,cp_form,ebreak32,0
TP-EXC-016,CG-EXC-004,cp_outcome,exception,0
TP-EXC-016,CG-EXC-004,cr_form_align,ebreak32_half,0
TP-EXC-016,CG-EXC-004,cr_form_align,ebreak32_word,0
TP-EXC-016,CG-EXC-004,cr_form_outcome,ebreak32_exception,0
TP-EXC-016,CG-EXC-004,cr_priv_dcsr_outcome,m_m0u0_exception,0
TP-EXC-016,CG-EXC-004,cr_priv_dcsr_outcome,m_m0u1_exception,0
TP-EXC-016,CG-EXC-004,cr_priv_dcsr_outcome,u_m0u0_exception,0
TP-EXC-016,CG-EXC-004,cr_priv_dcsr_outcome,u_m1u0_exception,0
TP-EXC-017,CG-EXC-001,cr_cause_pcalign,breakpoint_half,0
TP-EXC-017,CG-EXC-001,cr_cause_priv_ilen,breakpoint_m_c16,0
TP-EXC-017,CG-EXC-001,cr_cause_priv_ilen,breakpoint_u_c16,0
TP-EXC-017,CG-EXC-004,cp_form,c_ebreak16,0
TP-EXC-017,CG-EXC-004,cr_form_align,c_ebreak16_half,0
TP-EXC-017,CG-EXC-004,cr_form_align,c_ebreak16_word,0
TP-EXC-017,CG-EXC-004,cr_form_outcome,c_ebreak16_exception,0
TP-EXC-018,CG-EXC-004,cp_outcome,debug_entry,0
TP-EXC-018,CG-EXC-004,cr_form_outcome,c_ebreak16_debug_entry,0
TP-EXC-018,CG-EXC-004,cr_form_outcome,ebreak32_debug_entry,0
TP-EXC-018,CG-EXC-004,cr_priv_dcsr_outcome,m_m1u0_debug_entry,0
TP-EXC-018,CG-EXC-004,cr_priv_dcsr_outcome,m_m1u1_debug_entry,0
TP-EXC-018,CG-EXC-004,cr_priv_dcsr_outcome,u_m0u1_debug_entry,0
TP-EXC-018,CG-EXC-004,cr_priv_dcsr_outcome,u_m1u1_debug_entry,0
TP-EXC-019,CG-EXC-004,cp_outcome,debug_reentry,0
TP-EXC-019,CG-EXC-004,cr_form_outcome,c_ebreak16_debug_reentry,0
TP-EXC-019,CG-EXC-004,cr_form_outcome,ebreak32_debug_reentry,0
TP-EXC-019,CG-EXC-009,cr_cause_context,ebreak_in_debug,0
TP-EXC-019,CG-EXC-009,cr_context_target,in_debug_dm_halt_addr,0
TP-EXC-020,CG-EXC-004,cp_trigger,trigger_entry,0
TP-EXC-020,CG-EXC-004,cp_trigger,trigger_on_ebreak_addr,0
TP-EXC-020,CG-EXC-004,cr_trigger_priv,trigger_entry_m,0
TP-EXC-020,CG-EXC-004,cr_trigger_priv,trigger_entry_u,0
TP-EXC-020,CG-EXC-004,cr_trigger_priv,trigger_on_ebreak_addr_m,0
TP-EXC-021,CG-EXC-004,cp_trigger,trigger_squashed,0
TP-EXC-021,CG-EXC-004,cr_trigger_priv,trigger_squashed_m,0
TP-EXC-021,CG-EXC-004,cr_trigger_priv,trigger_squashed_u,0
TP-EXC-022,CG-EXC-001,cp_cause,ecall_m,0
TP-EXC-022,CG-EXC-001,cr_cause_mie,ecall_m_mie0,0
TP-EXC-022,CG-EXC-001,cr_cause_mie,ecall_m_mie1,0
TP-EXC-022,CG-EXC-001,cr_cause_mtvec,ecall_m_boot_init,0
TP-EXC-022,CG-EXC-001,cr_cause_mtvec,ecall_m_sw_aligned,0
TP-EXC-022,CG-EXC-001,cr_cause_mtvec,ecall_m_sw_legalised,0
TP-EXC-022,CG-EXC-001,cr_cause_pcalign,ecall_m_half,0
TP-EXC-022,CG-EXC-001,cr_cause_priv_ilen,ecall_m_m_w32,0
TP-EXC-022,CG-EXC-005,cp_priv,m,0
TP-EXC-022,CG-EXC-005,cr_priv_align,m_half,0
TP-EXC-022,CG-EXC-005,cr_priv_align,m_word,0
TP-EXC-022,CG-EXC-005,cr_priv_mie,m_mie0,0
TP-EXC-022,CG-EXC-005,cr_priv_mie,m_mie1,0
TP-EXC-022,CG-EXC-005,cr_priv_mtval,m_was_nonzero,0
TP-EXC-022,CG-EXC-005,cr_priv_mtval,m_was_zero,0
TP-EXC-022,CG-EXC-012,cr_kind_mie_priv,sync_mie0_m,0
TP-EXC-022,CG-EXC-012,cr_kind_mie_priv,sync_mie1_m,0
TP-EXC-023,CG-EXC-001,cp_cause,ecall_u,0
TP-EXC-023,CG-EXC-001,cr_cause_mie,ecall_u_mie0,0
TP-EXC-023,CG-EXC-001,cr_cause_mie,ecall_u_mie1,0
TP-EXC-023,CG-EXC-001,cr_cause_mtvec,ecall_u_boot_init,0
TP-EXC-023,CG-EXC-001,cr_cause_mtvec,ecall_u_sw_aligned,0
TP-EXC-023,CG-EXC-001,cr_cause_mtvec,ecall_u_sw_legalised,0
TP-EXC-023,CG-EXC-001,cr_cause_pcalign,ecall_u_half,0
TP-EXC-023,CG-EXC-001,cr_cause_priv_ilen,ecall_u_u_w32,0
TP-EXC-023,CG-EXC-005,cp_priv,u,0
TP-EXC-023,CG-EXC-005,cr_priv_align,u_half,0
TP-EXC-023,CG-EXC-005,cr_priv_align,u_word,0
TP-EXC-023,CG-EXC-005,cr_priv_mie,u_mie0,0
TP-EXC-023,CG-EXC-005,cr_priv_mie,u_mie1,0
TP-EXC-023,CG-EXC-005,cr_priv_mtval,u_was_nonzero,0
TP-EXC-023,CG-EXC-005,cr_priv_mtval,u_was_zero,0
TP-EXC-023,CG-EXC-012,cr_kind_mie_priv,sync_mie0_u,0
TP-EXC-023,CG-EXC-012,cr_kind_mie_priv,sync_mie1_u,0
TP-EXC-024,CG-EXC-001,cp_cause,load_fault,0
TP-EXC-024,CG-EXC-001,cr_cause_mie,load_fault_mie0,0
TP-EXC-024,CG-EXC-001,cr_cause_mie,load_fault_mie1,0
TP-EXC-024,CG-EXC-001,cr_cause_mtvec,load_fault_boot_init,0
TP-EXC-024,CG-EXC-001,cr_cause_mtvec,load_fault_sw_aligned,0
TP-EXC-024,CG-EXC-001,cr_cause_mtvec,load_fault_sw_legalised,0
TP-EXC-024,CG-EXC-001,cr_cause_pcalign,load_fault_half,0
TP-EXC-024,CG-EXC-001,cr_cause_pcalign,load_fault_word,0
TP-EXC-024,CG-EXC-001,cr_cause_priv_ilen,load_fault_m_c16,0
TP-EXC-024,CG-EXC-001,cr_cause_priv_ilen,load_fault_m_w32,0
TP-EXC-024,CG-EXC-001,cr_cause_priv_ilen,load_fault_u_c16,0
TP-EXC-024,CG-EXC-001,cr_cause_priv_ilen,load_fault_u_w32,0
TP-EXC-024,CG-EXC-006,cp_op,load,0
TP-EXC-024,CG-EXC-006,cr_align_mtval,aligned_eq_addr,0
TP-EXC-024,CG-EXC-006,cr_align_size,aligned_byte,0
TP-EXC-024,CG-EXC-006,cr_align_size,aligned_half,0
TP-EXC-024,CG-EXC-006,cr_align_size,aligned_word,0
TP-EXC-024,CG-EXC-006,cr_latency_irq,one_none,0
TP-EXC-024,CG-EXC-006,cr_op_size_source,load_byte_bus_err,0
TP-EXC-024,CG-EXC-006,cr_op_size_source,load_half_bus_err,0
TP-EXC-024,CG-EXC-006,cr_op_size_source,load_word_bus_err,0
TP-EXC-024,CG-EXC-006,cr_op_source_align,load_bus_err_aligned,0
TP-EXC-024,CG-EXC-006,cr_source_pattern,bus_err_aligned_single_req,0
TP-EXC-024,CG-EXC-012,cr_kind_mtval,sync_data_addr,0
TP-EXC-025,CG-EXC-006,cp_bus_pattern,none,0
TP-EXC-025,CG-EXC-006,cp_source,pmp,0
TP-EXC-025,CG-EXC-006,cr_op_size_source,load_byte_pmp,0
TP-EXC-025,CG-EXC-006,cr_op_size_source,load_word_pmp,0
TP-EXC-025,CG-EXC-006,cr_op_source_align,load_pmp_aligned,0
TP-EXC-025,CG-EXC-006,cr_source_pattern,pmp_aligned_none,0
TP-EXC-026,CG-EXC-001,cp_cause,store_fault,0
TP-EXC-026,CG-EXC-001,cr_cause_mie,store_fault_mie0,0
TP-EXC-026,CG-EXC-001,cr_cause_mie,store_fault_mie1,0
TP-EXC-026,CG-EXC-001,cr_cause_mtvec,store_fault_boot_init,0
TP-EXC-026,CG-EXC-001,cr_cause_mtvec,store_fault_sw_aligned,0
TP-EXC-026,CG-EXC-001,cr_cause_mtvec,store_fault_sw_legalised,0
TP-EXC-026,CG-EXC-001,cr_cause_pcalign,store_fault_half,0
TP-EXC-026,CG-EXC-001,cr_cause_pcalign,store_fault_word,0
TP-EXC-026,CG-EXC-001,cr_cause_priv_ilen,store_fault_m_c16,0
TP-EXC-026,CG-EXC-001,cr_cause_priv_ilen,store_fault_m_w32,0
TP-EXC-026,CG-EXC-001,cr_cause_priv_ilen,store_fault_u_c16,0
TP-EXC-026,CG-EXC-001,cr_cause_priv_ilen,store_fault_u_w32,0
TP-EXC-026,CG-EXC-006,cp_op,store,0
TP-EXC-026,CG-EXC-006,cr_op_size_source,store_byte_bus_err,0
TP-EXC-026,CG-EXC-006,cr_op_size_source,store_half_bus_err,0
TP-EXC-026,CG-EXC-006,cr_op_size_source,store_word_bus_err,0
TP-EXC-026,CG-EXC-006,cr_op_source_align,store_bus_err_aligned,0
TP-EXC-027,CG-EXC-006,cr_op_size_source,store_half_pmp,0
TP-EXC-027,CG-EXC-006,cr_op_size_source,store_word_pmp,0
TP-EXC-027,CG-EXC-006,cr_op_source_align,store_pmp_aligned,0
TP-EXC-028,CG-EXC-006,cp_mis_no_trap,half_cross,0
TP-EXC-028,CG-EXC-006,cp_mis_no_trap,word_off1,0
TP-EXC-028,CG-EXC-006,cp_mis_no_trap,word_off2,0
TP-EXC-028,CG-EXC-006,cp_mis_no_trap,word_off3,0
TP-EXC-029,CG-EXC-006,cp_align,mis_first,0
TP-EXC-029,CG-EXC-006,cr_align_mtval,mis_first_eq_addr,0
TP-EXC-029,CG-EXC-006,cr_align_size,mis_first_half,0
TP-EXC-029,CG-EXC-006,cr_align_size,mis_first_word,0
TP-EXC-029,CG-EXC-006,cr_op_source_align,load_bus_err_mis_first,0
TP-EXC-029,CG-EXC-006,cr_op_source_align,store_bus_err_mis_first,0
TP-EXC-029,CG-EXC-006,cr_source_pattern,bus_err_mis_first_two_reqs,0
TP-EXC-030,CG-EXC-006,cp_align,mis_second,0
TP-EXC-030,CG-EXC-006,cr_align_mtval,mis_second_eq_second_word,0
TP-EXC-030,CG-EXC-006,cr_align_size,mis_second_half,0
TP-EXC-030,CG-EXC-006,cr_align_size,mis_second_word,0
TP-EXC-030,CG-EXC-006,cr_op_source_align,load_bus_err_mis_second,0
TP-EXC-030,CG-EXC-006,cr_op_source_align,store_bus_err_mis_second,0
TP-EXC-030,CG-EXC-006,cr_source_pattern,bus_err_mis_second_two_reqs,0
TP-EXC-030,CG-EXC-012,cr_kind_mtval,sync_data_addr_second,0
TP-EXC-031,CG-EXC-006,cp_bus_pattern,first_only,0
TP-EXC-031,CG-EXC-006,cr_op_source_align,load_pmp_mis_second,0
TP-EXC-031,CG-EXC-006,cr_op_source_align,store_pmp_mis_second,0
TP-EXC-031,CG-EXC-006,cr_source_pattern,pmp_mis_second_first_only,0
TP-EXC-032,CG-EXC-006,cp_bus_pattern,second_only,0
TP-EXC-032,CG-EXC-006,cr_op_source_align,load_pmp_mis_first,0
TP-EXC-032,CG-EXC-006,cr_op_source_align,store_pmp_mis_first,0
TP-EXC-032,CG-EXC-006,cr_source_pattern,pmp_mis_first_second_only,0
TP-EXC-033,CG-EXC-006,cp_align,mis_both,0
TP-EXC-033,CG-EXC-006,cr_align_mtval,mis_both_eq_addr,0
TP-EXC-033,CG-EXC-006,cr_align_size,mis_both_half,0
TP-EXC-033,CG-EXC-006,cr_align_size,mis_both_word,0
TP-EXC-033,CG-EXC-006,cr_op_source_align,load_bus_err_mis_both,0
TP-EXC-033,CG-EXC-006,cr_op_source_align,load_pmp_mis_both,0
TP-EXC-033,CG-EXC-006,cr_op_source_align,store_bus_err_mis_both,0
TP-EXC-033,CG-EXC-006,cr_op_source_align,store_pmp_mis_both,0
TP-EXC-033,CG-EXC-006,cr_source_pattern,bus_err_mis_both_two_reqs,0
TP-EXC-033,CG-EXC-006,cr_source_pattern,pmp_mis_both_none,0
TP-EXC-034,CG-EXC-001,cr_cause_killed,load_fault_one,0
TP-EXC-034,CG-EXC-001,cr_cause_killed,store_fault_one,0
TP-EXC-034,CG-EXC-006,cr_op_younger,load_alu,0
TP-EXC-034,CG-EXC-006,cr_op_younger,load_csr_rw,0
TP-EXC-034,CG-EXC-006,cr_op_younger,load_mret,0
TP-EXC-034,CG-EXC-006,cr_op_younger,load_none,0
TP-EXC-034,CG-EXC-006,cr_op_younger,store_alu,0
TP-EXC-034,CG-EXC-006,cr_op_younger,store_csr_rw,0
TP-EXC-034,CG-EXC-006,cr_op_younger,store_mret,0
TP-EXC-034,CG-EXC-006,cr_op_younger,store_none,0
TP-EXC-034,CG-EXC-013,cr_stage_killed,wb_cause_none,0
TP-EXC-034,CG-EXC-013,cr_stage_killed,wb_cause_one,0
TP-EXC-034,CG-EXC-013,cr_stage_latency,wb_cause_min,0
TP-EXC-035,CG-EXC-006,cr_op_younger,load_ecall_ebreak,0
TP-EXC-035,CG-EXC-006,cr_op_younger,load_fetch_errored,0
TP-EXC-035,CG-EXC-006,cr_op_younger,load_illegal,0
TP-EXC-035,CG-EXC-006,cr_op_younger,store_ecall_ebreak,0
TP-EXC-035,CG-EXC-006,cr_op_younger,store_fetch_errored,0
TP-EXC-035,CG-EXC-006,cr_op_younger,store_illegal,0
TP-EXC-035,CG-EXC-007,cr_pair_irq,ld_fetch_none,0
TP-EXC-035,CG-EXC-007,cr_pair_irq,st_illegal_none,0
TP-EXC-035,CG-EXC-007,cr_pair_winner,ld_ebreak_load_fault,0
TP-EXC-035,CG-EXC-007,cr_pair_winner,ld_ecall_load_fault,0
TP-EXC-035,CG-EXC-007,cr_pair_winner,ld_fetch_load_fault,0
TP-EXC-035,CG-EXC-007,cr_pair_winner,st_ebreak_store_fault,0
TP-EXC-035,CG-EXC-007,cr_pair_winner,st_ecall_store_fault,0
TP-EXC-035,CG-EXC-007,cr_pair_winner,st_fetch_store_fault,0
TP-EXC-036,CG-EXC-006,cr_op_younger,load_branch,0
TP-EXC-036,CG-EXC-006,cr_op_younger,load_jump,0
TP-EXC-036,CG-EXC-006,cr_op_younger,store_branch,0
TP-EXC-036,CG-EXC-006,cr_op_younger,store_jump,0
TP-EXC-036,CG-EXC-006,cr_younger_spec,branch_no,0
TP-EXC-036,CG-EXC-006,cr_younger_spec,branch_yes,0
TP-EXC-036,CG-EXC-006,cr_younger_spec,jump_no,0
TP-EXC-036,CG-EXC-006,cr_younger_spec,jump_yes,0
TP-EXC-037,CG-EXC-006,cp_resp_latency,long,0
TP-EXC-037,CG-EXC-006,cp_resp_latency,short,0
TP-EXC-037,CG-EXC-006,cr_op_younger,load_load_store,0
TP-EXC-037,CG-EXC-006,cr_op_younger,store_load_store,0
TP-EXC-038,CG-EXC-006,cp_resp_latency,long,0
TP-EXC-038,CG-EXC-006,cp_resp_latency,one,0
TP-EXC-038,CG-EXC-006,cp_resp_latency,short,0
TP-EXC-038,CG-EXC-006,cr_op_younger,load_load_store,0
TP-EXC-039,CG-EXC-006,cp_bus_pattern,single_req,0
TP-EXC-039,CG-EXC-006,cp_bus_pattern,two_reqs,0
TP-EXC-039,CG-EXC-006,cr_op_size_source,store_word_bus_err,0
TP-EXC-039,CG-EXC-006,cr_source_pattern,bus_err_aligned_single_req,0
TP-EXC-039,CG-EXC-006,cr_source_pattern,bus_err_mis_first_two_reqs,0
TP-EXC-040,CG-EXC-007,cp_pair,fetch_ebreak,0
TP-EXC-040,CG-EXC-007,cp_pair,fetch_ecall,0
TP-EXC-040,CG-EXC-007,cp_pair,fetch_illegal,0
TP-EXC-040,CG-EXC-007,cp_pair,illegal_ebreak,0
TP-EXC-040,CG-EXC-007,cp_pair,illegal_ecall,0
TP-EXC-040,CG-EXC-007,cp_pair,ld_ebreak,0
TP-EXC-040,CG-EXC-007,cp_pair,ld_ecall,0
TP-EXC-040,CG-EXC-007,cp_pair,ld_fetch,0
TP-EXC-040,CG-EXC-007,cp_pair,ld_illegal,0
TP-EXC-040,CG-EXC-007,cp_pair,st_ebreak,0
TP-EXC-040,CG-EXC-007,cp_pair,st_ecall,0
TP-EXC-040,CG-EXC-007,cp_pair,st_fetch,0
TP-EXC-040,CG-EXC-007,cp_pair,st_illegal,0
TP-EXC-040,CG-EXC-007,cp_pair,triple_wb_fetch_illegal,0
TP-EXC-040,CG-EXC-007,cp_winner,fetch_fault,0
TP-EXC-040,CG-EXC-007,cp_winner,illegal,0
TP-EXC-040,CG-EXC-007,cp_winner,load_fault,0
TP-EXC-040,CG-EXC-007,cp_winner,store_fault,0
TP-EXC-040,CG-EXC-007,cr_pair_irq,ld_fetch_irq_enabled,0
TP-EXC-040,CG-EXC-007,cr_pair_irq,ld_illegal_irq_enabled,0
TP-EXC-040,CG-EXC-007,cr_pair_irq,st_illegal_irq_enabled,0
TP-EXC-040,CG-EXC-007,cr_pair_kind,ld_illegal_decoder,0
TP-EXC-040,CG-EXC-007,cr_pair_kind,st_illegal_csr_check,0
TP-EXC-040,CG-EXC-007,cr_pair_winner,fetch_ebreak_fetch_fault,0
TP-EXC-040,CG-EXC-007,cr_pair_winner,fetch_ecall_fetch_fault,0
TP-EXC-040,CG-EXC-007,cr_pair_winner,triple_wb_fetch_illegal_load_fault,0
TP-EXC-040,CG-EXC-007,cr_pair_winner,triple_wb_fetch_illegal_store_fault,0
TP-EXC-041,CG-EXC-001,cp_pc_align,half,0
TP-EXC-041,CG-EXC-001,cp_pc_align,word,0
TP-EXC-041,CG-EXC-001,cr_cause_pcalign,fetch_fault_half,0
TP-EXC-041,CG-EXC-001,cr_cause_pcalign,fetch_fault_word,0
TP-EXC-041,CG-EXC-012,cp_mepc_bit1,bit1_0,0
TP-EXC-041,CG-EXC-012,cp_mepc_bit1,bit1_1,0
TP-EXC-041,CG-EXC-012,cr_kind_bit1,sync_bit1_0,0
TP-EXC-041,CG-EXC-012,cr_kind_bit1,sync_bit1_1,0
TP-EXC-042,CG-EXC-006,cr_op_zcmp,store_cm_push_op_first,0
TP-EXC-042,CG-EXC-006,cr_op_zcmp,store_cm_push_op_last,0
TP-EXC-042,CG-EXC-006,cr_op_zcmp,store_cm_push_op_middle,0
TP-EXC-042,CG-EXC-008,cp_seq,cm_push,0
TP-EXC-042,CG-EXC-008,cr_event_after,store_fault_handler_advanced_mepc,0
TP-EXC-042,CG-EXC-008,cr_event_after,store_fault_reexecuted_from_first,0
TP-EXC-042,CG-EXC-008,cr_event_pos,store_fault_first,0
TP-EXC-042,CG-EXC-008,cr_event_pos,store_fault_last,0
TP-EXC-042,CG-EXC-008,cr_event_pos,store_fault_middle,0
TP-EXC-042,CG-EXC-008,cr_event_rlist,store_fault_r12_15,0
TP-EXC-042,CG-EXC-008,cr_event_rlist,store_fault_r4,0
TP-EXC-042,CG-EXC-008,cr_seq_event,cm_push_store_fault,0
TP-EXC-043,CG-EXC-006,cr_op_zcmp,load_cm_pop_op_first,0
TP-EXC-043,CG-EXC-006,cr_op_zcmp,load_cm_pop_op_last,0
TP-EXC-043,CG-EXC-006,cr_op_zcmp,load_cm_pop_op_middle,0
TP-EXC-043,CG-EXC-008,cp_seq,cm_pop,0
TP-EXC-043,CG-EXC-008,cp_seq,cm_popret,0
TP-EXC-043,CG-EXC-008,cp_seq,cm_popretz,0
TP-EXC-043,CG-EXC-008,cr_event_after,load_fault_handler_advanced_mepc,0
TP-EXC-043,CG-EXC-008,cr_event_after,load_fault_reexecuted_from_first,0
TP-EXC-043,CG-EXC-008,cr_event_pos,load_fault_first,0
TP-EXC-043,CG-EXC-008,cr_event_pos,load_fault_last,0
TP-EXC-043,CG-EXC-008,cr_event_pos,load_fault_middle,0
TP-EXC-043,CG-EXC-008,cr_event_rlist,load_fault_r12_15,0
TP-EXC-043,CG-EXC-008,cr_event_rlist,load_fault_r4,0
TP-EXC-043,CG-EXC-008,cr_seq_event,cm_pop_load_fault,0
TP-EXC-043,CG-EXC-008,cr_seq_event,cm_popret_load_fault,0
TP-EXC-043,CG-EXC-008,cr_seq_event,cm_popretz_load_fault,0
TP-EXC-044,CG-EXC-002,cp_flow,popret_target,0
TP-EXC-044,CG-EXC-002,cr_flow_align,popret_target_half,0
TP-EXC-044,CG-EXC-002,cr_flow_outcome,popret_target_trap,0
TP-EXC-044,CG-EXC-008,cr_seq_event,cm_popret_fetch_fault_ret_target,0
TP-EXC-044,CG-EXC-008,cr_seq_event,cm_popretz_fetch_fault_ret_target,0
TP-EXC-045,CG-EXC-009,cp_context,in_debug,0
TP-EXC-045,CG-EXC-009,cr_cause_context,ecall_in_debug,0
TP-EXC-045,CG-EXC-009,cr_cause_context,fetch_fault_in_debug,0
TP-EXC-045,CG-EXC-009,cr_cause_context,illegal_in_debug,0
TP-EXC-045,CG-EXC-009,cr_cause_context,load_fault_in_debug,0
TP-EXC-045,CG-EXC-009,cr_cause_context,store_fault_in_debug,0
TP-EXC-045,CG-EXC-009,cr_cause_prv,ecall_m,0
TP-EXC-045,CG-EXC-009,cr_cause_prv,illegal_m,0
TP-EXC-045,CG-EXC-009,cr_cause_prv,load_fault_m,0
TP-EXC-045,CG-EXC-009,cr_context_target,in_debug_dm_exception_addr,0
TP-EXC-046,CG-EXC-009,cp_dcsr_prv,u,0
TP-EXC-046,CG-EXC-009,cr_cause_prv,ecall_u,0
TP-EXC-046,CG-EXC-009,cr_cause_prv,fetch_fault_u,0
TP-EXC-046,CG-EXC-009,cr_cause_prv,illegal_u,0
TP-EXC-046,CG-EXC-009,cr_cause_prv,load_fault_u,0
TP-EXC-046,CG-EXC-009,cr_cause_prv,store_fault_u,0
TP-EXC-047,CG-EXC-009,cr_context_seen,in_debug_seen0,0
TP-EXC-047,CG-EXC-009,cr_context_seen,in_debug_seen1,0
TP-EXC-047,CG-EXC-010,cp_event,exc_in_debug_seen1,0
TP-EXC-048,CG-EXC-009,cp_context,not_debug_req_same_cycle,0
TP-EXC-048,CG-EXC-009,cp_context,not_debug_step,0
TP-EXC-048,CG-EXC-009,cr_cause_context,ecall_not_debug_req_same_cycle,0
TP-EXC-048,CG-EXC-009,cr_cause_context,ecall_not_debug_step,0
TP-EXC-048,CG-EXC-009,cr_cause_context,fetch_fault_not_debug_req_same_cycle,0
TP-EXC-048,CG-EXC-009,cr_cause_context,illegal_not_debug_req_same_cycle,0
TP-EXC-048,CG-EXC-009,cr_cause_context,illegal_not_debug_step,0
TP-EXC-048,CG-EXC-009,cr_cause_context,load_fault_not_debug_req_same_cycle,0
TP-EXC-048,CG-EXC-009,cr_cause_context,load_fault_not_debug_step,0
TP-EXC-048,CG-EXC-009,cr_cause_context,store_fault_not_debug_req_same_cycle,0
TP-EXC-048,CG-EXC-009,cr_context_seen,not_debug_req_same_cycle_seen1,0
TP-EXC-048,CG-EXC-009,cr_context_target,not_debug_req_same_cycle_dm_halt_addr,0
TP-EXC-048,CG-EXC-009,cr_context_target,not_debug_step_dm_halt_addr,0
TP-EXC-049,CG-EXC-001,cp_prev_mie,mie0,0
TP-EXC-049,CG-EXC-001,cp_prev_mie,mie1,0
TP-EXC-049,CG-EXC-012,cr_kind_kept,irq_mprv1_kept,0
TP-EXC-049,CG-EXC-012,cr_kind_kept,irq_tw1_kept,0
TP-EXC-049,CG-EXC-012,cr_kind_kept,nmi_ext_mprv1_kept,0
TP-EXC-049,CG-EXC-012,cr_kind_kept,sync_both_zero,0
TP-EXC-049,CG-EXC-012,cr_kind_kept,sync_mprv1_kept,0
TP-EXC-049,CG-EXC-012,cr_kind_kept,sync_tw1_kept,0
TP-EXC-049,CG-EXC-012,cr_kind_mie_priv,irq_mie0_u,0
TP-EXC-049,CG-EXC-012,cr_kind_mie_priv,irq_mie1_m,0
TP-EXC-049,CG-EXC-012,cr_kind_mie_priv,irq_mie1_u,0
TP-EXC-049,CG-EXC-012,cr_kind_mie_priv,nmi_ext_mie0_m,0
TP-EXC-049,CG-EXC-012,cr_kind_mie_priv,nmi_ext_mie0_u,0
TP-EXC-049,CG-EXC-012,cr_kind_mie_priv,nmi_ext_mie1_m,0
TP-EXC-049,CG-EXC-012,cr_kind_mie_priv,nmi_ext_mie1_u,0
TP-EXC-049,CG-EXC-012,cr_kind_mie_priv,sync_mie0_m,0
TP-EXC-049,CG-EXC-012,cr_kind_mie_priv,sync_mie0_u,0
TP-EXC-049,CG-EXC-012,cr_kind_mie_priv,sync_mie1_m,0
TP-EXC-049,CG-EXC-012,cr_kind_mie_priv,sync_mie1_u,0
TP-EXC-050,CG-EXC-011,cp_mpie,mpie0,0
TP-EXC-050,CG-EXC-011,cp_mpie,mpie1,0
TP-EXC-050,CG-EXC-011,cp_priv_at,m,0
TP-EXC-050,CG-EXC-011,cr_context_pending,exc_handler_none,0
TP-EXC-050,CG-EXC-011,cr_context_pending,irq_handler_none,0
TP-EXC-050,CG-EXC-011,cr_context_pending,plain_none,0
TP-EXC-050,CG-EXC-011,cr_context_prefetch,exc_handler_one_plus,0
TP-EXC-050,CG-EXC-011,cr_context_prefetch,irq_handler_one_plus,0
TP-EXC-050,CG-EXC-011,cr_context_prefetch,plain_one_plus,0
TP-EXC-050,CG-EXC-011,cr_priv_mpp,m_m,0
TP-EXC-050,CG-EXC-011,cr_priv_mpp,m_u,0
TP-EXC-051,CG-EXC-011,cp_mepc_bits,bit1_0,0
TP-EXC-051,CG-EXC-011,cp_mepc_bits,bit1_1,0
TP-EXC-051,CG-EXC-011,cp_mepc_bits,sw_bit0_dropped,0
TP-EXC-051,CG-EXC-011,cr_bits_context,bit1_0_exc_handler,0
TP-EXC-051,CG-EXC-011,cr_bits_context,bit1_1_exc_handler,0
TP-EXC-051,CG-EXC-011,cr_bits_context,bit1_1_irq_handler,0
TP-EXC-051,CG-EXC-011,cr_bits_context,sw_bit0_dropped_plain,0
TP-EXC-052,CG-EXC-011,cp_mprv,mprv1,0
TP-EXC-052,CG-EXC-011,cr_mpp_mprv,m_mprv0,0
TP-EXC-052,CG-EXC-011,cr_mpp_mprv,m_mprv1,0
TP-EXC-052,CG-EXC-011,cr_mpp_mprv,u_mprv0,0
TP-EXC-052,CG-EXC-011,cr_mpp_mprv,u_mprv1,0
TP-EXC-053,CG-EXC-011,cp_mpp,sw01_read_u,0
TP-EXC-053,CG-EXC-011,cp_mpp,sw10_read_u,0
TP-EXC-053,CG-EXC-011,cr_mpp_mprv,sw01_read_u_mprv1,0
TP-EXC-053,CG-EXC-011,cr_mpp_mprv,sw10_read_u_mprv1,0
TP-EXC-053,CG-EXC-011,cr_priv_mpp,m_sw01_read_u,0
TP-EXC-053,CG-EXC-011,cr_priv_mpp,m_sw10_read_u,0
TP-EXC-054,CG-EXC-010,cp_event,mret_exc_handler,0
TP-EXC-054,CG-EXC-010,cp_event,sync_arm,0
TP-EXC-054,CG-EXC-010,cp_event,sync_double,0
TP-EXC-054,CG-EXC-010,cp_readback,pulse_then_read1,0
TP-EXC-054,CG-EXC-010,cp_readback,seen_read0_after_mret,0
TP-EXC-054,CG-EXC-010,cp_readback,seen_read1_in_handler,0
TP-EXC-054,CG-EXC-010,cr_event_gap,sync_double_few,0
TP-EXC-054,CG-EXC-010,cr_event_gap,sync_double_many,0
TP-EXC-054,CG-EXC-010,cr_event_readback,mret_exc_handler_seen_read0_after_mret,0
TP-EXC-054,CG-EXC-010,cr_event_readback,sync_arm_seen_read1_in_handler,0
TP-EXC-054,CG-EXC-010,cr_event_readback,sync_double_pulse_then_read1,0
TP-EXC-054,CG-EXC-010,cr_first_second,breakpoint_breakpoint,0
TP-EXC-054,CG-EXC-010,cr_first_second,breakpoint_illegal,0
TP-EXC-054,CG-EXC-010,cr_first_second,fetch_fault_fetch_fault,0
TP-EXC-054,CG-EXC-010,cr_first_second,fetch_fault_illegal,0
TP-EXC-054,CG-EXC-010,cr_first_second,fetch_fault_load_fault,0
TP-EXC-054,CG-EXC-010,cr_first_second,illegal_breakpoint,0
TP-EXC-054,CG-EXC-010,cr_first_second,illegal_ecall,0
TP-EXC-054,CG-EXC-010,cr_first_second,illegal_illegal,0
TP-EXC-054,CG-EXC-010,cr_first_second,illegal_load_fault,0
TP-EXC-054,CG-EXC-010,cr_first_second,illegal_store_fault,0
TP-EXC-054,CG-EXC-010,cr_first_second,load_fault_ecall,0
TP-EXC-054,CG-EXC-010,cr_first_second,load_fault_illegal,0
TP-EXC-054,CG-EXC-010,cr_first_second,load_fault_load_fault,0
TP-EXC-054,CG-EXC-010,cr_first_second,store_fault_ecall,0
TP-EXC-054,CG-EXC-010,cr_first_second,store_fault_store_fault,0
TP-EXC-055,CG-EXC-010,cp_event,irq_seen1,0
TP-EXC-055,CG-EXC-010,cp_event,nmi_seen1,0
TP-EXC-055,CG-EXC-010,cr_event_gap,irq_seen1_few,0
TP-EXC-056,CG-EXC-010,cp_event,mret_irq_in_exc,0
TP-EXC-057,CG-EXC-010,cp_event,sw_clear_double,0
TP-EXC-057,CG-EXC-010,cp_event,sw_clear_seen,0
TP-EXC-057,CG-EXC-010,cp_event,sw_set_double_no_pulse,0
TP-EXC-057,CG-EXC-010,cp_event,sw_set_seen,0
TP-EXC-057,CG-EXC-010,cp_readback,sw_cleared_then_read0,0
TP-EXC-057,CG-EXC-010,cr_event_readback,sw_clear_double_sw_cleared_then_read0,0
TP-EXC-058,CG-EXC-005,cp_seen_pre,seen1,0
TP-EXC-058,CG-EXC-005,cr_priv_seen,m_seen0,0
TP-EXC-058,CG-EXC-005,cr_priv_seen,m_seen1,0
TP-EXC-058,CG-EXC-005,cr_priv_seen,u_seen0,0
TP-EXC-058,CG-EXC-005,cr_priv_seen,u_seen1,0
TP-EXC-058,CG-EXC-010,cr_first_second,ecall_ecall,0
TP-EXC-058,CG-EXC-010,cr_first_second,ecall_fetch_fault,0
TP-EXC-058,CG-EXC-010,cr_first_second,ecall_illegal,0
TP-EXC-058,CG-EXC-010,cr_first_second,ecall_load_fault,0
TP-EXC-058,CG-EXC-010,cr_first_second,ecall_store_fault,0
TP-EXC-059,CG-EXC-002,cp_flow,handler_first,0
TP-EXC-059,CG-EXC-002,cr_flow_outcome,handler_first_trap,0
TP-EXC-059,CG-EXC-010,cp_event,storm_3plus,0
TP-EXC-059,CG-EXC-010,cp_gap,zero,0
TP-EXC-059,CG-EXC-010,cr_event_gap,storm_3plus_zero,0
TP-EXC-059,CG-EXC-010,cr_event_gap,sync_double_zero,0
TP-EXC-060,CG-EXC-001,cp_younger_killed,many,0
TP-EXC-060,CG-EXC-001,cp_younger_killed,none,0
TP-EXC-060,CG-EXC-001,cp_younger_killed,one,0
TP-EXC-060,CG-EXC-001,cr_cause_killed,ecall_m_many,0
TP-EXC-060,CG-EXC-001,cr_cause_killed,fetch_fault_none,0
TP-EXC-060,CG-EXC-001,cr_cause_killed,illegal_many,0
TP-EXC-060,CG-EXC-013,cr_stage_killed,id_cause_none,0
TP-EXC-061,CG-EXC-002,cp_outcome,discarded_dret,0
TP-EXC-061,CG-EXC-002,cp_outcome,discarded_mret,0
TP-EXC-061,CG-EXC-011,cp_prefetch_discarded,one_plus,0
TP-EXC-061,CG-EXC-011,cp_prefetch_discarded,zero,0
TP-EXC-061,CG-EXC-011,cr_context_prefetch,nmi_handler_zero,0
TP-EXC-062,CG-EXC-001,cp_younger_killed,none,0
TP-EXC-062,CG-EXC-013,cp_exc_stage,id_cause,0
TP-EXC-062,CG-EXC-013,cp_exc_stage,wb_cause,0
TP-EXC-062,CG-EXC-013,cp_latency,long,0
TP-EXC-062,CG-EXC-013,cp_latency,min,0
TP-EXC-062,CG-EXC-013,cp_latency,three_five,0
TP-EXC-062,CG-EXC-013,cp_latency,two,0
TP-EXC-062,CG-EXC-013,cr_stage_dbus,id_cause_gnt_pending,0
TP-EXC-062,CG-EXC-013,cr_stage_dbus,id_cause_idle,0
TP-EXC-062,CG-EXC-013,cr_stage_dbus,wb_cause_idle,0
TP-EXC-062,CG-EXC-013,cr_stage_irq,id_cause_none,0
TP-EXC-062,CG-EXC-013,cr_stage_irq,wb_cause_none,0
TP-EXC-062,CG-EXC-013,cr_stage_latency,id_cause_min,0
TP-EXC-062,CG-EXC-013,cr_stage_latency,id_cause_two,0
TP-EXC-062,CG-EXC-013,cr_stage_latency,wb_cause_min,0
TP-EXC-063,CG-EXC-001,cp_cause,ecall_m,0
TP-EXC-063,CG-EXC-001,cp_cause,load_fault,0
TP-EXC-063,CG-EXC-012,cp_minstret,counted_handler,0
TP-EXC-063,CG-EXC-012,cp_minstret,unchanged_by_trapper,0
TP-EXC-064,CG-EXC-001,cp_cause,breakpoint,0
TP-EXC-064,CG-EXC-001,cp_cause,ecall_m,0
TP-EXC-064,CG-EXC-001,cp_cause,ecall_u,0
TP-EXC-064,CG-EXC-001,cp_cause,fetch_fault,0
TP-EXC-064,CG-EXC-001,cp_cause,illegal,0
TP-EXC-064,CG-EXC-001,cp_cause,load_fault,0
TP-EXC-064,CG-EXC-001,cp_cause,store_fault,0
TP-EXC-064,CG-EXC-004,cp_outcome,debug_entry,0
TP-EXC-065,CG-EXC-007,cr_pair_winner,ld_ecall_load_fault,0
TP-EXC-065,CG-EXC-007,cr_pair_winner,ld_illegal_load_fault,0
TP-EXC-065,CG-EXC-007,cr_pair_winner,st_ecall_store_fault,0
TP-EXC-065,CG-EXC-007,cr_pair_winner,st_illegal_store_fault,0
TP-EXC-066,CG-EXC-005,cp_mtval_pre,was_nonzero,0
TP-EXC-066,CG-EXC-012,cp_mtval_class,zero,0
TP-EXC-066,CG-EXC-012,cr_kind_mtval,irq_zero,0
TP-EXC-066,CG-EXC-012,cr_kind_mtval,nmi_ext_zero,0
TP-EXC-066,CG-EXC-012,cr_kind_mtval,sync_zero,0
TP-EXC-067,CG-EXC-012,cp_crash_dump,both_match,0
TP-EXC-067,CG-EXC-012,cp_crash_dump,exc_addr_match,0
TP-EXC-067,CG-EXC-012,cp_crash_dump,exc_pc_match,0
TP-EXC-067,CG-EXC-012,cr_kind_crash,irq_both_match,0
TP-EXC-067,CG-EXC-012,cr_kind_crash,nmi_int_both_match,0
TP-EXC-067,CG-EXC-012,cr_kind_crash,sync_both_match,0
TP-EXC-068,CG-EXC-001,cp_odd_target,half_target,0
TP-EXC-068,CG-EXC-001,cp_odd_target,odd_no_trap,0
TP-EXC-069,CG-EXC-001,cp_mtvec_class,boot_init,0
TP-EXC-069,CG-EXC-001,cp_mtvec_class,sw_aligned,0
TP-EXC-069,CG-EXC-001,cp_mtvec_class,sw_legalised,0
TP-EXC-069,CG-EXC-001,cr_cause_mie,ecall_m_mie0,0
TP-EXC-069,CG-EXC-001,cr_cause_mie,fetch_fault_mie0,0
TP-EXC-069,CG-EXC-001,cr_cause_mie,illegal_mie0,0
TP-EXC-069,CG-EXC-001,cr_cause_mie,illegal_mie1,0
TP-EXC-069,CG-EXC-001,cr_cause_mie,load_fault_mie0,0
TP-EXC-070,CG-EXC-006,cp_irq_pending,nmi,0
TP-EXC-070,CG-EXC-006,cp_irq_pending,pending,0
TP-EXC-070,CG-EXC-006,cr_latency_irq,long_nmi,0
TP-EXC-070,CG-EXC-006,cr_latency_irq,long_pending,0
TP-EXC-070,CG-EXC-006,cr_latency_irq,one_pending,0
TP-EXC-070,CG-EXC-006,cr_latency_irq,short_nmi,0
TP-EXC-070,CG-EXC-006,cr_latency_irq,short_pending,0
TP-EXC-070,CG-EXC-013,cp_ibus_at_commit,gnt_pending,0
TP-EXC-070,CG-EXC-013,cp_ibus_at_commit,rvalid_pending,0
TP-EXC-070,CG-EXC-013,cr_stage_irq,wb_cause_irq_enabled,0
TP-EXC-070,CG-EXC-013,cr_stage_irq,wb_cause_nmi,0
TP-EXC-070,CG-EXC-013,cr_wb_irq_ibus,wb_ls_fault_wins_irq_enabled_gnt_pending,0
TP-EXC-070,CG-EXC-013,cr_wb_irq_ibus,wb_ls_fault_wins_irq_enabled_idle,0
TP-EXC-070,CG-EXC-013,cr_wb_irq_ibus,wb_ls_fault_wins_irq_enabled_rvalid_pending,0
TP-EXC-070,CG-EXC-013,cr_wb_irq_ibus,wb_ls_fault_wins_nmi_rvalid_pending,0
TP-EXC-070,CG-EXC-013,cr_wb_irq_ibus,wb_ls_fault_wins_none_rvalid_pending,0
TP-EXC-071,CG-EXC-001,cr_cause_mtvec,fetch_fault_sw_legalised,0
TP-EXC-071,CG-EXC-001,cr_cause_mtvec,store_fault_sw_legalised,0
TP-EXC-071,CG-EXC-001,cr_cause_pcalign,fetch_fault_half,0
TP-EXC-071,CG-EXC-001,cr_cause_priv_ilen,fetch_fault_u_c16,0
TP-EXC-071,CG-EXC-001,cr_cause_priv_ilen,load_fault_u_w32,0
TP-EXC-071,CG-EXC-001,cr_cause_priv_ilen,store_fault_u_c16,0
TP-EXC-071,CG-EXC-002,cr_flow_align,branch_target_half,0
TP-EXC-071,CG-EXC-002,cr_flow_align,jump_target_half,0
TP-EXC-071,CG-EXC-002,cr_outcome_depth,discarded_branch_two_three,0
TP-EXC-071,CG-EXC-002,cr_outcome_depth,discarded_irq_two_three,0
TP-EXC-071,CG-EXC-003,cr_kind_priv,decoder_reject_u,0
TP-EXC-071,CG-EXC-006,cr_latency_irq,one_none,0
TP-EXC-071,CG-EXC-006,cr_op_size_source,load_word_bus_err,0
TP-EXC-071,CG-EXC-013,cr_stage_dbus,id_cause_rvalid_pending,0
TP-EXC-071,CG-EXC-013,cr_stage_latency,id_cause_long,0
TP-EXC-071,CG-EXC-013,cr_wb_irq_ibus,wb_ls_ok_none_idle,0
TP-EXC-072,CG-EXC-007,cr_pair_irq,fetch_illegal_irq_enabled,0
TP-EXC-072,CG-EXC-007,cr_pair_irq,ld_illegal_irq_enabled,0
TP-EXC-072,CG-EXC-007,cr_pair_irq,ld_illegal_nmi,0
TP-EXC-072,CG-EXC-007,cr_pair_irq,st_fetch_nmi,0
TP-EXC-072,CG-EXC-007,cr_pair_irq,st_illegal_irq_enabled,0
TP-EXC-072,CG-EXC-010,cp_event,irq_seen1,0
TP-EXC-072,CG-EXC-010,cp_event,nmi_seen1,0
TP-EXC-072,CG-EXC-010,cr_event_gap,irq_seen1_few,0
TP-EXC-072,CG-EXC-013,cr_stage_irq,id_cause_irq_enabled,0
TP-EXC-072,CG-EXC-013,cr_stage_irq,id_cause_nmi,0
TP-EXC-072,CG-EXC-013,cr_stage_irq,wb_cause_irq_enabled,0
TP-EXC-072,CG-EXC-013,cr_stage_irq,wb_cause_nmi,0
TP-EXC-072,CG-EXC-013,cr_wb_irq_ibus,wb_empty_irq_enabled_idle,0
TP-EXC-072,CG-EXC-013,cr_wb_irq_ibus,wb_ls_ok_irq_enabled_rvalid_pending,0
TP-EXC-073,CG-EXC-002,cr_illegal_source,clean_pmp,0
TP-EXC-073,CG-EXC-002,cr_source_half,pmp_first,0
TP-EXC-073,CG-EXC-006,cr_op_source_align,load_pmp_aligned,0
TP-EXC-073,CG-EXC-006,cr_op_source_align,load_pmp_mis_first,0
TP-EXC-073,CG-EXC-006,cr_op_source_align,load_pmp_mis_second,0
TP-EXC-073,CG-EXC-006,cr_op_source_align,store_pmp_aligned,0
TP-EXC-073,CG-EXC-006,cr_op_source_align,store_pmp_mis_first,0
TP-EXC-073,CG-EXC-006,cr_op_source_align,store_pmp_mis_second,0
TP-EXC-073,CG-EXC-006,cr_source_pattern,pmp_mis_first_second_only,0
TP-EXC-073,CG-EXC-006,cr_source_pattern,pmp_mis_second_first_only,0
TP-EXC-074,CG-EXC-008,cp_rlist,r5_7,0
TP-EXC-074,CG-EXC-008,cp_rlist,r8_11,0
TP-EXC-074,CG-EXC-008,cr_event_pos,load_fault_middle,0
TP-EXC-074,CG-EXC-008,cr_event_pos,store_fault_middle,0
TP-EXC-074,CG-EXC-008,cr_event_rlist,load_fault_r12_15,0
TP-EXC-074,CG-EXC-008,cr_event_rlist,store_fault_r4,0
TP-EXC-074,CG-EXC-008,cr_seq_event,cm_popret_load_fault,0
TP-EXC-074,CG-EXC-008,cr_seq_event,cm_popretz_fetch_fault_ret_target,0
TP-FE-001,CG-FE-001,cp_first_pc,eq,0
TP-FE-002,CG-FE-001,cp_boot_class,random_aligned,0
TP-FE-002,CG-FE-001,cp_first_pc,eq,0
TP-FE-002,CG-FE-001,cp_mtvec_reset,eq,0
TP-FE-002,CG-FE-001,cp_pc_mux,boot,0
TP-FE-003,CG-FE-001,cp_boot_class,top,0
TP-FE-003,CG-FE-001,cr_boot_x_first,top_ok,0
TP-FE-003,CG-FE-006,cp_fetch_seq_wrap,yes,0
TP-FE-004,CG-FE-001,cp_pc_mux,branch_taken,0
TP-FE-004,CG-FE-001,cp_pc_mux,dbg_halt_addr,0
TP-FE-004,CG-FE-001,cp_pc_mux,dret_depc,0
TP-FE-004,CG-FE-001,cp_pc_mux,eret_mepc,0
TP-FE-004,CG-FE-001,cp_pc_mux,exc_vector,0
TP-FE-004,CG-FE-001,cp_pc_mux,fencei_next,0
TP-FE-004,CG-FE-001,cp_pc_mux,irq_vector,0
TP-FE-004,CG-FE-001,cp_pc_mux,jump_jal,0
TP-FE-004,CG-FE-001,cp_pc_mux,jump_jalr,0
TP-FE-005,CG-FE-001,cp_irq_vec_id,ext,0
TP-FE-005,CG-FE-001,cp_irq_vec_id,fast,0
TP-FE-005,CG-FE-001,cp_irq_vec_id,nmi,0
TP-FE-005,CG-FE-001,cp_irq_vec_id,sw,0
TP-FE-005,CG-FE-001,cp_irq_vec_id,timer,0
TP-FE-005,CG-FE-001,cp_pc_mux,dbg_exc_addr,0
TP-FE-006,CG-FE-002,cp_delta,plus2,0
TP-FE-006,CG-FE-002,cp_delta,plus4,0
TP-FE-006,CG-FE-002,cp_len,c16,0
TP-FE-006,CG-FE-002,cp_len,u32,0
TP-FE-006,CG-FE-002,cp_pc_bit1,b0,0
TP-FE-006,CG-FE-002,cr_len_x_bit1,c16_b0,0
TP-FE-006,CG-FE-002,cr_len_x_bit1,c16_b1,0
TP-FE-006,CG-FE-002,cr_len_x_bit1,u32_b0,0
TP-FE-006,CG-FE-002,cr_len_x_bit1,u32_b1,0
TP-FE-007,CG-FE-002,cp_delta,redirect,0
TP-FE-007,CG-FE-002,cp_second_word_wait,ready,0
TP-FE-007,CG-FE-002,cp_straddle,same_line,0
TP-FE-008,CG-FE-002,cp_second_word_wait,w1,0
TP-FE-008,CG-FE-002,cp_second_word_wait,w2_3,0
TP-FE-008,CG-FE-002,cp_second_word_wait,w4p,0
TP-FE-008,CG-FE-002,cr_straddle_x_wait,cross_w4p,0
TP-FE-008,CG-FE-002,cr_straddle_x_wait,same_w1,0
TP-FE-009,CG-FE-002,cp_halves_src,bus_bus_disabled,0
TP-FE-009,CG-FE-002,cp_halves_src,hit_hit,0
TP-FE-009,CG-FE-002,cp_halves_src,hit_miss,0
TP-FE-009,CG-FE-002,cp_halves_src,miss_hit,0
TP-FE-009,CG-FE-002,cp_halves_src,miss_miss,0
TP-FE-009,CG-FE-002,cp_straddle,line_cross,0
TP-FE-009,CG-FE-002,cr_straddle_x_src,cross_hit_miss,0
TP-FE-009,CG-FE-002,cr_straddle_x_src,cross_miss_hit,0
TP-FE-009,CG-FE-002,cr_straddle_x_src,cross_miss_miss,0
TP-FE-009,CG-FE-002,cr_straddle_x_wait,cross_ready,0
TP-FE-010,CG-FE-001,cp_target_bit1,b0,0
TP-FE-010,CG-FE-001,cp_target_bit1,b1,0
TP-FE-010,CG-FE-001,cr_mux_x_bit1,branch_b1,0
TP-FE-010,CG-FE-001,cr_mux_x_bit1,dret_b1,0
TP-FE-010,CG-FE-001,cr_mux_x_bit1,eret_b1,0
TP-FE-010,CG-FE-001,cr_mux_x_bit1,jalr_b1,0
TP-FE-010,CG-FE-002,cp_first_retire_after_branch_to_b1,yes,0
TP-FE-010,CG-FE-002,cp_pc_bit1,b1,0
TP-FE-011,CG-FE-001,cp_jalr_rs1_bit0,even,0
TP-FE-011,CG-FE-001,cp_jalr_rs1_bit0,odd,0
TP-FE-011,CG-FE-001,cp_misaligned_exc,never,0
TP-FE-012,CG-FE-003,cp_branch_not_taken_no_redirect,yes,0
TP-FE-012,CG-FE-003,cp_discarded_words,n1,0
TP-FE-012,CG-FE-003,cp_discarded_words,n2_3,0
TP-FE-012,CG-FE-003,cp_kind,branch_taken,0
TP-FE-012,CG-FE-003,cp_kind,dbg_entry,0
TP-FE-012,CG-FE-003,cp_kind,dbg_exit,0
TP-FE-012,CG-FE-003,cp_kind,dret,0
TP-FE-012,CG-FE-003,cp_kind,exc,0
TP-FE-012,CG-FE-003,cp_kind,fencei,0
TP-FE-012,CG-FE-003,cp_kind,irq,0
TP-FE-012,CG-FE-003,cp_kind,jal,0
TP-FE-012,CG-FE-003,cp_kind,jalr,0
TP-FE-012,CG-FE-003,cp_kind,mret,0
TP-FE-012,CG-FE-003,cp_stale_retired,never,0
TP-FE-013,CG-FE-003,cp_discarded_words,n0,0
TP-FE-013,CG-FE-003,cp_discarded_words,n4_6,0
TP-FE-013,CG-FE-003,cr_kind_x_discarded,branch_n4_6,0
TP-FE-013,CG-FE-003,cr_kind_x_discarded,exc_n2_3,0
TP-FE-013,CG-FE-003,cr_kind_x_discarded,jalr_n0,0
TP-FE-014,CG-FE-003,cp_target_req_same_cycle,no_pending_req,0
TP-FE-014,CG-FE-003,cp_target_req_same_cycle,yes,0
TP-FE-015,CG-FE-003,cp_spacing,s1,0
TP-FE-015,CG-FE-003,cp_spacing,s2,0
TP-FE-015,CG-FE-003,cp_spacing,s3_4,0
TP-FE-015,CG-FE-003,cp_spacing,s5p,0
TP-FE-015,CG-FE-003,cr_spacing_x_kind,s2_jalr,0
TP-FE-015,CG-FE-003,cr_spacing_x_kind,storm_branch,0
TP-FE-015,CG-FE-003,cr_spacing_x_kind,storm_jal,0
TP-FE-016,CG-FE-004,cp_cause,csr_flush,0
TP-FE-016,CG-FE-004,cp_cause,ld_hazard,0
TP-FE-016,CG-FE-004,cp_cause,ls_wait,0
TP-FE-016,CG-FE-004,cp_cause,mul_div,0
TP-FE-016,CG-FE-004,cp_outstanding_stopped_growing,yes,0
TP-FE-016,CG-FE-004,cp_stall_len,l16p,0
TP-FE-016,CG-FE-004,cp_stall_len,l4_15,0
TP-FE-016,CG-FE-004,cp_words_buffered_at_stall,n3_4,0
TP-FE-016,CG-FE-004,cp_words_buffered_at_stall,n5_6,0
TP-FE-016,CG-FE-004,cr_cause_x_buffered,ls_wait_n3_4,0
TP-FE-016,CG-FE-004,cr_cause_x_buffered,mul_div_full,0
TP-FE-017,CG-FE-004,cp_cause,dummy_gap,0
TP-FE-017,CG-FE-004,cp_dummy_seen,yes,0
TP-FE-017,CG-FE-004,cp_stall_len,l2_3,0
TP-FE-017,CG-FE-004,cp_words_buffered_at_stall,n0,0
TP-FE-017,CG-FE-004,cp_words_buffered_at_stall,n1_2,0
TP-FE-018,CG-FE-004,cp_cause,zcmp_expand,0
TP-FE-018,CG-FE-004,cr_cause_x_buffered,zcmp_full,0
TP-FE-019,CG-FE-005,cp_len,c16,0
TP-FE-019,CG-FE-005,cp_len,u32,0
TP-FE-019,CG-FE-005,cp_side_effects,none,0
TP-FE-019,CG-FE-005,cr_source_x_len,bus_c16,0
TP-FE-020,CG-FE-005,cp_c16_plus2_ignored,yes,0
TP-FE-020,CG-FE-005,cp_source,pmp,0
TP-FE-020,CG-FE-005,cp_source,pmp_plus2,0
TP-FE-020,CG-FE-005,cr_source_x_len,pmp_plus2_u32,0
TP-FE-020,CG-IMEM-003,cp_source,pmp_plus2,0
TP-FE-021,CG-FE-005,cp_pc_incr_alert,never,0
TP-FE-022,CG-FE-005,cp_debug_fetch_on_bus,yes,0
TP-FE-022,CG-FE-005,cp_in_debug,yes,0
TP-FE-022,CG-IC-005,cp_debug,entry_with_en_forced_off,0
TP-FE-022,CG-IC-005,cp_debug,exit_hits_resume,0
TP-FE-022,CG-IC-005,cp_debug_alloc,none,0
TP-FE-023,CG-FE-001,cp_pc_mux,exc_vector,0
TP-FE-023,CG-FE-005,cp_in_debug,no,0
TP-FE-023,CG-FE-005,cp_next_fetch,dm_exception_addr,0
TP-FE-023,CG-FE-005,cp_next_fetch,exc_vector,0
TP-FE-023,CG-FE-005,cr_source_x_debug,bus_dbg,0
TP-FE-024,CG-FE-003,cr_kind_x_discarded,fencei_n4_6,0
TP-FE-024,CG-FE-003,cr_kind_x_discarded,irq_n1,0
TP-FE-025,CG-FE-005,cp_source,bus_and_pmp,0
TP-FE-025,CG-FE-005,cr_source_x_debug,pmp_dbg,0
TP-FE-026,CG-FE-006,cp_refetch_after_wake,no,0
TP-FE-026,CG-FE-006,cp_resume_pc,handler,0
TP-FE-026,CG-FE-006,cp_resume_pc,wfi_next_buffered,0
TP-FE-026,CG-FE-006,cp_wake_src,debug_req,0
TP-FE-026,CG-FE-006,cp_wake_src,irq,0
TP-FE-026,CG-FE-006,cp_wake_src,nmi,0
TP-FE-026,CG-FE-006,cp_wake_src,step_mode,0
TP-FE-026,CG-FE-006,cr_wake_x_resume,dbg_handler,0
TP-FE-026,CG-FE-006,cr_wake_x_resume,irq_handler,0
TP-FE-026,CG-FE-006,cr_wake_x_resume,step_next,0
TP-FE-027,CG-FE-006,cp_fetch_seq_wrap,yes,0
TP-FE-027,CG-FE-006,cp_next_after_wrap,zero,0
TP-FE-027,CG-FE-006,cp_wrap_case,c16_at_fffe,0
TP-FE-027,CG-FE-006,cp_wrap_case,u32_at_fffc,0
TP-FE-027,CG-FE-006,cp_wrap_case,u32_at_fffe_straddle_zero,0
TP-FE-028,CG-FE-006,cp_refetch_after_wake,yes,0
TP-FE-028,CG-FE-006,cp_wake_src,irq,0
TP-FE-028,CG-IMEM-005,cp_gate_cause,wfi_sleep,0
TP-IC-001,CG-IC-001,cp_index,idx0,0
TP-IC-001,CG-IC-001,cp_index,idx_last,0
TP-IC-001,CG-IC-001,cp_index,idx_mid,0
TP-IC-002,CG-IC-001,cp_rdata_used_next_cycle,yes,0
TP-IC-002,CG-IC-001,cp_tag_op,lookup_both,0
TP-IC-003,CG-IC-001,cp_data_op,lookup_both,0
TP-IC-004,CG-IC-001,cp_cache_en,off,0
TP-IC-004,CG-IC-001,cp_read_when_disabled,seen,0
TP-IC-004,CG-IC-001,cr_tagop_x_en,lookup_off,0
TP-IC-005,CG-IC-001,cp_data_op,fill_write_way0,0
TP-IC-005,CG-IC-001,cp_data_op,fill_write_way1,0
TP-IC-005,CG-IC-001,cp_tag_op,fill_write_way0,0
TP-IC-005,CG-IC-001,cp_tag_op,fill_write_way1,0
TP-IC-005,CG-IC-001,cp_tag_valid_bit,valid,0
TP-IC-005,CG-IC-001,cr_index_x_tagop,idxlast_fill,0
TP-IC-005,CG-IC-001,cr_tagop_x_en,fill0_on,0
TP-IC-005,CG-IC-001,cr_tagop_x_en,fill1_on,0
TP-IC-006,CG-IC-001,cp_data_wdata_ecc,ok,0
TP-IC-006,CG-IC-001,cp_tag_wdata_ecc,ok,0
TP-IC-007,CG-IC-002,cp_consecutive_pulses,never,0
TP-IC-007,CG-IC-002,cp_key_delay,k0_1,0
TP-IC-007,CG-IC-002,cp_key_delay,k16_255,0
TP-IC-007,CG-IC-002,cp_key_delay,k2_15,0
TP-IC-007,CG-IC-002,cp_key_knob,delayed,0
TP-IC-007,CG-IC-002,cp_key_knob,immediate,0
TP-IC-007,CG-IC-002,cp_key_req_at_reset,issued,0
TP-IC-007,CG-IC-002,cp_tag_write_while_key_invalid,none,0
TP-IC-007,CG-IC-002,cp_trigger,fencei_from_idle,0
TP-IC-007,CG-IC-002,cp_trigger,reset,0
TP-IC-007,CG-IC-002,cr_trigger_x_delay,fencei_k0_1,0
TP-IC-008,CG-IC-002,cp_key_req_at_reset,skipped_valid_high,0
TP-IC-009,CG-IC-002,cp_cpuctrlsts_bit8,match_0,0
TP-IC-009,CG-IC-002,cp_key_delay,never_in_test,0
TP-IC-009,CG-IC-002,cr_trigger_x_delay,fencei_never,0
TP-IC-009,CG-IC-007,cp_busy_reason,key_await,0
TP-IC-009,CG-IC-008,cp_fetch_src,bus_key_await,0
TP-IC-010,CG-IC-002,cp_cpuctrlsts_bit8,match_0,0
TP-IC-010,CG-IC-002,cp_cpuctrlsts_bit8,match_1,0
TP-IC-011,CG-IC-001,cp_tag_op,inval_write_both,0
TP-IC-011,CG-IC-001,cp_tag_valid_bit,invalid,0
TP-IC-011,CG-IC-001,cr_index_x_tagop,idx0_inval,0
TP-IC-011,CG-IC-001,cr_index_x_tagop,idxlast_inval,0
TP-IC-011,CG-IC-001,cr_tagop_x_en,inval_off,0
TP-IC-011,CG-IC-001,cr_tagop_x_en,inval_on,0
TP-IC-011,CG-IC-002,cp_fetch_during_sweep,yes,0
TP-IC-011,CG-IC-002,cp_first_alloc_after_sweep,yes,0
TP-IC-011,CG-IC-002,cp_reset_to_idle_cycles,longer,0
TP-IC-011,CG-IC-002,cp_reset_to_idle_cycles,min,0
TP-IC-011,CG-IC-002,cp_sweep,complete_256,0
TP-IC-011,CG-IC-008,cp_fetch_src,bus_sweep,0
TP-IC-012,CG-IC-002,cp_fencei_state,idle,0
TP-IC-012,CG-IC-002,cp_new_code_after_fencei,yes,0
TP-IC-012,CG-IC-002,cp_trigger,fencei_from_idle,0
TP-IC-012,CG-IC-008,cp_fetch_src,bus_sweep,0
TP-IC-013,CG-IC-002,cp_fencei_state,await_key_ignored,0
TP-IC-013,CG-IC-002,cp_second_pulse_for_await_fencei,none,0
TP-IC-014,CG-IC-002,cp_fencei_state,inval_cache_restart,0
TP-IC-014,CG-IC-002,cp_sweep,restarted_partial,0
TP-IC-014,CG-IC-002,cp_trigger,fencei_restart,0
TP-IC-014,CG-IC-002,cr_trigger_x_delay,restart_k16_255,0
TP-IC-015,CG-IC-002,cp_fill_inflight_at_inval,n0,0
TP-IC-015,CG-IC-002,cp_fill_inflight_at_inval,n1_2,0
TP-IC-015,CG-IC-002,cp_fill_inflight_at_inval,n3_4,0
TP-IC-015,CG-IC-002,cr_state_x_inflight,idle_n3_4,0
TP-IC-015,CG-IC-002,cr_state_x_inflight,restart_n1_2,0
TP-IC-016,CG-IC-002,cp_fill_write_after_unsolicited_drop,yes,0
TP-IC-016,CG-IC-002,cp_key_delay,k256p,0
TP-IC-016,CG-IC-002,cp_key_knob,withheld_then_valid,0
TP-IC-016,CG-IC-002,cp_valid_dropped_unsolicited,yes,0
TP-IC-016,CG-IC-002,cr_trigger_x_delay,reset_k256p,0
TP-IC-017,CG-IC-003,cp_result,miss_no_alloc_disabled,0
TP-IC-017,CG-IC-005,cp_all_fetch_on_bus_when_off,yes,0
TP-IC-017,CG-IC-005,cp_reset_value,zero,0
TP-IC-017,CG-IC-008,cp_fetch_src,bus_disabled,0
TP-IC-018,CG-IC-003,cp_hit_bus_traffic,none,0
TP-IC-018,CG-IC-003,cp_result,hit_way0,0
TP-IC-018,CG-IC-003,cp_result,miss_alloc_way0,0
TP-IC-018,CG-IC-003,cr_result_x_fill,alloc0_none,0
TP-IC-018,CG-IC-008,cp_fetch_src,bus_miss,0
TP-IC-018,CG-IC-008,cp_fetch_src,cache_hit,0
TP-IC-019,CG-IC-003,cp_hit_cadence,run2_3,0
TP-IC-019,CG-IC-003,cp_hit_cadence,run4p,0
TP-IC-020,CG-IC-003,cp_miss_forward_latency,l1_2,0
TP-IC-020,CG-IC-003,cp_miss_forward_latency,l3p,0
TP-IC-021,CG-IC-003,cp_index_fill,both_valid,0
TP-IC-021,CG-IC-003,cp_index_fill,none_valid,0
TP-IC-021,CG-IC-003,cp_index_fill,one_valid,0
TP-IC-021,CG-IC-003,cp_result,miss_alloc_way1,0
TP-IC-021,CG-IC-003,cp_victim,rr_way0,0
TP-IC-021,CG-IC-003,cp_victim,rr_way1,0
TP-IC-021,CG-IC-003,cr_result_x_fill,alloc1_one,0
TP-IC-021,CG-IC-003,cr_result_x_fill,evict_both,0
TP-IC-022,CG-IC-003,cp_all_lines_valid,yes,0
TP-IC-022,CG-IC-003,cp_result,hit_way1,0
TP-IC-022,CG-IC-003,cr_result_x_fill,hit1_both,0
TP-IC-023,CG-IC-004,cp_beat_delays,both_fast,0
TP-IC-023,CG-IC-004,cp_beat_delays,both_slow,0
TP-IC-023,CG-IC-004,cp_beat_delays,first_slow,0
TP-IC-023,CG-IC-004,cp_beat_delays,second_slow,0
TP-IC-023,CG-IC-004,cp_entry_beat,w0,0
TP-IC-023,CG-IC-004,cp_entry_beat,w1_wrap,0
TP-IC-023,CG-IC-004,cr_entry_x_delays,w0_second_slow,0
TP-IC-023,CG-IC-004,cr_entry_x_delays,w1_both_slow,0
TP-IC-023,CG-IC-004,cr_entry_x_delays,w1_first_slow,0
TP-IC-024,CG-IC-004,cp_redirect_during_fill,after_beat1_gnt,0
TP-IC-024,CG-IC-004,cp_redirect_during_fill,after_beat2_gnt,0
TP-IC-024,CG-IC-004,cp_redirect_during_fill,before_any_gnt_cancelled,0
TP-IC-024,CG-IC-004,cp_redirect_during_fill,none,0
TP-IC-024,CG-IC-004,cp_written_after_redirect,yes,0
TP-IC-024,CG-IC-004,cr_redirect_x_written,after1_written,0
TP-IC-024,CG-IC-004,cr_redirect_x_written,after2_written,0
TP-IC-025,CG-IC-003,cp_two_ways_same_tag,yes,0
TP-IC-025,CG-IC-004,cp_same_line_two_ways,yes,0
TP-IC-026,CG-IC-003,cp_hit_bus_traffic,spec_branch_only,0
TP-IC-026,CG-IC-004,cp_spec_branch_req,suppressed_other_req_pending,0
TP-IC-026,CG-IC-004,cp_spec_branch_req,yes,0
TP-IC-027,CG-IC-004,cp_busy_buffers,b1,0
TP-IC-027,CG-IC-004,cp_busy_buffers,b2,0
TP-IC-027,CG-IC-004,cp_busy_buffers,b3,0
TP-IC-027,CG-IC-004,cp_busy_buffers,b4,0
TP-IC-027,CG-IC-004,cp_saturation_stall,yes,0
TP-IC-027,CG-IC-004,cr_busy_x_delays,b3_first_slow,0
TP-IC-027,CG-IC-004,cr_busy_x_delays,b4_both_slow,0
TP-IC-028,CG-IC-004,cp_pmp_denied_line,cached,0
TP-IC-028,CG-IC-004,cp_pmp_line_later_hit,yes,0
TP-IC-029,CG-IC-005,cp_priv_access,m_ok,0
TP-IC-029,CG-IC-005,cp_priv_access,u_illegal_insn,0
TP-IC-029,CG-IC-005,cp_reset_value,zero,0
TP-IC-029,CG-IC-005,cp_transition,off_to_off,0
TP-IC-029,CG-IC-005,cp_transition,off_to_on,0
TP-IC-029,CG-IC-005,cp_transition,on_to_on,0
TP-IC-030,CG-IC-001,cr_tagop_x_en,lookup_off,0
TP-IC-030,CG-IC-005,cp_debug,entry_with_en_forced_off,0
TP-IC-030,CG-IC-005,cp_debug,entry_with_en_off,0
TP-IC-030,CG-IC-005,cp_debug,exit_hits_resume,0
TP-IC-030,CG-IC-005,cp_debug_alloc,none,0
TP-IC-031,CG-IC-005,cp_fills_inflight,n0,0
TP-IC-031,CG-IC-005,cp_fills_inflight,n1_2,0
TP-IC-031,CG-IC-005,cp_fills_inflight,n3_4,0
TP-IC-031,CG-IC-005,cp_inflight_alloc_dropped,yes,0
TP-IC-031,CG-IC-005,cp_transition,on_to_off,0
TP-IC-031,CG-IC-005,cr_trans_x_inflight,off_n0,0
TP-IC-031,CG-IC-005,cr_trans_x_inflight,off_n3_4,0
TP-IC-032,CG-IC-005,cp_no_backfill,yes,0
TP-IC-032,CG-IC-005,cp_old_lines_hit_after_reenable,yes,0
TP-IC-032,CG-IC-005,cr_trans_x_inflight,on_n1_2,0
TP-IC-033,CG-IC-005,cp_effect_latency,next_cycle,0
TP-IC-034,CG-IC-003,cp_priv,m,0
TP-IC-034,CG-IC-003,cp_priv,u,0
TP-IC-034,CG-IC-003,cr_result_x_priv,alloc_u,0
TP-IC-034,CG-IC-003,cr_result_x_priv,hit0_u,0
TP-IC-035,CG-IC-001,cp_tag_op,ecc_write_both,0
TP-IC-035,CG-IC-001,cr_tagop_x_en,ecc_both_on,0
TP-IC-035,CG-IC-003,cp_result,miss_ecc_forced,0
TP-IC-035,CG-IC-006,cp_alert_pulses,one,0
TP-IC-035,CG-IC-006,cp_bits,double,0
TP-IC-035,CG-IC-006,cp_bits,single,0
TP-IC-035,CG-IC-006,cp_inval_ways,all_ways,0
TP-IC-035,CG-IC-006,cp_ram,tag,0
TP-IC-035,CG-IC-006,cp_refetch,yes,0
TP-IC-035,CG-IC-006,cp_way,way0,0
TP-IC-035,CG-IC-006,cp_way,way1,0
TP-IC-035,CG-IC-006,cr_ram_x_bits_x_way,tag_single_way0,0
TP-IC-035,CG-IC-006,cr_ram_x_inval,tag_all,0
TP-IC-036,CG-IC-001,cp_tag_op,ecc_write_way0,0
TP-IC-036,CG-IC-001,cp_tag_op,ecc_write_way1,0
TP-IC-036,CG-IC-006,cp_beat,beat0,0
TP-IC-036,CG-IC-006,cp_beat,beat1,0
TP-IC-036,CG-IC-006,cp_inval_ways,hit_way_only,0
TP-IC-036,CG-IC-006,cp_ram,data,0
TP-IC-036,CG-IC-006,cr_data_x_beat,data_beat0,0
TP-IC-036,CG-IC-006,cr_data_x_beat,data_beat1,0
TP-IC-036,CG-IC-006,cr_ram_x_bits_x_way,data_double_way1,0
TP-IC-036,CG-IC-006,cr_ram_x_inval,data_hit,0
TP-IC-037,CG-IC-003,cp_result,miss_ecc_forced,0
TP-IC-037,CG-IC-006,cp_lookups_blocked_next,yes,0
TP-IC-038,CG-IC-003,cp_two_ways_same_tag,yes,0
TP-IC-038,CG-IC-006,cp_multiway_mismatch,alert_or_wrong,0
TP-IC-039,CG-IC-004,cp_beat_delays,both_slow,0
TP-IC-039,CG-IC-004,cp_beat_delays,first_slow,0
TP-IC-039,CG-IC-004,cp_beat_delays,second_slow,0
TP-IC-040,CG-IC-004,cp_written_after_redirect,not_alloc,0
TP-IC-040,CG-IC-004,cr_redirect_x_written,after1_written,0
TP-IC-040,CG-IC-004,cr_redirect_x_written,after2_written,0
TP-IC-041,CG-IC-004,cp_spec_resp_discarded,yes,0
TP-IC-041,CG-IC-004,cr_busy_x_delays,b3_first_slow,0
TP-IC-041,CG-IC-004,cr_busy_x_delays,b4_both_slow,0
TP-IC-041,CG-IC-004,cr_entry_x_delays,w1_both_slow,0
TP-IC-042,CG-IC-006,cp_bits,double,0
TP-IC-042,CG-IC-006,cp_bits,single,0
TP-IC-042,CG-IC-006,cr_ram_x_bits_x_way,data_double_way1,0
TP-IC-042,CG-IC-006,cr_ram_x_bits_x_way,tag_single_way0,0
TP-IC-043,CG-IC-006,cp_knob,frequent,0
TP-IC-043,CG-IC-006,cp_knob,rare,0
TP-IC-043,CG-IC-006,cp_major_nmi_quiet,yes,0
TP-IC-044,CG-IC-006,cp_knob,none,0
TP-IC-044,CG-IC-006,cp_no_alert_case,disabled_cache,0
TP-IC-044,CG-IC-006,cp_no_alert_case,during_invalidation,0
TP-IC-044,CG-IC-006,cp_no_alert_case,uninitialised_data_ram,0
TP-IC-044,CG-IC-006,cp_no_alert_case,unused_way_data,0
TP-IC-045,CG-IC-001,cp_same_port_rw,never,0
TP-IC-046,CG-IC-001,cp_data_op,inval_zero_write_both,0
TP-IC-046,CG-IC-001,cp_data_wdata_ecc,ok,0
TP-IC-047,CG-IC-002,cp_fencei_state,await_key_ignored,0
TP-IC-047,CG-IC-002,cr_trigger_x_delay,fencei_k0_1,0
TP-IC-047,CG-IC-002,cr_trigger_x_delay,restart_k16_255,0
TP-IC-047,CG-IC-008,cr_ecc_x_key,rare_delayed,0
TP-IC-048,CG-IC-005,cp_debug,entry_with_en_forced_off,0
TP-IC-048,CG-IC-005,cr_trans_x_inflight,off_n3_4,0
TP-IC-048,CG-IC-005,cr_trans_x_inflight,on_n1_2,0
TP-IC-049,CG-IC-006,cr_ram_x_bits_x_way,data_double_way1,0
TP-IC-049,CG-IC-006,cr_ram_x_bits_x_way,tag_single_way0,0
TP-IC-049,CG-IC-008,cr_ecc_x_key,frequent_withheld,0
TP-IC-050,CG-IC-007,cp_busy_reason,fill_outstanding,0
TP-IC-050,CG-IC-007,cp_busy_reason,inval_sweep,0
TP-IC-050,CG-IC-007,cp_wfi_after_fencei,yes,0
TP-IC-050,CG-IC-007,cr_reason_x_wfi,key_wfi,0
TP-IC-050,CG-IC-007,cr_reason_x_wfi,sweep_wfi,0
TP-IC-051,CG-IC-004,cp_busy_buffers,b4,0
TP-IC-051,CG-IC-007,cp_branch_bypasses_throttle,yes,0
TP-IC-051,CG-IC-007,cp_lead_lines,l0,0
TP-IC-051,CG-IC-007,cp_lead_lines,l1,0
TP-IC-051,CG-IC-007,cp_lead_lines,l2,0
TP-IC-051,CG-IC-007,cp_lead_lines,l3,0
TP-IC-051,CG-IC-007,cp_throttle_hold,yes,0
TP-IC-052,CG-IC-004,cp_saturation_stall,yes,0
TP-IC-052,CG-IC-007,cp_throttle_hold,yes,0
TP-IC-053,CG-IC-007,cp_output_stable,ok,0
TP-IC-054,CG-IC-008,cp_instr_mix,bitmanip_heavy,0
TP-IC-054,CG-IC-008,cp_instr_mix,branch_heavy,0
TP-IC-054,CG-IC-008,cp_instr_mix,compressed_heavy,0
TP-IC-054,CG-IC-008,cp_instr_mix,csr_heavy,0
TP-IC-054,CG-IC-008,cp_instr_mix,isa_only,0
TP-IC-054,CG-IC-008,cp_instr_mix,ls_heavy,0
TP-IC-054,CG-IC-008,cp_instr_mix,m_heavy,0
TP-IC-054,CG-IC-008,cp_instr_mix,mixed,0
TP-IC-054,CG-IC-008,cr_src_x_mix,await_ls,0
TP-IC-054,CG-IC-008,cr_src_x_mix,hit_branch,0
TP-IC-054,CG-IC-008,cr_src_x_mix,hit_compressed,0
TP-IC-054,CG-IC-008,cr_src_x_mix,sweep_mixed,0
TP-IC-055,CG-IC-008,cp_imem_regime,long,0
TP-IC-055,CG-IC-008,cp_imem_regime,min1,0
TP-IC-055,CG-IC-008,cp_imem_regime,random,0
TP-IC-055,CG-IC-008,cp_imem_regime,short,0
TP-IC-055,CG-IC-008,cr_src_x_regime,disabled_long,0
TP-IC-055,CG-IC-008,cr_src_x_regime,hit_long,0
TP-IC-055,CG-IC-008,cr_src_x_regime,miss_long,0
TP-IC-056,CG-IC-006,cp_no_alert_case,during_invalidation,0
TP-IC-056,CG-IC-008,cp_ecc_knob,frequent,0
TP-IC-056,CG-IC-008,cp_ecc_knob,none,0
TP-IC-056,CG-IC-008,cp_ecc_knob,rare,0
TP-IC-056,CG-IC-008,cp_key_knob,delayed,0
TP-IC-056,CG-IC-008,cp_key_knob,immediate,0
TP-IC-056,CG-IC-008,cp_key_knob,withheld_then_valid,0
TP-IC-056,CG-IC-008,cr_ecc_x_key,frequent_withheld,0
TP-IC-057,CG-IC-005,cp_no_tag_write_while_off,yes,0
TP-IC-057,CG-IC-005,cp_off_window,long,0
TP-IC-057,CG-IC-005,cp_off_window,short,0
TP-IC-057,CG-IC-005,cp_old_lines_hit_after_reenable,yes,0
TP-IC-057,CG-IC-005,cr_off_window_x_hit,long_hit,0
TP-IC-057,CG-IC-005,cr_off_window_x_hit,short_hit,0
TP-IMEM-001,CG-IMEM-001,cp_gnt_delay,d1,0
TP-IMEM-001,CG-IMEM-001,cp_gnt_delay,d16p,0
TP-IMEM-001,CG-IMEM-001,cp_gnt_delay,d2_3,0
TP-IMEM-001,CG-IMEM-001,cp_gnt_delay,d4_15,0
TP-IMEM-002,CG-FE-002,cp_pc_bit1,b1,0
TP-IMEM-002,CG-IMEM-001,cp_addr_lsb,aligned,0
TP-IMEM-003,CG-IMEM-001,cp_gnt_delay,d4_15,0
TP-IMEM-003,CG-IMEM-004,cp_req_stable_across_redirect,held,0
TP-IMEM-003,CG-IMEM-004,cp_ungranted_req_at_redirect,yes,0
TP-IMEM-004,CG-IMEM-001,cp_gnt_comb,comb,0
TP-IMEM-004,CG-IMEM-001,cp_gnt_comb,registered,0
TP-IMEM-004,CG-IMEM-001,cp_gnt_delay,d0,0
TP-IMEM-004,CG-IMEM-001,cr_delay_x_knob,d0_same,0
TP-IMEM-004,CG-IMEM-006,cp_req_dep_on_gnt,never,0
TP-IMEM-005,CG-IMEM-001,cp_gnt_delay,d16p,0
TP-IMEM-005,CG-IMEM-001,cp_knob,long,0
TP-IMEM-005,CG-IMEM-001,cp_knob,random,0
TP-IMEM-005,CG-IMEM-001,cr_delay_x_knob,d16p_long,0
TP-IMEM-005,CG-IMEM-001,cr_delay_x_knob,d4_15_random,0
TP-IMEM-006,CG-IMEM-002,cp_err_class,none,0
TP-IMEM-006,CG-IMEM-002,cp_rvalid_delay,d1,0
TP-IMEM-006,CG-IMEM-002,cp_rvalid_delay,d2_3,0
TP-IMEM-007,CG-IMEM-001,cp_b2b,yes,0
TP-IMEM-007,CG-IMEM-001,cr_b2b_x_beat,b2b_w0,0
TP-IMEM-007,CG-IMEM-001,cr_b2b_x_beat,b2b_w1,0
TP-IMEM-007,CG-IMEM-002,cp_rvalid_delay,d1,0
TP-IMEM-007,CG-IMEM-002,cp_rvalid_with_req,yes,0
TP-IMEM-008,CG-IMEM-002,cp_max_outstanding,m5_7,0
TP-IMEM-008,CG-IMEM-002,cp_max_outstanding,m8,0
TP-IMEM-008,CG-IMEM-002,cp_outstanding_before,o5,0
TP-IMEM-008,CG-IMEM-002,cp_outstanding_before,o8,0
TP-IMEM-008,CG-IMEM-002,cr_outstanding_x_cap,full_c1,0
TP-IMEM-008,CG-IMEM-002,cr_outstanding_x_cap,full_c2,0
TP-IMEM-008,CG-IMEM-002,cr_outstanding_x_cap,full_c4,0
TP-IMEM-008,CG-IMEM-002,cr_outstanding_x_cap,full_c8,0
TP-IMEM-009,CG-IMEM-002,cp_outstanding_before,o3,0
TP-IMEM-009,CG-IMEM-002,cp_outstanding_before,o4,0
TP-IMEM-009,CG-IMEM-002,cp_rvalid_delay,d4_15,0
TP-IMEM-009,CG-IMEM-004,cp_stream_match,match,0
TP-IMEM-010,CG-IMEM-002,cp_burst,b1,0
TP-IMEM-010,CG-IMEM-002,cp_burst,b2,0
TP-IMEM-010,CG-IMEM-002,cp_burst,b3_4,0
TP-IMEM-010,CG-IMEM-002,cp_burst,b5p,0
TP-IMEM-010,CG-IMEM-002,cp_rvalid_delay,d16p,0
TP-IMEM-010,CG-IMEM-002,cr_delay_x_burst,slow_then_burst,0
TP-IMEM-011,CG-FE-005,cp_side_effects,none,0
TP-IMEM-011,CG-FE-005,cp_source,bus,0
TP-IMEM-011,CG-IMEM-003,cp_class,bus_err,0
TP-IMEM-011,CG-IMEM-003,cp_half,aligned_u32,0
TP-IMEM-011,CG-IMEM-003,cp_half,c16,0
TP-IMEM-011,CG-IMEM-003,cp_mtval,eq_pc,0
TP-IMEM-011,CG-IMEM-003,cp_outcome,executed_trap,0
TP-IMEM-011,CG-IMEM-003,cp_source,bus,0
TP-IMEM-012,CG-FE-003,cp_spec_err_discarded,yes,0
TP-IMEM-012,CG-IMEM-003,cp_outcome,spec_discarded_no_trap,0
TP-IMEM-012,CG-IMEM-003,cp_outcome,stale_after_redirect_no_trap,0
TP-IMEM-012,CG-IMEM-003,cr_outcome_x_class,stale_bus,0
TP-IMEM-013,CG-FE-002,cp_straddle,line_cross,0
TP-IMEM-013,CG-FE-002,cp_straddle,same_line,0
TP-IMEM-013,CG-IMEM-003,cp_half,second_half,0
TP-IMEM-013,CG-IMEM-003,cp_mtval,eq_pc_plus2,0
TP-IMEM-013,CG-IMEM-003,cr_half_x_class,second_bus,0
TP-IMEM-013,CG-IMEM-003,cr_half_x_mtval,second_plus2,0
TP-IMEM-014,CG-IMEM-003,cp_half,both_halves,0
TP-IMEM-014,CG-IMEM-003,cp_half,first_half,0
TP-IMEM-014,CG-IMEM-003,cr_half_x_class,both_bus,0
TP-IMEM-014,CG-IMEM-003,cr_half_x_mtval,both_pc,0
TP-IMEM-014,CG-IMEM-003,cr_half_x_mtval,first_pc,0
TP-IMEM-015,CG-IC-004,cp_err_line,not_cached,0
TP-IMEM-015,CG-IMEM-003,cp_line_not_cached,refetch,0
TP-IMEM-016,CG-FE-005,cp_source,intg,0
TP-IMEM-016,CG-FE-005,cr_source_x_debug,intg_nodbg,0
TP-IMEM-016,CG-IMEM-003,cp_alert_major_bus,pulsed,0
TP-IMEM-016,CG-IMEM-003,cp_class,intg_double,0
TP-IMEM-016,CG-IMEM-003,cp_class,intg_single,0
TP-IMEM-016,CG-IMEM-003,cp_nmi_after_ifetch_intg,none,0
TP-IMEM-016,CG-IMEM-003,cp_source,intg,0
TP-IMEM-016,CG-IMEM-003,cr_half_x_class,c16_intg,0
TP-IMEM-016,CG-IMEM-003,cr_half_x_class,first_intg,0
TP-IMEM-016,CG-IMEM-003,cr_outcome_x_class,spec_intg,0
TP-IMEM-017,CG-FE-003,cp_stale_retired,never,0
TP-IMEM-017,CG-IMEM-004,cp_kind,branch,0
TP-IMEM-017,CG-IMEM-004,cp_kind,exc,0
TP-IMEM-017,CG-IMEM-004,cp_kind,irq,0
TP-IMEM-017,CG-IMEM-004,cp_outstanding_at_redirect,o2,0
TP-IMEM-017,CG-IMEM-004,cp_outstanding_at_redirect,o3_4,0
TP-IMEM-017,CG-IMEM-004,cp_outstanding_at_redirect,o5_8,0
TP-IMEM-017,CG-IMEM-004,cr_kind_x_outstanding,branch_deep,0
TP-IMEM-017,CG-IMEM-004,cr_kind_x_outstanding,exc_o2,0
TP-IMEM-017,CG-IMEM-004,cr_kind_x_outstanding,irq_o1,0
TP-IMEM-018,CG-FE-003,cp_target_req_same_cycle,no_pending_req,0
TP-IMEM-018,CG-IMEM-004,cp_kind,jal,0
TP-IMEM-018,CG-IMEM-004,cp_kind,jalr,0
TP-IMEM-018,CG-IMEM-004,cp_req_stable_across_redirect,held,0
TP-IMEM-018,CG-IMEM-004,cp_ungranted_req_at_redirect,yes,0
TP-IMEM-019,CG-IC-003,cp_hit_bus_traffic,spec_branch_only,0
TP-IMEM-019,CG-IC-004,cp_spec_branch_req,yes,0
TP-IMEM-019,CG-IC-004,cp_spec_err_ignored,yes,0
TP-IMEM-019,CG-IC-004,cp_spec_resp_discarded,yes,0
TP-IMEM-019,CG-IMEM-003,cp_outcome,hit_spec_ignored_no_trap,0
TP-IMEM-019,CG-IMEM-004,cp_spec_hit_discard,yes,0
TP-IMEM-020,CG-IC-004,cp_entry_beat,w1_wrap,0
TP-IMEM-020,CG-IMEM-004,cp_seq_kind,next_beat_same_line,0
TP-IMEM-020,CG-IMEM-004,cp_seq_kind,next_line,0
TP-IMEM-020,CG-IMEM-004,cp_seq_kind,wrap_to_w0,0
TP-IMEM-020,CG-IMEM-004,cr_seq_x_en,target_on,0
TP-IMEM-020,CG-IMEM-004,cr_seq_x_en,wrap_on,0
TP-IMEM-021,CG-IMEM-004,cp_cache_en,off,0
TP-IMEM-021,CG-IMEM-004,cp_seq_kind,end_of_line_stop,0
TP-IMEM-021,CG-IMEM-004,cr_seq_x_en,stop_off,0
TP-IMEM-021,CG-IMEM-004,cr_seq_x_en,target_off,0
TP-IMEM-022,CG-FE-006,cp_wake_src,irq,0
TP-IMEM-022,CG-IMEM-005,cp_gate_cause,wfi_sleep,0
TP-IMEM-022,CG-IMEM-005,cp_inflight_completed,yes,0
TP-IMEM-022,CG-IMEM-005,cp_new_req_while_gated,none,0
TP-IMEM-022,CG-IMEM-005,cp_outstanding_at_gate,o1_4,0
TP-IMEM-022,CG-IMEM-005,cr_cause_x_outstanding,wfi_o1_4,0
TP-IMEM-023,CG-IMEM-005,cp_fetch_en_code,off,0
TP-IMEM-023,CG-IMEM-005,cp_gate_cause,fetch_en_off,0
TP-IMEM-023,CG-IMEM-005,cp_outstanding_at_gate,o5_8,0
TP-IMEM-023,CG-IMEM-005,cr_cause_x_outstanding,fen_off_o5_8,0
TP-IMEM-024,CG-IMEM-005,cp_alert_on_invalid,quiet,0
TP-IMEM-024,CG-IMEM-005,cp_fetch_en_code,invalid,0
TP-IMEM-024,CG-IMEM-005,cp_gate_cause,fetch_en_invalid,0
TP-IMEM-024,CG-IMEM-005,cr_cause_x_outstanding,fen_inv_o1_4,0
TP-IMEM-025,CG-IMEM-005,cp_gate_cause,fetch_en_off,0
TP-IMEM-025,CG-IMEM-005,cp_inflight_completed,yes,0
TP-IMEM-025,CG-IMEM-005,cp_outstanding_at_gate,o1_4,0
TP-IMEM-026,CG-IMEM-005,cp_fetch_en_code,on,0
TP-IMEM-026,CG-IMEM-005,cp_resume,held_pc_no_refetch,0
TP-IMEM-027,CG-FE-001,cp_first_pc,eq,0
TP-IMEM-027,CG-IMEM-005,cp_boot_class,random_aligned,0
TP-IMEM-027,CG-IMEM-005,cp_first_addr,eq,0
TP-IMEM-027,CG-IMEM-005,cp_first_req_cycle,c1,0
TP-IMEM-027,CG-IMEM-005,cp_gate_cause,reset_state,0
TP-IMEM-028,CG-FE-001,cp_boot_class,top,0
TP-IMEM-028,CG-FE-001,cp_boot_class,zero,0
TP-IMEM-028,CG-FE-001,cr_boot_x_first,top_ok,0
TP-IMEM-028,CG-FE-001,cr_boot_x_first,zero_ok,0
TP-IMEM-028,CG-IMEM-005,cp_boot_class,low_ram,0
TP-IMEM-028,CG-IMEM-005,cp_boot_class,top_ffffff00,0
TP-IMEM-028,CG-IMEM-005,cp_boot_class,zero,0
TP-IMEM-029,CG-IMEM-004,cp_stream_match,match,0
TP-IMEM-029,CG-IMEM-006,cp_delivery,in_order_seq,0
TP-IMEM-029,CG-IMEM-006,cp_regime,random,0
TP-IMEM-030,CG-FE-005,cp_source,pmp,0
TP-IMEM-030,CG-IMEM-003,cp_source,bus_and_pmp,0
TP-IMEM-030,CG-IMEM-003,cp_source,pmp,0
TP-IMEM-030,CG-IMEM-006,cp_pmp_denied_word_on_bus,seen,0
TP-IMEM-031,CG-IMEM-003,cr_half_x_class,both_bus,0
TP-IMEM-031,CG-IMEM-003,cr_half_x_class,c16_intg,0
TP-IMEM-031,CG-IMEM-003,cr_half_x_class,first_intg,0
TP-IMEM-031,CG-IMEM-003,cr_half_x_class,second_bus,0
TP-IMEM-032,CG-IMEM-006,cp_delivery,hit_in_shadow_of_miss,0
TP-IMEM-032,CG-IMEM-006,cp_regime,both_slow,0
TP-IMEM-032,CG-IMEM-006,cr_delivery_x_regime,shadow_both_slow,0
TP-IMEM-033,CG-FE-002,cp_second_word_wait,w4p,0
TP-IMEM-033,CG-IMEM-006,cp_delivery,straddle_two_records,0
TP-IMEM-033,CG-IMEM-006,cp_regime,slow_rvalid,0
TP-IMEM-033,CG-IMEM-006,cr_delivery_x_regime,straddle_slow_rvalid,0
TP-IMEM-034,CG-IMEM-003,cp_outcome,hit_spec_ignored_no_trap,0
TP-IMEM-034,CG-IMEM-003,cp_outcome,spec_discarded_no_trap,0
TP-IMEM-034,CG-IMEM-003,cp_outcome,stale_after_redirect_no_trap,0
TP-IMEM-034,CG-IMEM-003,cr_outcome_x_class,spec_intg,0
TP-IMEM-035,CG-IMEM-004,cp_kind,dbg_entry,0
TP-IMEM-035,CG-IMEM-004,cp_kind,dret,0
TP-IMEM-035,CG-IMEM-004,cp_kind,fencei,0
TP-IMEM-035,CG-IMEM-004,cp_kind,mret,0
TP-IMEM-035,CG-IMEM-004,cp_outstanding_at_redirect,o0,0
TP-IMEM-035,CG-IMEM-004,cp_outstanding_at_redirect,o1,0
TP-IMEM-035,CG-IMEM-004,cr_kind_x_outstanding,fencei_o3_4,0
TP-IMEM-036,CG-IMEM-001,cp_knob,same_cycle,0
TP-IMEM-036,CG-IMEM-001,cp_knob,short,0
TP-IMEM-036,CG-IMEM-001,cr_delay_x_knob,d1_short,0
TP-IMEM-036,CG-IMEM-006,cp_regime,fast_fast,0
TP-IMEM-036,CG-IMEM-006,cp_regime,slow_gnt,0
TP-IMEM-037,CG-IMEM-002,cp_cap,c1,0
TP-IMEM-037,CG-IMEM-002,cp_cap,c2,0
TP-IMEM-037,CG-IMEM-002,cp_cap,c4,0
TP-IMEM-037,CG-IMEM-002,cp_cap,c8,0
TP-IMEM-037,CG-IMEM-002,cp_err_class,bus_err,0
TP-IMEM-037,CG-IMEM-002,cp_err_class,intg_double,0
TP-IMEM-037,CG-IMEM-002,cp_err_class,intg_single,0
TP-IMEM-037,CG-IMEM-002,cp_max_outstanding,m1,0
TP-IMEM-037,CG-IMEM-002,cp_max_outstanding,m2,0
TP-IMEM-037,CG-IMEM-002,cp_max_outstanding,m3_4,0
TP-IMEM-037,CG-IMEM-002,cp_outstanding_before,o1,0
TP-IMEM-037,CG-IMEM-002,cp_outstanding_before,o2,0
TP-IMEM-037,CG-IMEM-002,cp_outstanding_before,o6,0
TP-IMEM-037,CG-IMEM-002,cp_outstanding_before,o7,0
TP-IMEM-037,CG-IMEM-002,cr_err_x_outstanding,err_deep,0
TP-IMEM-037,CG-IMEM-002,cr_err_x_outstanding,intg_deep,0
TP-IMEM-038,CG-IC-005,cr_trans_x_inflight,off_n3_4,0
TP-IMEM-038,CG-IC-005,cr_trans_x_inflight,on_n1_2,0
TP-IMEM-038,CG-IMEM-004,cp_cache_en,on,0
TP-IMEM-038,CG-IMEM-004,cr_seq_x_en,stop_off,0
TP-IMEM-038,CG-IMEM-004,cr_seq_x_en,wrap_on,0
TP-IMEM-039,CG-IMEM-007,cp_gnt_regime,long,0
TP-IMEM-039,CG-IMEM-007,cp_gnt_regime,same_cycle,0
TP-IMEM-039,CG-IMEM-007,cp_gnt_with_req,with_req,0
TP-IMEM-039,CG-IMEM-007,cr_gnt_x_regime,req_long,0
TP-IMEM-039,CG-IMEM-007,cr_gnt_x_regime,req_same,0
TP-IMEM-040,CG-IMEM-007,cp_unsolicited_rvalid_case,bad_secded_alert,0
TP-IMEM-040,CG-IMEM-007,cp_unsolicited_rvalid_case,expecting_buffer_consumed_shift,0
TP-IMEM-040,CG-IMEM-007,cp_unsolicited_rvalid_case,no_expecting_buffer_ignored,0
TP-IRQ-001,CG-EXC-012,cr_kind_bit1,irq_bit1_1,0
TP-IRQ-001,CG-EXC-012,cr_kind_mie_priv,irq_mie1_m,0
TP-IRQ-001,CG-EXC-012,cr_kind_mtval,irq_zero,0
TP-IRQ-001,CG-IRQ-001,cp_line,software,0
TP-IRQ-001,CG-IRQ-001,cr_line_marks,software_intr_with_pre_mip,0
TP-IRQ-001,CG-IRQ-001,cr_line_mepc,software_sequential,0
TP-IRQ-001,CG-IRQ-001,cr_line_others,software_only_this,0
TP-IRQ-001,CG-IRQ-001,cr_line_priv_mie,software_m_mie1,0
TP-IRQ-001,CG-IRQ-001,cr_line_priv_mie,software_u_mie0,0
TP-IRQ-001,CG-IRQ-001,cr_line_priv_mie,software_u_mie1,0
TP-IRQ-001,CG-IRQ-006,cp_id,id3,0
TP-IRQ-001,CG-IRQ-006,cr_id_base,id3_boot_init,0
TP-IRQ-001,CG-IRQ-006,cr_id_base,id3_sw_aligned,0
TP-IRQ-001,CG-IRQ-006,cr_id_base,id3_sw_legalised,0
TP-IRQ-001,CG-IRQ-006,cr_id_base,id3_upper_half,0
TP-IRQ-002,CG-IRQ-001,cp_line,timer,0
TP-IRQ-002,CG-IRQ-001,cr_line_mepc,timer_branch_target,0
TP-IRQ-002,CG-IRQ-001,cr_line_others,timer_only_this,0
TP-IRQ-002,CG-IRQ-001,cr_line_priv_mie,timer_m_mie1,0
TP-IRQ-002,CG-IRQ-001,cr_line_priv_mie,timer_u_mie0,0
TP-IRQ-002,CG-IRQ-001,cr_line_priv_mie,timer_u_mie1,0
TP-IRQ-002,CG-IRQ-006,cp_id,id7,0
TP-IRQ-002,CG-IRQ-006,cr_id_base,id7_boot_init,0
TP-IRQ-002,CG-IRQ-006,cr_id_base,id7_sw_aligned,0
TP-IRQ-002,CG-IRQ-006,cr_id_base,id7_sw_legalised,0
TP-IRQ-003,CG-IRQ-001,cp_line,external,0
TP-IRQ-003,CG-IRQ-001,cr_line_mepc,external_jump_target,0
TP-IRQ-003,CG-IRQ-001,cr_line_others,external_others_enabled_idle,0
TP-IRQ-003,CG-IRQ-001,cr_line_priv_mie,external_m_mie1,0
TP-IRQ-003,CG-IRQ-001,cr_line_priv_mie,external_u_mie0,0
TP-IRQ-003,CG-IRQ-001,cr_line_priv_mie,external_u_mie1,0
TP-IRQ-003,CG-IRQ-006,cp_id,id11,0
TP-IRQ-003,CG-IRQ-006,cr_id_base,id11_boot_init,0
TP-IRQ-003,CG-IRQ-006,cr_id_base,id11_sw_aligned,0
TP-IRQ-003,CG-IRQ-006,cr_id_base,id11_upper_half,0
TP-IRQ-004,CG-IRQ-001,cp_line,fast_0,0
TP-IRQ-004,CG-IRQ-001,cp_line,fast_1,0
TP-IRQ-004,CG-IRQ-001,cp_line,fast_10,0
TP-IRQ-004,CG-IRQ-001,cp_line,fast_11,0
TP-IRQ-004,CG-IRQ-001,cp_line,fast_12,0
TP-IRQ-004,CG-IRQ-001,cp_line,fast_13,0
TP-IRQ-004,CG-IRQ-001,cp_line,fast_14,0
TP-IRQ-004,CG-IRQ-001,cp_line,fast_2,0
TP-IRQ-004,CG-IRQ-001,cp_line,fast_3,0
TP-IRQ-004,CG-IRQ-001,cp_line,fast_4,0
TP-IRQ-004,CG-IRQ-001,cp_line,fast_5,0
TP-IRQ-004,CG-IRQ-001,cp_line,fast_6,0
TP-IRQ-004,CG-IRQ-001,cp_line,fast_7,0
TP-IRQ-004,CG-IRQ-001,cp_line,fast_8,0
TP-IRQ-004,CG-IRQ-001,cp_line,fast_9,0
TP-IRQ-004,CG-IRQ-001,cr_line_marks,fast_5_intr_with_pre_mip,0
TP-IRQ-004,CG-IRQ-001,cr_line_mepc,fast_14_sequential,0
TP-IRQ-004,CG-IRQ-001,cr_line_priv_mie,fast_7_u_mie1,0
TP-IRQ-004,CG-IRQ-006,cp_id,fast_0,0
TP-IRQ-004,CG-IRQ-006,cp_id,fast_1,0
TP-IRQ-004,CG-IRQ-006,cp_id,fast_10,0
TP-IRQ-004,CG-IRQ-006,cp_id,fast_11,0
TP-IRQ-004,CG-IRQ-006,cp_id,fast_12,0
TP-IRQ-004,CG-IRQ-006,cp_id,fast_13,0
TP-IRQ-004,CG-IRQ-006,cp_id,fast_14,0
TP-IRQ-004,CG-IRQ-006,cp_id,fast_2,0
TP-IRQ-004,CG-IRQ-006,cp_id,fast_3,0
TP-IRQ-004,CG-IRQ-006,cp_id,fast_4,0
TP-IRQ-004,CG-IRQ-006,cp_id,fast_5,0
TP-IRQ-004,CG-IRQ-006,cp_id,fast_6,0
TP-IRQ-004,CG-IRQ-006,cp_id,fast_7,0
TP-IRQ-004,CG-IRQ-006,cp_id,fast_8,0
TP-IRQ-004,CG-IRQ-006,cp_id,fast_9,0
TP-IRQ-004,CG-IRQ-006,cr_id_base,fast_7_sw_aligned,0
TP-IRQ-005,CG-IRQ-001,cp_line,fast_0,0
TP-IRQ-005,CG-IRQ-001,cr_line_priv_mie,fast_0_m_mie1,0
TP-IRQ-005,CG-IRQ-001,cr_line_priv_mie,fast_0_u_mie0,0
TP-IRQ-005,CG-IRQ-006,cr_id_base,fast_0_boot_init,0
TP-IRQ-005,CG-IRQ-006,cr_id_base,fast_0_sw_legalised,0
TP-IRQ-006,CG-IRQ-001,cp_line,fast_14,0
TP-IRQ-006,CG-IRQ-001,cr_line_priv_mie,fast_14_m_mie1,0
TP-IRQ-006,CG-IRQ-001,cr_line_priv_mie,fast_14_u_mie0,0
TP-IRQ-006,CG-IRQ-006,cr_id_base,fast_14_sw_aligned,0
TP-IRQ-006,CG-IRQ-006,cr_id_base,fast_14_upper_half,0
TP-IRQ-007,CG-EXC-012,cr_kind_bit1,nmi_ext_bit1_1,0
TP-IRQ-007,CG-EXC-012,cr_kind_mtval,nmi_ext_zero,0
TP-IRQ-007,CG-IRQ-001,cp_line,nmi_ext,0
TP-IRQ-007,CG-IRQ-001,cr_line_marks,nmi_ext_nmi_flag,0
TP-IRQ-007,CG-IRQ-001,cr_line_priv_mie,nmi_ext_m_mie0,0
TP-IRQ-007,CG-IRQ-001,cr_line_priv_mie,nmi_ext_m_mie1,0
TP-IRQ-007,CG-IRQ-001,cr_line_priv_mie,nmi_ext_u_mie0,0
TP-IRQ-007,CG-IRQ-001,cr_line_priv_mie,nmi_ext_u_mie1,0
TP-IRQ-007,CG-IRQ-003,cp_transition,nmi_only_rise,0
TP-IRQ-007,CG-IRQ-006,cp_id,id31_ext,0
TP-IRQ-007,CG-IRQ-006,cr_id_base,id31_ext_boot_init,0
TP-IRQ-007,CG-IRQ-006,cr_id_base,id31_ext_sw_legalised,0
TP-IRQ-007,CG-IRQ-006,cr_id_base,id31_ext_upper_half,0
TP-IRQ-007,CG-IRQ-007,cp_source,ext,0
TP-IRQ-007,CG-IRQ-007,cr_ctx_priv_mie,user_code_m_mie0,0
TP-IRQ-007,CG-IRQ-007,cr_ctx_priv_mie,user_code_m_mie1,0
TP-IRQ-007,CG-IRQ-007,cr_ctx_priv_mie,user_code_u_mie0,0
TP-IRQ-007,CG-IRQ-007,cr_ctx_priv_mie,user_code_u_mie1,0
TP-IRQ-007,CG-IRQ-007,cr_source_align,ext_half,0
TP-IRQ-007,CG-IRQ-007,cr_source_align,ext_word,0
TP-IRQ-007,CG-IRQ-007,cr_source_ctx,ext_user_code,0
TP-IRQ-008,CG-IRQ-003,cp_mie_write,all_ones,0
TP-IRQ-008,CG-IRQ-003,cp_mie_write,fast_only,0
TP-IRQ-008,CG-IRQ-003,cp_mie_write,random_masked,0
TP-IRQ-008,CG-IRQ-003,cp_mie_write,zero,0
TP-IRQ-009,CG-IRQ-003,cp_mip_access,read_all_low,0
TP-IRQ-009,CG-IRQ-003,cp_mip_access,read_mie0_pins_high,0
TP-IRQ-009,CG-IRQ-003,cp_mip_access,read_partial_mie,0
TP-IRQ-009,CG-IRQ-003,cr_access_state,read_all_low_mie1_m,0
TP-IRQ-009,CG-IRQ-003,cr_access_state,read_mie0_pins_high_mie0_m,0
TP-IRQ-009,CG-IRQ-003,cr_access_state,read_partial_mie_mie1_m,0
TP-IRQ-010,CG-IRQ-003,cp_mip_access,write_csrrc_ignored,0
TP-IRQ-010,CG-IRQ-003,cp_mip_access,write_csrrs_ignored,0
TP-IRQ-010,CG-IRQ-003,cp_mip_access,write_csrrw_ignored,0
TP-IRQ-010,CG-IRQ-003,cr_access_state,write_csrrc_ignored_mie1_m,0
TP-IRQ-010,CG-IRQ-003,cr_access_state,write_csrrs_ignored_mie0_m,0
TP-IRQ-010,CG-IRQ-003,cr_access_state,write_csrrw_ignored_mie1_m,0
TP-IRQ-011,CG-IRQ-003,cp_transition,fall_last,0
TP-IRQ-011,CG-IRQ-003,cp_transition,fall_not_last,0
TP-IRQ-011,CG-IRQ-003,cp_transition,mie_clear_pin_high,0
TP-IRQ-011,CG-IRQ-003,cp_transition,mie_set_pin_high,0
TP-IRQ-011,CG-IRQ-003,cp_transition,nmi_only_rise,0
TP-IRQ-011,CG-IRQ-003,cp_transition,rise_disabled,0
TP-IRQ-011,CG-IRQ-003,cp_transition,rise_enabled,0
TP-IRQ-011,CG-IRQ-003,cp_transition,rise_enabled_other_high,0
TP-IRQ-011,CG-IRQ-003,cr_transition_line,fall_last_external,0
TP-IRQ-011,CG-IRQ-003,cr_transition_line,fall_last_fast_high,0
TP-IRQ-011,CG-IRQ-003,cr_transition_line,fall_last_fast_low,0
TP-IRQ-011,CG-IRQ-003,cr_transition_line,fall_last_software,0
TP-IRQ-011,CG-IRQ-003,cr_transition_line,fall_last_timer,0
TP-IRQ-011,CG-IRQ-003,cr_transition_line,mie_clear_pin_high_external,0
TP-IRQ-011,CG-IRQ-003,cr_transition_line,rise_disabled_fast_mid,0
TP-IRQ-011,CG-IRQ-003,cr_transition_line,rise_enabled_external,0
TP-IRQ-011,CG-IRQ-003,cr_transition_line,rise_enabled_fast_high,0
TP-IRQ-011,CG-IRQ-003,cr_transition_line,rise_enabled_fast_low,0
TP-IRQ-011,CG-IRQ-003,cr_transition_line,rise_enabled_fast_mid,0
TP-IRQ-011,CG-IRQ-003,cr_transition_line,rise_enabled_software,0
TP-IRQ-011,CG-IRQ-003,cr_transition_line,rise_enabled_timer,0
TP-IRQ-011,CG-IRQ-003,cr_transition_state,fall_last_debug_mode,0
TP-IRQ-011,CG-IRQ-003,cr_transition_state,fall_last_mie0_m,0
TP-IRQ-011,CG-IRQ-003,cr_transition_state,fall_last_mie1_m,0
TP-IRQ-011,CG-IRQ-003,cr_transition_state,fall_last_sleep,0
TP-IRQ-011,CG-IRQ-003,cr_transition_state,mie_clear_pin_high_mie1_m,0
TP-IRQ-011,CG-IRQ-003,cr_transition_state,mie_set_pin_high_mie0_m,0
TP-IRQ-011,CG-IRQ-003,cr_transition_state,mie_set_pin_high_mie1_m,0
TP-IRQ-011,CG-IRQ-003,cr_transition_state,nmi_only_rise_mie1_m,0
TP-IRQ-011,CG-IRQ-003,cr_transition_state,nmi_only_rise_sleep,0
TP-IRQ-011,CG-IRQ-003,cr_transition_state,rise_disabled_mie1_m,0
TP-IRQ-011,CG-IRQ-003,cr_transition_state,rise_disabled_sleep,0
TP-IRQ-011,CG-IRQ-003,cr_transition_state,rise_enabled_debug_mode,0
TP-IRQ-011,CG-IRQ-003,cr_transition_state,rise_enabled_mie0_m,0
TP-IRQ-011,CG-IRQ-003,cr_transition_state,rise_enabled_mie1_m,0
TP-IRQ-011,CG-IRQ-003,cr_transition_state,rise_enabled_nmi_mode,0
TP-IRQ-011,CG-IRQ-003,cr_transition_state,rise_enabled_sleep,0
TP-IRQ-011,CG-IRQ-003,cr_transition_state,rise_enabled_step,0
TP-IRQ-011,CG-IRQ-003,cr_transition_state,rise_enabled_u_mode,0
TP-IRQ-012,CG-IRQ-001,cp_mie_global,mie1,0
TP-IRQ-012,CG-IRQ-001,cr_line_mepc,software_mret_target,0
TP-IRQ-012,CG-IRQ-001,cr_line_priv_mie,external_m_mie1,0
TP-IRQ-012,CG-IRQ-003,cr_transition_state,rise_enabled_mie0_m,0
TP-IRQ-012,CG-IRQ-004,cr_ctx_outcome,id_csr_enable_taken,0
TP-IRQ-012,CG-IRQ-004,cr_ctx_outcome,id_mret_taken,0
TP-IRQ-013,CG-EXC-012,cr_kind_mie_priv,irq_mie0_u,0
TP-IRQ-013,CG-IRQ-001,cp_mie_global,mie0,0
TP-IRQ-013,CG-IRQ-001,cp_priv_pre,u,0
TP-IRQ-013,CG-IRQ-001,cr_line_priv_mie,external_u_mie0,0
TP-IRQ-013,CG-IRQ-001,cr_line_priv_mie,fast_0_u_mie0,0
TP-IRQ-013,CG-IRQ-001,cr_line_priv_mie,fast_14_u_mie0,0
TP-IRQ-013,CG-IRQ-001,cr_line_priv_mie,software_u_mie0,0
TP-IRQ-013,CG-IRQ-001,cr_line_priv_mie,timer_u_mie0,0
TP-IRQ-013,CG-IRQ-001,cr_upath_pending,mret_mpp_u_arrived_later_mie0,0
TP-IRQ-014,CG-IRQ-001,cr_line_others,external_others_pending_lower,0
TP-IRQ-014,CG-IRQ-001,cr_line_others,fast_0_others_pending_lower,0
TP-IRQ-014,CG-IRQ-001,cr_line_others,fast_14_others_pending_lower,0
TP-IRQ-014,CG-IRQ-001,cr_line_others,software_others_pending_lower,0
TP-IRQ-014,CG-IRQ-002,cp_late,none,0
TP-IRQ-014,CG-IRQ-002,cp_set,external_software,0
TP-IRQ-014,CG-IRQ-002,cp_set,external_timer,0
TP-IRQ-014,CG-IRQ-002,cp_set,fast_external,0
TP-IRQ-014,CG-IRQ-002,cp_set,fast_software,0
TP-IRQ-014,CG-IRQ-002,cp_set,fast_timer,0
TP-IRQ-014,CG-IRQ-002,cp_set,software_timer,0
TP-IRQ-014,CG-IRQ-002,cp_set,three_plus,0
TP-IRQ-014,CG-IRQ-002,cr_late_winner,none_external,0
TP-IRQ-014,CG-IRQ-002,cr_late_winner,none_fast,0
TP-IRQ-014,CG-IRQ-002,cr_set_winner,external_software_external,0
TP-IRQ-014,CG-IRQ-002,cr_set_winner,external_timer_external,0
TP-IRQ-014,CG-IRQ-002,cr_set_winner,fast_external_fast,0
TP-IRQ-014,CG-IRQ-002,cr_set_winner,fast_software_fast,0
TP-IRQ-014,CG-IRQ-002,cr_set_winner,fast_timer_fast,0
TP-IRQ-014,CG-IRQ-002,cr_set_winner,software_timer_software,0
TP-IRQ-014,CG-IRQ-002,cr_set_winner,three_plus_external,0
TP-IRQ-014,CG-IRQ-002,cr_set_winner,three_plus_fast,0
TP-IRQ-014,CG-IRQ-012,cp_irq_class,multi,0
TP-IRQ-014,CG-IRQ-012,cr_hold_class,held_until_taken_multi,0
TP-IRQ-015,CG-IRQ-002,cp_fast_gap,adjacent,0
TP-IRQ-015,CG-IRQ-002,cp_fast_gap,ends,0
TP-IRQ-015,CG-IRQ-002,cp_fast_gap,far,0
TP-IRQ-015,CG-IRQ-002,cp_set,fast_fast,0
TP-IRQ-015,CG-IRQ-002,cr_gap_winner,adjacent_fast,0
TP-IRQ-015,CG-IRQ-002,cr_gap_winner,ends_fast,0
TP-IRQ-015,CG-IRQ-002,cr_gap_winner,far_fast,0
TP-IRQ-015,CG-IRQ-002,cr_set_winner,fast_fast_fast,0
TP-IRQ-016,CG-IRQ-002,cp_drain,first,0
TP-IRQ-016,CG-IRQ-002,cp_drain,last18,0
TP-IRQ-016,CG-IRQ-002,cp_drain,middle,0
TP-IRQ-016,CG-IRQ-002,cp_set,all18,0
TP-IRQ-016,CG-IRQ-002,cr_drain_winner,first_fast,0
TP-IRQ-016,CG-IRQ-002,cr_drain_winner,last18_timer,0
TP-IRQ-016,CG-IRQ-002,cr_drain_winner,middle_external,0
TP-IRQ-016,CG-IRQ-002,cr_drain_winner,middle_fast,0
TP-IRQ-016,CG-IRQ-002,cr_drain_winner,middle_software,0
TP-IRQ-016,CG-IRQ-002,cr_set_winner,all18_fast,0
TP-IRQ-017,CG-IRQ-006,cp_base_class,boot_init,0
TP-IRQ-017,CG-IRQ-006,cp_base_class,sw_aligned,0
TP-IRQ-017,CG-IRQ-006,cp_base_class,sw_legalised,0
TP-IRQ-017,CG-IRQ-006,cp_base_class,upper_half,0
TP-IRQ-017,CG-IRQ-006,cp_id,id31_int,0
TP-IRQ-017,CG-IRQ-006,cr_id_base,fast_14_upper_half,0
TP-IRQ-017,CG-IRQ-006,cr_id_base,fast_7_sw_aligned,0
TP-IRQ-017,CG-IRQ-006,cr_id_base,id31_ext_upper_half,0
TP-IRQ-017,CG-IRQ-006,cr_id_base,id31_int_boot_init,0
TP-IRQ-017,CG-IRQ-006,cr_id_base,id31_int_sw_aligned,0
TP-IRQ-017,CG-IRQ-006,cr_id_base,id3_upper_half,0
TP-IRQ-017,CG-IRQ-006,cr_id_base,id7_sw_aligned,0
TP-IRQ-018,CG-IRQ-006,cp_mtvec_wdata,base_low_nonzero,0
TP-IRQ-018,CG-IRQ-006,cp_mtvec_wdata,mode00,0
TP-IRQ-018,CG-IRQ-006,cp_mtvec_wdata,mode01,0
TP-IRQ-018,CG-IRQ-006,cp_mtvec_wdata,mode1x,0
TP-IRQ-019,CG-IRQ-001,cp_mepc_src,boot_pc,0
TP-IRQ-019,CG-IRQ-001,cr_line_mepc,nmi_ext_boot_pc,0
TP-IRQ-019,CG-IRQ-006,cp_mtvec_wdata,boot_readback,0
TP-IRQ-019,CG-IRQ-006,cr_id_base,id31_ext_boot_init,0
TP-IRQ-019,CG-IRQ-007,cr_source_ctx,ext_reset_release,0
TP-IRQ-019,CG-IRQ-011,cp_reset_reads,mtvec_boot_page,0
TP-IRQ-020,CG-IRQ-004,cr_ctx_outcome,id_csr_mtvec_taken,0
TP-IRQ-020,CG-IRQ-005,cp_mtvec_in_handler,rewritten,0
TP-IRQ-020,CG-IRQ-005,cr_nesting_mtvec,depth1_rewritten,0
TP-IRQ-020,CG-IRQ-005,cr_nesting_mtvec,depth2_same_prio_rewritten,0
TP-IRQ-021,CG-IRQ-001,cp_mepc_src,sequential,0
TP-IRQ-021,CG-IRQ-001,cr_line_mepc,external_branch_target,0
TP-IRQ-021,CG-IRQ-004,cp_latency,two,0
TP-IRQ-021,CG-IRQ-004,cr_ctx_latency,id_empty_two,0
TP-IRQ-021,CG-IRQ-004,cr_ctx_outcome,id_alu_taken,0
TP-IRQ-021,CG-IRQ-004,cr_ctx_outcome,id_branch_taken,0
TP-IRQ-021,CG-IRQ-004,cr_ctx_outcome,id_empty_taken,0
TP-IRQ-021,CG-IRQ-004,cr_ctx_outcome,id_jump_taken,0
TP-IRQ-021,CG-IRQ-004,cr_pulse_change_outcome,level_until_ack_stable_taken,0
TP-IRQ-021,CG-IRQ-004,cr_pulse_change_outcome,one_stable_taken,0
TP-IRQ-021,CG-IRQ-004,cr_pulse_change_outcome,three_plus_stable_taken,0
TP-IRQ-021,CG-IRQ-004,cr_pulse_change_outcome,two_stable_taken,0
TP-IRQ-022,CG-IRQ-004,cp_latency,long,0
TP-IRQ-022,CG-IRQ-004,cp_latency,six_ten,0
TP-IRQ-022,CG-IRQ-004,cp_latency,three_five,0
TP-IRQ-022,CG-IRQ-004,cr_ctx_latency,id_load_wait_long,0
TP-IRQ-022,CG-IRQ-004,cr_ctx_latency,id_load_wait_six_ten,0
TP-IRQ-022,CG-IRQ-004,cr_ctx_latency,id_load_wait_three_five,0
TP-IRQ-022,CG-IRQ-004,cr_ctx_outcome,id_load_wait_taken,0
TP-IRQ-022,CG-IRQ-004,cr_ctx_outcome,id_store_wait_taken,0
TP-IRQ-022,CG-IRQ-004,cr_ctx_rvalid,id_load_wait_before_rvalid,0
TP-IRQ-022,CG-IRQ-004,cr_ctx_rvalid,id_store_wait_before_rvalid,0
TP-IRQ-022,CG-IRQ-012,cp_dbus,gnt_pending,0
TP-IRQ-022,CG-IRQ-012,cp_dbus,rvalid_pending,0
TP-IRQ-022,CG-IRQ-012,cr_dbus_hold,rvalid_pending_held_until_taken,0
TP-IRQ-022,CG-IRQ-012,cr_triple,gnt_pending_rvalid_pending_single,0
TP-IRQ-022,CG-IRQ-012,cr_triple,rvalid_pending_gnt_pending_multi,0
TP-IRQ-022,CG-IRQ-012,cr_triple,rvalid_pending_rvalid_pending_single,0
TP-IRQ-023,CG-IRQ-004,cp_rvalid_relation,same_cycle_as_rvalid,0
TP-IRQ-023,CG-IRQ-004,cr_ctx_rvalid,id_load_wait_after_rvalid,0
TP-IRQ-023,CG-IRQ-004,cr_ctx_rvalid,id_load_wait_same_cycle_as_rvalid,0
TP-IRQ-023,CG-IRQ-004,cr_ctx_rvalid,id_store_wait_same_cycle_as_rvalid,0
TP-IRQ-023,CG-IRQ-012,cp_dbus,rvalid_ok_now,0
TP-IRQ-023,CG-IRQ-012,cr_triple,rvalid_ok_now_rvalid_pending_single,0
TP-IRQ-024,CG-IRQ-004,cr_ctx_latency,id_div_long,0
TP-IRQ-024,CG-IRQ-004,cr_ctx_latency,id_div_six_ten,0
TP-IRQ-024,CG-IRQ-004,cr_ctx_outcome,id_div_taken,0
TP-IRQ-024,CG-IRQ-004,cr_ctx_outcome,id_mul_taken,0
TP-IRQ-025,CG-EXC-008,cp_event,irq_during_commit_deferred,0
TP-IRQ-025,CG-EXC-008,cp_event,irq_during_expanded,0
TP-IRQ-025,CG-EXC-008,cr_event_after,irq_during_expanded_reexecuted_from_first,0
TP-IRQ-025,CG-EXC-008,cr_event_pos,irq_during_expanded_first,0
TP-IRQ-025,CG-EXC-008,cr_event_pos,irq_during_expanded_last,0
TP-IRQ-025,CG-EXC-008,cr_event_pos,irq_during_expanded_middle,0
TP-IRQ-025,CG-EXC-008,cr_event_rlist,irq_during_commit_deferred_r12_15,0
TP-IRQ-025,CG-EXC-008,cr_event_rlist,irq_during_expanded_r5_7,0
TP-IRQ-025,CG-EXC-008,cr_event_rlist,irq_during_expanded_r8_11,0
TP-IRQ-025,CG-EXC-008,cr_seq_event,cm_pop_irq_during_commit_deferred,0
TP-IRQ-025,CG-EXC-008,cr_seq_event,cm_pop_irq_during_expanded,0
TP-IRQ-025,CG-EXC-008,cr_seq_event,cm_popret_irq_during_commit_deferred,0
TP-IRQ-025,CG-EXC-008,cr_seq_event,cm_popret_irq_during_expanded,0
TP-IRQ-025,CG-EXC-008,cr_seq_event,cm_popretz_irq_during_commit_deferred,0
TP-IRQ-025,CG-EXC-008,cr_seq_event,cm_popretz_irq_during_expanded,0
TP-IRQ-025,CG-EXC-008,cr_seq_event,cm_push_irq_during_commit_deferred,0
TP-IRQ-025,CG-EXC-008,cr_seq_event,cm_push_irq_during_expanded,0
TP-IRQ-025,CG-IRQ-001,cp_mepc_src,cm_pc,0
TP-IRQ-025,CG-IRQ-001,cr_line_mepc,fast_0_cm_pc,0
TP-IRQ-025,CG-IRQ-004,cr_ctx_latency,zcmp_commit_six_ten,0
TP-IRQ-025,CG-IRQ-004,cr_ctx_latency,zcmp_expanded_three_five,0
TP-IRQ-025,CG-IRQ-004,cr_ctx_outcome,zcmp_commit_taken,0
TP-IRQ-025,CG-IRQ-004,cr_ctx_outcome,zcmp_expanded_taken,0
TP-IRQ-026,CG-EXC-007,cr_pair_irq,illegal_ecall_irq_enabled,0
TP-IRQ-026,CG-EXC-013,cr_stage_irq,id_cause_irq_enabled,0
TP-IRQ-026,CG-EXC-013,cr_wb_irq_ibus,wb_empty_irq_enabled_idle,0
TP-IRQ-026,CG-IRQ-004,cp_outcome,deferred_by_exception,0
TP-IRQ-026,CG-IRQ-004,cr_ctx_outcome,id_exc_deferred_by_exception,0
TP-IRQ-027,CG-EXC-013,cr_stage_irq,wb_cause_irq_enabled,0
TP-IRQ-027,CG-IRQ-004,cr_ctx_outcome,wb_fault_same_cycle_deferred_by_exception,0
TP-IRQ-027,CG-IRQ-012,cp_dbus,rvalid_err_now,0
TP-IRQ-027,CG-IRQ-012,cp_ibus,rvalid_err_now,0
TP-IRQ-027,CG-IRQ-012,cr_triple,idle_rvalid_err_now_single,0
TP-IRQ-027,CG-IRQ-012,cr_triple,rvalid_err_now_gnt_pending_single,0
TP-IRQ-027,CG-IRQ-012,cr_triple,rvalid_err_now_idle_single,0
TP-IRQ-027,CG-IRQ-012,cr_triple,rvalid_err_now_rvalid_err_now_single,0
TP-IRQ-028,CG-EXC-011,cr_context_pending,exc_handler_irq_disabled,0
TP-IRQ-028,CG-EXC-011,cr_context_pending,exc_handler_irq_enabled,0
TP-IRQ-028,CG-EXC-011,cr_context_pending,exc_handler_nmi,0
TP-IRQ-028,CG-EXC-011,cr_context_pending,irq_handler_irq_disabled,0
TP-IRQ-028,CG-EXC-011,cr_context_pending,irq_handler_irq_enabled,0
TP-IRQ-028,CG-EXC-011,cr_context_pending,irq_handler_nmi,0
TP-IRQ-028,CG-EXC-011,cr_context_pending,plain_irq_enabled,0
TP-IRQ-028,CG-EXC-011,cr_mpie_pending,mpie0_irq_disabled,0
TP-IRQ-028,CG-EXC-011,cr_mpie_pending,mpie0_irq_enabled,0
TP-IRQ-028,CG-EXC-011,cr_mpie_pending,mpie1_irq_enabled,0
TP-IRQ-028,CG-EXC-011,cr_mpp_pending,m_irq_disabled,0
TP-IRQ-028,CG-EXC-011,cr_mpp_pending,m_irq_enabled,0
TP-IRQ-028,CG-EXC-011,cr_mpp_pending,m_nmi,0
TP-IRQ-028,CG-EXC-011,cr_mpp_pending,u_nmi,0
TP-IRQ-028,CG-IRQ-001,cr_line_mepc,fast_3_mret_target,0
TP-IRQ-028,CG-IRQ-004,cr_ctx_latency,id_mret_three_five,0
TP-IRQ-028,CG-IRQ-004,cr_ctx_latency,id_mret_two,0
TP-IRQ-028,CG-IRQ-004,cr_ctx_outcome,id_mret_taken,0
TP-IRQ-028,CG-IRQ-005,cr_nesting_mtvec,depth1_unchanged,0
TP-IRQ-029,CG-IRQ-001,cp_mepc_src,dret_target,0
TP-IRQ-029,CG-IRQ-001,cr_line_mepc,fast_9_dret_target,0
TP-IRQ-029,CG-IRQ-001,cr_line_mepc,timer_dret_target,0
TP-IRQ-029,CG-IRQ-001,cr_upath_pending,dret_prv_u_already_pending_mie0,0
TP-IRQ-029,CG-IRQ-001,cr_upath_pending,dret_prv_u_arrived_later_mie1,0
TP-IRQ-029,CG-IRQ-004,cr_ctx_outcome,id_dret_taken,0
TP-IRQ-029,CG-IRQ-010,cr_dur_post,held_through_exit_taken_before_first_insn,0
TP-IRQ-029,CG-IRQ-010,cr_line_exit,irq_dret,0
TP-IRQ-029,CG-IRQ-010,cr_line_mode_post,irq_debug_mode_taken_before_first_insn,0
TP-IRQ-029,CG-IRQ-010,cr_line_prv,irq_m,0
TP-IRQ-029,CG-IRQ-010,cr_line_prv,irq_u,0
TP-IRQ-030,CG-IRQ-004,cp_change_before_taken,dropped_all,0
TP-IRQ-030,CG-IRQ-004,cp_outcome,withdrawn,0
TP-IRQ-030,CG-IRQ-004,cp_pulse_width,one,0
TP-IRQ-030,CG-IRQ-004,cp_pulse_width,two,0
TP-IRQ-030,CG-IRQ-004,cr_ctx_outcome,id_div_withdrawn,0
TP-IRQ-030,CG-IRQ-004,cr_ctx_outcome,id_empty_withdrawn,0
TP-IRQ-030,CG-IRQ-004,cr_ctx_outcome,id_load_wait_withdrawn,0
TP-IRQ-030,CG-IRQ-004,cr_pulse_change_outcome,one_dropped_all_withdrawn,0
TP-IRQ-030,CG-IRQ-004,cr_pulse_change_outcome,two_dropped_all_withdrawn,0
TP-IRQ-030,CG-IRQ-012,cr_dbus_hold,rvalid_err_now_pulse1,0
TP-IRQ-030,CG-IRQ-012,cr_dbus_hold,rvalid_pending_pulse1,0
TP-IRQ-030,CG-IRQ-012,cr_hold_class,pulse1_multi,0
TP-IRQ-030,CG-IRQ-012,cr_hold_class,pulse1_single,0
TP-IRQ-031,CG-IRQ-001,cp_rvfi_marks,pre_post_mip_differ,0
TP-IRQ-031,CG-IRQ-001,cr_line_marks,timer_pre_post_mip_differ,0
TP-IRQ-031,CG-IRQ-002,cp_late,higher_added,0
TP-IRQ-031,CG-IRQ-002,cp_late,lower_added,0
TP-IRQ-031,CG-IRQ-002,cr_late_winner,higher_added_external,0
TP-IRQ-031,CG-IRQ-002,cr_late_winner,higher_added_fast,0
TP-IRQ-031,CG-IRQ-002,cr_late_winner,higher_added_nmi_ext,0
TP-IRQ-031,CG-IRQ-002,cr_late_winner,lower_added_external,0
TP-IRQ-031,CG-IRQ-002,cr_late_winner,lower_added_fast,0
TP-IRQ-031,CG-IRQ-002,cr_late_winner,lower_added_software,0
TP-IRQ-031,CG-IRQ-004,cp_change_before_taken,dropped_winner_other_remains,0
TP-IRQ-031,CG-IRQ-004,cp_change_before_taken,higher_added,0
TP-IRQ-031,CG-IRQ-004,cp_change_before_taken,lower_added,0
TP-IRQ-031,CG-IRQ-004,cr_ctx_outcome,id_empty_taken_other_line,0
TP-IRQ-031,CG-IRQ-004,cr_pulse_change_outcome,level_until_ack_dropped_winner_other_remains_taken_other_line,0
TP-IRQ-031,CG-IRQ-004,cr_pulse_change_outcome,three_plus_higher_added_taken_other_line,0
TP-IRQ-031,CG-IRQ-004,cr_pulse_change_outcome,three_plus_lower_added_taken,0
TP-IRQ-032,CG-EXC-011,cr_context_pending,irq_handler_irq_enabled,0
TP-IRQ-032,CG-IRQ-004,cp_pulse_width,level_until_ack,0
TP-IRQ-032,CG-IRQ-005,cp_line_at_mret,masked_in_handler,0
TP-IRQ-032,CG-IRQ-005,cp_line_at_mret,still_high_same,0
TP-IRQ-032,CG-IRQ-005,cr_state_mpp,still_high_same_m,0
TP-IRQ-032,CG-IRQ-005,cr_state_mpp,still_high_same_u,0
TP-IRQ-032,CG-IRQ-005,cr_state_reentry,masked_in_handler_none,0
TP-IRQ-032,CG-IRQ-005,cr_state_reentry,still_high_same_immediate,0
TP-IRQ-032,CG-IRQ-012,cp_hold,held_through_handler,0
TP-IRQ-032,CG-IRQ-012,cr_dbus_hold,rvalid_err_now_held_through_handler,0
TP-IRQ-032,CG-IRQ-012,cr_hold_class,held_through_handler_multi,0
TP-IRQ-032,CG-IRQ-012,cr_hold_class,held_through_handler_single,0
TP-IRQ-032,CG-IRQ-012,cr_hold_class,held_through_handler_with_nmi,0
TP-IRQ-033,CG-IRQ-005,cp_nesting,depth2_higher,0
TP-IRQ-033,CG-IRQ-005,cp_nesting,depth2_lower,0
TP-IRQ-033,CG-IRQ-005,cp_nesting,depth2_same_prio,0
TP-IRQ-033,CG-IRQ-005,cp_nesting,depth3_plus,0
TP-IRQ-033,CG-IRQ-005,cr_nesting_mtvec,depth2_higher_unchanged,0
TP-IRQ-033,CG-IRQ-005,cr_nesting_mtvec,depth2_lower_unchanged,0
TP-IRQ-033,CG-IRQ-005,cr_nesting_mtvec,depth2_same_prio_unchanged,0
TP-IRQ-033,CG-IRQ-005,cr_nesting_mtvec,depth3_plus_unchanged,0
TP-IRQ-033,CG-IRQ-005,cr_state_reentry,masked_in_handler_later,0
TP-IRQ-034,CG-EXC-011,cr_mpp_pending,u_irq_disabled,0
TP-IRQ-034,CG-EXC-011,cr_mpp_pending,u_irq_enabled,0
TP-IRQ-034,CG-IRQ-001,cp_u_path,mret_mpp_u,0
TP-IRQ-034,CG-IRQ-001,cr_upath_pending,mret_mpp_u_already_pending_mie0,0
TP-IRQ-034,CG-IRQ-001,cr_upath_pending,mret_mpp_u_already_pending_mie1,0
TP-IRQ-034,CG-IRQ-001,cr_upath_pending,mret_mpp_u_arrived_later_mie1,0
TP-IRQ-034,CG-IRQ-005,cp_mpp_restored,u,0
TP-IRQ-034,CG-IRQ-005,cr_state_mpp,dropped_by_ack_m,0
TP-IRQ-034,CG-IRQ-005,cr_state_mpp,dropped_by_ack_u,0
TP-IRQ-034,CG-IRQ-005,cr_state_mpp,dropped_new_other_pending_u,0
TP-IRQ-034,CG-IRQ-005,cr_state_reentry,dropped_by_ack_later,0
TP-IRQ-034,CG-IRQ-005,cr_state_reentry,dropped_by_ack_none,0
TP-IRQ-034,CG-IRQ-005,cr_state_reentry,dropped_new_other_pending_immediate,0
TP-IRQ-035,CG-EXC-011,cr_context_pending,nmi_handler_nmi,0
TP-IRQ-035,CG-IRQ-007,cp_ctx_pre,after_mret_still_high,0
TP-IRQ-035,CG-IRQ-007,cp_in_handler,nmi_reasserted_ignored,0
TP-IRQ-035,CG-IRQ-007,cr_ctx_priv_mie,after_mret_still_high_m_mie1,0
TP-IRQ-035,CG-IRQ-007,cr_handler_mstack,nmi_reasserted_ignored_restore_ok,0
TP-IRQ-035,CG-IRQ-007,cr_source_ctx,ext_after_mret_still_high,0
TP-IRQ-036,CG-EXC-011,cp_context,nmi_handler,0
TP-IRQ-036,CG-EXC-011,cr_context_pending,nmi_handler_none,0
TP-IRQ-036,CG-IRQ-007,cp_mstack,restore_ok,0
TP-IRQ-036,CG-IRQ-007,cp_mstack,sw_epc_write_discarded,0
TP-IRQ-036,CG-IRQ-007,cr_ctx_priv_mie,exc_handler_m_mie0,0
TP-IRQ-036,CG-IRQ-007,cr_ctx_priv_mie,irq_handler_m_mie0,0
TP-IRQ-036,CG-IRQ-007,cr_handler_mstack,none_restore_ok,0
TP-IRQ-036,CG-IRQ-007,cr_handler_mstack,none_sw_epc_write_discarded,0
TP-IRQ-036,CG-IRQ-007,cr_source_ctx,ext_exc_handler,0
TP-IRQ-036,CG-IRQ-007,cr_source_ctx,ext_irq_handler,0
TP-IRQ-037,CG-EXC-011,cr_context_pending,nmi_handler_irq_enabled,0
TP-IRQ-037,CG-IRQ-003,cr_transition_state,rise_enabled_nmi_mode,0
TP-IRQ-037,CG-IRQ-007,cp_in_handler,irq_enabled_masked,0
TP-IRQ-037,CG-IRQ-007,cp_in_handler,regular_irq_pending_taken_after_mret,0
TP-IRQ-037,CG-IRQ-007,cr_handler_mstack,irq_enabled_masked_restore_ok,0
TP-IRQ-037,CG-IRQ-007,cr_handler_mstack,regular_irq_pending_taken_after_mret_restore_ok,0
TP-IRQ-038,CG-IRQ-002,cp_set,nmi_external,0
TP-IRQ-038,CG-IRQ-002,cp_set,nmi_fast,0
TP-IRQ-038,CG-IRQ-002,cp_set,nmi_software,0
TP-IRQ-038,CG-IRQ-002,cp_set,nmi_timer,0
TP-IRQ-038,CG-IRQ-002,cr_set_winner,nmi_external_nmi_ext,0
TP-IRQ-038,CG-IRQ-002,cr_set_winner,nmi_fast_nmi_ext,0
TP-IRQ-038,CG-IRQ-002,cr_set_winner,nmi_software_nmi_ext,0
TP-IRQ-038,CG-IRQ-002,cr_set_winner,nmi_timer_nmi_ext,0
TP-IRQ-038,CG-IRQ-012,cp_irq_class,with_nmi,0
TP-IRQ-038,CG-IRQ-012,cr_hold_class,held_until_taken_with_nmi,0
TP-IRQ-039,CG-EXC-013,cr_stage_irq,id_cause_nmi,0
TP-IRQ-039,CG-EXC-013,cr_stage_irq,wb_cause_nmi,0
TP-IRQ-039,CG-IRQ-007,cp_ctx_pre,exc_vector_first,0
TP-IRQ-039,CG-IRQ-007,cr_ctx_priv_mie,exc_handler_m_mie0,0
TP-IRQ-039,CG-IRQ-007,cr_source_ctx,ext_exc_vector_first,0
TP-IRQ-039,CG-IRQ-007,cr_source_ctx,int_ecc_exc_vector_first,0
TP-IRQ-040,CG-IRQ-007,cp_in_handler,exc_taken,0
TP-IRQ-040,CG-IRQ-007,cp_mstack,nested_exc_context_lost,0
TP-IRQ-040,CG-IRQ-007,cr_handler_mstack,exc_taken_nested_exc_context_lost,0
TP-IRQ-041,CG-IRQ-010,cp_duration,dropped_before_exit,0
TP-IRQ-041,CG-IRQ-010,cp_nmip_read,read_with_nmi_high,0
TP-IRQ-041,CG-IRQ-010,cp_nmip_read,read_with_nmi_low,0
TP-IRQ-041,CG-IRQ-010,cr_dur_post,dropped_before_exit_not_taken,0
TP-IRQ-041,CG-IRQ-010,cr_line_mode_post,nmi_ext_debug_mode_not_taken,0
TP-IRQ-042,CG-IRQ-007,cp_ctx_pre,dret_exit,0
TP-IRQ-042,CG-IRQ-007,cr_ctx_priv_mie,dret_exit_u_mie0,0
TP-IRQ-042,CG-IRQ-007,cr_source_ctx,ext_dret_exit,0
TP-IRQ-042,CG-IRQ-008,cp_pending_ctx,in_debug_mode,0
TP-IRQ-042,CG-IRQ-008,cr_op_ctx,load_in_debug_mode,0
TP-IRQ-042,CG-IRQ-008,cr_op_ctx,store_in_debug_mode,0
TP-IRQ-042,CG-IRQ-010,cr_line_exit,nmi_ext_dret,0
TP-IRQ-042,CG-IRQ-010,cr_line_mode_post,nmi_ext_debug_mode_taken_before_first_insn,0
TP-IRQ-042,CG-IRQ-010,cr_line_mode_post,nmi_int_debug_mode_taken_before_first_insn,0
TP-IRQ-042,CG-IRQ-010,cr_line_prv,nmi_ext_m,0
TP-IRQ-042,CG-IRQ-010,cr_line_prv,nmi_ext_u,0
TP-IRQ-043,CG-EXC-009,cp_context,in_debug,0
TP-IRQ-043,CG-IRQ-003,cr_transition_state,rise_enabled_debug_mode,0
TP-IRQ-043,CG-IRQ-003,cr_transition_state,rise_enabled_step,0
TP-IRQ-043,CG-IRQ-010,cp_exit_kind,step_complete,0
TP-IRQ-043,CG-IRQ-010,cp_mode,debug_mode,0
TP-IRQ-043,CG-IRQ-010,cp_mode,step_outside,0
TP-IRQ-043,CG-IRQ-010,cr_line_exit,irq_step_complete,0
TP-IRQ-043,CG-IRQ-010,cr_line_exit,nmi_ext_step_complete,0
TP-IRQ-043,CG-IRQ-010,cr_line_mode_post,irq_debug_mode_not_taken,0
TP-IRQ-043,CG-IRQ-010,cr_line_mode_post,irq_step_outside_not_taken,0
TP-IRQ-043,CG-IRQ-010,cr_line_mode_post,nmi_ext_step_outside_not_taken,0
TP-IRQ-044,CG-EXC-012,cr_kind_mie_priv,nmi_int_mie0_m,0
TP-IRQ-044,CG-EXC-012,cr_kind_mie_priv,nmi_int_mie1_m,0
TP-IRQ-044,CG-EXC-012,cr_kind_mie_priv,nmi_int_mie1_u,0
TP-IRQ-044,CG-EXC-012,cr_kind_mtval,nmi_int_data_addr,0
TP-IRQ-044,CG-IRQ-001,cp_line,nmi_int,0
TP-IRQ-044,CG-IRQ-001,cr_line_marks,nmi_int_nmi_int_flag,0
TP-IRQ-044,CG-IRQ-001,cr_line_mepc,nmi_int_sequential,0
TP-IRQ-044,CG-IRQ-001,cr_line_priv_mie,nmi_int_m_mie0,0
TP-IRQ-044,CG-IRQ-001,cr_line_priv_mie,nmi_int_m_mie1,0
TP-IRQ-044,CG-IRQ-001,cr_line_priv_mie,nmi_int_u_mie0,0
TP-IRQ-044,CG-IRQ-007,cp_source,int_ecc,0
TP-IRQ-044,CG-IRQ-007,cr_source_align,int_ecc_half,0
TP-IRQ-044,CG-IRQ-007,cr_source_align,int_ecc_word,0
TP-IRQ-044,CG-IRQ-007,cr_source_ctx,int_ecc_user_code,0
TP-IRQ-044,CG-IRQ-008,cp_err_op,load,0
TP-IRQ-044,CG-IRQ-008,cp_err_op,store,0
TP-IRQ-044,CG-IRQ-008,cr_ctx_taken,idle_one,0
TP-IRQ-044,CG-IRQ-008,cr_ctx_taken,idle_zero,0
TP-IRQ-044,CG-IRQ-008,cr_op_ctx,load_idle,0
TP-IRQ-044,CG-IRQ-008,cr_op_ctx,store_idle,0
TP-IRQ-044,CG-IRQ-008,cr_op_effects,load_alert_pulse,0
TP-IRQ-044,CG-IRQ-008,cr_op_effects,load_rf_wr_suppressed,0
TP-IRQ-044,CG-IRQ-008,cr_op_effects,store_alert_pulse,0
TP-IRQ-044,CG-IRQ-008,cr_op_effects,store_store_no_rf,0
TP-IRQ-044,CG-IRQ-008,cr_op_half,load_aligned,0
TP-IRQ-044,CG-IRQ-008,cr_op_half,load_mis_first,0
TP-IRQ-044,CG-IRQ-008,cr_op_half,load_mis_second,0
TP-IRQ-044,CG-IRQ-008,cr_op_half,store_aligned,0
TP-IRQ-044,CG-IRQ-008,cr_op_half,store_mis_first,0
TP-IRQ-044,CG-IRQ-008,cr_op_half,store_mis_second,0
TP-IRQ-045,CG-IRQ-002,cp_set,nmi_ext_nmi_int,0
TP-IRQ-045,CG-IRQ-002,cr_set_winner,nmi_ext_nmi_int_nmi_ext,0
TP-IRQ-045,CG-IRQ-007,cp_source,both_same_cycle,0
TP-IRQ-045,CG-IRQ-007,cr_source_ctx,both_same_cycle_exc_handler,0
TP-IRQ-045,CG-IRQ-007,cr_source_ctx,both_same_cycle_user_code,0
TP-IRQ-045,CG-IRQ-007,cr_source_ctx,int_ecc_after_mret_still_high,0
TP-IRQ-045,CG-IRQ-008,cp_pending_ctx,ext_nmi_same_cycle,0
TP-IRQ-045,CG-IRQ-008,cr_op_ctx,load_ext_nmi_same_cycle,0
TP-IRQ-045,CG-IRQ-008,cr_op_ctx,store_ext_nmi_same_cycle,0
TP-IRQ-046,CG-IRQ-008,cp_effects,mtval_first_addr,0
TP-IRQ-046,CG-IRQ-008,cp_pending_ctx,second_err_while_pending,0
TP-IRQ-046,CG-IRQ-008,cr_op_ctx,load_second_err_while_pending,0
TP-IRQ-046,CG-IRQ-008,cr_op_ctx,store_second_err_while_pending,0
TP-IRQ-046,CG-IRQ-008,cr_op_effects,load_mtval_first_addr,0
TP-IRQ-046,CG-IRQ-008,cr_op_effects,store_mtval_first_addr,0
TP-IRQ-047,CG-IRQ-007,cp_in_handler,int_err_pending,0
TP-IRQ-047,CG-IRQ-007,cr_handler_mstack,int_err_pending_restore_ok,0
TP-IRQ-047,CG-IRQ-007,cr_source_ctx,int_ecc_exc_handler,0
TP-IRQ-047,CG-IRQ-007,cr_source_ctx,int_ecc_irq_handler,0
TP-IRQ-047,CG-IRQ-008,cp_pending_ctx,in_nmi_handler,0
TP-IRQ-047,CG-IRQ-008,cr_ctx_taken,in_irq_handler_one,0
TP-IRQ-047,CG-IRQ-008,cr_ctx_taken,in_irq_handler_zero,0
TP-IRQ-047,CG-IRQ-008,cr_op_ctx,load_in_irq_handler,0
TP-IRQ-047,CG-IRQ-008,cr_op_ctx,load_in_nmi_handler,0
TP-IRQ-047,CG-IRQ-008,cr_op_ctx,store_in_nmi_handler,0
TP-IRQ-048,CG-IRQ-008,cp_mcause_write,bits29_5_dropped,0
TP-IRQ-048,CG-IRQ-008,cp_mcause_write,c000xx_reads_ffffffe0,0
TP-IRQ-048,CG-IRQ-008,cp_mcause_write,w20_reads_0,0
TP-IRQ-048,CG-IRQ-008,cp_mcause_write,w8000xx_reads_same,0
TP-IRQ-049,CG-IRQ-001,cp_mepc_src,wfi_next,0
TP-IRQ-049,CG-IRQ-001,cr_line_mepc,external_wfi_next,0
TP-IRQ-049,CG-IRQ-004,cr_ctx_outcome,id_wfi_taken,0
TP-IRQ-049,CG-IRQ-009,cp_disabled_high,no,0
TP-IRQ-049,CG-IRQ-009,cp_priv_tw,m,0
TP-IRQ-049,CG-IRQ-009,cp_wake,irq_taken,0
TP-IRQ-049,CG-IRQ-009,cr_priv_wake,m_irq_taken,0
TP-IRQ-049,CG-IRQ-009,cr_wake_busy,irq_taken_off_seen,0
TP-IRQ-049,CG-IRQ-009,cr_wake_line,irq_taken_external,0
TP-IRQ-049,CG-IRQ-009,cr_wake_line,irq_taken_fast,0
TP-IRQ-049,CG-IRQ-009,cr_wake_line,irq_taken_software,0
TP-IRQ-049,CG-IRQ-009,cr_wake_line,irq_taken_timer,0
TP-IRQ-049,CG-IRQ-009,cr_wake_sleep,irq_taken_long,0
TP-IRQ-049,CG-IRQ-009,cr_wake_sleep,irq_taken_medium,0
TP-IRQ-049,CG-IRQ-009,cr_wake_sleep,irq_taken_short,0
TP-IRQ-049,CG-IRQ-009,cr_wb_priv,empty_m,0
TP-IRQ-049,CG-IRQ-009,cr_wb_priv,ls_ok_m,0
TP-IRQ-050,CG-IRQ-009,cp_wake,irq_local_only,0
TP-IRQ-050,CG-IRQ-009,cr_priv_wake,m_irq_local_only,0
TP-IRQ-050,CG-IRQ-009,cr_wake_busy,irq_local_only_off_seen,0
TP-IRQ-050,CG-IRQ-009,cr_wake_line,irq_local_only_fast,0
TP-IRQ-050,CG-IRQ-009,cr_wake_line,irq_local_only_software,0
TP-IRQ-050,CG-IRQ-009,cr_wake_sleep,irq_local_only_medium,0
TP-IRQ-050,CG-IRQ-009,cr_wake_sleep,irq_local_only_short,0
TP-IRQ-051,CG-IRQ-009,cp_disabled_high,yes,0
TP-IRQ-051,CG-IRQ-009,cp_wake,none_long,0
TP-IRQ-051,CG-IRQ-009,cr_disabled_wake,yes_debug_req,0
TP-IRQ-051,CG-IRQ-009,cr_disabled_wake,yes_irq_taken,0
TP-IRQ-051,CG-IRQ-009,cr_disabled_wake,yes_nmi_ext,0
TP-IRQ-051,CG-IRQ-009,cr_disabled_wake,yes_none_long,0
TP-IRQ-051,CG-IRQ-009,cr_priv_wake,m_none_long,0
TP-IRQ-051,CG-IRQ-009,cr_wake_busy,none_long_off_seen,0
TP-IRQ-051,CG-IRQ-009,cr_wake_sleep,none_long_long,0
TP-IRQ-051,CG-IRQ-009,cr_wake_sleep,none_long_medium,0
TP-IRQ-052,CG-IRQ-009,cp_sleep_cycles,passthrough,0
TP-IRQ-052,CG-IRQ-009,cp_wake,already_pending,0
TP-IRQ-052,CG-IRQ-009,cr_priv_wake,m_already_pending,0
TP-IRQ-052,CG-IRQ-009,cr_priv_wake,u_tw0_already_pending,0
TP-IRQ-052,CG-IRQ-009,cr_wake_busy,already_pending_off_not_seen,0
TP-IRQ-052,CG-IRQ-009,cr_wake_busy,already_pending_off_seen,0
TP-IRQ-052,CG-IRQ-009,cr_wake_sleep,already_pending_passthrough,0
TP-IRQ-053,CG-IRQ-001,cr_line_mepc,nmi_ext_wfi_next,0
TP-IRQ-053,CG-IRQ-007,cp_ctx_pre,wfi_sleep,0
TP-IRQ-053,CG-IRQ-007,cr_ctx_priv_mie,wfi_sleep_m_mie0,0
TP-IRQ-053,CG-IRQ-007,cr_ctx_priv_mie,wfi_sleep_u_mie1,0
TP-IRQ-053,CG-IRQ-007,cr_source_ctx,ext_wfi_sleep,0
TP-IRQ-053,CG-IRQ-009,cp_wake,nmi_ext,0
TP-IRQ-053,CG-IRQ-009,cp_wake,nmi_int,0
TP-IRQ-053,CG-IRQ-009,cr_priv_wake,m_nmi_ext,0
TP-IRQ-053,CG-IRQ-009,cr_priv_wake,m_nmi_int,0
TP-IRQ-053,CG-IRQ-009,cr_priv_wake,u_tw0_nmi_ext,0
TP-IRQ-053,CG-IRQ-009,cr_wake_line,nmi_ext_nmi,0
TP-IRQ-053,CG-IRQ-009,cr_wake_sleep,nmi_ext_medium,0
TP-IRQ-053,CG-IRQ-009,cr_wake_sleep,nmi_ext_short,0
TP-IRQ-054,CG-IRQ-009,cp_wake,debug_req,0
TP-IRQ-054,CG-IRQ-009,cp_wake,debug_req_and_irq,0
TP-IRQ-054,CG-IRQ-009,cr_priv_wake,m_debug_req,0
TP-IRQ-054,CG-IRQ-009,cr_priv_wake,m_debug_req_and_irq,0
TP-IRQ-054,CG-IRQ-009,cr_priv_wake,u_tw0_debug_req,0
TP-IRQ-054,CG-IRQ-009,cr_wake_sleep,debug_req_medium,0
TP-IRQ-054,CG-IRQ-010,cr_line_mode_post,irq_debug_mode_taken_before_first_insn,0
TP-IRQ-055,CG-IRQ-009,cp_mcycle,no_sleep,0
TP-IRQ-055,CG-IRQ-009,cp_wake,in_debug_nop,0
TP-IRQ-055,CG-IRQ-009,cr_priv_wake,m_in_debug_nop,0
TP-IRQ-055,CG-IRQ-009,cr_wake_busy,in_debug_nop_off_seen,0
TP-IRQ-055,CG-IRQ-009,cr_wake_mcycle,in_debug_nop_no_sleep,0
TP-IRQ-055,CG-IRQ-009,cr_wake_sleep,in_debug_nop_passthrough,0
TP-IRQ-056,CG-IRQ-009,cp_wake,masked_line_held,0
TP-IRQ-056,CG-IRQ-009,cr_priv_wake,m_masked_line_held,0
TP-IRQ-057,CG-IRQ-001,cr_line_priv_mie,fast_7_u_mie1,0
TP-IRQ-057,CG-IRQ-009,cp_priv_tw,u_tw0,0
TP-IRQ-057,CG-IRQ-009,cr_priv_wake,u_tw0_irq_taken,0
TP-IRQ-057,CG-IRQ-009,cr_priv_wake,u_tw0_none_long,0
TP-IRQ-057,CG-IRQ-009,cr_wb_priv,empty_u_tw0,0
TP-IRQ-058,CG-EXC-006,cr_op_younger,load_wfi,0
TP-IRQ-058,CG-EXC-006,cr_op_younger,store_wfi,0
TP-IRQ-058,CG-IRQ-009,cp_wb_at_wfi,ls_fault,0
TP-IRQ-058,CG-IRQ-009,cp_wb_at_wfi,ls_ok,0
TP-IRQ-058,CG-IRQ-009,cr_wb_priv,ls_fault_m,0
TP-IRQ-058,CG-IRQ-009,cr_wb_priv,ls_fault_u_tw0,0
TP-IRQ-058,CG-IRQ-009,cr_wb_priv,ls_ok_m,0
TP-IRQ-059,CG-IRQ-001,cr_line_mepc,nmi_ext_boot_pc,0
TP-IRQ-059,CG-IRQ-004,cr_ctx_outcome,reset_release_taken,0
TP-IRQ-059,CG-IRQ-007,cp_ctx_pre,reset_release,0
TP-IRQ-059,CG-IRQ-007,cr_source_ctx,ext_reset_release,0
TP-IRQ-059,CG-IRQ-011,cp_first_event,boot_insn,0
TP-IRQ-059,CG-IRQ-011,cp_first_event,debug_before_insn,0
TP-IRQ-059,CG-IRQ-011,cp_first_event,nmi_before_insn,0
TP-IRQ-059,CG-IRQ-011,cp_lines_at_reset,debug_and_nmi,0
TP-IRQ-059,CG-IRQ-011,cp_lines_at_reset,debug_and_regular,0
TP-IRQ-059,CG-IRQ-011,cp_lines_at_reset,nmi_and_regular,0
TP-IRQ-059,CG-IRQ-011,cp_lines_at_reset,nmi_only,0
TP-IRQ-059,CG-IRQ-011,cp_lines_at_reset,none,0
TP-IRQ-059,CG-IRQ-011,cp_lines_at_reset,regular_only,0
TP-IRQ-059,CG-IRQ-011,cp_reset_reads,mie_0,0
TP-IRQ-059,CG-IRQ-011,cp_reset_reads,mip_reflects_pins,0
TP-IRQ-059,CG-IRQ-011,cp_reset_reads,mstatus_0x80,0
TP-IRQ-059,CG-IRQ-011,cr_lines_first,debug_and_nmi_debug_before_insn,0
TP-IRQ-059,CG-IRQ-011,cr_lines_first,debug_and_regular_debug_before_insn,0
TP-IRQ-059,CG-IRQ-011,cr_lines_first,nmi_and_regular_nmi_before_insn,0
TP-IRQ-059,CG-IRQ-011,cr_lines_first,nmi_only_nmi_before_insn,0
TP-IRQ-059,CG-IRQ-011,cr_lines_first,none_boot_insn,0
TP-IRQ-059,CG-IRQ-011,cr_lines_first,regular_only_boot_insn,0
TP-IRQ-060,CG-IRQ-011,cp_fetch_off,irq_arrives_while_off,0
TP-IRQ-060,CG-IRQ-011,cp_fetch_off,irq_pending_while_off_csr_updated,0
TP-IRQ-060,CG-IRQ-011,cp_fetch_off,nmi_while_off,0
TP-IRQ-060,CG-IRQ-011,cp_fetch_off,none_pending_while_off,0
TP-IRQ-060,CG-IRQ-011,cp_fetch_on_after,handler_fetched_at_on,0
TP-IRQ-060,CG-IRQ-011,cp_fetch_on_after,resume_at_on,0
TP-IRQ-060,CG-IRQ-011,cr_off_on,irq_arrives_while_off_handler_fetched_at_on,0
TP-IRQ-060,CG-IRQ-011,cr_off_on,irq_pending_while_off_csr_updated_handler_fetched_at_on,0
TP-IRQ-060,CG-IRQ-011,cr_off_on,nmi_while_off_handler_fetched_at_on,0
TP-IRQ-060,CG-IRQ-011,cr_off_on,none_pending_while_off_resume_at_on,0
TP-IRQ-061,CG-IRQ-001,cp_rvfi_marks,exc_handler_first_intr0,0
TP-IRQ-061,CG-IRQ-001,cp_rvfi_marks,intr_with_pre_mip,0
TP-IRQ-061,CG-IRQ-001,cp_rvfi_marks,irq_valid_pulse,0
TP-IRQ-061,CG-IRQ-001,cp_rvfi_marks,nmi_flag,0
TP-IRQ-061,CG-IRQ-001,cp_rvfi_marks,nmi_int_flag,0
TP-IRQ-061,CG-IRQ-001,cp_rvfi_marks,pre_post_mip_differ,0
TP-IRQ-061,CG-IRQ-001,cp_rvfi_marks,pre_post_mip_equal,0
TP-IRQ-061,CG-IRQ-001,cr_line_marks,external_irq_valid_pulse,0
TP-IRQ-062,CG-IRQ-001,cp_mepc_src,branch_target,0
TP-IRQ-062,CG-IRQ-001,cp_mepc_src,dret_target,0
TP-IRQ-062,CG-IRQ-001,cp_mepc_src,jump_target,0
TP-IRQ-062,CG-IRQ-001,cp_mepc_src,mret_target,0
TP-IRQ-062,CG-IRQ-001,cr_line_mepc,external_jump_target,0
TP-IRQ-062,CG-IRQ-001,cr_line_mepc,fast_9_dret_target,0
TP-IRQ-062,CG-IRQ-001,cr_line_mepc,software_mret_target,0
TP-IRQ-062,CG-IRQ-001,cr_line_mepc,timer_branch_target,0
TP-IRQ-063,CG-IRQ-003,cp_transition,mie_set_pin_high,0
TP-IRQ-063,CG-IRQ-003,cr_transition_state,mie_set_pin_high_mie1_m,0
TP-IRQ-063,CG-IRQ-004,cp_ctx,id_csr_enable,0
TP-IRQ-063,CG-IRQ-004,cr_ctx_outcome,id_csr_enable_taken,0
TP-IRQ-064,CG-IRQ-003,cp_transition,mie_clear_pin_high,0
TP-IRQ-064,CG-IRQ-003,cr_transition_state,mie_clear_pin_high_mie1_m,0
TP-IRQ-064,CG-IRQ-004,cp_ctx,id_csr_disable,0
TP-IRQ-064,CG-IRQ-004,cp_outcome,masked_by_write,0
TP-IRQ-064,CG-IRQ-004,cr_ctx_outcome,id_csr_disable_masked_by_write,0
TP-IRQ-065,CG-IRQ-001,cr_line_others,timer_only_this,0
TP-IRQ-065,CG-IRQ-002,cp_winner,timer,0
TP-IRQ-065,CG-IRQ-002,cr_drain_winner,last18_timer,0
TP-IRQ-065,CG-IRQ-002,cr_set_winner,external_timer_external,0
TP-IRQ-065,CG-IRQ-002,cr_set_winner,fast_timer_fast,0
TP-IRQ-065,CG-IRQ-002,cr_set_winner,software_timer_software,0
TP-IRQ-066,CG-IRQ-004,cp_ctx,first_fetch_wake,0
TP-IRQ-066,CG-IRQ-004,cr_ctx_latency,first_fetch_wake_two,0
TP-IRQ-066,CG-IRQ-004,cr_ctx_outcome,first_fetch_wake_taken,0
TP-IRQ-066,CG-IRQ-009,cr_wake_sleep,irq_taken_passthrough,0
TP-IRQ-067,CG-IRQ-011,cp_boot_mret,to_u_mie1,0
TP-IRQ-067,CG-IRQ-011,cp_reset_reads,mie_0,0
TP-IRQ-067,CG-IRQ-011,cp_reset_reads,mstatus_0x80,0
TP-IRQ-068,CG-IRQ-009,cp_busy_off,off_not_seen,0
TP-IRQ-068,CG-IRQ-009,cp_busy_off,off_seen,0
TP-IRQ-068,CG-IRQ-009,cp_mcycle,counted_through_sleep,0
TP-IRQ-068,CG-IRQ-009,cp_sleep_cycles,long,0
TP-IRQ-068,CG-IRQ-009,cp_sleep_cycles,medium,0
TP-IRQ-068,CG-IRQ-009,cp_sleep_cycles,short,0
TP-IRQ-068,CG-IRQ-009,cr_wake_mcycle,irq_taken_counted_through_sleep,0
TP-IRQ-068,CG-IRQ-009,cr_wake_mcycle,none_long_counted_through_sleep,0
TP-IRQ-069,CG-IRQ-009,cp_wake,step_nop,0
TP-IRQ-069,CG-IRQ-009,cr_priv_wake,m_step_nop,0
TP-IRQ-069,CG-IRQ-009,cr_wake_busy,step_nop_off_seen,0
TP-IRQ-069,CG-IRQ-009,cr_wake_sleep,step_nop_passthrough,0
TP-IRQ-069,CG-IRQ-010,cp_exit_kind,step_complete,0
TP-IRQ-069,CG-IRQ-010,cr_line_exit,irq_step_complete,0
TP-IRQ-070,CG-IRQ-003,cp_state,debug_mode,0
TP-IRQ-070,CG-IRQ-003,cp_state,mie0_m,0
TP-IRQ-070,CG-IRQ-003,cp_state,mie1_m,0
TP-IRQ-070,CG-IRQ-003,cp_state,nmi_mode,0
TP-IRQ-070,CG-IRQ-003,cp_state,sleep,0
TP-IRQ-070,CG-IRQ-003,cp_state,step,0
TP-IRQ-070,CG-IRQ-003,cp_state,u_mode,0
TP-IRQ-070,CG-IRQ-003,cr_transition_line,mie_clear_pin_high_external,0
TP-IRQ-070,CG-IRQ-003,cr_transition_state,mie_clear_pin_high_mie1_m,0
TP-IRQ-070,CG-IRQ-003,cr_transition_state,mie_set_pin_high_mie0_m,0
TP-IRQ-071,CG-IRQ-001,cr_line_priv_mie,external_u_mie1,0
TP-IRQ-071,CG-IRQ-001,cr_line_priv_mie,fast_14_m_mie1,0
TP-IRQ-071,CG-IRQ-001,cr_line_priv_mie,timer_u_mie1,0
TP-IRQ-071,CG-IRQ-002,cr_late_winner,lower_added_fast,0
TP-IRQ-071,CG-IRQ-002,cr_set_winner,three_plus_fast,0
TP-IRQ-071,CG-IRQ-003,cr_transition_line,rise_disabled_fast_mid,0
TP-IRQ-071,CG-IRQ-004,cr_ctx_outcome,id_alu_taken,0
TP-IRQ-071,CG-IRQ-004,cr_ctx_outcome,id_branch_taken,0
TP-IRQ-071,CG-IRQ-004,cr_pulse_change_outcome,level_until_ack_stable_taken,0
TP-IRQ-071,CG-IRQ-004,cr_pulse_change_outcome,one_dropped_all_withdrawn,0
TP-IRQ-071,CG-IRQ-004,cr_pulse_change_outcome,three_plus_stable_taken,0
TP-IRQ-071,CG-IRQ-005,cr_state_reentry,dropped_by_ack_later,0
TP-IRQ-071,CG-IRQ-005,cr_state_reentry,still_high_same_immediate,0
TP-IRQ-071,CG-IRQ-006,cr_id_base,fast_0_sw_legalised,0
TP-IRQ-071,CG-IRQ-006,cr_id_base,id3_sw_legalised,0
TP-IRQ-071,CG-IRQ-012,cr_hold_class,held_until_taken_multi,0
TP-IRQ-071,CG-IRQ-012,cr_hold_class,held_until_taken_single,0
TP-IRQ-071,CG-IRQ-012,cr_hold_class,pulse1_single,0
TP-IRQ-071,CG-IRQ-012,cr_triple,idle_idle_multi,0
TP-IRQ-071,CG-IRQ-012,cr_triple,idle_idle_single,0
TP-IRQ-072,CG-EXC-006,cr_latency_irq,long_pending,0
TP-IRQ-072,CG-EXC-013,cr_wb_irq_ibus,wb_ls_fault_wins_irq_enabled_rvalid_pending,0
TP-IRQ-072,CG-EXC-013,cr_wb_irq_ibus,wb_ls_fault_wins_nmi_rvalid_pending,0
TP-IRQ-072,CG-IRQ-004,cp_ctx,fetch_stall_gnt,0
TP-IRQ-072,CG-IRQ-004,cp_ctx,fetch_stall_rvalid,0
TP-IRQ-072,CG-IRQ-004,cr_ctx_latency,fetch_stall_rvalid_long,0
TP-IRQ-072,CG-IRQ-004,cr_ctx_outcome,fetch_stall_gnt_taken,0
TP-IRQ-072,CG-IRQ-004,cr_ctx_outcome,fetch_stall_rvalid_taken,0
TP-IRQ-072,CG-IRQ-012,cp_ibus,gnt_pending,0
TP-IRQ-072,CG-IRQ-012,cp_ibus,idle,0
TP-IRQ-072,CG-IRQ-012,cp_ibus,rvalid_pending,0
TP-IRQ-072,CG-IRQ-012,cr_triple,idle_idle_with_nmi,0
TP-IRQ-072,CG-IRQ-012,cr_triple,rvalid_err_now_rvalid_pending_multi,0
TP-IRQ-072,CG-IRQ-012,cr_triple,rvalid_err_now_rvalid_pending_nmi_int_only,0
TP-IRQ-072,CG-IRQ-012,cr_triple,rvalid_err_now_rvalid_pending_single,0
TP-IRQ-072,CG-IRQ-012,cr_triple,rvalid_err_now_rvalid_pending_with_nmi,0
TP-IRQ-073,CG-IRQ-002,cr_set_winner,nmi_fast_nmi_ext,0
TP-IRQ-073,CG-IRQ-007,cr_ctx_priv_mie,irq_handler_m_mie0,0
TP-IRQ-073,CG-IRQ-007,cr_source_ctx,both_same_cycle_user_code,0
TP-IRQ-073,CG-IRQ-007,cr_source_ctx,int_ecc_exc_handler,0
TP-IRQ-073,CG-IRQ-007,cr_source_ctx,int_ecc_irq_handler,0
TP-IRQ-073,CG-IRQ-008,cr_ctx_taken,in_irq_handler_one,0
TP-IRQ-073,CG-IRQ-008,cr_ctx_taken,in_irq_handler_zero,0
TP-IRQ-073,CG-IRQ-008,cr_op_ctx,load_in_irq_handler,0
TP-IRQ-073,CG-IRQ-008,cr_op_half,store_mis_second,0
TP-IRQ-073,CG-IRQ-012,cp_irq_class,nmi_int_only,0
TP-IRQ-073,CG-IRQ-012,cp_irq_class,with_nmi,0
TP-IRQ-073,CG-IRQ-012,cr_hold_class,held_until_taken_with_nmi,0
TP-IRQ-074,CG-IRQ-001,cp_u_path,dret_prv_u,0
TP-IRQ-074,CG-IRQ-001,cr_line_priv_mie,external_u_mie1,0
TP-IRQ-074,CG-IRQ-001,cr_line_priv_mie,fast_7_u_mie1,0
TP-IRQ-074,CG-IRQ-001,cr_line_priv_mie,timer_u_mie1,0
TP-IRQ-074,CG-IRQ-001,cr_upath_pending,mret_mpp_u_already_pending_mie1,0
TP-IRQ-074,CG-IRQ-001,cr_upath_pending,mret_mpp_u_arrived_later_mie0,0
TP-IRQ-074,CG-IRQ-001,cr_upath_pending,mret_mpp_u_arrived_later_mie1,0
TP-IRQ-074,CG-IRQ-009,cr_priv_wake,m_irq_local_only,0
TP-IRQ-074,CG-IRQ-009,cr_priv_wake,u_tw0_irq_taken,0
TP-IRQ-074,CG-IRQ-009,cr_priv_wake,u_tw0_nmi_ext,0
TP-IRQ-074,CG-IRQ-009,cr_priv_wake,u_tw0_none_long,0
TP-IRQ-075,CG-IRQ-003,cr_transition_state,fall_last_debug_mode,0
TP-IRQ-075,CG-IRQ-003,cr_transition_state,rise_enabled_debug_mode,0
TP-IRQ-075,CG-IRQ-008,cp_pending_ctx,in_debug_mode,0
TP-IRQ-075,CG-IRQ-008,cr_op_ctx,load_in_debug_mode,0
TP-IRQ-075,CG-IRQ-008,cr_op_ctx,store_in_debug_mode,0
TP-IRQ-075,CG-IRQ-010,cp_duration,held_through_exit,0
TP-IRQ-075,CG-IRQ-010,cr_line_mode_post,irq_debug_mode_not_taken,0
TP-IRQ-075,CG-IRQ-010,cr_line_mode_post,irq_debug_mode_taken_before_first_insn,0
TP-IRQ-075,CG-IRQ-010,cr_line_mode_post,nmi_ext_debug_mode_not_taken,0
TP-IRQ-075,CG-IRQ-010,cr_line_mode_post,nmi_ext_debug_mode_taken_before_first_insn,0
TP-IRQ-075,CG-IRQ-010,cr_line_prv,irq_u,0
TP-IRQ-075,CG-IRQ-010,cr_line_prv,nmi_ext_u,0
TP-IRQ-076,CG-EXC-008,cr_event_pos,irq_during_expanded_first,0
TP-IRQ-076,CG-EXC-008,cr_event_pos,irq_during_expanded_last,0
TP-IRQ-076,CG-EXC-008,cr_event_pos,irq_during_expanded_middle,0
TP-IRQ-076,CG-EXC-008,cr_seq_event,cm_pop_irq_during_commit_deferred,0
TP-IRQ-076,CG-EXC-008,cr_seq_event,cm_pop_irq_during_expanded,0
TP-IRQ-076,CG-EXC-008,cr_seq_event,cm_popret_irq_during_commit_deferred,0
TP-IRQ-076,CG-EXC-008,cr_seq_event,cm_popret_irq_during_expanded,0
TP-IRQ-076,CG-EXC-008,cr_seq_event,cm_popretz_irq_during_commit_deferred,0
TP-IRQ-076,CG-EXC-008,cr_seq_event,cm_popretz_irq_during_expanded,0
TP-IRQ-076,CG-EXC-008,cr_seq_event,cm_push_irq_during_commit_deferred,0
TP-IRQ-076,CG-EXC-008,cr_seq_event,cm_push_irq_during_expanded,0
TP-IRQ-076,CG-IRQ-004,cr_ctx_latency,zcmp_commit_six_ten,0
TP-IRQ-076,CG-IRQ-004,cr_ctx_latency,zcmp_expanded_three_five,0
TP-IRQ-077,CG-IRQ-003,cr_transition_line,mie_clear_pin_high_external,0
TP-IRQ-077,CG-IRQ-003,cr_transition_state,mie_clear_pin_high_mie1_m,0
TP-IRQ-077,CG-IRQ-003,cr_transition_state,mie_set_pin_high_mie0_m,0
TP-IRQ-077,CG-IRQ-004,cp_ctx,id_csr_flush,0
TP-IRQ-077,CG-IRQ-004,cr_ctx_outcome,id_csr_disable_masked_by_write,0
TP-IRQ-077,CG-IRQ-004,cr_ctx_outcome,id_csr_enable_taken,0
TP-IRQ-077,CG-IRQ-004,cr_ctx_outcome,id_csr_flush_taken,0
TP-IRQ-077,CG-IRQ-004,cr_ctx_outcome,id_csr_mtvec_taken,0
TP-IRQ-077,CG-IRQ-005,cr_nesting_mtvec,depth1_rewritten,0
TP-IRQ-078,CG-IRQ-003,cr_transition_state,rise_enabled_nmi_mode,0
TP-IRQ-078,CG-IRQ-007,cp_in_handler,debug_session_nmi_mode_kept,0
TP-IRQ-078,CG-IRQ-007,cp_in_handler,nmi_reasserted_ignored,0
TP-IRQ-078,CG-IRQ-007,cr_handler_mstack,debug_session_nmi_mode_kept_restore_ok,0
TP-IRQ-078,CG-IRQ-010,cp_mode,debug_in_nmi_handler,0
TP-IRQ-078,CG-IRQ-010,cr_line_exit,irq_dret,0
TP-IRQ-078,CG-IRQ-010,cr_line_exit,irq_step_complete,0
TP-IRQ-078,CG-IRQ-010,cr_line_mode_post,irq_debug_in_nmi_handler_not_taken,0
TP-IRQ-078,CG-IRQ-010,cr_line_mode_post,nmi_ext_debug_in_nmi_handler_not_taken,0
TP-ISA-001,CG-ISA-001,cp_op,addi,0
TP-ISA-001,CG-ISA-001,cp_op,andi,0
TP-ISA-001,CG-ISA-001,cp_op,ori,0
TP-ISA-001,CG-ISA-001,cp_op,slti,0
TP-ISA-001,CG-ISA-001,cp_op,sltiu,0
TP-ISA-001,CG-ISA-001,cp_op,xori,0
TP-ISA-001,CG-ISA-001,cr_op_imm,auto,0
TP-ISA-001,CG-ISA-001,cr_op_rd_x0,auto,0
TP-ISA-001,CG-ISA-001,cr_op_rs1,auto,0
TP-ISA-002,CG-ISA-001,cp_addi_wrap,neg_wrap,0
TP-ISA-002,CG-ISA-001,cp_addi_wrap,pos_wrap,0
TP-ISA-002,CG-ISA-001,cp_result_class,int_max,0
TP-ISA-002,CG-ISA-001,cp_result_class,int_min,0
TP-ISA-003,CG-ISA-001,cp_slt_case,eq,0
TP-ISA-003,CG-ISA-001,cp_slt_case,slti_0_neg,0
TP-ISA-003,CG-ISA-001,cp_slt_case,slti_intmin_0,0
TP-ISA-003,CG-ISA-001,cp_slt_case,sltiu_imm_m1,0
TP-ISA-003,CG-ISA-001,cp_slt_case,sltiu_ones_m1,0
TP-ISA-003,CG-ISA-001,cp_slt_case,sltiu_seqz,0
TP-ISA-003,CG-ISA-001,cr_slt,auto,0
TP-ISA-004,CG-ISA-001,cp_rd_x0,yes,0
TP-ISA-004,CG-ISA-002,cp_rd_x0,yes,0
TP-ISA-004,CG-ISA-003,cp_rd_x0,yes,0
TP-ISA-004,CG-ISA-004,cp_rd_x0,yes,0
TP-ISA-004,CG-ISA-005,cp_hint_class,add_x0,0
TP-ISA-004,CG-ISA-005,cp_hint_class,addi_x0_nzimm,0
TP-ISA-004,CG-ISA-005,cp_hint_class,and_x0,0
TP-ISA-004,CG-ISA-005,cp_hint_class,andi_x0,0
TP-ISA-004,CG-ISA-005,cp_hint_class,auipc_x0,0
TP-ISA-004,CG-ISA-005,cp_hint_class,canonical_nop,0
TP-ISA-004,CG-ISA-005,cp_hint_class,lui_x0,0
TP-ISA-004,CG-ISA-005,cp_hint_class,or_x0,0
TP-ISA-004,CG-ISA-005,cp_hint_class,ori_x0,0
TP-ISA-004,CG-ISA-005,cp_hint_class,sll_x0,0
TP-ISA-004,CG-ISA-005,cp_hint_class,slli_x0_other,0
TP-ISA-004,CG-ISA-005,cp_hint_class,slli_x0_semihost,0
TP-ISA-004,CG-ISA-005,cp_hint_class,slt_x0,0
TP-ISA-004,CG-ISA-005,cp_hint_class,slti_x0,0
TP-ISA-004,CG-ISA-005,cp_hint_class,sltiu_x0,0
TP-ISA-004,CG-ISA-005,cp_hint_class,sltu_x0,0
TP-ISA-004,CG-ISA-005,cp_hint_class,sra_x0,0
TP-ISA-004,CG-ISA-005,cp_hint_class,srai_x0_other,0
TP-ISA-004,CG-ISA-005,cp_hint_class,srai_x0_semihost,0
TP-ISA-004,CG-ISA-005,cp_hint_class,srl_x0,0
TP-ISA-004,CG-ISA-005,cp_hint_class,srli_x0,0
TP-ISA-004,CG-ISA-005,cp_hint_class,sub_x0,0
TP-ISA-004,CG-ISA-005,cp_hint_class,xor_x0,0
TP-ISA-004,CG-ISA-005,cp_hint_class,xori_x0,0
TP-ISA-004,CG-ISA-005,cp_x0_read,rs1_zero,0
TP-ISA-004,CG-ISA-005,cp_x0_read,rs2_zero,0
TP-ISA-005,CG-ISA-004,cp_op,auipc,0
TP-ISA-005,CG-ISA-004,cp_op,lui,0
TP-ISA-005,CG-ISA-004,cp_pc_align,half,0
TP-ISA-005,CG-ISA-004,cp_pc_align,word,0
TP-ISA-005,CG-ISA-004,cr_op_imm,auto,0
TP-ISA-006,CG-ISA-004,cp_imm20,all_ones,0
TP-ISA-006,CG-ISA-004,cp_imm20,zero,0
TP-ISA-006,CG-ISA-004,cp_pc_region,high,0
TP-ISA-006,CG-ISA-004,cr_auipc_pc,auipc_half_nowrap,0
TP-ISA-006,CG-ISA-004,cr_auipc_pc,auipc_half_wrap,0
TP-ISA-006,CG-ISA-004,cr_auipc_pc,auipc_word_nowrap,0
TP-ISA-006,CG-ISA-004,cr_auipc_pc,auipc_word_wrap,0
TP-ISA-007,CG-ISA-002,cp_op,add,0
TP-ISA-007,CG-ISA-002,cp_op,and,0
TP-ISA-007,CG-ISA-002,cp_op,or,0
TP-ISA-007,CG-ISA-002,cp_op,slt,0
TP-ISA-007,CG-ISA-002,cp_op,sltu,0
TP-ISA-007,CG-ISA-002,cp_op,sub,0
TP-ISA-007,CG-ISA-002,cp_op,xor,0
TP-ISA-007,CG-ISA-002,cr_op_rd_x0,auto,0
TP-ISA-007,CG-ISA-002,cr_op_rs1,auto,0
TP-ISA-007,CG-ISA-002,cr_op_rs2,auto,0
TP-ISA-007,CG-ISA-002,cr_op_same,auto,0
TP-ISA-007,CG-ISA-002,cr_op_sign,auto,0
TP-ISA-008,CG-ISA-002,cp_result_class,all_ones,0
TP-ISA-008,CG-ISA-002,cp_result_class,int_max,0
TP-ISA-008,CG-ISA-002,cp_result_class,zero,0
TP-ISA-008,CG-ISA-002,cp_wrap,add_carry,0
TP-ISA-008,CG-ISA-002,cp_wrap,add_neg_ovf,0
TP-ISA-008,CG-ISA-002,cp_wrap,add_pos_ovf,0
TP-ISA-008,CG-ISA-002,cp_wrap,sub_borrow,0
TP-ISA-008,CG-ISA-002,cp_wrap,sub_ovf,0
TP-ISA-008,CG-ISA-002,cr_wrap,auto,0
TP-ISA-009,CG-ISA-002,cp_eq_operands,yes,0
TP-ISA-009,CG-ISA-002,cr_op_eq,auto,0
TP-ISA-009,CG-ISA-002,cr_slt_boundary,auto,0
TP-ISA-010,CG-ISA-003,cp_op,slli,0
TP-ISA-010,CG-ISA-003,cp_op,srai,0
TP-ISA-010,CG-ISA-003,cp_op,srli,0
TP-ISA-010,CG-ISA-003,cr_op_operand,auto,0
TP-ISA-010,CG-ISA-003,cr_op_shamt,auto,0
TP-ISA-011,CG-ISA-003,cp_result_class,c0000000,0
TP-ISA-011,CG-ISA-003,cp_result_class,msb_only,0
TP-ISA-011,CG-ISA-003,cp_result_class,one,0
TP-ISA-011,CG-ISA-003,cp_shamt,s0,0
TP-ISA-011,CG-ISA-003,cp_shamt,s31,0
TP-ISA-011,CG-ISA-003,cr_sra_sign,slli_lsb_31,0
TP-ISA-011,CG-ISA-003,cr_sra_sign,sra_msb_1,0
TP-ISA-011,CG-ISA-003,cr_sra_sign,sra_neg_31,0
TP-ISA-011,CG-ISA-003,cr_sra_sign,sra_pos_31,0
TP-ISA-011,CG-ISA-003,cr_sra_sign,srai_msb_1,0
TP-ISA-011,CG-ISA-003,cr_sra_sign,srai_neg_31,0
TP-ISA-011,CG-ISA-003,cr_sra_sign,srai_pos_31,0
TP-ISA-011,CG-ISA-003,cr_sra_sign,srli_msb_31,0
TP-ISA-012,CG-BIT-003,cr_sloi_lenient,auto,0
TP-ISA-012,CG-BIT-008,cp_fsri_hi5,srai_pattern,0
TP-ISA-012,CG-BIT-008,cp_fsri_hi5,srli_pattern,0
TP-ISA-012,CG-BIT-008,cp_op,fsri,0
TP-ISA-012,CG-ISA-011,cp_class,shift_imm_bit25,0
TP-ISA-012,CG-ISA-011,cp_len,w32,0
TP-ISA-012,CG-ISA-011,cp_mepc_ok,yes,0
TP-ISA-012,CG-ISA-011,cp_mtval_ok,yes,0
TP-ISA-012,CG-ISA-011,cr_class_priv,auto,0
TP-ISA-013,CG-ISA-003,cp_op,sll,0
TP-ISA-013,CG-ISA-003,cp_op,sra,0
TP-ISA-013,CG-ISA-003,cp_op,srl,0
TP-ISA-013,CG-ISA-003,cp_rs2_upper,zero,0
TP-ISA-013,CG-ISA-003,cr_op_rd_x0,auto,0
TP-ISA-014,CG-ISA-003,cp_rs2_upper,all_ones,0
TP-ISA-014,CG-ISA-003,cp_rs2_upper,ffffffe0,0
TP-ISA-014,CG-ISA-003,cp_rs2_upper,is32,0
TP-ISA-014,CG-ISA-003,cp_rs2_upper,is33,0
TP-ISA-014,CG-ISA-003,cp_rs2_upper,msb_only,0
TP-ISA-014,CG-ISA-003,cp_rs2_upper,other_nonzero,0
TP-ISA-014,CG-ISA-003,cr_reg_upper,auto,0
TP-ISA-015,CG-ISA-006,cp_op,jal,0
TP-ISA-015,CG-ISA-006,cp_rd_class,other,0
TP-ISA-015,CG-ISA-006,cp_rd_class,x0,0
TP-ISA-015,CG-ISA-006,cp_rd_class,x1,0
TP-ISA-015,CG-ISA-006,cp_rd_class,x5,0
TP-ISA-015,CG-ISA-006,cr_link,jal_pc4,0
TP-ISA-015,CG-ISA-006,cr_op_align,auto,0
TP-ISA-016,CG-ISA-006,cp_jal_off,max_bwd,0
TP-ISA-016,CG-ISA-006,cp_jal_off,max_fwd,0
TP-ISA-016,CG-ISA-006,cp_jal_off,self,0
TP-ISA-016,CG-ISA-006,cr_jal_off_rd,auto,0
TP-ISA-016,CG-ISA-006,cr_op_wrap,auto,0
TP-ISA-016,CG-ISA-006,cr_zero_page_bwd,jal_zero_page_neg,0
TP-ISA-017,CG-CMP-002,cp_link,pc2,0
TP-ISA-017,CG-ISA-006,cr_link,c_jal_pc2,0
TP-ISA-017,CG-ISA-006,cr_link,c_jalr_pc2,0
TP-ISA-017,CG-ISA-006,cr_link,jal_pc4,0
TP-ISA-017,CG-ISA-006,cr_link,jalr_pc4,0
TP-ISA-018,CG-ISA-006,cp_jalr_imm,max_pos,0
TP-ISA-018,CG-ISA-006,cp_jalr_imm,min_neg,0
TP-ISA-018,CG-ISA-006,cp_jalr_imm,zero,0
TP-ISA-018,CG-ISA-006,cp_op,jalr,0
TP-ISA-018,CG-ISA-006,cr_jalr_rs1_imm,auto,0
TP-ISA-018,CG-ISA-006,cr_link,jalr_pc4,0
TP-ISA-019,CG-BTALU-002,cp_odd_sum,yes,0
TP-ISA-019,CG-ISA-006,cp_jalr_imm,odd,0
TP-ISA-019,CG-ISA-006,cr_odd,c_jalr_odd,0
TP-ISA-019,CG-ISA-006,cr_odd,c_jr_odd,0
TP-ISA-019,CG-ISA-006,cr_odd,jalr_odd,0
TP-ISA-020,CG-ISA-006,cp_jalr_rs1,eq_rd,0
TP-ISA-020,CG-ISA-006,cr_jalr_rs1_imm,auto,0
TP-ISA-021,CG-ISA-011,cp_class,jalr_f3,0
TP-ISA-021,CG-ISA-011,cr_class_len,auto,0
TP-ISA-022,CG-ISA-006,cp_jalr_imm,max_pos,0
TP-ISA-022,CG-ISA-006,cp_jalr_imm,min_neg,0
TP-ISA-022,CG-ISA-006,cp_jalr_rs1,x0,0
TP-ISA-022,CG-ISA-006,cp_pc_region,high,0
TP-ISA-022,CG-ISA-006,cp_wrap,yes,0
TP-ISA-023,CG-ISA-007,cp_op,beq,0
TP-ISA-023,CG-ISA-007,cp_op,bge,0
TP-ISA-023,CG-ISA-007,cp_op,bgeu,0
TP-ISA-023,CG-ISA-007,cp_op,blt,0
TP-ISA-023,CG-ISA-007,cp_op,bltu,0
TP-ISA-023,CG-ISA-007,cp_op,bne,0
TP-ISA-023,CG-ISA-007,cr_op_align,auto,0
TP-ISA-023,CG-ISA-007,cr_op_taken_cmp,auto,0
TP-ISA-024,CG-ISA-007,cp_delta,d1,0
TP-ISA-024,CG-ISA-007,cp_delta,d2,0
TP-ISA-024,CG-ISA-007,cr_taken_dit_delta,nt_dit0_d1,0
TP-ISA-024,CG-ISA-007,cr_taken_dit_delta,t_dit0_d2,0
TP-ISA-024,CG-ISA-007,cr_taken_dit_delta,t_dit0_d3plus,0
TP-ISA-025,CG-ISA-011,cp_class,branch_f3,0
TP-ISA-025,CG-ISA-011,cr_class_priv,auto,0
TP-ISA-026,CG-ISA-007,cp_offset,max_bwd,0
TP-ISA-026,CG-ISA-007,cp_offset,max_fwd,0
TP-ISA-026,CG-ISA-007,cp_offset,self,0
TP-ISA-026,CG-ISA-007,cp_wrap,yes,0
TP-ISA-026,CG-ISA-007,cr_op_offset_taken,auto,0
TP-ISA-026,CG-ISA-007,cr_wrap,auto,0
TP-ISA-027,CG-ISA-007,cp_cmp_class,both_msb_eq,0
TP-ISA-027,CG-ISA-007,cp_cmp_class,equal,0
TP-ISA-027,CG-ISA-007,cp_cmp_class,intmin_zero,0
TP-ISA-027,CG-ISA-007,cp_cmp_class,ones_zero,0
TP-ISA-027,CG-ISA-007,cp_cmp_class,sgt_ult,0
TP-ISA-027,CG-ISA-007,cp_cmp_class,slt_ugt,0
TP-ISA-027,CG-ISA-007,cp_cmp_class,zero_intmin,0
TP-ISA-027,CG-ISA-007,cp_cmp_class,zero_ones,0
TP-ISA-027,CG-ISA-007,cr_op_taken_cmp,auto,0
TP-ISA-028,CG-ISA-011,cp_class,load_f3,0
TP-ISA-028,CG-ISA-011,cp_class,store_f3,0
TP-ISA-028,CG-ISA-011,cr_class_priv,auto,0
TP-ISA-029,CG-ISA-008,cp_fence_fields,canonical,0
TP-ISA-029,CG-ISA-008,cp_fence_fields,fm_other,0
TP-ISA-029,CG-ISA-008,cp_fence_fields,pred_zero,0
TP-ISA-029,CG-ISA-008,cp_fence_fields,rd_nonzero,0
TP-ISA-029,CG-ISA-008,cp_fence_fields,rs1_nonzero,0
TP-ISA-029,CG-ISA-008,cp_fence_fields,succ_zero,0
TP-ISA-029,CG-ISA-008,cp_fence_fields,tso,0
TP-ISA-029,CG-ISA-008,cp_op,fence,0
TP-ISA-029,CG-ISA-008,cr_fence_fields,auto,0
TP-ISA-030,CG-ISA-008,cp_icache_en,off,0
TP-ISA-030,CG-ISA-008,cp_icache_en,on,0
TP-ISA-030,CG-ISA-008,cp_op,fence_i,0
TP-ISA-030,CG-ISA-008,cp_refetch,yes,0
TP-ISA-030,CG-ISA-008,cr_fencei,auto,0
TP-ISA-031,CG-ISA-008,cp_fencei_fields,all_nonzero,0
TP-ISA-031,CG-ISA-008,cp_fencei_fields,imm_nonzero,0
TP-ISA-031,CG-ISA-008,cp_fencei_fields,rd_nonzero,0
TP-ISA-031,CG-ISA-008,cp_fencei_fields,rs1_nonzero,0
TP-ISA-031,CG-ISA-008,cr_fencei_fields,auto,0
TP-ISA-031,CG-ISA-011,cp_class,misc_mem_f3,0
TP-ISA-032,CG-ISA-009,cp_op,ecall,0
TP-ISA-032,CG-ISA-009,cr_op_priv_outcome,auto,0
TP-ISA-033,CG-ISA-009,cp_outcome,exception,0
TP-ISA-033,CG-ISA-009,cp_priv,m,0
TP-ISA-033,CG-ISA-009,cp_priv,u,0
TP-ISA-033,CG-ISA-009,cr_op_priv_outcome,auto,0
TP-ISA-034,CG-ISA-009,cp_op,c_ebreak,0
TP-ISA-034,CG-ISA-009,cp_op,ebreak,0
TP-ISA-034,CG-ISA-009,cr_ebreak,c_m_exc,0
TP-ISA-034,CG-ISA-009,cr_ebreak,m_ebreakm0_exc,0
TP-ISA-034,CG-ISA-009,cr_ebreak,u_ebreaku0_exc,0
TP-ISA-035,CG-ISA-009,cp_outcome,debug_entry,0
TP-ISA-035,CG-ISA-009,cr_ebreak,c_m_dbg,0
TP-ISA-035,CG-ISA-009,cr_ebreak,c_u_dbg,0
TP-ISA-035,CG-ISA-009,cr_ebreak,dbg_reentry,0
TP-ISA-035,CG-ISA-009,cr_ebreak,m_ebreakm1_dbg,0
TP-ISA-035,CG-ISA-009,cr_ebreak,u_ebreaku1_dbg,0
TP-ISA-036,CG-ISA-009,cp_op,mret,0
TP-ISA-036,CG-ISA-009,cr_mret,mret_dbg_exec,0
TP-ISA-036,CG-ISA-009,cr_mret,mret_m_exec,0
TP-ISA-037,CG-ISA-009,cr_mret,mret_u_illegal,0
TP-ISA-037,CG-ISA-011,cp_class,mret_in_u,0
TP-ISA-038,CG-ISA-009,cp_op,dret,0
TP-ISA-038,CG-ISA-009,cr_dret,dret_dbg_exec,0
TP-ISA-039,CG-ISA-009,cr_dret,dret_m_illegal,0
TP-ISA-039,CG-ISA-009,cr_dret,dret_u_illegal,0
TP-ISA-039,CG-ISA-011,cp_class,dret_no_debug,0
TP-ISA-040,CG-ISA-009,cp_op,wfi,0
TP-ISA-040,CG-ISA-009,cr_wfi_tw,m_tw0_exec,0
TP-ISA-040,CG-ISA-009,cr_wfi_tw,u_tw0_exec,0
TP-ISA-040,CG-ISA-009,cr_wfi_wake,auto,0
TP-ISA-041,CG-ISA-009,cr_wfi_tw,m_tw1_exec,0
TP-ISA-041,CG-ISA-009,cr_wfi_tw,u_tw0_exec,0
TP-ISA-041,CG-ISA-009,cr_wfi_tw,u_tw1_illegal,0
TP-ISA-041,CG-ISA-011,cp_class,wfi_u_tw1,0
TP-ISA-042,CG-ISA-009,cp_outcome,illegal,0
TP-ISA-042,CG-ISA-011,cp_class,sys_funct12_other,0
TP-ISA-042,CG-ISA-011,cp_class,sys_rd_nz,0
TP-ISA-042,CG-ISA-011,cp_class,sys_rs1_nz,0
TP-ISA-043,CG-ISA-010,cp_op,csrrc,0
TP-ISA-043,CG-ISA-010,cp_op,csrrci,0
TP-ISA-043,CG-ISA-010,cp_op,csrrs,0
TP-ISA-043,CG-ISA-010,cp_op,csrrsi,0
TP-ISA-043,CG-ISA-010,cp_op,csrrw,0
TP-ISA-043,CG-ISA-010,cp_op,csrrwi,0
TP-ISA-043,CG-ISA-010,cr_op_class_outcome,csrrc_rw_write,0
TP-ISA-043,CG-ISA-010,cr_op_class_outcome,csrrci_rw_write,0
TP-ISA-043,CG-ISA-010,cr_op_class_outcome,csrrs_rw_write,0
TP-ISA-043,CG-ISA-010,cr_op_class_outcome,csrrsi_rw_write,0
TP-ISA-043,CG-ISA-010,cr_op_class_outcome,csrrw_rw_write,0
TP-ISA-043,CG-ISA-010,cr_op_class_outcome,csrrwi_rw_write,0
TP-ISA-043,CG-ISA-010,cr_op_src_rd,auto,0
TP-ISA-044,CG-ISA-010,cp_src_zero,yes,0
TP-ISA-044,CG-ISA-010,cr_op_class_outcome,csrrc_ro_src0_read,0
TP-ISA-044,CG-ISA-010,cr_op_class_outcome,csrrc_rw_src0_read,0
TP-ISA-044,CG-ISA-010,cr_op_class_outcome,csrrci_ro_u0_read,0
TP-ISA-044,CG-ISA-010,cr_op_class_outcome,csrrs_ro_src0_read,0
TP-ISA-044,CG-ISA-010,cr_op_class_outcome,csrrs_rw_src0_read,0
TP-ISA-044,CG-ISA-010,cr_op_class_outcome,csrrsi_ro_u0_read,0
TP-ISA-045,CG-ISA-010,cr_op_class_outcome,csrrc_ro_src_illegal,0
TP-ISA-045,CG-ISA-010,cr_op_class_outcome,csrrci_ro_u_illegal,0
TP-ISA-045,CG-ISA-010,cr_op_class_outcome,csrrs_ro_src_illegal,0
TP-ISA-045,CG-ISA-010,cr_op_class_outcome,csrrsi_ro_u_illegal,0
TP-ISA-045,CG-ISA-010,cr_op_class_outcome,csrrw_ro_illegal,0
TP-ISA-045,CG-ISA-010,cr_op_class_outcome,csrrwi_ro_illegal,0
TP-ISA-045,CG-ISA-010,cr_rd_x0_write,csrrw_x0_write,0
TP-ISA-045,CG-ISA-010,cr_rd_x0_write,csrrwi_x0_write,0
TP-ISA-045,CG-ISA-011,cp_class,csr_ro_write,0
TP-ISA-046,CG-ISA-010,cp_f3_100,illegal,0
TP-ISA-046,CG-ISA-011,cp_class,csr_f3_100,0
TP-ISA-047,CG-ISA-011,cp_len,c16,0
TP-ISA-047,CG-ISA-011,cp_len,w32,0
TP-ISA-047,CG-ISA-011,cp_mepc_ok,yes,0
TP-ISA-047,CG-ISA-011,cp_mtval_ok,yes,0
TP-ISA-047,CG-ISA-011,cr_class_len,auto,0
TP-ISA-047,CG-ISA-011,cr_class_priv,auto,0
TP-ISA-048,CG-ISA-011,cp_class,opc_amo,0
TP-ISA-048,CG-ISA-011,cp_class,opc_custom0,0
TP-ISA-048,CG-ISA-011,cp_class,opc_custom1,0
TP-ISA-048,CG-ISA-011,cp_class,opc_custom2,0
TP-ISA-048,CG-ISA-011,cp_class,opc_custom3,0
TP-ISA-048,CG-ISA-011,cp_class,opc_load_fp,0
TP-ISA-048,CG-ISA-011,cp_class,opc_madd,0
TP-ISA-048,CG-ISA-011,cp_class,opc_msub,0
TP-ISA-048,CG-ISA-011,cp_class,opc_nmadd,0
TP-ISA-048,CG-ISA-011,cp_class,opc_nmsub,0
TP-ISA-048,CG-ISA-011,cp_class,opc_op32,0
TP-ISA-048,CG-ISA-011,cp_class,opc_op_fp,0
TP-ISA-048,CG-ISA-011,cp_class,opc_opimm32,0
TP-ISA-048,CG-ISA-011,cp_class,opc_reserved_other,0
TP-ISA-048,CG-ISA-011,cp_class,opc_store_fp,0
TP-ISA-049,CG-CMP-004,cp_class,zero_hw,0
TP-ISA-049,CG-CMP-004,cp_mtval_ok,yes,0
TP-ISA-049,CG-ISA-011,cp_class,all_ones_word,0
TP-ISA-049,CG-ISA-011,cp_class,zero_word,0
TP-ISA-050,CG-ISA-011,cp_wb_error,yes,0
TP-ISA-050,CG-ISA-011,cp_wb_outstanding,load,0
TP-ISA-050,CG-ISA-011,cp_wb_outstanding,store,0
TP-ISA-050,CG-ISA-011,cr_wb,load_err,0
TP-ISA-050,CG-ISA-011,cr_wb,load_ok,0
TP-ISA-050,CG-ISA-011,cr_wb,store_err,0
TP-ISA-050,CG-ISA-011,cr_wb,store_ok,0
TP-ISA-051,CG-ISA-011,cr_wb,load_err,0
TP-ISA-051,CG-ISA-011,cr_wb,store_err,0
TP-ISA-052,CG-ISA-005,cp_writer_class,alu_imm,0
TP-ISA-052,CG-ISA-005,cp_writer_class,alu_reg,0
TP-ISA-052,CG-ISA-005,cp_writer_class,bit_1cyc,0
TP-ISA-052,CG-ISA-005,cp_writer_class,bit_2cyc,0
TP-ISA-052,CG-ISA-005,cp_writer_class,cmp_hint,0
TP-ISA-052,CG-ISA-005,cp_writer_class,csrr,0
TP-ISA-052,CG-ISA-005,cp_writer_class,div_rem,0
TP-ISA-052,CG-ISA-005,cp_writer_class,jal,0
TP-ISA-052,CG-ISA-005,cp_writer_class,jalr,0
TP-ISA-052,CG-ISA-005,cp_writer_class,load,0
TP-ISA-052,CG-ISA-005,cp_writer_class,lui_auipc,0
TP-ISA-052,CG-ISA-005,cp_writer_class,mul,0
TP-ISA-052,CG-ISA-005,cp_writer_class,mulh,0
TP-ISA-052,CG-ISA-005,cp_writer_class,shift,0
TP-ISA-052,CG-ISA-005,cr_writer_read,auto,0
TP-ISA-053,CG-ISA-006,cp_target_align,half,0
TP-ISA-053,CG-ISA-006,cr_op_align,auto,0
TP-ISA-053,CG-ISA-007,cp_target_align,half,0
TP-ISA-053,CG-ISA-007,cr_op_align,auto,0
TP-ISA-054,CG-ISA-001,cr_op_rs1,auto,0
TP-ISA-054,CG-ISA-002,cr_op_rs1,auto,0
TP-ISA-054,CG-ISA-003,cr_op_shamt,auto,0
TP-ISA-054,CG-ISA-004,cr_op_imm,auto,0
TP-ISA-054,CG-ISA-006,cr_op_align,auto,0
TP-ISA-054,CG-ISA-007,cr_op_taken_cmp,auto,0
TP-ISA-054,CG-ISA-008,cp_op,fence,0
TP-ISA-055,CG-ISA-009,cr_op_priv_outcome,auto,0
TP-ISA-055,CG-ISA-009,cr_wfi_wake,auto,0
TP-ISA-055,CG-ISA-010,cr_op_src_rd,auto,0
TP-ISA-056,CG-CMP-004,cr_class_priv,auto,0
TP-ISA-056,CG-ISA-011,cr_class_debug,auto,0
TP-ISA-056,CG-ISA-011,cr_class_len,auto,0
TP-ISA-056,CG-ISA-011,cr_class_priv,auto,0
TP-MUL-001,CG-MUL-001,cp_op,mul,0
TP-MUL-001,CG-MUL-001,cr_op_rs1,auto,0
TP-MUL-001,CG-MUL-001,cr_op_rs2,auto,0
TP-MUL-001,CG-MUL-001,cr_op_same,auto,0
TP-MUL-001,CG-MUL-001,cr_op_sign,auto,0
TP-MUL-001,CG-MUL-002,cp_op,mul,0
TP-MUL-002,CG-MUL-001,cp_result_class,fffffffe,0
TP-MUL-002,CG-MUL-001,cp_result_class,int_min,0
TP-MUL-002,CG-MUL-001,cp_result_class,one,0
TP-MUL-002,CG-MUL-001,cp_result_class,zero,0
TP-MUL-002,CG-MUL-001,cr_extremes,auto,0
TP-MUL-003,CG-MUL-001,cp_op,mulh,0
TP-MUL-003,CG-MUL-002,cp_delta,d2,0
TP-MUL-003,CG-MUL-002,cp_op,mulh,0
TP-MUL-003,CG-MUL-002,cr_op_delta_clean,mulh_d2,0
TP-MUL-004,CG-MUL-001,cp_result_class,all_ones,0
TP-MUL-004,CG-MUL-001,cp_result_class,r3fffffff,0
TP-MUL-004,CG-MUL-001,cp_result_class,r40000000,0
TP-MUL-004,CG-MUL-001,cr_extremes,auto,0
TP-MUL-004,CG-MUL-001,cr_op_sign,auto,0
TP-MUL-005,CG-MUL-001,cp_op,mulhu,0
TP-MUL-005,CG-MUL-002,cp_op,mulhu,0
TP-MUL-005,CG-MUL-002,cr_op_delta_clean,mulhu_d2,0
TP-MUL-006,CG-MUL-001,cp_result_class,fffffffe,0
TP-MUL-006,CG-MUL-001,cp_result_class,one,0
TP-MUL-006,CG-MUL-001,cp_result_class,r40000000,0
TP-MUL-006,CG-MUL-001,cr_extremes,auto,0
TP-MUL-007,CG-MUL-001,cp_op,mulhsu,0
TP-MUL-007,CG-MUL-002,cp_op,mulhsu,0
TP-MUL-007,CG-MUL-002,cr_op_delta_clean,mulhsu_d2,0
TP-MUL-008,CG-MUL-001,cp_result_class,all_ones,0
TP-MUL-008,CG-MUL-001,cp_result_class,int_min,0
TP-MUL-008,CG-MUL-001,cr_extremes,auto,0
TP-MUL-008,CG-MUL-001,cr_op_sign,auto,0
TP-MUL-009,CG-MUL-002,cp_next_dep,yes,0
TP-MUL-009,CG-MUL-002,cr_op_delta_clean,mul_d1,0
TP-MUL-009,CG-MUL-002,cr_op_next_dep,auto,0
TP-MUL-009,CG-MUL-002,cr_seq,auto,0
TP-MUL-010,CG-MUL-002,cp_prev,alu,0
TP-MUL-010,CG-MUL-002,cp_prev,div,0
TP-MUL-010,CG-MUL-002,cp_prev,mul,0
TP-MUL-010,CG-MUL-002,cp_prev,mulh_class,0
TP-MUL-010,CG-MUL-002,cr_seq,auto,0
TP-MUL-011,CG-MUL-002,cp_delta,d3plus,0
TP-MUL-011,CG-MUL-002,cp_prev,load,0
TP-MUL-011,CG-MUL-002,cp_prev,store,0
TP-MUL-011,CG-MUL-002,cp_wb_busy,yes,0
TP-MUL-011,CG-MUL-002,cr_wb_hold,auto,0
TP-MUL-012,CG-MUL-003,cp_op,div,0
TP-MUL-012,CG-MUL-003,cr_op_sign,auto,0
TP-MUL-012,CG-MUL-004,cp_delta,d37,0
TP-MUL-012,CG-MUL-004,cr_dit_div0_delta,dit0_nodiv0_d37,0
TP-MUL-013,CG-MUL-003,cp_op,divu,0
TP-MUL-013,CG-MUL-003,cr_op_dividend,auto,0
TP-MUL-013,CG-MUL-003,cr_op_divisor,auto,0
TP-MUL-014,CG-MUL-003,cp_op,rem,0
TP-MUL-014,CG-MUL-003,cr_op_dividend,auto,0
TP-MUL-014,CG-MUL-003,cr_op_sign,auto,0
TP-MUL-015,CG-MUL-003,cp_op,remu,0
TP-MUL-015,CG-MUL-003,cr_op_dividend,auto,0
TP-MUL-015,CG-MUL-003,cr_op_divisor,auto,0
TP-MUL-016,CG-MUL-003,cp_result_class,all_ones,0
TP-MUL-016,CG-MUL-003,cr_div0,auto,0
TP-MUL-016,CG-MUL-004,cp_delta,d2,0
TP-MUL-016,CG-MUL-004,cr_dit_div0_delta,dit0_div0_d2,0
TP-MUL-016,CG-MUL-004,cr_op_div0,auto,0
TP-MUL-017,CG-MUL-003,cp_result_class,eq_dividend,0
TP-MUL-017,CG-MUL-003,cr_div0,auto,0
TP-MUL-017,CG-MUL-004,cr_dit_div0_delta,dit0_div0_d2,0
TP-MUL-018,CG-MUL-003,cp_result_class,int_min,0
TP-MUL-018,CG-MUL-003,cr_overflow,div_intmin_m1,0
TP-MUL-018,CG-MUL-003,cr_overflow,divu_intmin_m1,0
TP-MUL-018,CG-MUL-003,cr_overflow,rem_intmin_m1,0
TP-MUL-018,CG-MUL-003,cr_overflow,remu_intmin_m1,0
TP-MUL-019,CG-MUL-003,cp_dividend,seven,0
TP-MUL-019,CG-MUL-003,cp_divisor,minus_two,0
TP-MUL-019,CG-MUL-003,cp_divisor,two,0
TP-MUL-019,CG-MUL-003,cr_op_sign,auto,0
TP-MUL-020,CG-MUL-003,cp_result_class,int_max,0
TP-MUL-020,CG-MUL-003,cp_result_class,one,0
TP-MUL-020,CG-MUL-003,cp_result_class,zero,0
TP-MUL-020,CG-MUL-003,cr_op_divisor,auto,0
TP-MUL-021,CG-MUL-003,cp_dividend,int_min,0
TP-MUL-021,CG-MUL-003,cp_dividend,zero,0
TP-MUL-021,CG-MUL-003,cp_divisor,abs_gt_dividend,0
TP-MUL-021,CG-MUL-003,cp_divisor,eq_dividend,0
TP-MUL-021,CG-MUL-003,cr_op_divisor,auto,0
TP-MUL-021,CG-MUL-003,cr_op_rd_x0,auto,0
TP-MUL-022,CG-MUL-004,cp_dit,on,0
TP-MUL-022,CG-MUL-004,cr_dit_div0_delta,dit0_div0_d2,0
TP-MUL-022,CG-MUL-004,cr_dit_div0_delta,dit1_div0_d37,0
TP-MUL-022,CG-MUL-004,cr_dit_div0_delta,dit1_nodiv0_d37,0
TP-MUL-022,CG-MUL-004,cr_op_div0,auto,0
TP-MUL-023,CG-MUL-004,cp_event_mid,debug_req,0
TP-MUL-023,CG-MUL-004,cp_event_mid,irq,0
TP-MUL-023,CG-MUL-004,cp_event_mid,nmi,0
TP-MUL-023,CG-MUL-004,cp_irq_latency,gt37,0
TP-MUL-023,CG-MUL-004,cp_irq_latency,le37,0
TP-MUL-023,CG-MUL-004,cr_event_div0_dit,auto,0
TP-MUL-023,CG-MUL-004,cr_op_event,auto,0
TP-MUL-024,CG-MUL-004,cp_delta,other,0
TP-MUL-024,CG-MUL-004,cp_wb_hold,yes,0
TP-MUL-024,CG-MUL-004,cr_op_wb_hold,auto,0
TP-MUL-025,CG-MUL-004,cp_next,dep_alu,0
TP-MUL-025,CG-MUL-004,cp_prev,load_dep,0
TP-MUL-025,CG-MUL-004,cr_next_op,auto,0
TP-MUL-025,CG-MUL-004,cr_prev_op,auto,0
TP-MUL-026,CG-ISA-005,cp_writer_class,div_rem,0
TP-MUL-026,CG-ISA-005,cp_writer_class,mul,0
TP-MUL-026,CG-MUL-001,cr_funct3_rd_x0,auto,0
TP-MUL-026,CG-MUL-001,cr_op_rd_x0,auto,0
TP-MUL-026,CG-MUL-003,cr_op_rd_x0,auto,0
TP-MUL-027,CG-CMP-005,cp_insn,c_mul,0
TP-MUL-027,CG-CMP-005,cp_regs,distinct,0
TP-MUL-027,CG-CMP-005,cp_regs,same,0
TP-MUL-027,CG-MUL-001,cp_op,c_mul,0
TP-MUL-028,CG-MUL-001,cr_op_rs1,auto,0
TP-MUL-028,CG-MUL-002,cr_seq,auto,0
TP-MUL-028,CG-MUL-003,cr_op_divisor,auto,0
TP-MUL-028,CG-MUL-004,cr_next_op,auto,0
TP-MUL-028,CG-MUL-004,cr_op_event,auto,0
TP-MUL-028,CG-MUL-004,cr_prev_op,auto,0
TP-MUL-029,CG-MUL-004,cp_dit,off,0
TP-MUL-029,CG-MUL-004,cp_dit,on,0
TP-MUL-029,CG-MUL-004,cr_event_div0_dit,auto,0
TP-MUL-029,CG-MUL-004,cr_op_div0,auto,0
TP-MUL-030,CG-MUL-005,cp_div_ctx,debug_mid,0
TP-MUL-030,CG-MUL-005,cp_div_ctx,fault_wb,0
TP-MUL-030,CG-MUL-005,cp_div_ctx,fetch_err_next,0
TP-MUL-030,CG-MUL-005,cp_div_ctx,irq_mid,0
TP-MUL-030,CG-MUL-005,cp_div_ctx,plain,0
TP-MUL-030,CG-MUL-005,cp_div_ctx,slow_wb,0
TP-MUL-030,CG-MUL-005,cp_sva_checked,yes,0
TP-MUL-030,CG-MUL-005,cr_ctx_dit,auto,0
TP-MUL-030,CG-MUL-005,cr_ctx_op,auto,0
TP-PMC-001,CG-PMC-001,cp_carry,none,0
TP-PMC-001,CG-PMC-001,cp_ctx,run,0
TP-PMC-001,CG-PMC-001,cp_delta,eq_cycles,0
TP-PMC-001,CG-PMC-001,cp_op,rd_hi,0
TP-PMC-001,CG-PMC-001,cp_op,rd_lo,0
TP-PMC-001,CG-PMC-001,cr_ctx_delta,run_eq,0
TP-PMC-001,CG-PMC-008,cp_debug,no,0
TP-PMC-001,CG-PMC-008,cp_mcycle_rel,inc,0
TP-PMC-001,CG-PMC-008,cr_rel_debug,inc_run,0
TP-PMC-002,CG-PMC-001,cp_carry,seen,0
TP-PMC-002,CG-PMC-001,cp_ctx,wfi_sleep,0
TP-PMC-002,CG-PMC-001,cp_delta,eq_cycles,0
TP-PMC-002,CG-PMC-001,cr_carry_ctx,carry_wfi,0
TP-PMC-002,CG-PMC-001,cr_ctx_delta,wfi_eq,0
TP-PMC-003,CG-PMC-001,cp_carry,seen,0
TP-PMC-003,CG-PMC-001,cp_ctx,debug,0
TP-PMC-003,CG-PMC-001,cp_ctx,step,0
TP-PMC-003,CG-PMC-001,cp_delta,eq_cycles,0
TP-PMC-003,CG-PMC-001,cr_carry_ctx,carry_debug,0
TP-PMC-003,CG-PMC-001,cr_ctx_delta,debug_eq,0
TP-PMC-003,CG-PMC-001,cr_ctx_delta,step_eq,0
TP-PMC-003,CG-PMC-008,cp_debug,yes,0
TP-PMC-003,CG-PMC-008,cp_mcycle_rel,inc,0
TP-PMC-003,CG-PMC-008,cr_rel_debug,inc_dbg,0
TP-PMC-004,CG-PMC-001,cp_carry,seen,0
TP-PMC-004,CG-PMC-001,cp_ctx,run,0
TP-PMC-004,CG-PMC-001,cp_lo_before,near_wrap,0
TP-PMC-004,CG-PMC-001,cp_op,wr_lo,0
TP-PMC-004,CG-PMC-001,cr_carry_ctx,carry_run,0
TP-PMC-004,CG-PMC-001,cr_wr_lobefore,wrlo_near,0
TP-PMC-005,CG-PMC-001,cp_ctx,run,0
TP-PMC-005,CG-PMC-001,cp_delta,eq_written,0
TP-PMC-005,CG-PMC-001,cr_ctx_delta,run_written,0
TP-PMC-005,CG-PMC-007,cp_coincident,cycle_tick,0
TP-PMC-005,CG-PMC-007,cp_target,mcycle,0
TP-PMC-005,CG-PMC-007,cp_target,mcycleh,0
TP-PMC-005,CG-PMC-007,cr_target_coinc,mcycle_tick,0
TP-PMC-005,CG-PMC-007,cr_target_coinc,mcycleh_tick,0
TP-PMC-005,CG-PMC-008,cp_debug,no,0
TP-PMC-005,CG-PMC-008,cp_mcycle_rel,eq_after_write,0
TP-PMC-005,CG-PMC-008,cp_mcycle_rel,jump_after_write,0
TP-PMC-005,CG-PMC-008,cr_rel_debug,jump_run,0
TP-PMC-006,CG-PMC-001,cp_lo_before,mid,0
TP-PMC-006,CG-PMC-001,cp_lo_before,near_wrap,0
TP-PMC-006,CG-PMC-001,cp_op,wr_hi,0
TP-PMC-006,CG-PMC-001,cr_wr_lobefore,wrhi_mid,0
TP-PMC-006,CG-PMC-001,cr_wr_lobefore,wrhi_near,0
TP-PMC-006,CG-PMC-007,cp_low_all_ones,no,0
TP-PMC-006,CG-PMC-007,cp_low_all_ones,yes,0
TP-PMC-006,CG-PMC-007,cp_target,mcycleh,0
TP-PMC-006,CG-PMC-007,cr_hi_lowones,mcycleh_no,0
TP-PMC-006,CG-PMC-007,cr_hi_lowones,mcycleh_ones,0
TP-PMC-007,CG-PMC-001,cp_lo_before,zero,0
TP-PMC-007,CG-PMC-001,cp_op,clr_hi,0
TP-PMC-007,CG-PMC-001,cp_op,clr_lo,0
TP-PMC-007,CG-PMC-001,cp_op,set_hi,0
TP-PMC-007,CG-PMC-001,cp_op,set_lo,0
TP-PMC-007,CG-PMC-001,cp_op,wr_hi,0
TP-PMC-007,CG-PMC-001,cp_op,wr_lo,0
TP-PMC-007,CG-PMC-001,cp_wdata,ones,0
TP-PMC-007,CG-PMC-001,cp_wdata,random,0
TP-PMC-007,CG-PMC-001,cp_wdata,zeros,0
TP-PMC-007,CG-PMC-001,cr_op_wdata,clrhi_1,0
TP-PMC-007,CG-PMC-001,cr_op_wdata,clrhi_r,0
TP-PMC-007,CG-PMC-001,cr_op_wdata,clrhi_z,0
TP-PMC-007,CG-PMC-001,cr_op_wdata,clrlo_1,0
TP-PMC-007,CG-PMC-001,cr_op_wdata,clrlo_r,0
TP-PMC-007,CG-PMC-001,cr_op_wdata,clrlo_z,0
TP-PMC-007,CG-PMC-001,cr_op_wdata,sethi_1,0
TP-PMC-007,CG-PMC-001,cr_op_wdata,sethi_r,0
TP-PMC-007,CG-PMC-001,cr_op_wdata,sethi_z,0
TP-PMC-007,CG-PMC-001,cr_op_wdata,setlo_1,0
TP-PMC-007,CG-PMC-001,cr_op_wdata,setlo_r,0
TP-PMC-007,CG-PMC-001,cr_op_wdata,setlo_z,0
TP-PMC-007,CG-PMC-001,cr_op_wdata,wrhi_1,0
TP-PMC-007,CG-PMC-001,cr_op_wdata,wrhi_r,0
TP-PMC-007,CG-PMC-001,cr_op_wdata,wrhi_z,0
TP-PMC-007,CG-PMC-001,cr_op_wdata,wrlo_1,0
TP-PMC-007,CG-PMC-001,cr_op_wdata,wrlo_r,0
TP-PMC-007,CG-PMC-001,cr_op_wdata,wrlo_z,0
TP-PMC-007,CG-PMC-001,cr_wr_lobefore,wrlo_zero,0
TP-PMC-008,CG-PMC-002,cp_coherence,wb_empty,0
TP-PMC-008,CG-PMC-002,cp_delta,eq_rvfi,0
TP-PMC-008,CG-PMC-002,cp_dummy_en,off,0
TP-PMC-008,CG-PMC-002,cp_op,rd_hi,0
TP-PMC-008,CG-PMC-002,cp_op,rd_lo,0
TP-PMC-008,CG-PMC-002,cp_window,plain,0
TP-PMC-008,CG-PMC-002,cp_wrap,none,0
TP-PMC-008,CG-PMC-002,cr_coherence_op,empty_rd,0
TP-PMC-008,CG-PMC-002,cr_dummy_delta,dumoff_eq,0
TP-PMC-008,CG-PMC-002,cr_window_delta,plain_eq,0
TP-PMC-009,CG-PMC-002,cp_delta,eq_rvfi,0
TP-PMC-009,CG-PMC-002,cp_window,has_ebreak_exc,0
TP-PMC-009,CG-PMC-002,cp_window,has_ecall,0
TP-PMC-009,CG-PMC-002,cp_window,has_fence_i,0
TP-PMC-009,CG-PMC-002,cp_window,has_fetch_fault,0
TP-PMC-009,CG-PMC-002,cp_window,has_illegal,0
TP-PMC-009,CG-PMC-002,cp_window,has_ls_fault,0
TP-PMC-009,CG-PMC-002,cp_window,has_mret,0
TP-PMC-009,CG-PMC-002,cp_window,has_wfi,0
TP-PMC-009,CG-PMC-002,cr_window_delta,ebreakexc_eq,0
TP-PMC-009,CG-PMC-002,cr_window_delta,ecall_eq,0
TP-PMC-009,CG-PMC-002,cr_window_delta,fencei_eq,0
TP-PMC-009,CG-PMC-002,cr_window_delta,fetchfault_eq,0
TP-PMC-009,CG-PMC-002,cr_window_delta,illegal_eq,0
TP-PMC-009,CG-PMC-002,cr_window_delta,lsfault_eq,0
TP-PMC-009,CG-PMC-002,cr_window_delta,mret_eq,0
TP-PMC-009,CG-PMC-002,cr_window_delta,wfi_eq,0
TP-PMC-010,CG-PMC-002,cp_delta,eq_rvfi,0
TP-PMC-010,CG-PMC-002,cp_op,clr_lo,0
TP-PMC-010,CG-PMC-002,cp_op,set_lo,0
TP-PMC-010,CG-PMC-002,cp_op,wr_hi,0
TP-PMC-010,CG-PMC-002,cp_op,wr_lo,0
TP-PMC-010,CG-PMC-002,cp_wdata,random,0
TP-PMC-010,CG-PMC-002,cp_window,has_self_write,0
TP-PMC-010,CG-PMC-002,cr_op_wdata,clrlo_r,0
TP-PMC-010,CG-PMC-002,cr_op_wdata,setlo_r,0
TP-PMC-010,CG-PMC-002,cr_op_wdata,wrhi_r,0
TP-PMC-010,CG-PMC-002,cr_op_wdata,wrlo_r,0
TP-PMC-010,CG-PMC-002,cr_window_delta,selfwr_eq,0
TP-PMC-011,CG-PMC-002,cp_coherence,wb_empty,0
TP-PMC-011,CG-PMC-002,cp_coherence,wb_retiring,0
TP-PMC-011,CG-PMC-002,cp_inhibit_ir,off,0
TP-PMC-011,CG-PMC-002,cp_op,rd_hi,0
TP-PMC-011,CG-PMC-002,cp_op,rd_lo,0
TP-PMC-011,CG-PMC-002,cr_coherence_op,empty_rd,0
TP-PMC-011,CG-PMC-002,cr_coherence_op,retiring_rd,0
TP-PMC-011,CG-PMC-002,cr_coherence_op,retiring_rdhi,0
TP-PMC-011,CG-PMC-002,cr_inhibit_coh,off_retiring,0
TP-PMC-012,CG-PMC-002,cp_coherence,wb_faulting,0
TP-PMC-012,CG-PMC-002,cp_delta,eq_rvfi,0
TP-PMC-012,CG-PMC-002,cp_op,rd_lo,0
TP-PMC-012,CG-PMC-002,cp_window,has_ls_fault,0
TP-PMC-012,CG-PMC-002,cr_coherence_op,faulting_rd,0
TP-PMC-012,CG-PMC-002,cr_window_delta,lsfault_eq,0
TP-PMC-013,CG-PMC-002,cp_delta,eq_rvfi,0
TP-PMC-013,CG-PMC-002,cp_delta,gt_rvfi,0
TP-PMC-013,CG-PMC-002,cp_dummy_en,on,0
TP-PMC-013,CG-PMC-002,cp_window,has_dummy,0
TP-PMC-013,CG-PMC-002,cr_dummy_delta,dumon_eq,0
TP-PMC-013,CG-PMC-002,cr_dummy_delta,dumon_gt,0
TP-PMC-013,CG-PMC-002,cr_window_delta,dummy_eq,0
TP-PMC-013,CG-PMC-002,cr_window_delta,dummy_gt,0
TP-PMC-013,CG-PMC-003,cp_delta_rel,gt,0
TP-PMC-013,CG-PMC-003,cp_variant,dummy_div,0
TP-PMC-013,CG-PMC-003,cp_variant,dummy_mul,0
TP-PMC-013,CG-PMC-003,cr_variant_rel,dummydiv_gt,0
TP-PMC-013,CG-PMC-003,cr_variant_rel,dummymul_gt,0
TP-PMC-014,CG-PMC-002,cp_delta,eq_rvfi,0
TP-PMC-014,CG-PMC-002,cp_window,has_zcmp,0
TP-PMC-014,CG-PMC-002,cr_window_delta,zcmp_eq,0
TP-PMC-014,CG-PMC-003,cp_delta_rel,eq,0
TP-PMC-014,CG-PMC-003,cp_events,few,0
TP-PMC-014,CG-PMC-003,cp_events,one,0
TP-PMC-014,CG-PMC-003,cp_idx,ret_c,0
TP-PMC-014,CG-PMC-003,cp_variant,popret,0
TP-PMC-014,CG-PMC-003,cp_variant,zcmp,0
TP-PMC-014,CG-PMC-003,cr_idx_events,rc_1,0
TP-PMC-014,CG-PMC-003,cr_idx_events,rc_few,0
TP-PMC-014,CG-PMC-003,cr_variant_rel,popret_eq,0
TP-PMC-014,CG-PMC-003,cr_variant_rel,zcmp_eq,0
TP-PMC-015,CG-PMC-002,cp_op,rd_hi,0
TP-PMC-015,CG-PMC-002,cp_op,rd_lo,0
TP-PMC-015,CG-PMC-002,cp_wrap,carry,0
TP-PMC-015,CG-PMC-002,cr_wrap_op,carry_rdhi,0
TP-PMC-015,CG-PMC-002,cr_wrap_op,carry_rdlo,0
TP-PMC-016,CG-PMC-007,cp_coincident,retire_in_wb,0
TP-PMC-016,CG-PMC-007,cp_low_all_ones,yes,0
TP-PMC-016,CG-PMC-007,cp_target,minstret,0
TP-PMC-016,CG-PMC-007,cp_target,minstreth,0
TP-PMC-016,CG-PMC-007,cr_hi_lowones,minstreth_ones,0
TP-PMC-016,CG-PMC-007,cr_target_coinc,minstret_ret,0
TP-PMC-016,CG-PMC-007,cr_target_coinc,minstreth_ret,0
TP-PMC-017,CG-PMC-004,cp_idx,first_impl,0
TP-PMC-017,CG-PMC-004,cp_idx,last_impl,0
TP-PMC-017,CG-PMC-004,cp_idx,mid_impl,0
TP-PMC-017,CG-PMC-004,cp_op,clear,0
TP-PMC-017,CG-PMC-004,cp_op,read,0
TP-PMC-017,CG-PMC-004,cp_op,set,0
TP-PMC-017,CG-PMC-004,cp_op,write,0
TP-PMC-017,CG-PMC-004,cp_rb,eq_written,0
TP-PMC-017,CG-PMC-004,cp_rb,zero,0
TP-PMC-017,CG-PMC-004,cp_reg,cnt_hi,0
TP-PMC-017,CG-PMC-004,cp_reg,cnt_lo,0
TP-PMC-017,CG-PMC-004,cr_idx_reg_op,fi_hi_rd,0
TP-PMC-017,CG-PMC-004,cr_idx_reg_op,fi_hi_set,0
TP-PMC-017,CG-PMC-004,cr_idx_reg_op,fi_hi_wr,0
TP-PMC-017,CG-PMC-004,cr_idx_reg_op,fi_lo_clr,0
TP-PMC-017,CG-PMC-004,cr_idx_reg_op,fi_lo_rd,0
TP-PMC-017,CG-PMC-004,cr_idx_reg_op,fi_lo_set,0
TP-PMC-017,CG-PMC-004,cr_idx_reg_op,fi_lo_wr,0
TP-PMC-017,CG-PMC-004,cr_idx_reg_op,li_hi_clr,0
TP-PMC-017,CG-PMC-004,cr_idx_reg_op,li_hi_rd,0
TP-PMC-017,CG-PMC-004,cr_idx_reg_op,li_hi_wr,0
TP-PMC-017,CG-PMC-004,cr_idx_reg_op,li_lo_clr,0
TP-PMC-017,CG-PMC-004,cr_idx_reg_op,li_lo_rd,0
TP-PMC-017,CG-PMC-004,cr_idx_reg_op,li_lo_set,0
TP-PMC-017,CG-PMC-004,cr_idx_reg_op,li_lo_wr,0
TP-PMC-017,CG-PMC-004,cr_idx_reg_op,mi_hi_rd,0
TP-PMC-017,CG-PMC-004,cr_idx_reg_op,mi_hi_wr,0
TP-PMC-017,CG-PMC-004,cr_idx_reg_op,mi_lo_rd,0
TP-PMC-017,CG-PMC-004,cr_idx_reg_op,mi_lo_wr,0
TP-PMC-017,CG-PMC-004,cr_idx_reg_rb,fi_hi_0,0
TP-PMC-017,CG-PMC-004,cr_idx_reg_rb,fi_lo_eq,0
TP-PMC-017,CG-PMC-004,cr_idx_reg_rb,li_hi_0,0
TP-PMC-017,CG-PMC-004,cr_idx_reg_rb,li_lo_eq,0
TP-PMC-017,CG-PMC-004,cr_idx_reg_rb,mi_hi_0,0
TP-PMC-017,CG-PMC-004,cr_idx_reg_rb,mi_lo_eq,0
TP-PMC-017,CG-PMC-008,cp_hpm_hi,all_zero,0
TP-PMC-018,CG-PMC-003,cp_events,wrap,0
TP-PMC-018,CG-PMC-003,cp_idx,branches,0
TP-PMC-018,CG-PMC-003,cp_idx,jumps,0
TP-PMC-018,CG-PMC-003,cp_idx,loads,0
TP-PMC-018,CG-PMC-003,cp_idx,ret_c,0
TP-PMC-018,CG-PMC-003,cp_idx,stores,0
TP-PMC-018,CG-PMC-003,cr_idx_events,br_wrap,0
TP-PMC-018,CG-PMC-003,cr_idx_events,jmp_wrap,0
TP-PMC-018,CG-PMC-003,cr_idx_events,ld_wrap,0
TP-PMC-018,CG-PMC-003,cr_idx_events,rc_wrap,0
TP-PMC-018,CG-PMC-003,cr_idx_events,st_wrap,0
TP-PMC-019,CG-PMC-004,cp_idx,first_unimpl,0
TP-PMC-019,CG-PMC-004,cp_idx,last_unimpl,0
TP-PMC-019,CG-PMC-004,cp_idx,mid_unimpl,0
TP-PMC-019,CG-PMC-004,cp_mode,dbg,0
TP-PMC-019,CG-PMC-004,cp_op,read,0
TP-PMC-019,CG-PMC-004,cp_op,set,0
TP-PMC-019,CG-PMC-004,cp_op,write,0
TP-PMC-019,CG-PMC-004,cp_rb,zero,0
TP-PMC-019,CG-PMC-004,cp_reg,cnt_hi,0
TP-PMC-019,CG-PMC-004,cp_reg,cnt_lo,0
TP-PMC-019,CG-PMC-004,cp_result,ok,0
TP-PMC-019,CG-PMC-004,cr_idx_reg_op,fu_hi_rd,0
TP-PMC-019,CG-PMC-004,cr_idx_reg_op,fu_hi_wr,0
TP-PMC-019,CG-PMC-004,cr_idx_reg_op,fu_lo_rd,0
TP-PMC-019,CG-PMC-004,cr_idx_reg_op,fu_lo_set,0
TP-PMC-019,CG-PMC-004,cr_idx_reg_op,fu_lo_wr,0
TP-PMC-019,CG-PMC-004,cr_idx_reg_op,lu_hi_rd,0
TP-PMC-019,CG-PMC-004,cr_idx_reg_op,lu_hi_wr,0
TP-PMC-019,CG-PMC-004,cr_idx_reg_op,lu_lo_rd,0
TP-PMC-019,CG-PMC-004,cr_idx_reg_op,lu_lo_wr,0
TP-PMC-019,CG-PMC-004,cr_idx_reg_op,mu_hi_rd,0
TP-PMC-019,CG-PMC-004,cr_idx_reg_op,mu_hi_wr,0
TP-PMC-019,CG-PMC-004,cr_idx_reg_op,mu_lo_rd,0
TP-PMC-019,CG-PMC-004,cr_idx_reg_op,mu_lo_wr,0
TP-PMC-019,CG-PMC-004,cr_idx_reg_rb,fu_hi_0,0
TP-PMC-019,CG-PMC-004,cr_idx_reg_rb,fu_lo_0,0
TP-PMC-019,CG-PMC-004,cr_idx_reg_rb,lu_hi_0,0
TP-PMC-019,CG-PMC-004,cr_idx_reg_rb,lu_lo_0,0
TP-PMC-019,CG-PMC-004,cr_idx_reg_rb,mu_lo_0,0
TP-PMC-019,CG-PMC-004,cr_mode_result,dbg_ok,0
TP-PMC-020,CG-PMC-004,cp_idx,first_impl,0
TP-PMC-020,CG-PMC-004,cp_idx,last_impl,0
TP-PMC-020,CG-PMC-004,cp_idx,mid_impl,0
TP-PMC-020,CG-PMC-004,cp_op,clear,0
TP-PMC-020,CG-PMC-004,cp_op,read,0
TP-PMC-020,CG-PMC-004,cp_op,set,0
TP-PMC-020,CG-PMC-004,cp_op,write,0
TP-PMC-020,CG-PMC-004,cp_rb,const_onehot,0
TP-PMC-020,CG-PMC-004,cp_reg,event,0
TP-PMC-020,CG-PMC-004,cr_idx_reg_op,fi_ev_rd,0
TP-PMC-020,CG-PMC-004,cr_idx_reg_op,fi_ev_set,0
TP-PMC-020,CG-PMC-004,cr_idx_reg_op,fi_ev_wr,0
TP-PMC-020,CG-PMC-004,cr_idx_reg_op,li_ev_clr,0
TP-PMC-020,CG-PMC-004,cr_idx_reg_op,li_ev_rd,0
TP-PMC-020,CG-PMC-004,cr_idx_reg_op,li_ev_wr,0
TP-PMC-020,CG-PMC-004,cr_idx_reg_op,mi_ev_rd,0
TP-PMC-020,CG-PMC-004,cr_idx_reg_op,mi_ev_wr,0
TP-PMC-020,CG-PMC-004,cr_idx_reg_rb,fi_ev_1h,0
TP-PMC-020,CG-PMC-004,cr_idx_reg_rb,li_ev_1h,0
TP-PMC-020,CG-PMC-004,cr_idx_reg_rb,mi_ev_1h,0
TP-PMC-021,CG-PMC-004,cp_idx,first_unimpl,0
TP-PMC-021,CG-PMC-004,cp_idx,last_unimpl,0
TP-PMC-021,CG-PMC-004,cp_idx,mid_unimpl,0
TP-PMC-021,CG-PMC-004,cp_op,clear,0
TP-PMC-021,CG-PMC-004,cp_op,read,0
TP-PMC-021,CG-PMC-004,cp_op,write,0
TP-PMC-021,CG-PMC-004,cp_rb,zero,0
TP-PMC-021,CG-PMC-004,cp_reg,event,0
TP-PMC-021,CG-PMC-004,cr_idx_reg_op,fu_ev_rd,0
TP-PMC-021,CG-PMC-004,cr_idx_reg_op,fu_ev_wr,0
TP-PMC-021,CG-PMC-004,cr_idx_reg_op,lu_ev_clr,0
TP-PMC-021,CG-PMC-004,cr_idx_reg_op,lu_ev_rd,0
TP-PMC-021,CG-PMC-004,cr_idx_reg_op,lu_ev_wr,0
TP-PMC-021,CG-PMC-004,cr_idx_reg_op,mu_ev_rd,0
TP-PMC-021,CG-PMC-004,cr_idx_reg_op,mu_ev_wr,0
TP-PMC-021,CG-PMC-004,cr_idx_reg_rb,fu_ev_0,0
TP-PMC-021,CG-PMC-004,cr_idx_reg_rb,lu_ev_0,0
TP-PMC-021,CG-PMC-004,cr_idx_reg_rb,mu_ev_0,0
TP-PMC-022,CG-PMC-005,cp_bit,cy,0
TP-PMC-022,CG-PMC-005,cp_bit,hpm_first,0
TP-PMC-022,CG-PMC-005,cp_bit,hpm_last,0
TP-PMC-022,CG-PMC-005,cp_bit,hpm_mid,0
TP-PMC-022,CG-PMC-005,cp_bit,ir,0
TP-PMC-022,CG-PMC-005,cp_bit,none,0
TP-PMC-022,CG-PMC-005,cp_bit,tm,0
TP-PMC-022,CG-PMC-005,cp_bit,upper,0
TP-PMC-022,CG-PMC-005,cp_effect,applied,0
TP-PMC-022,CG-PMC-005,cp_mode,dbg,0
TP-PMC-022,CG-PMC-005,cp_mode,m,0
TP-PMC-022,CG-PMC-005,cp_op,clear,0
TP-PMC-022,CG-PMC-005,cp_op,read,0
TP-PMC-022,CG-PMC-005,cp_op,set,0
TP-PMC-022,CG-PMC-005,cp_op,write,0
TP-PMC-022,CG-PMC-005,cp_pattern,ones,0
TP-PMC-022,CG-PMC-005,cp_pattern,random,0
TP-PMC-022,CG-PMC-005,cp_pattern,walk1,0
TP-PMC-022,CG-PMC-005,cp_pattern,zeros,0
TP-PMC-022,CG-PMC-005,cp_pin,invalid,0
TP-PMC-022,CG-PMC-005,cp_pin,off,0
TP-PMC-022,CG-PMC-005,cp_pin,on,0
TP-PMC-022,CG-PMC-005,cp_rb,as_written,0
TP-PMC-022,CG-PMC-005,cp_rb,forced0,0
TP-PMC-022,CG-PMC-005,cp_reg,inhibit,0
TP-PMC-022,CG-PMC-005,cp_result,ok,0
TP-PMC-022,CG-PMC-005,cr_en_pin_effect,inh_inv_app,0
TP-PMC-022,CG-PMC-005,cr_en_pin_effect,inh_off_app,0
TP-PMC-022,CG-PMC-005,cr_en_pin_effect,inh_on_app,0
TP-PMC-022,CG-PMC-005,cr_reg_bit_rb,inh_cy_w,0
TP-PMC-022,CG-PMC-005,cr_reg_bit_rb,inh_hf_w,0
TP-PMC-022,CG-PMC-005,cr_reg_bit_rb,inh_hl_w,0
TP-PMC-022,CG-PMC-005,cr_reg_bit_rb,inh_hm_w,0
TP-PMC-022,CG-PMC-005,cr_reg_bit_rb,inh_ir_w,0
TP-PMC-022,CG-PMC-005,cr_reg_bit_rb,inh_tm_0,0
TP-PMC-022,CG-PMC-005,cr_reg_bit_rb,inh_up_0,0
TP-PMC-022,CG-PMC-005,cr_reg_mode_result,inh_dbg_ok,0
TP-PMC-022,CG-PMC-005,cr_reg_mode_result,inh_m_ok,0
TP-PMC-022,CG-PMC-005,cr_reg_pattern_op,inh_1_clr,0
TP-PMC-022,CG-PMC-005,cr_reg_pattern_op,inh_1_set,0
TP-PMC-022,CG-PMC-005,cr_reg_pattern_op,inh_1_wr,0
TP-PMC-022,CG-PMC-005,cr_reg_pattern_op,inh_r_clr,0
TP-PMC-022,CG-PMC-005,cr_reg_pattern_op,inh_r_set,0
TP-PMC-022,CG-PMC-005,cr_reg_pattern_op,inh_r_wr,0
TP-PMC-022,CG-PMC-005,cr_reg_pattern_op,inh_w_clr,0
TP-PMC-022,CG-PMC-005,cr_reg_pattern_op,inh_w_set,0
TP-PMC-022,CG-PMC-005,cr_reg_pattern_op,inh_w_wr,0
TP-PMC-022,CG-PMC-005,cr_reg_pattern_op,inh_z_wr,0
TP-PMC-023,CG-PMC-001,cp_ctx,inhibited,0
TP-PMC-023,CG-PMC-001,cp_delta,zero,0
TP-PMC-023,CG-PMC-001,cr_ctx_delta,inh_zero,0
TP-PMC-023,CG-PMC-002,cp_inhibit_ir,on,0
TP-PMC-023,CG-PMC-003,cp_delta_rel,zero,0
TP-PMC-023,CG-PMC-003,cp_idx,branches,0
TP-PMC-023,CG-PMC-003,cp_idx,div_wait,0
TP-PMC-023,CG-PMC-003,cp_idx,if_wait,0
TP-PMC-023,CG-PMC-003,cp_idx,jumps,0
TP-PMC-023,CG-PMC-003,cp_idx,loads,0
TP-PMC-023,CG-PMC-003,cp_idx,lsu_wait,0
TP-PMC-023,CG-PMC-003,cp_idx,mul_wait,0
TP-PMC-023,CG-PMC-003,cp_idx,ret_c,0
TP-PMC-023,CG-PMC-003,cp_idx,stores,0
TP-PMC-023,CG-PMC-003,cp_idx,taken,0
TP-PMC-023,CG-PMC-003,cp_inhibit,on,0
TP-PMC-023,CG-PMC-003,cr_idx_inhibit,br_inh,0
TP-PMC-023,CG-PMC-003,cr_idx_inhibit,div_inh,0
TP-PMC-023,CG-PMC-003,cr_idx_inhibit,if_inh,0
TP-PMC-023,CG-PMC-003,cr_idx_inhibit,jmp_inh,0
TP-PMC-023,CG-PMC-003,cr_idx_inhibit,ld_inh,0
TP-PMC-023,CG-PMC-003,cr_idx_inhibit,lsu_inh,0
TP-PMC-023,CG-PMC-003,cr_idx_inhibit,mul_inh,0
TP-PMC-023,CG-PMC-003,cr_idx_inhibit,rc_inh,0
TP-PMC-023,CG-PMC-003,cr_idx_inhibit,st_inh,0
TP-PMC-023,CG-PMC-003,cr_idx_inhibit,tk_inh,0
TP-PMC-023,CG-PMC-008,cp_debug,no,0
TP-PMC-023,CG-PMC-008,cp_mcycle_rel,eq_inhibited,0
TP-PMC-023,CG-PMC-008,cr_rel_debug,inh_run,0
TP-PMC-024,CG-PMC-002,cp_coherence,wb_retiring,0
TP-PMC-024,CG-PMC-002,cp_inhibit_ir,off,0
TP-PMC-024,CG-PMC-002,cp_inhibit_ir,on,0
TP-PMC-024,CG-PMC-002,cr_inhibit_coh,off_retiring,0
TP-PMC-024,CG-PMC-002,cr_inhibit_coh,on_retiring,0
TP-PMC-025,CG-PMC-003,cp_delta_rel,eq,0
TP-PMC-025,CG-PMC-003,cp_idx,loads,0
TP-PMC-025,CG-PMC-003,cp_inhibit,off,0
TP-PMC-025,CG-PMC-003,cr_idx_inhibit,ld_eq,0
TP-PMC-025,CG-PMC-007,cp_inhibited,no,0
TP-PMC-025,CG-PMC-007,cp_inhibited,yes,0
TP-PMC-025,CG-PMC-007,cp_target,hpm_lo,0
TP-PMC-025,CG-PMC-007,cp_target,mcycle,0
TP-PMC-025,CG-PMC-007,cp_target,minstret,0
TP-PMC-025,CG-PMC-007,cp_then,stay,0
TP-PMC-025,CG-PMC-007,cp_then,uninhibit_after,0
TP-PMC-025,CG-PMC-007,cr_target_inh_then,hpm_inh_resume,0
TP-PMC-025,CG-PMC-007,cr_target_inh_then,hpm_noinh,0
TP-PMC-025,CG-PMC-007,cr_target_inh_then,mcycle_inh_resume,0
TP-PMC-025,CG-PMC-007,cr_target_inh_then,minstret_inh_resume,0
TP-PMC-026,CG-PMC-004,cp_mode,m,0
TP-PMC-026,CG-PMC-004,cp_mode,u,0
TP-PMC-026,CG-PMC-004,cp_result,illegal,0
TP-PMC-026,CG-PMC-004,cp_result,ok,0
TP-PMC-026,CG-PMC-004,cr_mode_result,m_ok,0
TP-PMC-026,CG-PMC-004,cr_mode_result,u_ill,0
TP-PMC-026,CG-PMC-005,cp_mode,u,0
TP-PMC-026,CG-PMC-005,cp_reg,en,0
TP-PMC-026,CG-PMC-005,cp_reg,inhibit,0
TP-PMC-026,CG-PMC-005,cp_result,illegal,0
TP-PMC-026,CG-PMC-005,cr_reg_mode_result,en_u_ill,0
TP-PMC-026,CG-PMC-005,cr_reg_mode_result,inh_u_ill,0
TP-PMC-027,CG-PMC-005,cp_bit,cy,0
TP-PMC-027,CG-PMC-005,cp_bit,hpm_first,0
TP-PMC-027,CG-PMC-005,cp_bit,hpm_last,0
TP-PMC-027,CG-PMC-005,cp_bit,hpm_mid,0
TP-PMC-027,CG-PMC-005,cp_bit,ir,0
TP-PMC-027,CG-PMC-005,cp_bit,tm,0
TP-PMC-027,CG-PMC-005,cp_bit,upper,0
TP-PMC-027,CG-PMC-005,cp_effect,applied,0
TP-PMC-027,CG-PMC-005,cp_mode,dbg,0
TP-PMC-027,CG-PMC-005,cp_mode,m,0
TP-PMC-027,CG-PMC-005,cp_op,clear,0
TP-PMC-027,CG-PMC-005,cp_op,set,0
TP-PMC-027,CG-PMC-005,cp_op,write,0
TP-PMC-027,CG-PMC-005,cp_pattern,ones,0
TP-PMC-027,CG-PMC-005,cp_pattern,random,0
TP-PMC-027,CG-PMC-005,cp_pattern,walk1,0
TP-PMC-027,CG-PMC-005,cp_pattern,zeros,0
TP-PMC-027,CG-PMC-005,cp_pin,on,0
TP-PMC-027,CG-PMC-005,cp_rb,as_written,0
TP-PMC-027,CG-PMC-005,cp_rb,forced0,0
TP-PMC-027,CG-PMC-005,cp_reg,en,0
TP-PMC-027,CG-PMC-005,cp_result,ok,0
TP-PMC-027,CG-PMC-005,cr_en_pin_effect,en_on_app,0
TP-PMC-027,CG-PMC-005,cr_reg_bit_rb,en_cy_w,0
TP-PMC-027,CG-PMC-005,cr_reg_bit_rb,en_hf_w,0
TP-PMC-027,CG-PMC-005,cr_reg_bit_rb,en_hl_w,0
TP-PMC-027,CG-PMC-005,cr_reg_bit_rb,en_hm_w,0
TP-PMC-027,CG-PMC-005,cr_reg_bit_rb,en_ir_w,0
TP-PMC-027,CG-PMC-005,cr_reg_bit_rb,en_tm_0,0
TP-PMC-027,CG-PMC-005,cr_reg_bit_rb,en_up_0,0
TP-PMC-027,CG-PMC-005,cr_reg_mode_result,en_dbg_ok,0
TP-PMC-027,CG-PMC-005,cr_reg_mode_result,en_m_ok,0
TP-PMC-027,CG-PMC-005,cr_reg_pattern_op,en_1_clr,0
TP-PMC-027,CG-PMC-005,cr_reg_pattern_op,en_1_set,0
TP-PMC-027,CG-PMC-005,cr_reg_pattern_op,en_1_wr,0
TP-PMC-027,CG-PMC-005,cr_reg_pattern_op,en_r_clr,0
TP-PMC-027,CG-PMC-005,cr_reg_pattern_op,en_r_set,0
TP-PMC-027,CG-PMC-005,cr_reg_pattern_op,en_r_wr,0
TP-PMC-027,CG-PMC-005,cr_reg_pattern_op,en_w_clr,0
TP-PMC-027,CG-PMC-005,cr_reg_pattern_op,en_w_set,0
TP-PMC-027,CG-PMC-005,cr_reg_pattern_op,en_w_wr,0
TP-PMC-027,CG-PMC-005,cr_reg_pattern_op,en_z_wr,0
TP-PMC-028,CG-PMC-005,cp_effect,applied,0
TP-PMC-028,CG-PMC-005,cp_effect,dropped,0
TP-PMC-028,CG-PMC-005,cp_pin,invalid,0
TP-PMC-028,CG-PMC-005,cp_pin,off,0
TP-PMC-028,CG-PMC-005,cp_pin,on,0
TP-PMC-028,CG-PMC-005,cp_reg,en,0
TP-PMC-028,CG-PMC-005,cr_en_pin_effect,en_inv_drop,0
TP-PMC-028,CG-PMC-005,cr_en_pin_effect,en_off_drop,0
TP-PMC-028,CG-PMC-005,cr_en_pin_effect,en_on_app,0
TP-PMC-029,CG-PMC-006,cp_alias,cycle,0
TP-PMC-029,CG-PMC-006,cp_alias,cycleh,0
TP-PMC-029,CG-PMC-006,cp_alias,hpm_first,0
TP-PMC-029,CG-PMC-006,cp_alias,hpm_last,0
TP-PMC-029,CG-PMC-006,cp_alias,hpm_mid,0
TP-PMC-029,CG-PMC-006,cp_alias,hpmh_first,0
TP-PMC-029,CG-PMC-006,cp_alias,hpmh_last,0
TP-PMC-029,CG-PMC-006,cp_alias,hpmh_mid,0
TP-PMC-029,CG-PMC-006,cp_alias,instret,0
TP-PMC-029,CG-PMC-006,cp_alias,instreth,0
TP-PMC-029,CG-PMC-006,cp_en_bit,clr,0
TP-PMC-029,CG-PMC-006,cp_en_bit,set,0
TP-PMC-029,CG-PMC-006,cp_mode,dbg,0
TP-PMC-029,CG-PMC-006,cp_mode,m,0
TP-PMC-029,CG-PMC-006,cp_mode,u,0
TP-PMC-029,CG-PMC-006,cp_op,read,0
TP-PMC-029,CG-PMC-006,cp_result,illegal,0
TP-PMC-029,CG-PMC-006,cp_result,ok,0
TP-PMC-029,CG-PMC-006,cr_alias_gate,cyc_dbg_ok,0
TP-PMC-029,CG-PMC-006,cr_alias_gate,cyc_m_clr_ok,0
TP-PMC-029,CG-PMC-006,cr_alias_gate,cyc_u_clr_ill,0
TP-PMC-029,CG-PMC-006,cr_alias_gate,cyc_u_set_ok,0
TP-PMC-029,CG-PMC-006,cr_alias_gate,cych_m_clr_ok,0
TP-PMC-029,CG-PMC-006,cr_alias_gate,cych_u_clr_ill,0
TP-PMC-029,CG-PMC-006,cr_alias_gate,cych_u_set_ok,0
TP-PMC-029,CG-PMC-006,cr_alias_gate,hf_dbg_ok,0
TP-PMC-029,CG-PMC-006,cr_alias_gate,hf_m_clr_ok,0
TP-PMC-029,CG-PMC-006,cr_alias_gate,hf_u_clr_ill,0
TP-PMC-029,CG-PMC-006,cr_alias_gate,hf_u_set_ok,0
TP-PMC-029,CG-PMC-006,cr_alias_gate,hhf_m_clr_ok,0
TP-PMC-029,CG-PMC-006,cr_alias_gate,hhf_u_clr_ill,0
TP-PMC-029,CG-PMC-006,cr_alias_gate,hhf_u_set_ok,0
TP-PMC-029,CG-PMC-006,cr_alias_gate,hhl_m_clr_ok,0
TP-PMC-029,CG-PMC-006,cr_alias_gate,hhl_u_clr_ill,0
TP-PMC-029,CG-PMC-006,cr_alias_gate,hhl_u_set_ok,0
TP-PMC-029,CG-PMC-006,cr_alias_gate,hhm_m_clr_ok,0
TP-PMC-029,CG-PMC-006,cr_alias_gate,hhm_u_clr_ill,0
TP-PMC-029,CG-PMC-006,cr_alias_gate,hhm_u_set_ok,0
TP-PMC-029,CG-PMC-006,cr_alias_gate,hl_m_clr_ok,0
TP-PMC-029,CG-PMC-006,cr_alias_gate,hl_u_clr_ill,0
TP-PMC-029,CG-PMC-006,cr_alias_gate,hl_u_set_ok,0
TP-PMC-029,CG-PMC-006,cr_alias_gate,hm_m_clr_ok,0
TP-PMC-029,CG-PMC-006,cr_alias_gate,hm_u_clr_ill,0
TP-PMC-029,CG-PMC-006,cr_alias_gate,hm_u_set_ok,0
TP-PMC-029,CG-PMC-006,cr_alias_gate,ir_dbg_ok,0
TP-PMC-029,CG-PMC-006,cr_alias_gate,ir_m_clr_ok,0
TP-PMC-029,CG-PMC-006,cr_alias_gate,ir_u_clr_ill,0
TP-PMC-029,CG-PMC-006,cr_alias_gate,ir_u_set_ok,0
TP-PMC-029,CG-PMC-006,cr_alias_gate,irh_m_clr_ok,0
TP-PMC-029,CG-PMC-006,cr_alias_gate,irh_u_clr_ill,0
TP-PMC-029,CG-PMC-006,cr_alias_gate,irh_u_set_ok,0
TP-PMC-029,CG-PMC-006,cr_op_result,rd_ill,0
TP-PMC-029,CG-PMC-006,cr_op_result,rd_ok,0
TP-PMC-030,CG-PMC-006,cp_alias,hpm_unimpl,0
TP-PMC-030,CG-PMC-006,cp_alias,hpmh_unimpl,0
TP-PMC-030,CG-PMC-006,cp_en_bit,clr,0
TP-PMC-030,CG-PMC-006,cp_mode,m,0
TP-PMC-030,CG-PMC-006,cp_mode,u,0
TP-PMC-030,CG-PMC-006,cp_result,illegal,0
TP-PMC-030,CG-PMC-006,cp_result,ok,0
TP-PMC-030,CG-PMC-006,cr_alias_gate,hhu_m_ok,0
TP-PMC-030,CG-PMC-006,cr_alias_gate,hhu_u_ill,0
TP-PMC-030,CG-PMC-006,cr_alias_gate,hu_m_ok,0
TP-PMC-030,CG-PMC-006,cr_alias_gate,hu_u_ill,0
TP-PMC-031,CG-PMC-006,cp_alias,cycle,0
TP-PMC-031,CG-PMC-006,cp_alias,cycleh,0
TP-PMC-031,CG-PMC-006,cp_alias,hpm_first,0
TP-PMC-031,CG-PMC-006,cp_alias,hpm_unimpl,0
TP-PMC-031,CG-PMC-006,cp_alias,hpmh_unimpl,0
TP-PMC-031,CG-PMC-006,cp_alias,instret,0
TP-PMC-031,CG-PMC-006,cp_mode,m,0
TP-PMC-031,CG-PMC-006,cp_mode,u,0
TP-PMC-031,CG-PMC-006,cp_op,clr_nz,0
TP-PMC-031,CG-PMC-006,cp_op,set_nz,0
TP-PMC-031,CG-PMC-006,cp_op,write,0
TP-PMC-031,CG-PMC-006,cp_result,illegal,0
TP-PMC-031,CG-PMC-006,cr_op_result,clr_ill,0
TP-PMC-031,CG-PMC-006,cr_op_result,set_ill,0
TP-PMC-031,CG-PMC-006,cr_op_result,wr_ill,0
TP-PMC-031,CG-PMC-006,cr_write_alias,cyc_wr_m,0
TP-PMC-031,CG-PMC-006,cr_write_alias,cyc_wr_u,0
TP-PMC-031,CG-PMC-006,cr_write_alias,cych_wr_m,0
TP-PMC-031,CG-PMC-006,cr_write_alias,hf_clr_m,0
TP-PMC-031,CG-PMC-006,cr_write_alias,hhu_wr_m,0
TP-PMC-031,CG-PMC-006,cr_write_alias,hu_wr_u,0
TP-PMC-031,CG-PMC-006,cr_write_alias,ir_set_m,0
TP-PMC-032,CG-PMC-005,cp_bit,tm,0
TP-PMC-032,CG-PMC-005,cp_rb,forced0,0
TP-PMC-032,CG-PMC-005,cp_reg,en,0
TP-PMC-032,CG-PMC-005,cr_reg_bit_rb,en_tm_0,0
TP-PMC-032,CG-PMC-006,cp_alias,time,0
TP-PMC-032,CG-PMC-006,cp_alias,timeh,0
TP-PMC-032,CG-PMC-006,cp_en_bit,clr,0
TP-PMC-032,CG-PMC-006,cp_mode,m,0
TP-PMC-032,CG-PMC-006,cp_mode,u,0
TP-PMC-032,CG-PMC-006,cp_result,illegal,0
TP-PMC-032,CG-PMC-006,cr_alias_gate,time_m_ill,0
TP-PMC-032,CG-PMC-006,cr_alias_gate,time_u_ill,0
TP-PMC-032,CG-PMC-006,cr_alias_gate,timeh_m_ill,0
TP-PMC-032,CG-PMC-006,cr_alias_gate,timeh_u_ill,0
TP-PMC-033,CG-PMC-005,cp_reg,en,0
TP-PMC-033,CG-PMC-006,cp_en_bit,set,0
TP-PMC-033,CG-PMC-006,cp_inhibited,no,0
TP-PMC-033,CG-PMC-006,cp_inhibited,yes,0
TP-PMC-033,CG-PMC-006,cp_mode,u,0
TP-PMC-033,CG-PMC-006,cp_result,ok,0
TP-PMC-033,CG-PMC-006,cr_inhibit_gate,inh_set_u_ok,0
TP-PMC-033,CG-PMC-006,cr_inhibit_gate,noinh_set_u_ok,0
TP-PMC-034,CG-PMC-003,cp_delta_rel,eq,0
TP-PMC-034,CG-PMC-003,cp_events,few,0
TP-PMC-034,CG-PMC-003,cp_events,many,0
TP-PMC-034,CG-PMC-003,cp_events,one,0
TP-PMC-034,CG-PMC-003,cp_events,zero,0
TP-PMC-034,CG-PMC-003,cp_idx,lsu_wait,0
TP-PMC-034,CG-PMC-003,cp_inhibit,off,0
TP-PMC-034,CG-PMC-003,cp_variant,gnt_delay,0
TP-PMC-034,CG-PMC-003,cp_variant,ld_use_hazard,0
TP-PMC-034,CG-PMC-003,cp_variant,rvalid_delay,0
TP-PMC-034,CG-PMC-003,cr_idx_events,lsu_0,0
TP-PMC-034,CG-PMC-003,cr_idx_events,lsu_1,0
TP-PMC-034,CG-PMC-003,cr_idx_events,lsu_few,0
TP-PMC-034,CG-PMC-003,cr_idx_events,lsu_many,0
TP-PMC-034,CG-PMC-003,cr_idx_inhibit,lsu_eq,0
TP-PMC-034,CG-PMC-003,cr_variant_rel,gnt_eq,0
TP-PMC-034,CG-PMC-003,cr_variant_rel,hazard_eq,0
TP-PMC-034,CG-PMC-003,cr_variant_rel,rvalid_eq,0
TP-PMC-035,CG-PMC-003,cp_delta_rel,eq,0
TP-PMC-035,CG-PMC-003,cp_events,few,0
TP-PMC-035,CG-PMC-003,cp_events,many,0
TP-PMC-035,CG-PMC-003,cp_events,one,0
TP-PMC-035,CG-PMC-003,cp_events,zero,0
TP-PMC-035,CG-PMC-003,cp_idx,if_wait,0
TP-PMC-035,CG-PMC-003,cp_inhibit,off,0
TP-PMC-035,CG-PMC-003,cp_variant,after_debug,0
TP-PMC-035,CG-PMC-003,cp_variant,imem_latency,0
TP-PMC-035,CG-PMC-003,cp_variant,redirect,0
TP-PMC-035,CG-PMC-003,cr_idx_events,if_0,0
TP-PMC-035,CG-PMC-003,cr_idx_events,if_1,0
TP-PMC-035,CG-PMC-003,cr_idx_events,if_few,0
TP-PMC-035,CG-PMC-003,cr_idx_events,if_many,0
TP-PMC-035,CG-PMC-003,cr_idx_inhibit,if_eq,0
TP-PMC-035,CG-PMC-003,cr_variant_rel,afterdbg_eq,0
TP-PMC-035,CG-PMC-003,cr_variant_rel,imem_eq,0
TP-PMC-035,CG-PMC-003,cr_variant_rel,redirect_eq,0
TP-PMC-036,CG-PMC-003,cp_delta_rel,eq,0
TP-PMC-036,CG-PMC-003,cp_events,few,0
TP-PMC-036,CG-PMC-003,cp_events,many,0
TP-PMC-036,CG-PMC-003,cp_events,one,0
TP-PMC-036,CG-PMC-003,cp_events,zero,0
TP-PMC-036,CG-PMC-003,cp_idx,loads,0
TP-PMC-036,CG-PMC-003,cp_inhibit,off,0
TP-PMC-036,CG-PMC-003,cp_variant,aligned,0
TP-PMC-036,CG-PMC-003,cp_variant,bus_err,0
TP-PMC-036,CG-PMC-003,cp_variant,misaligned,0
TP-PMC-036,CG-PMC-003,cr_idx_events,ld_0,0
TP-PMC-036,CG-PMC-003,cr_idx_events,ld_1,0
TP-PMC-036,CG-PMC-003,cr_idx_events,ld_few,0
TP-PMC-036,CG-PMC-003,cr_idx_events,ld_many,0
TP-PMC-036,CG-PMC-003,cr_idx_inhibit,ld_eq,0
TP-PMC-036,CG-PMC-003,cr_variant_rel,aligned_eq,0
TP-PMC-036,CG-PMC-003,cr_variant_rel,buserr_eq,0
TP-PMC-036,CG-PMC-003,cr_variant_rel,misaligned_eq,0
TP-PMC-037,CG-PMC-002,cp_delta,eq_rvfi,0
TP-PMC-037,CG-PMC-002,cp_window,has_ls_fault,0
TP-PMC-037,CG-PMC-002,cr_window_delta,lsfault_eq,0
TP-PMC-037,CG-PMC-003,cp_delta_rel,eq,0
TP-PMC-037,CG-PMC-003,cp_events,one,0
TP-PMC-037,CG-PMC-003,cp_idx,loads,0
TP-PMC-037,CG-PMC-003,cp_idx,stores,0
TP-PMC-037,CG-PMC-003,cp_variant,pmp_denied,0
TP-PMC-037,CG-PMC-003,cr_idx_events,ld_1,0
TP-PMC-037,CG-PMC-003,cr_idx_events,st_1,0
TP-PMC-037,CG-PMC-003,cr_variant_rel,pmpden_eq,0
TP-PMC-038,CG-PMC-003,cp_delta_rel,eq,0
TP-PMC-038,CG-PMC-003,cp_events,few,0
TP-PMC-038,CG-PMC-003,cp_events,many,0
TP-PMC-038,CG-PMC-003,cp_events,one,0
TP-PMC-038,CG-PMC-003,cp_events,zero,0
TP-PMC-038,CG-PMC-003,cp_idx,stores,0
TP-PMC-038,CG-PMC-003,cp_inhibit,off,0
TP-PMC-038,CG-PMC-003,cp_variant,aligned,0
TP-PMC-038,CG-PMC-003,cp_variant,misaligned,0
TP-PMC-038,CG-PMC-003,cr_idx_events,st_0,0
TP-PMC-038,CG-PMC-003,cr_idx_events,st_1,0
TP-PMC-038,CG-PMC-003,cr_idx_events,st_few,0
TP-PMC-038,CG-PMC-003,cr_idx_events,st_many,0
TP-PMC-038,CG-PMC-003,cr_idx_inhibit,st_eq,0
TP-PMC-038,CG-PMC-003,cr_variant_rel,aligned_eq,0
TP-PMC-038,CG-PMC-003,cr_variant_rel,misaligned_eq,0
TP-PMC-039,CG-PMC-003,cp_delta_rel,eq,0
TP-PMC-039,CG-PMC-003,cp_variant,straddle_pmp,0
TP-PMC-039,CG-PMC-003,cr_variant_rel,straddle_eq,0
TP-PMC-040,CG-PMC-003,cp_delta_rel,eq,0
TP-PMC-040,CG-PMC-003,cp_events,few,0
TP-PMC-040,CG-PMC-003,cp_events,many,0
TP-PMC-040,CG-PMC-003,cp_events,one,0
TP-PMC-040,CG-PMC-003,cp_events,zero,0
TP-PMC-040,CG-PMC-003,cp_idx,jumps,0
TP-PMC-040,CG-PMC-003,cp_inhibit,off,0
TP-PMC-040,CG-PMC-003,cp_variant,c_j,0
TP-PMC-040,CG-PMC-003,cp_variant,c_jal,0
TP-PMC-040,CG-PMC-003,cp_variant,c_jalr,0
TP-PMC-040,CG-PMC-003,cp_variant,c_jr,0
TP-PMC-040,CG-PMC-003,cp_variant,jal,0
TP-PMC-040,CG-PMC-003,cp_variant,jalr,0
TP-PMC-040,CG-PMC-003,cp_variant,popret,0
TP-PMC-040,CG-PMC-003,cr_idx_events,jmp_0,0
TP-PMC-040,CG-PMC-003,cr_idx_events,jmp_1,0
TP-PMC-040,CG-PMC-003,cr_idx_events,jmp_few,0
TP-PMC-040,CG-PMC-003,cr_idx_events,jmp_many,0
TP-PMC-040,CG-PMC-003,cr_idx_inhibit,jmp_eq,0
TP-PMC-040,CG-PMC-003,cr_variant_rel,cj_eq,0
TP-PMC-040,CG-PMC-003,cr_variant_rel,cjal_eq,0
TP-PMC-040,CG-PMC-003,cr_variant_rel,cjalr_eq,0
TP-PMC-040,CG-PMC-003,cr_variant_rel,cjr_eq,0
TP-PMC-040,CG-PMC-003,cr_variant_rel,jal_eq,0
TP-PMC-040,CG-PMC-003,cr_variant_rel,jalr_eq,0
TP-PMC-040,CG-PMC-003,cr_variant_rel,popret_eq,0
TP-PMC-041,CG-PMC-003,cp_delta_rel,eq,0
TP-PMC-041,CG-PMC-003,cp_dit,off,0
TP-PMC-041,CG-PMC-003,cp_dit,on,0
TP-PMC-041,CG-PMC-003,cp_events,few,0
TP-PMC-041,CG-PMC-003,cp_events,many,0
TP-PMC-041,CG-PMC-003,cp_events,one,0
TP-PMC-041,CG-PMC-003,cp_events,zero,0
TP-PMC-041,CG-PMC-003,cp_idx,branches,0
TP-PMC-041,CG-PMC-003,cp_inhibit,off,0
TP-PMC-041,CG-PMC-003,cp_variant,b_not,0
TP-PMC-041,CG-PMC-003,cp_variant,b_taken,0
TP-PMC-041,CG-PMC-003,cp_variant,c_beqz_taken,0
TP-PMC-041,CG-PMC-003,cp_variant,c_bnez_not,0
TP-PMC-041,CG-PMC-003,cr_idx_dit,br_dit0,0
TP-PMC-041,CG-PMC-003,cr_idx_dit,br_dit1,0
TP-PMC-041,CG-PMC-003,cr_idx_events,br_0,0
TP-PMC-041,CG-PMC-003,cr_idx_events,br_1,0
TP-PMC-041,CG-PMC-003,cr_idx_events,br_few,0
TP-PMC-041,CG-PMC-003,cr_idx_events,br_many,0
TP-PMC-041,CG-PMC-003,cr_idx_inhibit,br_eq,0
TP-PMC-041,CG-PMC-003,cr_variant_rel,bnot_eq,0
TP-PMC-041,CG-PMC-003,cr_variant_rel,btaken_eq,0
TP-PMC-041,CG-PMC-003,cr_variant_rel,cbeqz_eq,0
TP-PMC-041,CG-PMC-003,cr_variant_rel,cbnez_eq,0
TP-PMC-042,CG-PMC-003,cp_delta_rel,eq,0
TP-PMC-042,CG-PMC-003,cp_dit,off,0
TP-PMC-042,CG-PMC-003,cp_events,few,0
TP-PMC-042,CG-PMC-003,cp_events,many,0
TP-PMC-042,CG-PMC-003,cp_events,one,0
TP-PMC-042,CG-PMC-003,cp_events,zero,0
TP-PMC-042,CG-PMC-003,cp_idx,taken,0
TP-PMC-042,CG-PMC-003,cp_inhibit,off,0
TP-PMC-042,CG-PMC-003,cr_idx_dit,tk_dit0,0
TP-PMC-042,CG-PMC-003,cr_idx_events,tk_0,0
TP-PMC-042,CG-PMC-003,cr_idx_events,tk_1,0
TP-PMC-042,CG-PMC-003,cr_idx_events,tk_few,0
TP-PMC-042,CG-PMC-003,cr_idx_events,tk_many,0
TP-PMC-042,CG-PMC-003,cr_idx_inhibit,tk_eq,0
TP-PMC-043,CG-PMC-003,cp_delta_rel,eq,0
TP-PMC-043,CG-PMC-003,cp_delta_rel,gt,0
TP-PMC-043,CG-PMC-003,cp_dit,on,0
TP-PMC-043,CG-PMC-003,cp_idx,taken,0
TP-PMC-043,CG-PMC-003,cp_variant,dit_on_not,0
TP-PMC-043,CG-PMC-003,cp_variant,dit_on_taken,0
TP-PMC-043,CG-PMC-003,cr_idx_dit,tk_dit1,0
TP-PMC-043,CG-PMC-003,cr_variant_rel,ditnot_eq,0
TP-PMC-043,CG-PMC-003,cr_variant_rel,ditnot_gt,0
TP-PMC-043,CG-PMC-003,cr_variant_rel,dittaken_eq,0
TP-PMC-044,CG-PMC-003,cp_delta_rel,eq,0
TP-PMC-044,CG-PMC-003,cp_events,few,0
TP-PMC-044,CG-PMC-003,cp_events,many,0
TP-PMC-044,CG-PMC-003,cp_events,one,0
TP-PMC-044,CG-PMC-003,cp_events,zero,0
TP-PMC-044,CG-PMC-003,cp_idx,ret_c,0
TP-PMC-044,CG-PMC-003,cp_inhibit,off,0
TP-PMC-044,CG-PMC-003,cp_variant,c_alu,0
TP-PMC-044,CG-PMC-003,cp_variant,zcmp,0
TP-PMC-044,CG-PMC-003,cr_idx_events,rc_0,0
TP-PMC-044,CG-PMC-003,cr_idx_events,rc_1,0
TP-PMC-044,CG-PMC-003,cr_idx_events,rc_few,0
TP-PMC-044,CG-PMC-003,cr_idx_events,rc_many,0
TP-PMC-044,CG-PMC-003,cr_idx_inhibit,rc_eq,0
TP-PMC-044,CG-PMC-003,cr_variant_rel,calu_eq,0
TP-PMC-044,CG-PMC-003,cr_variant_rel,zcmp_eq,0
TP-PMC-045,CG-PMC-003,cp_delta_rel,eq,0
TP-PMC-045,CG-PMC-003,cp_events,few,0
TP-PMC-045,CG-PMC-003,cp_events,many,0
TP-PMC-045,CG-PMC-003,cp_events,one,0
TP-PMC-045,CG-PMC-003,cp_events,zero,0
TP-PMC-045,CG-PMC-003,cp_idx,mul_wait,0
TP-PMC-045,CG-PMC-003,cp_inhibit,off,0
TP-PMC-045,CG-PMC-003,cp_variant,mul,0
TP-PMC-045,CG-PMC-003,cp_variant,mulh,0
TP-PMC-045,CG-PMC-003,cp_variant,mulhsu,0
TP-PMC-045,CG-PMC-003,cp_variant,mulhu,0
TP-PMC-045,CG-PMC-003,cr_idx_events,mul_0,0
TP-PMC-045,CG-PMC-003,cr_idx_events,mul_1,0
TP-PMC-045,CG-PMC-003,cr_idx_events,mul_few,0
TP-PMC-045,CG-PMC-003,cr_idx_events,mul_many,0
TP-PMC-045,CG-PMC-003,cr_idx_inhibit,mul_eq,0
TP-PMC-045,CG-PMC-003,cr_variant_rel,mul_eq,0
TP-PMC-045,CG-PMC-003,cr_variant_rel,mulh_eq,0
TP-PMC-045,CG-PMC-003,cr_variant_rel,mulhsu_eq,0
TP-PMC-045,CG-PMC-003,cr_variant_rel,mulhu_eq,0
TP-PMC-046,CG-PMC-003,cp_delta_rel,eq,0
TP-PMC-046,CG-PMC-003,cp_events,few,0
TP-PMC-046,CG-PMC-003,cp_events,many,0
TP-PMC-046,CG-PMC-003,cp_events,one,0
TP-PMC-046,CG-PMC-003,cp_events,zero,0
TP-PMC-046,CG-PMC-003,cp_idx,div_wait,0
TP-PMC-046,CG-PMC-003,cp_inhibit,off,0
TP-PMC-046,CG-PMC-003,cp_variant,div,0
TP-PMC-046,CG-PMC-003,cp_variant,div_ovf,0
TP-PMC-046,CG-PMC-003,cp_variant,div_zero,0
TP-PMC-046,CG-PMC-003,cp_variant,divu,0
TP-PMC-046,CG-PMC-003,cp_variant,rem,0
TP-PMC-046,CG-PMC-003,cp_variant,remu,0
TP-PMC-046,CG-PMC-003,cr_idx_events,div_0,0
TP-PMC-046,CG-PMC-003,cr_idx_events,div_1,0
TP-PMC-046,CG-PMC-003,cr_idx_events,div_few,0
TP-PMC-046,CG-PMC-003,cr_idx_events,div_many,0
TP-PMC-046,CG-PMC-003,cr_idx_inhibit,div_eq,0
TP-PMC-046,CG-PMC-003,cr_variant_rel,div_eq,0
TP-PMC-046,CG-PMC-003,cr_variant_rel,divovf_eq,0
TP-PMC-046,CG-PMC-003,cr_variant_rel,divu_eq,0
TP-PMC-046,CG-PMC-003,cr_variant_rel,divzero_eq,0
TP-PMC-046,CG-PMC-003,cr_variant_rel,rem_eq,0
TP-PMC-046,CG-PMC-003,cr_variant_rel,remu_eq,0
TP-PMC-047,CG-PMC-003,cp_delta_rel,lt,0
TP-PMC-047,CG-PMC-004,cp_idx,first_impl,0
TP-PMC-047,CG-PMC-004,cp_idx,last_impl,0
TP-PMC-047,CG-PMC-004,cp_op,write,0
TP-PMC-047,CG-PMC-004,cp_reg,cnt_lo,0
TP-PMC-047,CG-PMC-004,cr_idx_reg_op,fi_lo_wr,0
TP-PMC-047,CG-PMC-004,cr_idx_reg_op,li_lo_wr,0
TP-PMC-047,CG-PMC-007,cp_coincident,branch,0
TP-PMC-047,CG-PMC-007,cp_coincident,if_wait_cycle,0
TP-PMC-047,CG-PMC-007,cp_coincident,jump,0
TP-PMC-047,CG-PMC-007,cp_coincident,load_req,0
TP-PMC-047,CG-PMC-007,cp_coincident,lsu_wait_cycle,0
TP-PMC-047,CG-PMC-007,cp_coincident,none,0
TP-PMC-047,CG-PMC-007,cp_coincident,store_req,0
TP-PMC-047,CG-PMC-007,cp_target,hpm_hi,0
TP-PMC-047,CG-PMC-007,cp_target,hpm_lo,0
TP-PMC-047,CG-PMC-007,cr_target_coinc,hpm_branch,0
TP-PMC-047,CG-PMC-007,cr_target_coinc,hpm_if,0
TP-PMC-047,CG-PMC-007,cr_target_coinc,hpm_jump,0
TP-PMC-047,CG-PMC-007,cr_target_coinc,hpm_load,0
TP-PMC-047,CG-PMC-007,cr_target_coinc,hpm_lsu,0
TP-PMC-047,CG-PMC-007,cr_target_coinc,hpm_none,0
TP-PMC-047,CG-PMC-007,cr_target_coinc,hpm_store,0
TP-PMC-047,CG-PMC-007,cr_target_coinc,hpmh_load,0
TP-PMC-048,CG-PMC-002,cp_delta,eq_rvfi,0
TP-PMC-048,CG-PMC-002,cp_window,has_fetch_fault,0
TP-PMC-048,CG-PMC-002,cp_window,has_ls_fault,0
TP-PMC-048,CG-PMC-002,cr_window_delta,fetchfault_eq,0
TP-PMC-048,CG-PMC-002,cr_window_delta,lsfault_eq,0
TP-PMC-048,CG-PMC-003,cp_delta_rel,eq,0
TP-PMC-048,CG-PMC-003,cp_variant,bus_err,0
TP-PMC-048,CG-PMC-003,cp_variant,pmp_denied,0
TP-PMC-048,CG-PMC-003,cr_variant_rel,buserr_eq,0
TP-PMC-048,CG-PMC-003,cr_variant_rel,pmpden_eq,0
TP-PMC-049,CG-DBG-011,cp_counter_moved,hpm,0
TP-PMC-049,CG-DBG-011,cp_counter_moved,mcycle,0
TP-PMC-049,CG-DBG-011,cp_counter_moved,minstret,0
TP-PMC-049,CG-PMC-001,cp_ctx,debug,0
TP-PMC-049,CG-PMC-001,cp_delta,eq_cycles,0
TP-PMC-049,CG-PMC-001,cr_ctx_delta,debug_eq,0
TP-PMC-049,CG-PMC-002,cp_delta,eq_rvfi,0
TP-PMC-049,CG-PMC-002,cp_window,has_debug,0
TP-PMC-049,CG-PMC-002,cp_window,has_dret,0
TP-PMC-049,CG-PMC-002,cr_window_delta,debug_eq,0
TP-PMC-049,CG-PMC-002,cr_window_delta,dret_eq,0
TP-PMC-049,CG-PMC-003,cp_ctx,debug,0
TP-PMC-049,CG-PMC-003,cp_idx,branches,0
TP-PMC-049,CG-PMC-003,cp_idx,div_wait,0
TP-PMC-049,CG-PMC-003,cp_idx,if_wait,0
TP-PMC-049,CG-PMC-003,cp_idx,jumps,0
TP-PMC-049,CG-PMC-003,cp_idx,loads,0
TP-PMC-049,CG-PMC-003,cp_idx,lsu_wait,0
TP-PMC-049,CG-PMC-003,cp_idx,mul_wait,0
TP-PMC-049,CG-PMC-003,cp_idx,ret_c,0
TP-PMC-049,CG-PMC-003,cp_idx,stores,0
TP-PMC-049,CG-PMC-003,cp_idx,taken,0
TP-PMC-049,CG-PMC-003,cr_idx_ctx,br_dbg,0
TP-PMC-049,CG-PMC-003,cr_idx_ctx,div_dbg,0
TP-PMC-049,CG-PMC-003,cr_idx_ctx,if_dbg,0
TP-PMC-049,CG-PMC-003,cr_idx_ctx,jmp_dbg,0
TP-PMC-049,CG-PMC-003,cr_idx_ctx,ld_dbg,0
TP-PMC-049,CG-PMC-003,cr_idx_ctx,lsu_dbg,0
TP-PMC-049,CG-PMC-003,cr_idx_ctx,mul_dbg,0
TP-PMC-049,CG-PMC-003,cr_idx_ctx,rc_dbg,0
TP-PMC-049,CG-PMC-003,cr_idx_ctx,st_dbg,0
TP-PMC-049,CG-PMC-003,cr_idx_ctx,tk_dbg,0
TP-PMC-050,CG-DBG-006,cp_minstret_delta,one,0
TP-PMC-050,CG-DBG-006,cp_minstret_delta,zero,0
TP-PMC-050,CG-DBG-006,cp_stepped,alu,0
TP-PMC-050,CG-DBG-006,cp_stepped,ecall,0
TP-PMC-050,CG-DBG-006,cp_stepped,illegal,0
TP-PMC-050,CG-DBG-006,cp_stepped,wfi,0
TP-PMC-050,CG-DBG-006,cp_stepped,zcmp_push,0
TP-PMC-050,CG-DBG-006,cr_stepped_minstret,alu_one,0
TP-PMC-050,CG-DBG-006,cr_stepped_minstret,ecall_zero,0
TP-PMC-050,CG-DBG-006,cr_stepped_minstret,illegal_zero,0
TP-PMC-050,CG-DBG-006,cr_stepped_minstret,push_one,0
TP-PMC-050,CG-DBG-006,cr_stepped_minstret,wfi_one,0
TP-PMC-050,CG-PMC-001,cp_ctx,step,0
TP-PMC-050,CG-PMC-001,cp_delta,eq_cycles,0
TP-PMC-050,CG-PMC-001,cr_ctx_delta,step_eq,0
TP-PMC-050,CG-PMC-002,cp_delta,one,0
TP-PMC-050,CG-PMC-002,cp_delta,zero,0
TP-PMC-050,CG-PMC-002,cp_window,has_step,0
TP-PMC-050,CG-PMC-002,cr_window_delta,step_one,0
TP-PMC-050,CG-PMC-002,cr_window_delta,step_zero,0
TP-PMC-050,CG-PMC-003,cp_ctx,step,0
TP-PMC-050,CG-PMC-003,cp_idx,branches,0
TP-PMC-050,CG-PMC-003,cp_idx,loads,0
TP-PMC-050,CG-PMC-003,cr_idx_ctx,br_step,0
TP-PMC-050,CG-PMC-003,cr_idx_ctx,ld_step,0
TP-PMC-051,CG-PMC-003,cp_events,one,0
TP-PMC-051,CG-PMC-003,cp_idx,loads,0
TP-PMC-051,CG-PMC-003,cr_idx_events,ld_1,0
TP-PMC-051,CG-PMC-008,cp_debug,no,0
TP-PMC-051,CG-PMC-008,cp_debug,yes,0
TP-PMC-051,CG-PMC-008,cp_hpm_hi,all_zero,0
TP-PMC-051,CG-PMC-008,cp_hpm_moved,none,0
TP-PMC-051,CG-PMC-008,cp_hpm_moved,one,0
TP-PMC-051,CG-PMC-008,cp_hpm_moved,several,0
TP-PMC-051,CG-PMC-008,cp_mcycle_rel,eq_after_write,0
TP-PMC-051,CG-PMC-008,cp_mcycle_rel,eq_inhibited,0
TP-PMC-051,CG-PMC-008,cp_mcycle_rel,inc,0
TP-PMC-051,CG-PMC-008,cp_mcycle_rel,jump_after_write,0
TP-PMC-051,CG-PMC-008,cr_moved_debug,none_run,0
TP-PMC-051,CG-PMC-008,cr_moved_debug,one_dbg,0
TP-PMC-051,CG-PMC-008,cr_moved_debug,several_run,0
TP-PMC-052,CG-PMC-001,cp_ctx,run,0
TP-PMC-052,CG-PMC-001,cp_delta,eq_cycles,0
TP-PMC-052,CG-PMC-001,cp_op,rd_lo,0
TP-PMC-052,CG-PMC-001,cr_ctx_delta,run_eq,0
TP-PMC-052,CG-PMC-002,cp_coherence,wb_retiring,0
TP-PMC-052,CG-PMC-002,cp_delta,eq_rvfi,0
TP-PMC-052,CG-PMC-002,cp_op,rd_lo,0
TP-PMC-052,CG-PMC-002,cp_window,plain,0
TP-PMC-052,CG-PMC-002,cr_coherence_op,retiring_rd,0
TP-PMC-052,CG-PMC-002,cr_window_delta,plain_eq,0
TP-PMC-053,CG-PMC-001,cp_op,wr_hi,0
TP-PMC-053,CG-PMC-001,cp_op,wr_lo,0
TP-PMC-053,CG-PMC-001,cp_wdata,ones,0
TP-PMC-053,CG-PMC-001,cp_wdata,zeros,0
TP-PMC-053,CG-PMC-001,cr_op_wdata,wrhi_1,0
TP-PMC-053,CG-PMC-001,cr_op_wdata,wrhi_z,0
TP-PMC-053,CG-PMC-001,cr_op_wdata,wrlo_1,0
TP-PMC-053,CG-PMC-001,cr_op_wdata,wrlo_z,0
TP-PMC-053,CG-PMC-002,cp_op,clr_hi,0
TP-PMC-053,CG-PMC-002,cp_op,clr_lo,0
TP-PMC-053,CG-PMC-002,cp_op,set_hi,0
TP-PMC-053,CG-PMC-002,cp_op,set_lo,0
TP-PMC-053,CG-PMC-002,cp_op,wr_hi,0
TP-PMC-053,CG-PMC-002,cp_op,wr_lo,0
TP-PMC-053,CG-PMC-002,cp_wdata,ones,0
TP-PMC-053,CG-PMC-002,cp_wdata,random,0
TP-PMC-053,CG-PMC-002,cp_wdata,zeros,0
TP-PMC-053,CG-PMC-002,cr_op_wdata,clrhi_r,0
TP-PMC-053,CG-PMC-002,cr_op_wdata,clrlo_1,0
TP-PMC-053,CG-PMC-002,cr_op_wdata,sethi_r,0
TP-PMC-053,CG-PMC-002,cr_op_wdata,setlo_1,0
TP-PMC-053,CG-PMC-002,cr_op_wdata,wrhi_1,0
TP-PMC-053,CG-PMC-002,cr_op_wdata,wrhi_z,0
TP-PMC-053,CG-PMC-002,cr_op_wdata,wrlo_1,0
TP-PMC-053,CG-PMC-002,cr_op_wdata,wrlo_z,0
TP-PMC-053,CG-PMC-004,cp_reg,cnt_hi,0
TP-PMC-053,CG-PMC-004,cp_reg,cnt_lo,0
TP-PMC-053,CG-PMC-004,cp_reg,event,0
TP-PMC-053,CG-PMC-004,cp_wdata,ones,0
TP-PMC-053,CG-PMC-004,cp_wdata,random,0
TP-PMC-053,CG-PMC-004,cp_wdata,zeros,0
TP-PMC-053,CG-PMC-004,cr_wdata_reg,o_ev,0
TP-PMC-053,CG-PMC-004,cr_wdata_reg,o_hi,0
TP-PMC-053,CG-PMC-004,cr_wdata_reg,o_lo,0
TP-PMC-053,CG-PMC-004,cr_wdata_reg,r_ev,0
TP-PMC-053,CG-PMC-004,cr_wdata_reg,r_hi,0
TP-PMC-053,CG-PMC-004,cr_wdata_reg,r_lo,0
TP-PMC-053,CG-PMC-004,cr_wdata_reg,z_ev,0
TP-PMC-053,CG-PMC-004,cr_wdata_reg,z_hi,0
TP-PMC-053,CG-PMC-004,cr_wdata_reg,z_lo,0
TP-PMC-053,CG-PMC-007,cp_target,hpm_hi,0
TP-PMC-054,CG-PMC-002,cp_delta,eq_rvfi,0
TP-PMC-054,CG-PMC-002,cp_window,has_irq,0
TP-PMC-054,CG-PMC-002,cr_window_delta,irq_eq,0
TP-PMC-055,CG-PMC-001,cp_ctx,run,0
TP-PMC-055,CG-PMC-001,cp_delta,eq_cycles,0
TP-PMC-055,CG-PMC-001,cr_ctx_delta,run_eq,0
TP-PMC-055,CG-PMC-002,cp_delta,eq_rvfi,0
TP-PMC-055,CG-PMC-002,cp_window,has_debug,0
TP-PMC-055,CG-PMC-002,cp_window,plain,0
TP-PMC-055,CG-PMC-002,cr_window_delta,plain_eq,0
TP-PMC-055,CG-PMC-003,cp_ctx,run,0
TP-PMC-055,CG-PMC-003,cp_delta_rel,eq,0
TP-PMC-055,CG-PMC-003,cp_events,many,0
TP-PMC-055,CG-PMC-003,cp_idx,branches,0
TP-PMC-055,CG-PMC-003,cp_idx,jumps,0
TP-PMC-055,CG-PMC-003,cp_idx,loads,0
TP-PMC-055,CG-PMC-003,cp_idx,ret_c,0
TP-PMC-055,CG-PMC-003,cp_idx,stores,0
TP-PMC-055,CG-PMC-003,cp_variant,mixed,0
TP-PMC-055,CG-PMC-003,cr_idx_events,br_many,0
TP-PMC-055,CG-PMC-003,cr_idx_events,jmp_many,0
TP-PMC-055,CG-PMC-003,cr_idx_events,ld_many,0
TP-PMC-055,CG-PMC-003,cr_idx_events,rc_many,0
TP-PMC-055,CG-PMC-003,cr_idx_events,st_many,0
TP-PMC-055,CG-PMC-003,cr_variant_rel,mixed_eq,0
TP-PMC-055,CG-PMC-004,cp_idx,mid_impl,0
TP-PMC-055,CG-PMC-004,cp_op,read,0
TP-PMC-055,CG-PMC-004,cp_reg,cnt_lo,0
TP-PMC-055,CG-PMC-004,cr_idx_reg_op,mi_lo_rd,0
TP-PMC-055,CG-PMC-005,cp_op,write,0
TP-PMC-055,CG-PMC-005,cp_pattern,random,0
TP-PMC-055,CG-PMC-005,cp_reg,en,0
TP-PMC-055,CG-PMC-005,cp_reg,inhibit,0
TP-PMC-055,CG-PMC-005,cr_reg_pattern_op,en_r_wr,0
TP-PMC-055,CG-PMC-005,cr_reg_pattern_op,inh_r_wr,0
TP-PMC-055,CG-PMC-006,cp_alias,hpm_mid,0
TP-PMC-055,CG-PMC-006,cp_en_bit,clr,0
TP-PMC-055,CG-PMC-006,cp_en_bit,set,0
TP-PMC-055,CG-PMC-006,cp_mode,u,0
TP-PMC-055,CG-PMC-006,cp_result,illegal,0
TP-PMC-055,CG-PMC-006,cp_result,ok,0
TP-PMC-055,CG-PMC-006,cr_alias_gate,hm_u_clr_ill,0
TP-PMC-055,CG-PMC-006,cr_alias_gate,hm_u_set_ok,0
TP-PMC-055,CG-PMC-007,cp_coincident,none,0
TP-PMC-055,CG-PMC-007,cp_target,hpm_lo,0
TP-PMC-055,CG-PMC-007,cr_target_coinc,hpm_none,0
TP-PMC-055,CG-PMC-008,cp_debug,no,0
TP-PMC-055,CG-PMC-008,cp_hpm_moved,several,0
TP-PMC-055,CG-PMC-008,cr_moved_debug,several_run,0
TP-PMP-001,CG-PMP-001,cp_entry,e0,0
TP-PMP-001,CG-PMP-001,cp_entry,e1,0
TP-PMP-001,CG-PMP-001,cp_entry,e10,0
TP-PMP-001,CG-PMP-001,cp_entry,e11,0
TP-PMP-001,CG-PMP-001,cp_entry,e12,0
TP-PMP-001,CG-PMP-001,cp_entry,e13,0
TP-PMP-001,CG-PMP-001,cp_entry,e14,0
TP-PMP-001,CG-PMP-001,cp_entry,e15,0
TP-PMP-001,CG-PMP-001,cp_entry,e2,0
TP-PMP-001,CG-PMP-001,cp_entry,e3,0
TP-PMP-001,CG-PMP-001,cp_entry,e4,0
TP-PMP-001,CG-PMP-001,cp_entry,e5,0
TP-PMP-001,CG-PMP-001,cp_entry,e6,0
TP-PMP-001,CG-PMP-001,cp_entry,e7,0
TP-PMP-001,CG-PMP-001,cp_entry,e8,0
TP-PMP-001,CG-PMP-001,cp_entry,e9,0
TP-PMP-001,CG-PMP-001,cp_op,csrrw,0
TP-PMP-001,CG-PMP-001,cp_wr_mode,na4,0
TP-PMP-001,CG-PMP-001,cp_wr_mode,napot,0
TP-PMP-001,CG-PMP-001,cp_wr_mode,off,0
TP-PMP-001,CG-PMP-001,cp_wr_mode,tor,0
TP-PMP-001,CG-PMP-001,cr_mode_lrwx,na4_c0000,0
TP-PMP-001,CG-PMP-001,cr_mode_lrwx,na4_c0001,0
TP-PMP-001,CG-PMP-001,cr_mode_lrwx,na4_c0010,0
TP-PMP-001,CG-PMP-001,cr_mode_lrwx,na4_c0011,0
TP-PMP-001,CG-PMP-001,cr_mode_lrwx,na4_c0100,0
TP-PMP-001,CG-PMP-001,cr_mode_lrwx,na4_c0101,0
TP-PMP-001,CG-PMP-001,cr_mode_lrwx,na4_c0110,0
TP-PMP-001,CG-PMP-001,cr_mode_lrwx,na4_c0111,0
TP-PMP-001,CG-PMP-001,cr_mode_lrwx,na4_c1000,0
TP-PMP-001,CG-PMP-001,cr_mode_lrwx,na4_c1001,0
TP-PMP-001,CG-PMP-001,cr_mode_lrwx,na4_c1010,0
TP-PMP-001,CG-PMP-001,cr_mode_lrwx,na4_c1011,0
TP-PMP-001,CG-PMP-001,cr_mode_lrwx,na4_c1100,0
TP-PMP-001,CG-PMP-001,cr_mode_lrwx,na4_c1101,0
TP-PMP-001,CG-PMP-001,cr_mode_lrwx,na4_c1110,0
TP-PMP-001,CG-PMP-001,cr_mode_lrwx,na4_c1111,0
TP-PMP-001,CG-PMP-001,cr_mode_lrwx,napot_c0000,0
TP-PMP-001,CG-PMP-001,cr_mode_lrwx,napot_c0001,0
TP-PMP-001,CG-PMP-001,cr_mode_lrwx,napot_c0010,0
TP-PMP-001,CG-PMP-001,cr_mode_lrwx,napot_c0011,0
TP-PMP-001,CG-PMP-001,cr_mode_lrwx,napot_c0100,0
TP-PMP-001,CG-PMP-001,cr_mode_lrwx,napot_c0101,0
TP-PMP-001,CG-PMP-001,cr_mode_lrwx,napot_c0110,0
TP-PMP-001,CG-PMP-001,cr_mode_lrwx,napot_c0111,0
TP-PMP-001,CG-PMP-001,cr_mode_lrwx,napot_c1000,0
TP-PMP-001,CG-PMP-001,cr_mode_lrwx,napot_c1001,0
TP-PMP-001,CG-PMP-001,cr_mode_lrwx,napot_c1010,0
TP-PMP-001,CG-PMP-001,cr_mode_lrwx,napot_c1011,0
TP-PMP-001,CG-PMP-001,cr_mode_lrwx,napot_c1100,0
TP-PMP-001,CG-PMP-001,cr_mode_lrwx,napot_c1101,0
TP-PMP-001,CG-PMP-001,cr_mode_lrwx,napot_c1110,0
TP-PMP-001,CG-PMP-001,cr_mode_lrwx,napot_c1111,0
TP-PMP-001,CG-PMP-001,cr_mode_lrwx,off_c0000,0
TP-PMP-001,CG-PMP-001,cr_mode_lrwx,off_c0001,0
TP-PMP-001,CG-PMP-001,cr_mode_lrwx,off_c0010,0
TP-PMP-001,CG-PMP-001,cr_mode_lrwx,off_c0011,0
TP-PMP-001,CG-PMP-001,cr_mode_lrwx,off_c0100,0
TP-PMP-001,CG-PMP-001,cr_mode_lrwx,off_c0101,0
TP-PMP-001,CG-PMP-001,cr_mode_lrwx,off_c0110,0
TP-PMP-001,CG-PMP-001,cr_mode_lrwx,off_c0111,0
TP-PMP-001,CG-PMP-001,cr_mode_lrwx,off_c1000,0
TP-PMP-001,CG-PMP-001,cr_mode_lrwx,off_c1001,0
TP-PMP-001,CG-PMP-001,cr_mode_lrwx,off_c1010,0
TP-PMP-001,CG-PMP-001,cr_mode_lrwx,off_c1011,0
TP-PMP-001,CG-PMP-001,cr_mode_lrwx,off_c1100,0
TP-PMP-001,CG-PMP-001,cr_mode_lrwx,off_c1101,0
TP-PMP-001,CG-PMP-001,cr_mode_lrwx,off_c1110,0
TP-PMP-001,CG-PMP-001,cr_mode_lrwx,off_c1111,0
TP-PMP-001,CG-PMP-001,cr_mode_lrwx,tor_c0000,0
TP-PMP-001,CG-PMP-001,cr_mode_lrwx,tor_c0001,0
TP-PMP-001,CG-PMP-001,cr_mode_lrwx,tor_c0010,0
TP-PMP-001,CG-PMP-001,cr_mode_lrwx,tor_c0011,0
TP-PMP-001,CG-PMP-001,cr_mode_lrwx,tor_c0100,0
TP-PMP-001,CG-PMP-001,cr_mode_lrwx,tor_c0101,0
TP-PMP-001,CG-PMP-001,cr_mode_lrwx,tor_c0110,0
TP-PMP-001,CG-PMP-001,cr_mode_lrwx,tor_c0111,0
TP-PMP-001,CG-PMP-001,cr_mode_lrwx,tor_c1000,0
TP-PMP-001,CG-PMP-001,cr_mode_lrwx,tor_c1001,0
TP-PMP-001,CG-PMP-001,cr_mode_lrwx,tor_c1010,0
TP-PMP-001,CG-PMP-001,cr_mode_lrwx,tor_c1011,0
TP-PMP-001,CG-PMP-001,cr_mode_lrwx,tor_c1100,0
TP-PMP-001,CG-PMP-001,cr_mode_lrwx,tor_c1101,0
TP-PMP-001,CG-PMP-001,cr_mode_lrwx,tor_c1110,0
TP-PMP-001,CG-PMP-001,cr_mode_lrwx,tor_c1111,0
TP-PMP-001,CG-PMP-004,cr_op_class,csrrw_pmpcfg,0
TP-PMP-002,CG-PMP-002,cp_hi_bits,bit30,0
TP-PMP-002,CG-PMP-002,cp_hi_bits,bit31,0
TP-PMP-002,CG-PMP-002,cp_hi_bits,both,0
TP-PMP-002,CG-PMP-002,cp_hi_bits,none,0
TP-PMP-002,CG-PMP-002,cp_idx,a0,0
TP-PMP-002,CG-PMP-002,cp_idx,a1,0
TP-PMP-002,CG-PMP-002,cp_idx,a10,0
TP-PMP-002,CG-PMP-002,cp_idx,a11,0
TP-PMP-002,CG-PMP-002,cp_idx,a12,0
TP-PMP-002,CG-PMP-002,cp_idx,a13,0
TP-PMP-002,CG-PMP-002,cp_idx,a14,0
TP-PMP-002,CG-PMP-002,cp_idx,a15,0
TP-PMP-002,CG-PMP-002,cp_idx,a2,0
TP-PMP-002,CG-PMP-002,cp_idx,a3,0
TP-PMP-002,CG-PMP-002,cp_idx,a4,0
TP-PMP-002,CG-PMP-002,cp_idx,a5,0
TP-PMP-002,CG-PMP-002,cp_idx,a6,0
TP-PMP-002,CG-PMP-002,cp_idx,a7,0
TP-PMP-002,CG-PMP-002,cp_idx,a8,0
TP-PMP-002,CG-PMP-002,cp_idx,a9,0
TP-PMP-002,CG-PMP-002,cr_hi_mode,bit30_na4,0
TP-PMP-002,CG-PMP-002,cr_hi_mode,bit30_napot,0
TP-PMP-002,CG-PMP-002,cr_hi_mode,bit30_off,0
TP-PMP-002,CG-PMP-002,cr_hi_mode,bit30_tor,0
TP-PMP-002,CG-PMP-002,cr_hi_mode,bit31_na4,0
TP-PMP-002,CG-PMP-002,cr_hi_mode,bit31_napot,0
TP-PMP-002,CG-PMP-002,cr_hi_mode,bit31_off,0
TP-PMP-002,CG-PMP-002,cr_hi_mode,bit31_tor,0
TP-PMP-002,CG-PMP-002,cr_hi_mode,both_na4,0
TP-PMP-002,CG-PMP-002,cr_hi_mode,both_napot,0
TP-PMP-002,CG-PMP-002,cr_hi_mode,both_off,0
TP-PMP-002,CG-PMP-002,cr_hi_mode,both_tor,0
TP-PMP-002,CG-PMP-004,cr_op_class,csrrw_pmpaddr,0
TP-PMP-003,CG-PMP-001,cp_res_bits,nonzero,0
TP-PMP-003,CG-PMP-001,cr_res_op,nonzero_csrrc,0
TP-PMP-003,CG-PMP-001,cr_res_op,nonzero_csrrs,0
TP-PMP-003,CG-PMP-001,cr_res_op,nonzero_csrrw,0
TP-PMP-004,CG-PMP-001,cp_mml,mml0,0
TP-PMP-004,CG-PMP-001,cp_outcome,w_dropped,0
TP-PMP-004,CG-PMP-001,cp_wr_lrwx,c0010,0
TP-PMP-004,CG-PMP-001,cp_wr_lrwx,c0011,0
TP-PMP-004,CG-PMP-001,cp_wr_lrwx,c1010,0
TP-PMP-004,CG-PMP-001,cp_wr_lrwx,c1011,0
TP-PMP-004,CG-PMP-001,cr_rw01_mml,rw01_mml0_wdrop,0
TP-PMP-005,CG-PMP-001,cp_mml,mml1,0
TP-PMP-005,CG-PMP-001,cr_rw01_mml,rw01_mml1_l1_rlb1_stored,0
TP-PMP-005,CG-PMP-001,cr_rw01_mml,rw01_mml1_stored,0
TP-PMP-006,CG-PMP-001,cp_wr_mode,na4,0
TP-PMP-006,CG-PMP-001,cp_wr_mode,napot,0
TP-PMP-006,CG-PMP-001,cp_wr_mode,off,0
TP-PMP-006,CG-PMP-001,cp_wr_mode,tor,0
TP-PMP-006,CG-PMP-005,cp_mode,na4,0
TP-PMP-006,CG-PMP-005,cp_mode,napot,0
TP-PMP-006,CG-PMP-005,cp_mode,tor,0
TP-PMP-007,CG-PMP-001,cp_op,csrrc,0
TP-PMP-007,CG-PMP-001,cp_op,csrrs,0
TP-PMP-007,CG-PMP-002,cp_op,csrrc,0
TP-PMP-007,CG-PMP-002,cp_op,csrrs,0
TP-PMP-007,CG-PMP-002,cr_idx_op,a0_csrrc,0
TP-PMP-007,CG-PMP-002,cr_idx_op,a0_csrrs,0
TP-PMP-007,CG-PMP-002,cr_idx_op,a0_csrrw,0
TP-PMP-007,CG-PMP-002,cr_idx_op,a10_csrrc,0
TP-PMP-007,CG-PMP-002,cr_idx_op,a10_csrrs,0
TP-PMP-007,CG-PMP-002,cr_idx_op,a10_csrrw,0
TP-PMP-007,CG-PMP-002,cr_idx_op,a11_csrrc,0
TP-PMP-007,CG-PMP-002,cr_idx_op,a11_csrrs,0
TP-PMP-007,CG-PMP-002,cr_idx_op,a11_csrrw,0
TP-PMP-007,CG-PMP-002,cr_idx_op,a12_csrrc,0
TP-PMP-007,CG-PMP-002,cr_idx_op,a12_csrrs,0
TP-PMP-007,CG-PMP-002,cr_idx_op,a12_csrrw,0
TP-PMP-007,CG-PMP-002,cr_idx_op,a13_csrrc,0
TP-PMP-007,CG-PMP-002,cr_idx_op,a13_csrrs,0
TP-PMP-007,CG-PMP-002,cr_idx_op,a13_csrrw,0
TP-PMP-007,CG-PMP-002,cr_idx_op,a14_csrrc,0
TP-PMP-007,CG-PMP-002,cr_idx_op,a14_csrrs,0
TP-PMP-007,CG-PMP-002,cr_idx_op,a14_csrrw,0
TP-PMP-007,CG-PMP-002,cr_idx_op,a15_csrrc,0
TP-PMP-007,CG-PMP-002,cr_idx_op,a15_csrrs,0
TP-PMP-007,CG-PMP-002,cr_idx_op,a15_csrrw,0
TP-PMP-007,CG-PMP-002,cr_idx_op,a1_csrrc,0
TP-PMP-007,CG-PMP-002,cr_idx_op,a1_csrrs,0
TP-PMP-007,CG-PMP-002,cr_idx_op,a1_csrrw,0
TP-PMP-007,CG-PMP-002,cr_idx_op,a2_csrrc,0
TP-PMP-007,CG-PMP-002,cr_idx_op,a2_csrrs,0
TP-PMP-007,CG-PMP-002,cr_idx_op,a2_csrrw,0
TP-PMP-007,CG-PMP-002,cr_idx_op,a3_csrrc,0
TP-PMP-007,CG-PMP-002,cr_idx_op,a3_csrrs,0
TP-PMP-007,CG-PMP-002,cr_idx_op,a3_csrrw,0
TP-PMP-007,CG-PMP-002,cr_idx_op,a4_csrrc,0
TP-PMP-007,CG-PMP-002,cr_idx_op,a4_csrrs,0
TP-PMP-007,CG-PMP-002,cr_idx_op,a4_csrrw,0
TP-PMP-007,CG-PMP-002,cr_idx_op,a5_csrrc,0
TP-PMP-007,CG-PMP-002,cr_idx_op,a5_csrrs,0
TP-PMP-007,CG-PMP-002,cr_idx_op,a5_csrrw,0
TP-PMP-007,CG-PMP-002,cr_idx_op,a6_csrrc,0
TP-PMP-007,CG-PMP-002,cr_idx_op,a6_csrrs,0
TP-PMP-007,CG-PMP-002,cr_idx_op,a6_csrrw,0
TP-PMP-007,CG-PMP-002,cr_idx_op,a7_csrrc,0
TP-PMP-007,CG-PMP-002,cr_idx_op,a7_csrrs,0
TP-PMP-007,CG-PMP-002,cr_idx_op,a7_csrrw,0
TP-PMP-007,CG-PMP-002,cr_idx_op,a8_csrrc,0
TP-PMP-007,CG-PMP-002,cr_idx_op,a8_csrrs,0
TP-PMP-007,CG-PMP-002,cr_idx_op,a8_csrrw,0
TP-PMP-007,CG-PMP-002,cr_idx_op,a9_csrrc,0
TP-PMP-007,CG-PMP-002,cr_idx_op,a9_csrrs,0
TP-PMP-007,CG-PMP-002,cr_idx_op,a9_csrrw,0
TP-PMP-007,CG-PMP-003,cp_op,csrrc,0
TP-PMP-007,CG-PMP-003,cp_op,csrrs,0
TP-PMP-007,CG-PMP-003,cp_op,csrrw,0
TP-PMP-007,CG-PMP-004,cr_op_class,csrrc_mseccfg,0
TP-PMP-007,CG-PMP-004,cr_op_class,csrrc_mseccfgh,0
TP-PMP-007,CG-PMP-004,cr_op_class,csrrc_pmpaddr,0
TP-PMP-007,CG-PMP-004,cr_op_class,csrrc_pmpcfg,0
TP-PMP-007,CG-PMP-004,cr_op_class,csrrci_mseccfg,0
TP-PMP-007,CG-PMP-004,cr_op_class,csrrci_mseccfgh,0
TP-PMP-007,CG-PMP-004,cr_op_class,csrrci_pmpaddr,0
TP-PMP-007,CG-PMP-004,cr_op_class,csrrci_pmpcfg,0
TP-PMP-007,CG-PMP-004,cr_op_class,csrrs_mseccfg,0
TP-PMP-007,CG-PMP-004,cr_op_class,csrrs_mseccfgh,0
TP-PMP-007,CG-PMP-004,cr_op_class,csrrs_pmpaddr,0
TP-PMP-007,CG-PMP-004,cr_op_class,csrrs_pmpcfg,0
TP-PMP-007,CG-PMP-004,cr_op_class,csrrsi_mseccfg,0
TP-PMP-007,CG-PMP-004,cr_op_class,csrrsi_mseccfgh,0
TP-PMP-007,CG-PMP-004,cr_op_class,csrrsi_pmpaddr,0
TP-PMP-007,CG-PMP-004,cr_op_class,csrrsi_pmpcfg,0
TP-PMP-007,CG-PMP-004,cr_op_class,csrrw_mseccfg,0
TP-PMP-007,CG-PMP-004,cr_op_class,csrrw_mseccfgh,0
TP-PMP-007,CG-PMP-004,cr_op_class,csrrw_pmpaddr,0
TP-PMP-007,CG-PMP-004,cr_op_class,csrrw_pmpcfg,0
TP-PMP-007,CG-PMP-004,cr_op_class,csrrwi_mseccfg,0
TP-PMP-007,CG-PMP-004,cr_op_class,csrrwi_mseccfgh,0
TP-PMP-007,CG-PMP-004,cr_op_class,csrrwi_pmpaddr,0
TP-PMP-007,CG-PMP-004,cr_op_class,csrrwi_pmpcfg,0
TP-PMP-008,CG-PMP-004,cp_trap,illegal,0
TP-PMP-008,CG-PMP-004,cr_priv_trap,u_illegal,0
TP-PMP-008,CG-PMP-004,cr_u_class,u_mseccfg_read_only,0
TP-PMP-008,CG-PMP-004,cr_u_class,u_mseccfg_write,0
TP-PMP-008,CG-PMP-004,cr_u_class,u_mseccfgh_read_only,0
TP-PMP-008,CG-PMP-004,cr_u_class,u_mseccfgh_write,0
TP-PMP-008,CG-PMP-004,cr_u_class,u_pmpaddr_read_only,0
TP-PMP-008,CG-PMP-004,cr_u_class,u_pmpaddr_write,0
TP-PMP-008,CG-PMP-004,cr_u_class,u_pmpcfg_read_only,0
TP-PMP-008,CG-PMP-004,cr_u_class,u_pmpcfg_write,0
TP-PMP-009,CG-PMP-004,cp_dbg,d1,0
TP-PMP-009,CG-PMP-004,cr_dbg_class,d1_mseccfg_read_only,0
TP-PMP-009,CG-PMP-004,cr_dbg_class,d1_mseccfg_write,0
TP-PMP-009,CG-PMP-004,cr_dbg_class,d1_mseccfgh_read_only,0
TP-PMP-009,CG-PMP-004,cr_dbg_class,d1_mseccfgh_write,0
TP-PMP-009,CG-PMP-004,cr_dbg_class,d1_pmpaddr_read_only,0
TP-PMP-009,CG-PMP-004,cr_dbg_class,d1_pmpaddr_write,0
TP-PMP-009,CG-PMP-004,cr_dbg_class,d1_pmpcfg_read_only,0
TP-PMP-009,CG-PMP-004,cr_dbg_class,d1_pmpcfg_write,0
TP-PMP-010,CG-PMP-004,cr_reset_read,rst_mseccfg,0
TP-PMP-010,CG-PMP-004,cr_reset_read,rst_mseccfgh,0
TP-PMP-010,CG-PMP-004,cr_reset_read,rst_pmpaddr,0
TP-PMP-010,CG-PMP-004,cr_reset_read,rst_pmpcfg,0
TP-PMP-010,CG-PMP-005,cr_nomatch,nm_m_fetch_mml0_mmwp0,0
TP-PMP-010,CG-PMP-005,cr_nomatch,nm_m_load_mml0_mmwp0,0
TP-PMP-010,CG-PMP-005,cr_nomatch,nm_m_store_mml0_mmwp0,0
TP-PMP-010,CG-PMP-014,cp_active,n0,0
TP-PMP-011,CG-PMP-003,cp_csr,mseccfg,0
TP-PMP-011,CG-PMP-003,cp_post,s000,0
TP-PMP-011,CG-PMP-003,cp_post,s001,0
TP-PMP-011,CG-PMP-003,cr_hi_bits,mseccfg_hi_nonzero,0
TP-PMP-011,CG-PMP-004,cr_op_class,csrrw_mseccfg,0
TP-PMP-012,CG-PMP-003,cp_csr,mseccfgh,0
TP-PMP-012,CG-PMP-003,cr_mseccfgh,mseccfgh_nonzero_csrrc,0
TP-PMP-012,CG-PMP-003,cr_mseccfgh,mseccfgh_nonzero_csrrs,0
TP-PMP-012,CG-PMP-003,cr_mseccfgh,mseccfgh_nonzero_csrrw,0
TP-PMP-012,CG-PMP-004,cr_op_class,csrrc_mseccfgh,0
TP-PMP-012,CG-PMP-004,cr_op_class,csrrci_mseccfgh,0
TP-PMP-012,CG-PMP-004,cr_op_class,csrrs_mseccfgh,0
TP-PMP-012,CG-PMP-004,cr_op_class,csrrsi_mseccfgh,0
TP-PMP-012,CG-PMP-004,cr_op_class,csrrw_mseccfgh,0
TP-PMP-012,CG-PMP-004,cr_op_class,csrrwi_mseccfgh,0
TP-PMP-013,CG-PMP-001,cp_outcome,ignored_lock,0
TP-PMP-013,CG-PMP-001,cp_prelock,locked,0
TP-PMP-013,CG-PMP-001,cp_word_lockmix,all,0
TP-PMP-013,CG-PMP-001,cp_word_lockmix,none,0
TP-PMP-013,CG-PMP-001,cp_word_lockmix,some,0
TP-PMP-013,CG-PMP-001,cr_lock_outcome,locked_rlb0_ignored,0
TP-PMP-013,CG-PMP-001,cr_lock_outcome,unlocked_rlb0_written,0
TP-PMP-013,CG-PMP-001,cr_lockmix_op,some_csrrc,0
TP-PMP-013,CG-PMP-001,cr_lockmix_op,some_csrrs,0
TP-PMP-013,CG-PMP-001,cr_lockmix_op,some_csrrw,0
TP-PMP-014,CG-PMP-002,cp_outcome,ignored_self_lock,0
TP-PMP-014,CG-PMP-002,cp_self_lock,locked,0
TP-PMP-014,CG-PMP-002,cp_self_mode,na4,0
TP-PMP-014,CG-PMP-002,cp_self_mode,napot,0
TP-PMP-014,CG-PMP-002,cp_self_mode,off,0
TP-PMP-014,CG-PMP-002,cp_self_mode,tor,0
TP-PMP-014,CG-PMP-002,cr_self_lock,locked_rlb0_ignored,0
TP-PMP-015,CG-PMP-002,cp_next_cfg,next_locked_tor,0
TP-PMP-015,CG-PMP-002,cp_outcome,ignored_tor_lock,0
TP-PMP-015,CG-PMP-002,cr_tor_lock,nl_tor_rlb0_ignored,0
TP-PMP-016,CG-PMP-002,cp_next_cfg,next_locked_other,0
TP-PMP-016,CG-PMP-002,cr_tor_lock,nl_other_rlb0_written,0
TP-PMP-017,CG-PMP-002,cp_next_cfg,next_unlocked_tor,0
TP-PMP-017,CG-PMP-002,cr_tor_lock,nu_tor_rlb0_written,0
TP-PMP-018,CG-PMP-002,cp_next_cfg,top,0
TP-PMP-018,CG-PMP-002,cr_top_lock,top_locked_ignored,0
TP-PMP-018,CG-PMP-002,cr_top_lock,top_unlocked_written,0
TP-PMP-018,CG-PMP-002,cr_tor_lock,top_rlb0_written,0
TP-PMP-019,CG-PMP-001,cp_wr_mode,off,0
TP-PMP-019,CG-PMP-001,cr_lock_outcome,locked_rlb0_ignored,0
TP-PMP-019,CG-PMP-003,cp_locked_off_only,yes,0
TP-PMP-019,CG-PMP-003,cr_rlb_trans,rlb_0_w1_lockedoff_blocked,0
TP-PMP-020,CG-PMP-001,cr_lock_outcome,locked_rlb0_ignored,0
TP-PMP-020,CG-PMP-001,cr_prelock_wrl,setlock_c1000,0
TP-PMP-020,CG-PMP-001,cr_prelock_wrl,setlock_c1001,0
TP-PMP-020,CG-PMP-001,cr_prelock_wrl,setlock_c1010,0
TP-PMP-020,CG-PMP-001,cr_prelock_wrl,setlock_c1011,0
TP-PMP-020,CG-PMP-001,cr_prelock_wrl,setlock_c1100,0
TP-PMP-020,CG-PMP-001,cr_prelock_wrl,setlock_c1101,0
TP-PMP-020,CG-PMP-001,cr_prelock_wrl,setlock_c1110,0
TP-PMP-020,CG-PMP-001,cr_prelock_wrl,setlock_c1111,0
TP-PMP-020,CG-PMP-002,cr_self_lock,locked_rlb0_ignored,0
TP-PMP-020,CG-PMP-011,cp_bb,lock_then_addr,0
TP-PMP-020,CG-PMP-011,cp_bb,lock_then_cfg,0
TP-PMP-020,CG-PMP-011,cp_bb,lock_then_rlb,0
TP-PMP-020,CG-PMP-011,cp_bb,none,0
TP-PMP-020,CG-PMP-011,cr_bb,lock_then_addr,0
TP-PMP-020,CG-PMP-011,cr_bb,lock_then_cfg,0
TP-PMP-020,CG-PMP-011,cr_bb,lock_then_rlb,0
TP-PMP-021,CG-PMP-001,cp_rlb,rlb1,0
TP-PMP-021,CG-PMP-001,cr_lock_outcome,locked_rlb1_written,0
TP-PMP-021,CG-PMP-001,cr_lock_outcome,unlocked_rlb1_written,0
TP-PMP-021,CG-PMP-002,cp_rlb,rlb1,0
TP-PMP-021,CG-PMP-002,cr_self_lock,locked_rlb1_written,0
TP-PMP-021,CG-PMP-002,cr_tor_lock,nl_tor_rlb1_written,0
TP-PMP-022,CG-PMP-003,cr_mml_trans,mml_0_w0_stay0,0
TP-PMP-022,CG-PMP-003,cr_mml_trans,mml_0_w1_set,0
TP-PMP-022,CG-PMP-003,cr_mml_trans,mml_1_w0_hold,0
TP-PMP-022,CG-PMP-003,cr_mml_trans,mml_1_w1_hold,0
TP-PMP-022,CG-PMP-003,cr_op_trans,csrrc_mml_hold,0
TP-PMP-022,CG-PMP-003,cr_op_trans,csrrw_mml_hold,0
TP-PMP-023,CG-PMP-003,cr_mmwp_trans,mmwp_0_w0_stay0,0
TP-PMP-023,CG-PMP-003,cr_mmwp_trans,mmwp_0_w1_set,0
TP-PMP-023,CG-PMP-003,cr_mmwp_trans,mmwp_1_w0_hold,0
TP-PMP-023,CG-PMP-003,cr_mmwp_trans,mmwp_1_w1_hold,0
TP-PMP-023,CG-PMP-003,cr_op_trans,csrrc_mmwp_hold,0
TP-PMP-023,CG-PMP-003,cr_op_trans,csrrw_mmwp_hold,0
TP-PMP-024,CG-PMP-003,cp_any_locked,none,0
TP-PMP-024,CG-PMP-003,cr_rlb_trans,rlb_0_w0_nolock_stay,0
TP-PMP-024,CG-PMP-003,cr_rlb_trans,rlb_0_w1_nolock_set,0
TP-PMP-024,CG-PMP-003,cr_rlb_trans,rlb_1_w0_clear,0
TP-PMP-024,CG-PMP-003,cr_rlb_trans,rlb_1_w1_hold,0
TP-PMP-025,CG-PMP-003,cp_any_locked,some,0
TP-PMP-025,CG-PMP-003,cr_rlb_trans,rlb_0_w0_locked_stay,0
TP-PMP-025,CG-PMP-003,cr_rlb_trans,rlb_0_w1_locked_blocked,0
TP-PMP-026,CG-PMP-003,cr_rlb_trans,rlb_0_w1_locked_blocked,0
TP-PMP-026,CG-PMP-003,cr_rlb_trans,rlb_1_w0_clear,0
TP-PMP-026,CG-PMP-003,cr_state_trans,s000_to_s000,0
TP-PMP-026,CG-PMP-003,cr_state_trans,s000_to_s001,0
TP-PMP-026,CG-PMP-003,cr_state_trans,s001_to_s000,0
TP-PMP-027,CG-PMP-001,cp_outcome,ignored_mml_exec,0
TP-PMP-027,CG-PMP-001,cr_mml_exec_suppress,rlb0_c1001_suppressed,0
TP-PMP-027,CG-PMP-001,cr_mml_exec_suppress,rlb0_c1010_suppressed,0
TP-PMP-027,CG-PMP-001,cr_mml_exec_suppress,rlb0_c1011_suppressed,0
TP-PMP-027,CG-PMP-001,cr_mml_exec_suppress,rlb0_c1101_suppressed,0
TP-PMP-027,CG-PMP-001,cr_rw01_mml,rw01_mml1_l1_rlb0_suppressed,0
TP-PMP-027,CG-PMP-001,cr_suppress_mode,na4,0
TP-PMP-027,CG-PMP-001,cr_suppress_mode,napot,0
TP-PMP-027,CG-PMP-001,cr_suppress_mode,tor,0
TP-PMP-028,CG-PMP-001,cr_suppress_mode,off,0
TP-PMP-029,CG-PMP-001,cr_mml_nonexec_accept,c1000_written,0
TP-PMP-029,CG-PMP-001,cr_mml_nonexec_accept,c1100_written,0
TP-PMP-029,CG-PMP-001,cr_mml_nonexec_accept,c1110_written,0
TP-PMP-029,CG-PMP-001,cr_mml_nonexec_accept,c1111_written,0
TP-PMP-030,CG-PMP-001,cr_mml_exec_suppress,rlb1_c1001_written,0
TP-PMP-030,CG-PMP-001,cr_mml_exec_suppress,rlb1_c1010_written,0
TP-PMP-030,CG-PMP-001,cr_mml_exec_suppress,rlb1_c1011_written,0
TP-PMP-030,CG-PMP-001,cr_mml_exec_suppress,rlb1_c1101_written,0
TP-PMP-030,CG-PMP-001,cr_rw01_mml,rw01_mml1_l1_rlb1_stored,0
TP-PMP-031,CG-PMP-003,cr_mml_trans,mml_0_w1_set,0
TP-PMP-031,CG-PMP-005,cr_truth_mml0,c0111_m_load,0
TP-PMP-031,CG-PMP-005,cr_truth_mml0,c1110_u_load,0
TP-PMP-031,CG-PMP-005,cr_truth_mml1,c0111_m_load,0
TP-PMP-031,CG-PMP-005,cr_truth_mml1,c1110_u_load,0
TP-PMP-031,CG-PMP-011,cr_csr_data,mseccfg_mml_now_denied,0
TP-PMP-032,CG-PMP-005,cp_off_shadow,off_covers,0
TP-PMP-032,CG-PMP-005,cr_off_shadow,off_covers_fetch_m,0
TP-PMP-032,CG-PMP-005,cr_off_shadow,off_covers_fetch_u,0
TP-PMP-032,CG-PMP-005,cr_off_shadow,off_covers_load_m,0
TP-PMP-032,CG-PMP-005,cr_off_shadow,off_covers_load_u,0
TP-PMP-032,CG-PMP-005,cr_off_shadow,off_covers_store_m,0
TP-PMP-032,CG-PMP-005,cr_off_shadow,off_covers_store_u,0
TP-PMP-033,CG-PMP-007,cr_mode_bclass,na4_inside_high,0
TP-PMP-033,CG-PMP-007,cr_mode_bclass,na4_inside_low,0
TP-PMP-033,CG-PMP-007,cr_mode_bclass,na4_interior,0
TP-PMP-033,CG-PMP-007,cr_mode_bclass,na4_outside_high,0
TP-PMP-033,CG-PMP-007,cr_mode_bclass,na4_outside_low,0
TP-PMP-033,CG-PMP-007,cr_mode_bclass,na4_straddle_high,0
TP-PMP-033,CG-PMP-007,cr_mode_bclass,na4_straddle_low,0
TP-PMP-033,CG-PMP-007,cr_mode_bclass_type,na4_inside_high_fetch,0
TP-PMP-033,CG-PMP-007,cr_mode_bclass_type,na4_inside_high_load,0
TP-PMP-033,CG-PMP-007,cr_mode_bclass_type,na4_inside_high_store,0
TP-PMP-033,CG-PMP-007,cr_mode_bclass_type,na4_inside_low_fetch,0
TP-PMP-033,CG-PMP-007,cr_mode_bclass_type,na4_inside_low_load,0
TP-PMP-033,CG-PMP-007,cr_mode_bclass_type,na4_inside_low_store,0
TP-PMP-033,CG-PMP-007,cr_mode_bclass_type,na4_interior_fetch,0
TP-PMP-033,CG-PMP-007,cr_mode_bclass_type,na4_interior_load,0
TP-PMP-033,CG-PMP-007,cr_mode_bclass_type,na4_interior_store,0
TP-PMP-033,CG-PMP-007,cr_mode_bclass_type,na4_outside_high_fetch,0
TP-PMP-033,CG-PMP-007,cr_mode_bclass_type,na4_outside_high_load,0
TP-PMP-033,CG-PMP-007,cr_mode_bclass_type,na4_outside_high_store,0
TP-PMP-033,CG-PMP-007,cr_mode_bclass_type,na4_outside_low_fetch,0
TP-PMP-033,CG-PMP-007,cr_mode_bclass_type,na4_outside_low_load,0
TP-PMP-033,CG-PMP-007,cr_mode_bclass_type,na4_outside_low_store,0
TP-PMP-033,CG-PMP-007,cr_mode_bclass_type,na4_straddle_high_fetch,0
TP-PMP-033,CG-PMP-007,cr_mode_bclass_type,na4_straddle_high_load,0
TP-PMP-033,CG-PMP-007,cr_mode_bclass_type,na4_straddle_high_store,0
TP-PMP-033,CG-PMP-007,cr_mode_bclass_type,na4_straddle_low_fetch,0
TP-PMP-033,CG-PMP-007,cr_mode_bclass_type,na4_straddle_low_load,0
TP-PMP-033,CG-PMP-007,cr_mode_bclass_type,na4_straddle_low_store,0
TP-PMP-033,CG-PMP-007,cr_na4_size,na4_b8_inside_high,0
TP-PMP-033,CG-PMP-007,cr_na4_size,na4_b8_inside_low,0
TP-PMP-033,CG-PMP-007,cr_na4_size,na4_b8_interior,0
TP-PMP-033,CG-PMP-007,cr_na4_size,na4_h16_inside_high,0
TP-PMP-033,CG-PMP-007,cr_na4_size,na4_h16_inside_low,0
TP-PMP-033,CG-PMP-007,cr_na4_size,na4_h16_interior,0
TP-PMP-033,CG-PMP-007,cr_na4_size,na4_w32_inside_high,0
TP-PMP-033,CG-PMP-007,cr_na4_size,na4_w32_inside_low,0
TP-PMP-033,CG-PMP-007,cr_na4_size,na4_w32_interior,0
TP-PMP-033,CG-PMP-007,cr_size_bclass,b8_inside_high,0
TP-PMP-033,CG-PMP-007,cr_size_bclass,b8_inside_low,0
TP-PMP-033,CG-PMP-007,cr_size_bclass,b8_straddle_high,0
TP-PMP-033,CG-PMP-007,cr_size_bclass,b8_straddle_low,0
TP-PMP-033,CG-PMP-007,cr_size_bclass,c16_inside_high,0
TP-PMP-033,CG-PMP-007,cr_size_bclass,c16_inside_low,0
TP-PMP-033,CG-PMP-007,cr_size_bclass,c16_straddle_high,0
TP-PMP-033,CG-PMP-007,cr_size_bclass,c16_straddle_low,0
TP-PMP-033,CG-PMP-007,cr_size_bclass,h16_inside_high,0
TP-PMP-033,CG-PMP-007,cr_size_bclass,h16_inside_low,0
TP-PMP-033,CG-PMP-007,cr_size_bclass,h16_straddle_high,0
TP-PMP-033,CG-PMP-007,cr_size_bclass,h16_straddle_low,0
TP-PMP-033,CG-PMP-007,cr_size_bclass,i32_inside_high,0
TP-PMP-033,CG-PMP-007,cr_size_bclass,i32_inside_low,0
TP-PMP-033,CG-PMP-007,cr_size_bclass,i32_straddle_high,0
TP-PMP-033,CG-PMP-007,cr_size_bclass,i32_straddle_low,0
TP-PMP-033,CG-PMP-007,cr_size_bclass,w32_inside_high,0
TP-PMP-033,CG-PMP-007,cr_size_bclass,w32_inside_low,0
TP-PMP-033,CG-PMP-007,cr_size_bclass,w32_straddle_high,0
TP-PMP-033,CG-PMP-007,cr_size_bclass,w32_straddle_low,0
TP-PMP-034,CG-PMP-007,cp_napot_k,k0,0
TP-PMP-034,CG-PMP-007,cp_napot_k,k1,0
TP-PMP-034,CG-PMP-007,cp_napot_k,k18_28,0
TP-PMP-034,CG-PMP-007,cp_napot_k,k2,0
TP-PMP-034,CG-PMP-007,cp_napot_k,k29,0
TP-PMP-034,CG-PMP-007,cp_napot_k,k30,0
TP-PMP-034,CG-PMP-007,cp_napot_k,k31,0
TP-PMP-034,CG-PMP-007,cp_napot_k,k32,0
TP-PMP-034,CG-PMP-007,cp_napot_k,k3_7,0
TP-PMP-034,CG-PMP-007,cp_napot_k,k8_17,0
TP-PMP-034,CG-PMP-007,cr_mode_bclass,napot_inside_high,0
TP-PMP-034,CG-PMP-007,cr_mode_bclass,napot_inside_low,0
TP-PMP-034,CG-PMP-007,cr_mode_bclass,napot_interior,0
TP-PMP-034,CG-PMP-007,cr_mode_bclass,napot_outside_high,0
TP-PMP-034,CG-PMP-007,cr_mode_bclass,napot_outside_low,0
TP-PMP-034,CG-PMP-007,cr_mode_bclass,napot_straddle_high,0
TP-PMP-034,CG-PMP-007,cr_mode_bclass,napot_straddle_low,0
TP-PMP-034,CG-PMP-007,cr_mode_bclass_type,napot_inside_high_fetch,0
TP-PMP-034,CG-PMP-007,cr_mode_bclass_type,napot_inside_high_load,0
TP-PMP-034,CG-PMP-007,cr_mode_bclass_type,napot_inside_high_store,0
TP-PMP-034,CG-PMP-007,cr_mode_bclass_type,napot_inside_low_fetch,0
TP-PMP-034,CG-PMP-007,cr_mode_bclass_type,napot_inside_low_load,0
TP-PMP-034,CG-PMP-007,cr_mode_bclass_type,napot_inside_low_store,0
TP-PMP-034,CG-PMP-007,cr_mode_bclass_type,napot_interior_fetch,0
TP-PMP-034,CG-PMP-007,cr_mode_bclass_type,napot_interior_load,0
TP-PMP-034,CG-PMP-007,cr_mode_bclass_type,napot_interior_store,0
TP-PMP-034,CG-PMP-007,cr_mode_bclass_type,napot_outside_high_fetch,0
TP-PMP-034,CG-PMP-007,cr_mode_bclass_type,napot_outside_high_load,0
TP-PMP-034,CG-PMP-007,cr_mode_bclass_type,napot_outside_high_store,0
TP-PMP-034,CG-PMP-007,cr_mode_bclass_type,napot_outside_low_fetch,0
TP-PMP-034,CG-PMP-007,cr_mode_bclass_type,napot_outside_low_load,0
TP-PMP-034,CG-PMP-007,cr_mode_bclass_type,napot_outside_low_store,0
TP-PMP-034,CG-PMP-007,cr_mode_bclass_type,napot_straddle_high_fetch,0
TP-PMP-034,CG-PMP-007,cr_mode_bclass_type,napot_straddle_high_load,0
TP-PMP-034,CG-PMP-007,cr_mode_bclass_type,napot_straddle_high_store,0
TP-PMP-034,CG-PMP-007,cr_mode_bclass_type,napot_straddle_low_fetch,0
TP-PMP-034,CG-PMP-007,cr_mode_bclass_type,napot_straddle_low_load,0
TP-PMP-034,CG-PMP-007,cr_mode_bclass_type,napot_straddle_low_store,0
TP-PMP-034,CG-PMP-007,cr_napot_k_bclass,k0_inside_high,0
TP-PMP-034,CG-PMP-007,cr_napot_k_bclass,k0_inside_low,0
TP-PMP-034,CG-PMP-007,cr_napot_k_bclass,k0_outside_high,0
TP-PMP-034,CG-PMP-007,cr_napot_k_bclass,k0_outside_low,0
TP-PMP-034,CG-PMP-007,cr_napot_k_bclass,k18_28_inside_high,0
TP-PMP-034,CG-PMP-007,cr_napot_k_bclass,k18_28_inside_low,0
TP-PMP-034,CG-PMP-007,cr_napot_k_bclass,k18_28_outside_high,0
TP-PMP-034,CG-PMP-007,cr_napot_k_bclass,k18_28_outside_low,0
TP-PMP-034,CG-PMP-007,cr_napot_k_bclass,k1_inside_high,0
TP-PMP-034,CG-PMP-007,cr_napot_k_bclass,k1_inside_low,0
TP-PMP-034,CG-PMP-007,cr_napot_k_bclass,k1_outside_high,0
TP-PMP-034,CG-PMP-007,cr_napot_k_bclass,k1_outside_low,0
TP-PMP-034,CG-PMP-007,cr_napot_k_bclass,k29_inside_high,0
TP-PMP-034,CG-PMP-007,cr_napot_k_bclass,k29_inside_low,0
TP-PMP-034,CG-PMP-007,cr_napot_k_bclass,k2_inside_high,0
TP-PMP-034,CG-PMP-007,cr_napot_k_bclass,k2_inside_low,0
TP-PMP-034,CG-PMP-007,cr_napot_k_bclass,k2_outside_high,0
TP-PMP-034,CG-PMP-007,cr_napot_k_bclass,k2_outside_low,0
TP-PMP-034,CG-PMP-007,cr_napot_k_bclass,k30_inside_high,0
TP-PMP-034,CG-PMP-007,cr_napot_k_bclass,k30_inside_low,0
TP-PMP-034,CG-PMP-007,cr_napot_k_bclass,k31_inside_high,0
TP-PMP-034,CG-PMP-007,cr_napot_k_bclass,k31_inside_low,0
TP-PMP-034,CG-PMP-007,cr_napot_k_bclass,k32_inside_high,0
TP-PMP-034,CG-PMP-007,cr_napot_k_bclass,k32_inside_low,0
TP-PMP-034,CG-PMP-007,cr_napot_k_bclass,k3_7_inside_high,0
TP-PMP-034,CG-PMP-007,cr_napot_k_bclass,k3_7_inside_low,0
TP-PMP-034,CG-PMP-007,cr_napot_k_bclass,k3_7_outside_high,0
TP-PMP-034,CG-PMP-007,cr_napot_k_bclass,k3_7_outside_low,0
TP-PMP-034,CG-PMP-007,cr_napot_k_bclass,k8_17_inside_high,0
TP-PMP-034,CG-PMP-007,cr_napot_k_bclass,k8_17_inside_low,0
TP-PMP-034,CG-PMP-007,cr_napot_k_bclass,k8_17_outside_high,0
TP-PMP-034,CG-PMP-007,cr_napot_k_bclass,k8_17_outside_low,0
TP-PMP-035,CG-PMP-007,cp_napot_k,k0,0
TP-PMP-035,CG-PMP-007,cr_napot_k_bclass,k0_inside_high,0
TP-PMP-035,CG-PMP-007,cr_napot_k_bclass,k0_inside_low,0
TP-PMP-035,CG-PMP-007,cr_napot_k_bclass,k0_outside_high,0
TP-PMP-035,CG-PMP-007,cr_napot_k_bclass,k0_outside_low,0
TP-PMP-036,CG-PMP-007,cp_napot_k,k29,0
TP-PMP-036,CG-PMP-007,cp_napot_k,k30,0
TP-PMP-036,CG-PMP-007,cp_napot_k,k31,0
TP-PMP-036,CG-PMP-007,cp_napot_k,k32,0
TP-PMP-036,CG-PMP-007,cr_napot_k_bclass,k29_inside_high,0
TP-PMP-036,CG-PMP-007,cr_napot_k_bclass,k29_inside_low,0
TP-PMP-036,CG-PMP-007,cr_napot_k_bclass,k30_inside_high,0
TP-PMP-036,CG-PMP-007,cr_napot_k_bclass,k30_inside_low,0
TP-PMP-036,CG-PMP-007,cr_napot_k_bclass,k31_inside_high,0
TP-PMP-036,CG-PMP-007,cr_napot_k_bclass,k31_inside_low,0
TP-PMP-036,CG-PMP-007,cr_napot_k_bclass,k32_inside_high,0
TP-PMP-036,CG-PMP-007,cr_napot_k_bclass,k32_inside_low,0
TP-PMP-037,CG-PMP-002,cp_hi_bits,bit30,0
TP-PMP-037,CG-PMP-002,cp_hi_bits,bit31,0
TP-PMP-037,CG-PMP-007,cr_hi_mode,na4_base_hi30,0
TP-PMP-037,CG-PMP-007,cr_hi_mode,na4_base_hi31,0
TP-PMP-037,CG-PMP-007,cr_hi_mode,napot_base_hi30,0
TP-PMP-037,CG-PMP-007,cr_hi_mode,napot_base_hi31,0
TP-PMP-038,CG-PMP-007,cr_mode_bclass,tor_inside_high,0
TP-PMP-038,CG-PMP-007,cr_mode_bclass,tor_inside_low,0
TP-PMP-038,CG-PMP-007,cr_mode_bclass,tor_interior,0
TP-PMP-038,CG-PMP-007,cr_mode_bclass,tor_outside_high,0
TP-PMP-038,CG-PMP-007,cr_mode_bclass,tor_outside_low,0
TP-PMP-038,CG-PMP-007,cr_mode_bclass,tor_straddle_high,0
TP-PMP-038,CG-PMP-007,cr_mode_bclass,tor_straddle_low,0
TP-PMP-038,CG-PMP-007,cr_mode_bclass_type,tor_inside_high_fetch,0
TP-PMP-038,CG-PMP-007,cr_mode_bclass_type,tor_inside_high_load,0
TP-PMP-038,CG-PMP-007,cr_mode_bclass_type,tor_inside_high_store,0
TP-PMP-038,CG-PMP-007,cr_mode_bclass_type,tor_inside_low_fetch,0
TP-PMP-038,CG-PMP-007,cr_mode_bclass_type,tor_inside_low_load,0
TP-PMP-038,CG-PMP-007,cr_mode_bclass_type,tor_inside_low_store,0
TP-PMP-038,CG-PMP-007,cr_mode_bclass_type,tor_interior_fetch,0
TP-PMP-038,CG-PMP-007,cr_mode_bclass_type,tor_interior_load,0
TP-PMP-038,CG-PMP-007,cr_mode_bclass_type,tor_interior_store,0
TP-PMP-038,CG-PMP-007,cr_mode_bclass_type,tor_outside_high_fetch,0
TP-PMP-038,CG-PMP-007,cr_mode_bclass_type,tor_outside_high_load,0
TP-PMP-038,CG-PMP-007,cr_mode_bclass_type,tor_outside_high_store,0
TP-PMP-038,CG-PMP-007,cr_mode_bclass_type,tor_outside_low_fetch,0
TP-PMP-038,CG-PMP-007,cr_mode_bclass_type,tor_outside_low_load,0
TP-PMP-038,CG-PMP-007,cr_mode_bclass_type,tor_outside_low_store,0
TP-PMP-038,CG-PMP-007,cr_mode_bclass_type,tor_straddle_high_fetch,0
TP-PMP-038,CG-PMP-007,cr_mode_bclass_type,tor_straddle_high_load,0
TP-PMP-038,CG-PMP-007,cr_mode_bclass_type,tor_straddle_high_store,0
TP-PMP-038,CG-PMP-007,cr_mode_bclass_type,tor_straddle_low_fetch,0
TP-PMP-038,CG-PMP-007,cr_mode_bclass_type,tor_straddle_low_load,0
TP-PMP-038,CG-PMP-007,cr_mode_bclass_type,tor_straddle_low_store,0
TP-PMP-038,CG-PMP-007,cr_prev_cfg,tor_prev_locked,0
TP-PMP-038,CG-PMP-007,cr_prev_cfg,tor_prev_na,0
TP-PMP-038,CG-PMP-007,cr_prev_cfg,tor_prev_off,0
TP-PMP-038,CG-PMP-007,cr_prev_cfg,tor_prev_tor,0
TP-PMP-039,CG-PMP-007,cp_tor_zero,yes,0
TP-PMP-039,CG-PMP-007,cr_tor_zero,zero_inside_high,0
TP-PMP-039,CG-PMP-007,cr_tor_zero,zero_inside_low,0
TP-PMP-039,CG-PMP-007,cr_tor_zero,zero_interior,0
TP-PMP-039,CG-PMP-007,cr_tor_zero,zero_outside_high,0
TP-PMP-039,CG-PMP-007,cr_tor_zero,zero_outside_low,0
TP-PMP-039,CG-PMP-007,cr_tor_zero,zero_straddle_high,0
TP-PMP-039,CG-PMP-007,cr_tor_zero,zero_straddle_low,0
TP-PMP-039,CG-PMP-014,cp_e0_tor,yes,0
TP-PMP-040,CG-PMP-007,cp_tor_empty,empty_eq,0
TP-PMP-040,CG-PMP-007,cp_tor_empty,empty_gt,0
TP-PMP-040,CG-PMP-007,cr_tor_empty,empty_eq_fetch,0
TP-PMP-040,CG-PMP-007,cr_tor_empty,empty_eq_load,0
TP-PMP-040,CG-PMP-007,cr_tor_empty,empty_eq_store,0
TP-PMP-040,CG-PMP-007,cr_tor_empty,empty_gt_fetch,0
TP-PMP-040,CG-PMP-007,cr_tor_empty,empty_gt_load,0
TP-PMP-040,CG-PMP-007,cr_tor_empty,empty_gt_store,0
TP-PMP-040,CG-PMP-014,cp_tor_empty,some,0
TP-PMP-041,CG-PMP-007,cr_mode_bclass,tor_inside_high,0
TP-PMP-041,CG-PMP-007,cr_mode_bclass,tor_inside_low,0
TP-PMP-041,CG-PMP-007,cr_mode_bclass,tor_outside_high,0
TP-PMP-041,CG-PMP-007,cr_mode_bclass,tor_outside_low,0
TP-PMP-041,CG-PMP-007,cr_mode_bclass,tor_straddle_high,0
TP-PMP-041,CG-PMP-007,cr_mode_bclass,tor_straddle_low,0
TP-PMP-041,CG-PMP-007,cr_size_bclass,h16_straddle_high,0
TP-PMP-041,CG-PMP-007,cr_size_bclass,h16_straddle_low,0
TP-PMP-041,CG-PMP-007,cr_size_bclass,w32_straddle_high,0
TP-PMP-041,CG-PMP-007,cr_size_bclass,w32_straddle_low,0
TP-PMP-042,CG-PMP-002,cp_hi_bits,both,0
TP-PMP-042,CG-PMP-007,cr_hi_mode,tor_base_hi30,0
TP-PMP-042,CG-PMP-007,cr_hi_mode,tor_base_hi31,0
TP-PMP-042,CG-PMP-007,cr_hi_mode,tor_bound_hi30,0
TP-PMP-042,CG-PMP-007,cr_hi_mode,tor_bound_hi31,0
TP-PMP-043,CG-PMP-006,cp_dist,d1,0
TP-PMP-043,CG-PMP-006,cp_dist,d2_3,0
TP-PMP-043,CG-PMP-006,cp_dist,d4_7,0
TP-PMP-043,CG-PMP-006,cp_dist,d8_15,0
TP-PMP-043,CG-PMP-006,cp_nmatch,four_plus,0
TP-PMP-043,CG-PMP-006,cp_nmatch,three,0
TP-PMP-043,CG-PMP-006,cp_nmatch,two,0
TP-PMP-043,CG-PMP-006,cr_conflict_dist,agree_allow_d1,0
TP-PMP-043,CG-PMP-006,cr_conflict_dist,agree_allow_d2_3,0
TP-PMP-043,CG-PMP-006,cr_conflict_dist,agree_allow_d4_7,0
TP-PMP-043,CG-PMP-006,cr_conflict_dist,agree_allow_d8_15,0
TP-PMP-043,CG-PMP-006,cr_conflict_dist,agree_deny_d1,0
TP-PMP-043,CG-PMP-006,cr_conflict_dist,agree_deny_d2_3,0
TP-PMP-043,CG-PMP-006,cr_conflict_dist,agree_deny_d4_7,0
TP-PMP-043,CG-PMP-006,cr_conflict_dist,agree_deny_d8_15,0
TP-PMP-043,CG-PMP-006,cr_conflict_dist,low_allow_high_deny_d1,0
TP-PMP-043,CG-PMP-006,cr_conflict_dist,low_allow_high_deny_d2_3,0
TP-PMP-043,CG-PMP-006,cr_conflict_dist,low_allow_high_deny_d4_7,0
TP-PMP-043,CG-PMP-006,cr_conflict_dist,low_allow_high_deny_d8_15,0
TP-PMP-043,CG-PMP-006,cr_conflict_dist,low_deny_high_allow_d1,0
TP-PMP-043,CG-PMP-006,cr_conflict_dist,low_deny_high_allow_d2_3,0
TP-PMP-043,CG-PMP-006,cr_conflict_dist,low_deny_high_allow_d4_7,0
TP-PMP-043,CG-PMP-006,cr_conflict_dist,low_deny_high_allow_d8_15,0
TP-PMP-043,CG-PMP-006,cr_nmatch_low,four_plus_r0,0
TP-PMP-043,CG-PMP-006,cr_nmatch_low,four_plus_r1_7,0
TP-PMP-043,CG-PMP-006,cr_nmatch_low,four_plus_r8_14,0
TP-PMP-043,CG-PMP-006,cr_nmatch_low,three_r0,0
TP-PMP-043,CG-PMP-006,cr_nmatch_low,three_r1_7,0
TP-PMP-043,CG-PMP-006,cr_nmatch_low,three_r8_14,0
TP-PMP-043,CG-PMP-006,cr_nmatch_low,two_r0,0
TP-PMP-043,CG-PMP-006,cr_nmatch_low,two_r1_7,0
TP-PMP-043,CG-PMP-006,cr_nmatch_low,two_r8_14,0
TP-PMP-044,CG-PMP-006,cr_conflict_mml_priv,agree_allow_mml0_m,0
TP-PMP-044,CG-PMP-006,cr_conflict_mml_priv,agree_allow_mml0_u,0
TP-PMP-044,CG-PMP-006,cr_conflict_mml_priv,agree_allow_mml1_m,0
TP-PMP-044,CG-PMP-006,cr_conflict_mml_priv,agree_allow_mml1_u,0
TP-PMP-044,CG-PMP-006,cr_conflict_mml_priv,agree_deny_mml0_m,0
TP-PMP-044,CG-PMP-006,cr_conflict_mml_priv,agree_deny_mml0_u,0
TP-PMP-044,CG-PMP-006,cr_conflict_mml_priv,agree_deny_mml1_m,0
TP-PMP-044,CG-PMP-006,cr_conflict_mml_priv,agree_deny_mml1_u,0
TP-PMP-044,CG-PMP-006,cr_conflict_mml_priv,low_allow_high_deny_mml0_m,0
TP-PMP-044,CG-PMP-006,cr_conflict_mml_priv,low_allow_high_deny_mml0_u,0
TP-PMP-044,CG-PMP-006,cr_conflict_mml_priv,low_allow_high_deny_mml1_m,0
TP-PMP-044,CG-PMP-006,cr_conflict_mml_priv,low_allow_high_deny_mml1_u,0
TP-PMP-044,CG-PMP-006,cr_conflict_mml_priv,low_deny_high_allow_mml0_m,0
TP-PMP-044,CG-PMP-006,cr_conflict_mml_priv,low_deny_high_allow_mml0_u,0
TP-PMP-044,CG-PMP-006,cr_conflict_mml_priv,low_deny_high_allow_mml1_m,0
TP-PMP-044,CG-PMP-006,cr_conflict_mml_priv,low_deny_high_allow_mml1_u,0
TP-PMP-044,CG-PMP-006,cr_conflict_mode,agree_allow_na_na,0
TP-PMP-044,CG-PMP-006,cr_conflict_mode,agree_allow_na_tor,0
TP-PMP-044,CG-PMP-006,cr_conflict_mode,agree_allow_tor_na,0
TP-PMP-044,CG-PMP-006,cr_conflict_mode,agree_allow_tor_tor,0
TP-PMP-044,CG-PMP-006,cr_conflict_mode,agree_deny_na_na,0
TP-PMP-044,CG-PMP-006,cr_conflict_mode,agree_deny_na_tor,0
TP-PMP-044,CG-PMP-006,cr_conflict_mode,agree_deny_tor_na,0
TP-PMP-044,CG-PMP-006,cr_conflict_mode,agree_deny_tor_tor,0
TP-PMP-044,CG-PMP-006,cr_conflict_mode,low_allow_high_deny_na_na,0
TP-PMP-044,CG-PMP-006,cr_conflict_mode,low_allow_high_deny_na_tor,0
TP-PMP-044,CG-PMP-006,cr_conflict_mode,low_allow_high_deny_tor_na,0
TP-PMP-044,CG-PMP-006,cr_conflict_mode,low_allow_high_deny_tor_tor,0
TP-PMP-044,CG-PMP-006,cr_conflict_mode,low_deny_high_allow_na_na,0
TP-PMP-044,CG-PMP-006,cr_conflict_mode,low_deny_high_allow_na_tor,0
TP-PMP-044,CG-PMP-006,cr_conflict_mode,low_deny_high_allow_tor_na,0
TP-PMP-044,CG-PMP-006,cr_conflict_mode,low_deny_high_allow_tor_tor,0
TP-PMP-044,CG-PMP-006,cr_conflict_type,agree_allow_fetch,0
TP-PMP-044,CG-PMP-006,cr_conflict_type,agree_allow_load,0
TP-PMP-044,CG-PMP-006,cr_conflict_type,agree_allow_store,0
TP-PMP-044,CG-PMP-006,cr_conflict_type,agree_deny_fetch,0
TP-PMP-044,CG-PMP-006,cr_conflict_type,agree_deny_load,0
TP-PMP-044,CG-PMP-006,cr_conflict_type,agree_deny_store,0
TP-PMP-044,CG-PMP-006,cr_conflict_type,low_allow_high_deny_fetch,0
TP-PMP-044,CG-PMP-006,cr_conflict_type,low_allow_high_deny_load,0
TP-PMP-044,CG-PMP-006,cr_conflict_type,low_allow_high_deny_store,0
TP-PMP-044,CG-PMP-006,cr_conflict_type,low_deny_high_allow_fetch,0
TP-PMP-044,CG-PMP-006,cr_conflict_type,low_deny_high_allow_load,0
TP-PMP-044,CG-PMP-006,cr_conflict_type,low_deny_high_allow_store,0
TP-PMP-044,CG-PMP-014,cr_overlap_modes,overlap_mixed,0
TP-PMP-044,CG-PMP-014,cr_overlap_modes,overlap_na_only,0
TP-PMP-044,CG-PMP-014,cr_overlap_modes,overlap_tor_only,0
TP-PMP-045,CG-PMP-005,cp_region,r15,0
TP-PMP-045,CG-PMP-005,cr_region_mode,r15_na4,0
TP-PMP-045,CG-PMP-005,cr_region_mode,r15_napot,0
TP-PMP-045,CG-PMP-005,cr_region_mode,r15_tor,0
TP-PMP-045,CG-PMP-005,cr_region_type,r15_fetch,0
TP-PMP-045,CG-PMP-005,cr_region_type,r15_load,0
TP-PMP-045,CG-PMP-005,cr_region_type,r15_store,0
TP-PMP-045,CG-PMP-006,cr_conflict_top,agree_allow_top,0
TP-PMP-045,CG-PMP-006,cr_conflict_top,agree_deny_top,0
TP-PMP-045,CG-PMP-006,cr_conflict_top,low_allow_high_deny_top,0
TP-PMP-045,CG-PMP-006,cr_conflict_top,low_deny_high_allow_top,0
TP-PMP-045,CG-PMP-014,cp_e15,active,0
TP-PMP-045,CG-PMP-014,cr_e15_e0,e15_active_e0tor_no,0
TP-PMP-045,CG-PMP-014,cr_e15_e0,e15_active_e0tor_yes,0
TP-PMP-046,CG-PMP-005,cp_region,r0,0
TP-PMP-046,CG-PMP-005,cp_region,r1,0
TP-PMP-046,CG-PMP-005,cp_region,r10,0
TP-PMP-046,CG-PMP-005,cp_region,r11,0
TP-PMP-046,CG-PMP-005,cp_region,r12,0
TP-PMP-046,CG-PMP-005,cp_region,r13,0
TP-PMP-046,CG-PMP-005,cp_region,r14,0
TP-PMP-046,CG-PMP-005,cp_region,r15,0
TP-PMP-046,CG-PMP-005,cp_region,r2,0
TP-PMP-046,CG-PMP-005,cp_region,r3,0
TP-PMP-046,CG-PMP-005,cp_region,r4,0
TP-PMP-046,CG-PMP-005,cp_region,r5,0
TP-PMP-046,CG-PMP-005,cp_region,r6,0
TP-PMP-046,CG-PMP-005,cp_region,r7,0
TP-PMP-046,CG-PMP-005,cp_region,r8,0
TP-PMP-046,CG-PMP-005,cp_region,r9,0
TP-PMP-046,CG-PMP-005,cr_region_mode,r0_na4,0
TP-PMP-046,CG-PMP-005,cr_region_mode,r0_napot,0
TP-PMP-046,CG-PMP-005,cr_region_mode,r0_tor,0
TP-PMP-046,CG-PMP-005,cr_region_mode,r10_na4,0
TP-PMP-046,CG-PMP-005,cr_region_mode,r10_napot,0
TP-PMP-046,CG-PMP-005,cr_region_mode,r10_tor,0
TP-PMP-046,CG-PMP-005,cr_region_mode,r11_na4,0
TP-PMP-046,CG-PMP-005,cr_region_mode,r11_napot,0
TP-PMP-046,CG-PMP-005,cr_region_mode,r11_tor,0
TP-PMP-046,CG-PMP-005,cr_region_mode,r12_na4,0
TP-PMP-046,CG-PMP-005,cr_region_mode,r12_napot,0
TP-PMP-046,CG-PMP-005,cr_region_mode,r12_tor,0
TP-PMP-046,CG-PMP-005,cr_region_mode,r13_na4,0
TP-PMP-046,CG-PMP-005,cr_region_mode,r13_napot,0
TP-PMP-046,CG-PMP-005,cr_region_mode,r13_tor,0
TP-PMP-046,CG-PMP-005,cr_region_mode,r14_na4,0
TP-PMP-046,CG-PMP-005,cr_region_mode,r14_napot,0
TP-PMP-046,CG-PMP-005,cr_region_mode,r14_tor,0
TP-PMP-046,CG-PMP-005,cr_region_mode,r15_na4,0
TP-PMP-046,CG-PMP-005,cr_region_mode,r15_napot,0
TP-PMP-046,CG-PMP-005,cr_region_mode,r15_tor,0
TP-PMP-046,CG-PMP-005,cr_region_mode,r1_na4,0
TP-PMP-046,CG-PMP-005,cr_region_mode,r1_napot,0
TP-PMP-046,CG-PMP-005,cr_region_mode,r1_tor,0
TP-PMP-046,CG-PMP-005,cr_region_mode,r2_na4,0
TP-PMP-046,CG-PMP-005,cr_region_mode,r2_napot,0
TP-PMP-046,CG-PMP-005,cr_region_mode,r2_tor,0
TP-PMP-046,CG-PMP-005,cr_region_mode,r3_na4,0
TP-PMP-046,CG-PMP-005,cr_region_mode,r3_napot,0
TP-PMP-046,CG-PMP-005,cr_region_mode,r3_tor,0
TP-PMP-046,CG-PMP-005,cr_region_mode,r4_na4,0
TP-PMP-046,CG-PMP-005,cr_region_mode,r4_napot,0
TP-PMP-046,CG-PMP-005,cr_region_mode,r4_tor,0
TP-PMP-046,CG-PMP-005,cr_region_mode,r5_na4,0
TP-PMP-046,CG-PMP-005,cr_region_mode,r5_napot,0
TP-PMP-046,CG-PMP-005,cr_region_mode,r5_tor,0
TP-PMP-046,CG-PMP-005,cr_region_mode,r6_na4,0
TP-PMP-046,CG-PMP-005,cr_region_mode,r6_napot,0
TP-PMP-046,CG-PMP-005,cr_region_mode,r6_tor,0
TP-PMP-046,CG-PMP-005,cr_region_mode,r7_na4,0
TP-PMP-046,CG-PMP-005,cr_region_mode,r7_napot,0
TP-PMP-046,CG-PMP-005,cr_region_mode,r7_tor,0
TP-PMP-046,CG-PMP-005,cr_region_mode,r8_na4,0
TP-PMP-046,CG-PMP-005,cr_region_mode,r8_napot,0
TP-PMP-046,CG-PMP-005,cr_region_mode,r8_tor,0
TP-PMP-046,CG-PMP-005,cr_region_mode,r9_na4,0
TP-PMP-046,CG-PMP-005,cr_region_mode,r9_napot,0
TP-PMP-046,CG-PMP-005,cr_region_mode,r9_tor,0
TP-PMP-046,CG-PMP-005,cr_region_type,r0_fetch,0
TP-PMP-046,CG-PMP-005,cr_region_type,r0_load,0
TP-PMP-046,CG-PMP-005,cr_region_type,r0_store,0
TP-PMP-046,CG-PMP-005,cr_region_type,r10_fetch,0
TP-PMP-046,CG-PMP-005,cr_region_type,r10_load,0
TP-PMP-046,CG-PMP-005,cr_region_type,r10_store,0
TP-PMP-046,CG-PMP-005,cr_region_type,r11_fetch,0
TP-PMP-046,CG-PMP-005,cr_region_type,r11_load,0
TP-PMP-046,CG-PMP-005,cr_region_type,r11_store,0
TP-PMP-046,CG-PMP-005,cr_region_type,r12_fetch,0
TP-PMP-046,CG-PMP-005,cr_region_type,r12_load,0
TP-PMP-046,CG-PMP-005,cr_region_type,r12_store,0
TP-PMP-046,CG-PMP-005,cr_region_type,r13_fetch,0
TP-PMP-046,CG-PMP-005,cr_region_type,r13_load,0
TP-PMP-046,CG-PMP-005,cr_region_type,r13_store,0
TP-PMP-046,CG-PMP-005,cr_region_type,r14_fetch,0
TP-PMP-046,CG-PMP-005,cr_region_type,r14_load,0
TP-PMP-046,CG-PMP-005,cr_region_type,r14_store,0
TP-PMP-046,CG-PMP-005,cr_region_type,r15_fetch,0
TP-PMP-046,CG-PMP-005,cr_region_type,r15_load,0
TP-PMP-046,CG-PMP-005,cr_region_type,r15_store,0
TP-PMP-046,CG-PMP-005,cr_region_type,r1_fetch,0
TP-PMP-046,CG-PMP-005,cr_region_type,r1_load,0
TP-PMP-046,CG-PMP-005,cr_region_type,r1_store,0
TP-PMP-046,CG-PMP-005,cr_region_type,r2_fetch,0
TP-PMP-046,CG-PMP-005,cr_region_type,r2_load,0
TP-PMP-046,CG-PMP-005,cr_region_type,r2_store,0
TP-PMP-046,CG-PMP-005,cr_region_type,r3_fetch,0
TP-PMP-046,CG-PMP-005,cr_region_type,r3_load,0
TP-PMP-046,CG-PMP-005,cr_region_type,r3_store,0
TP-PMP-046,CG-PMP-005,cr_region_type,r4_fetch,0
TP-PMP-046,CG-PMP-005,cr_region_type,r4_load,0
TP-PMP-046,CG-PMP-005,cr_region_type,r4_store,0
TP-PMP-046,CG-PMP-005,cr_region_type,r5_fetch,0
TP-PMP-046,CG-PMP-005,cr_region_type,r5_load,0
TP-PMP-046,CG-PMP-005,cr_region_type,r5_store,0
TP-PMP-046,CG-PMP-005,cr_region_type,r6_fetch,0
TP-PMP-046,CG-PMP-005,cr_region_type,r6_load,0
TP-PMP-046,CG-PMP-005,cr_region_type,r6_store,0
TP-PMP-046,CG-PMP-005,cr_region_type,r7_fetch,0
TP-PMP-046,CG-PMP-005,cr_region_type,r7_load,0
TP-PMP-046,CG-PMP-005,cr_region_type,r7_store,0
TP-PMP-046,CG-PMP-005,cr_region_type,r8_fetch,0
TP-PMP-046,CG-PMP-005,cr_region_type,r8_load,0
TP-PMP-046,CG-PMP-005,cr_region_type,r8_store,0
TP-PMP-046,CG-PMP-005,cr_region_type,r9_fetch,0
TP-PMP-046,CG-PMP-005,cr_region_type,r9_load,0
TP-PMP-046,CG-PMP-005,cr_region_type,r9_store,0
TP-PMP-047,CG-PMP-005,cp_mml,mml0,0
TP-PMP-047,CG-PMP-005,cr_truth_mml0,c0000_m_fetch,0
TP-PMP-047,CG-PMP-005,cr_truth_mml0,c0000_m_load,0
TP-PMP-047,CG-PMP-005,cr_truth_mml0,c0000_m_store,0
TP-PMP-047,CG-PMP-005,cr_truth_mml0,c0001_m_fetch,0
TP-PMP-047,CG-PMP-005,cr_truth_mml0,c0001_m_load,0
TP-PMP-047,CG-PMP-005,cr_truth_mml0,c0001_m_store,0
TP-PMP-047,CG-PMP-005,cr_truth_mml0,c0100_m_fetch,0
TP-PMP-047,CG-PMP-005,cr_truth_mml0,c0100_m_load,0
TP-PMP-047,CG-PMP-005,cr_truth_mml0,c0100_m_store,0
TP-PMP-047,CG-PMP-005,cr_truth_mml0,c0101_m_fetch,0
TP-PMP-047,CG-PMP-005,cr_truth_mml0,c0101_m_load,0
TP-PMP-047,CG-PMP-005,cr_truth_mml0,c0101_m_store,0
TP-PMP-047,CG-PMP-005,cr_truth_mml0,c0110_m_fetch,0
TP-PMP-047,CG-PMP-005,cr_truth_mml0,c0110_m_load,0
TP-PMP-047,CG-PMP-005,cr_truth_mml0,c0110_m_store,0
TP-PMP-047,CG-PMP-005,cr_truth_mml0,c0111_m_fetch,0
TP-PMP-047,CG-PMP-005,cr_truth_mml0,c0111_m_load,0
TP-PMP-047,CG-PMP-005,cr_truth_mml0,c0111_m_store,0
TP-PMP-048,CG-PMP-005,cr_truth_mml0,c1000_m_fetch,0
TP-PMP-048,CG-PMP-005,cr_truth_mml0,c1000_m_load,0
TP-PMP-048,CG-PMP-005,cr_truth_mml0,c1000_m_store,0
TP-PMP-048,CG-PMP-005,cr_truth_mml0,c1001_m_fetch,0
TP-PMP-048,CG-PMP-005,cr_truth_mml0,c1001_m_load,0
TP-PMP-048,CG-PMP-005,cr_truth_mml0,c1001_m_store,0
TP-PMP-048,CG-PMP-005,cr_truth_mml0,c1100_m_fetch,0
TP-PMP-048,CG-PMP-005,cr_truth_mml0,c1100_m_load,0
TP-PMP-048,CG-PMP-005,cr_truth_mml0,c1100_m_store,0
TP-PMP-048,CG-PMP-005,cr_truth_mml0,c1101_m_fetch,0
TP-PMP-048,CG-PMP-005,cr_truth_mml0,c1101_m_load,0
TP-PMP-048,CG-PMP-005,cr_truth_mml0,c1101_m_store,0
TP-PMP-048,CG-PMP-005,cr_truth_mml0,c1110_m_fetch,0
TP-PMP-048,CG-PMP-005,cr_truth_mml0,c1110_m_load,0
TP-PMP-048,CG-PMP-005,cr_truth_mml0,c1110_m_store,0
TP-PMP-048,CG-PMP-005,cr_truth_mml0,c1111_m_fetch,0
TP-PMP-048,CG-PMP-005,cr_truth_mml0,c1111_m_load,0
TP-PMP-048,CG-PMP-005,cr_truth_mml0,c1111_m_store,0
TP-PMP-049,CG-PMP-005,cp_priv,u,0
TP-PMP-049,CG-PMP-005,cr_truth_mml0,c0000_u_fetch,0
TP-PMP-049,CG-PMP-005,cr_truth_mml0,c0000_u_load,0
TP-PMP-049,CG-PMP-005,cr_truth_mml0,c0000_u_store,0
TP-PMP-049,CG-PMP-005,cr_truth_mml0,c0001_u_fetch,0
TP-PMP-049,CG-PMP-005,cr_truth_mml0,c0001_u_load,0
TP-PMP-049,CG-PMP-005,cr_truth_mml0,c0001_u_store,0
TP-PMP-049,CG-PMP-005,cr_truth_mml0,c0100_u_fetch,0
TP-PMP-049,CG-PMP-005,cr_truth_mml0,c0100_u_load,0
TP-PMP-049,CG-PMP-005,cr_truth_mml0,c0100_u_store,0
TP-PMP-049,CG-PMP-005,cr_truth_mml0,c0101_u_fetch,0
TP-PMP-049,CG-PMP-005,cr_truth_mml0,c0101_u_load,0
TP-PMP-049,CG-PMP-005,cr_truth_mml0,c0101_u_store,0
TP-PMP-049,CG-PMP-005,cr_truth_mml0,c0110_u_fetch,0
TP-PMP-049,CG-PMP-005,cr_truth_mml0,c0110_u_load,0
TP-PMP-049,CG-PMP-005,cr_truth_mml0,c0110_u_store,0
TP-PMP-049,CG-PMP-005,cr_truth_mml0,c0111_u_fetch,0
TP-PMP-049,CG-PMP-005,cr_truth_mml0,c0111_u_load,0
TP-PMP-049,CG-PMP-005,cr_truth_mml0,c0111_u_store,0
TP-PMP-049,CG-PMP-005,cr_truth_mml0,c1000_u_fetch,0
TP-PMP-049,CG-PMP-005,cr_truth_mml0,c1000_u_load,0
TP-PMP-049,CG-PMP-005,cr_truth_mml0,c1000_u_store,0
TP-PMP-049,CG-PMP-005,cr_truth_mml0,c1001_u_fetch,0
TP-PMP-049,CG-PMP-005,cr_truth_mml0,c1001_u_load,0
TP-PMP-049,CG-PMP-005,cr_truth_mml0,c1001_u_store,0
TP-PMP-049,CG-PMP-005,cr_truth_mml0,c1100_u_fetch,0
TP-PMP-049,CG-PMP-005,cr_truth_mml0,c1100_u_load,0
TP-PMP-049,CG-PMP-005,cr_truth_mml0,c1100_u_store,0
TP-PMP-049,CG-PMP-005,cr_truth_mml0,c1101_u_fetch,0
TP-PMP-049,CG-PMP-005,cr_truth_mml0,c1101_u_load,0
TP-PMP-049,CG-PMP-005,cr_truth_mml0,c1101_u_store,0
TP-PMP-049,CG-PMP-005,cr_truth_mml0,c1110_u_fetch,0
TP-PMP-049,CG-PMP-005,cr_truth_mml0,c1110_u_load,0
TP-PMP-049,CG-PMP-005,cr_truth_mml0,c1110_u_store,0
TP-PMP-049,CG-PMP-005,cr_truth_mml0,c1111_u_fetch,0
TP-PMP-049,CG-PMP-005,cr_truth_mml0,c1111_u_load,0
TP-PMP-049,CG-PMP-005,cr_truth_mml0,c1111_u_store,0
TP-PMP-050,CG-PMP-005,cp_match,nomatch,0
TP-PMP-050,CG-PMP-005,cr_nomatch,nm_m_fetch_mml0_mmwp0,0
TP-PMP-050,CG-PMP-005,cr_nomatch,nm_m_load_mml0_mmwp0,0
TP-PMP-050,CG-PMP-005,cr_nomatch,nm_m_store_mml0_mmwp0,0
TP-PMP-050,CG-PMP-005,cr_nomatch,nm_u_fetch_mml0_mmwp0,0
TP-PMP-050,CG-PMP-005,cr_nomatch,nm_u_load_mml0_mmwp0,0
TP-PMP-050,CG-PMP-005,cr_nomatch,nm_u_store_mml0_mmwp0,0
TP-PMP-051,CG-PMP-005,cr_nomatch,nm_u_fetch_mml0_mmwp0,0
TP-PMP-051,CG-PMP-009,cr_target,mret_c1,0
TP-PMP-051,CG-PMP-014,cp_all_off_u,yes,0
TP-PMP-051,CG-PMP-014,cr_all_off_u,all_off_u_n0,0
TP-PMP-052,CG-PMP-005,cp_mmwp,mmwp1,0
TP-PMP-052,CG-PMP-005,cr_nomatch,nm_m_fetch_mml0_mmwp1,0
TP-PMP-052,CG-PMP-005,cr_nomatch,nm_m_load_mml0_mmwp1,0
TP-PMP-052,CG-PMP-005,cr_nomatch,nm_m_store_mml0_mmwp1,0
TP-PMP-053,CG-PMP-009,cr_target,seq_c1,0
TP-PMP-053,CG-PMP-011,cr_csr_data,mseccfg_mmwp_now_denied,0
TP-PMP-053,CG-PMP-011,cr_csr_fetch,mseccfg_mmwp_now_denied,0
TP-PMP-053,CG-PMP-011,cr_self,mmwp_self_fault_g0,0
TP-PMP-054,CG-PMP-005,cp_lrwx,c0000,0
TP-PMP-054,CG-PMP-005,cp_lrwx,c0001,0
TP-PMP-054,CG-PMP-005,cp_lrwx,c0010,0
TP-PMP-054,CG-PMP-005,cp_lrwx,c0011,0
TP-PMP-054,CG-PMP-005,cp_lrwx,c0100,0
TP-PMP-054,CG-PMP-005,cp_lrwx,c0101,0
TP-PMP-054,CG-PMP-005,cp_lrwx,c0110,0
TP-PMP-054,CG-PMP-005,cp_lrwx,c0111,0
TP-PMP-054,CG-PMP-005,cp_lrwx,c1000,0
TP-PMP-054,CG-PMP-005,cp_lrwx,c1001,0
TP-PMP-054,CG-PMP-005,cp_lrwx,c1010,0
TP-PMP-054,CG-PMP-005,cp_lrwx,c1011,0
TP-PMP-054,CG-PMP-005,cp_lrwx,c1100,0
TP-PMP-054,CG-PMP-005,cp_lrwx,c1101,0
TP-PMP-054,CG-PMP-005,cp_lrwx,c1110,0
TP-PMP-054,CG-PMP-005,cp_lrwx,c1111,0
TP-PMP-054,CG-PMP-005,cr_truth_mml1,c0000_m_fetch,0
TP-PMP-054,CG-PMP-005,cr_truth_mml1,c0000_m_load,0
TP-PMP-054,CG-PMP-005,cr_truth_mml1,c0000_m_store,0
TP-PMP-054,CG-PMP-005,cr_truth_mml1,c0000_u_fetch,0
TP-PMP-054,CG-PMP-005,cr_truth_mml1,c0000_u_load,0
TP-PMP-054,CG-PMP-005,cr_truth_mml1,c0000_u_store,0
TP-PMP-054,CG-PMP-005,cr_truth_mml1,c0001_m_fetch,0
TP-PMP-054,CG-PMP-005,cr_truth_mml1,c0001_m_load,0
TP-PMP-054,CG-PMP-005,cr_truth_mml1,c0001_m_store,0
TP-PMP-054,CG-PMP-005,cr_truth_mml1,c0001_u_fetch,0
TP-PMP-054,CG-PMP-005,cr_truth_mml1,c0001_u_load,0
TP-PMP-054,CG-PMP-005,cr_truth_mml1,c0001_u_store,0
TP-PMP-054,CG-PMP-005,cr_truth_mml1,c0010_m_fetch,0
TP-PMP-054,CG-PMP-005,cr_truth_mml1,c0010_m_load,0
TP-PMP-054,CG-PMP-005,cr_truth_mml1,c0010_m_store,0
TP-PMP-054,CG-PMP-005,cr_truth_mml1,c0010_u_fetch,0
TP-PMP-054,CG-PMP-005,cr_truth_mml1,c0010_u_load,0
TP-PMP-054,CG-PMP-005,cr_truth_mml1,c0010_u_store,0
TP-PMP-054,CG-PMP-005,cr_truth_mml1,c0011_m_fetch,0
TP-PMP-054,CG-PMP-005,cr_truth_mml1,c0011_m_load,0
TP-PMP-054,CG-PMP-005,cr_truth_mml1,c0011_m_store,0
TP-PMP-054,CG-PMP-005,cr_truth_mml1,c0011_u_fetch,0
TP-PMP-054,CG-PMP-005,cr_truth_mml1,c0011_u_load,0
TP-PMP-054,CG-PMP-005,cr_truth_mml1,c0011_u_store,0
TP-PMP-054,CG-PMP-005,cr_truth_mml1,c0100_m_fetch,0
TP-PMP-054,CG-PMP-005,cr_truth_mml1,c0100_m_load,0
TP-PMP-054,CG-PMP-005,cr_truth_mml1,c0100_m_store,0
TP-PMP-054,CG-PMP-005,cr_truth_mml1,c0100_u_fetch,0
TP-PMP-054,CG-PMP-005,cr_truth_mml1,c0100_u_load,0
TP-PMP-054,CG-PMP-005,cr_truth_mml1,c0100_u_store,0
TP-PMP-054,CG-PMP-005,cr_truth_mml1,c0101_m_fetch,0
TP-PMP-054,CG-PMP-005,cr_truth_mml1,c0101_m_load,0
TP-PMP-054,CG-PMP-005,cr_truth_mml1,c0101_m_store,0
TP-PMP-054,CG-PMP-005,cr_truth_mml1,c0101_u_fetch,0
TP-PMP-054,CG-PMP-005,cr_truth_mml1,c0101_u_load,0
TP-PMP-054,CG-PMP-005,cr_truth_mml1,c0101_u_store,0
TP-PMP-054,CG-PMP-005,cr_truth_mml1,c0110_m_fetch,0
TP-PMP-054,CG-PMP-005,cr_truth_mml1,c0110_m_load,0
TP-PMP-054,CG-PMP-005,cr_truth_mml1,c0110_m_store,0
TP-PMP-054,CG-PMP-005,cr_truth_mml1,c0110_u_fetch,0
TP-PMP-054,CG-PMP-005,cr_truth_mml1,c0110_u_load,0
TP-PMP-054,CG-PMP-005,cr_truth_mml1,c0110_u_store,0
TP-PMP-054,CG-PMP-005,cr_truth_mml1,c0111_m_fetch,0
TP-PMP-054,CG-PMP-005,cr_truth_mml1,c0111_m_load,0
TP-PMP-054,CG-PMP-005,cr_truth_mml1,c0111_m_store,0
TP-PMP-054,CG-PMP-005,cr_truth_mml1,c0111_u_fetch,0
TP-PMP-054,CG-PMP-005,cr_truth_mml1,c0111_u_load,0
TP-PMP-054,CG-PMP-005,cr_truth_mml1,c0111_u_store,0
TP-PMP-054,CG-PMP-005,cr_truth_mml1,c1000_m_fetch,0
TP-PMP-054,CG-PMP-005,cr_truth_mml1,c1000_m_load,0
TP-PMP-054,CG-PMP-005,cr_truth_mml1,c1000_m_store,0
TP-PMP-054,CG-PMP-005,cr_truth_mml1,c1000_u_fetch,0
TP-PMP-054,CG-PMP-005,cr_truth_mml1,c1000_u_load,0
TP-PMP-054,CG-PMP-005,cr_truth_mml1,c1000_u_store,0
TP-PMP-054,CG-PMP-005,cr_truth_mml1,c1001_m_fetch,0
TP-PMP-054,CG-PMP-005,cr_truth_mml1,c1001_m_load,0
TP-PMP-054,CG-PMP-005,cr_truth_mml1,c1001_m_store,0
TP-PMP-054,CG-PMP-005,cr_truth_mml1,c1001_u_fetch,0
TP-PMP-054,CG-PMP-005,cr_truth_mml1,c1001_u_load,0
TP-PMP-054,CG-PMP-005,cr_truth_mml1,c1001_u_store,0
TP-PMP-054,CG-PMP-005,cr_truth_mml1,c1010_m_fetch,0
TP-PMP-054,CG-PMP-005,cr_truth_mml1,c1010_m_load,0
TP-PMP-054,CG-PMP-005,cr_truth_mml1,c1010_m_store,0
TP-PMP-054,CG-PMP-005,cr_truth_mml1,c1010_u_fetch,0
TP-PMP-054,CG-PMP-005,cr_truth_mml1,c1010_u_load,0
TP-PMP-054,CG-PMP-005,cr_truth_mml1,c1010_u_store,0
TP-PMP-054,CG-PMP-005,cr_truth_mml1,c1011_m_fetch,0
TP-PMP-054,CG-PMP-005,cr_truth_mml1,c1011_m_load,0
TP-PMP-054,CG-PMP-005,cr_truth_mml1,c1011_m_store,0
TP-PMP-054,CG-PMP-005,cr_truth_mml1,c1011_u_fetch,0
TP-PMP-054,CG-PMP-005,cr_truth_mml1,c1011_u_load,0
TP-PMP-054,CG-PMP-005,cr_truth_mml1,c1011_u_store,0
TP-PMP-054,CG-PMP-005,cr_truth_mml1,c1100_m_fetch,0
TP-PMP-054,CG-PMP-005,cr_truth_mml1,c1100_m_load,0
TP-PMP-054,CG-PMP-005,cr_truth_mml1,c1100_m_store,0
TP-PMP-054,CG-PMP-005,cr_truth_mml1,c1100_u_fetch,0
TP-PMP-054,CG-PMP-005,cr_truth_mml1,c1100_u_load,0
TP-PMP-054,CG-PMP-005,cr_truth_mml1,c1100_u_store,0
TP-PMP-054,CG-PMP-005,cr_truth_mml1,c1101_m_fetch,0
TP-PMP-054,CG-PMP-005,cr_truth_mml1,c1101_m_load,0
TP-PMP-054,CG-PMP-005,cr_truth_mml1,c1101_m_store,0
TP-PMP-054,CG-PMP-005,cr_truth_mml1,c1101_u_fetch,0
TP-PMP-054,CG-PMP-005,cr_truth_mml1,c1101_u_load,0
TP-PMP-054,CG-PMP-005,cr_truth_mml1,c1101_u_store,0
TP-PMP-054,CG-PMP-005,cr_truth_mml1,c1110_m_fetch,0
TP-PMP-054,CG-PMP-005,cr_truth_mml1,c1110_m_load,0
TP-PMP-054,CG-PMP-005,cr_truth_mml1,c1110_m_store,0
TP-PMP-054,CG-PMP-005,cr_truth_mml1,c1110_u_fetch,0
TP-PMP-054,CG-PMP-005,cr_truth_mml1,c1110_u_load,0
TP-PMP-054,CG-PMP-005,cr_truth_mml1,c1110_u_store,0
TP-PMP-054,CG-PMP-005,cr_truth_mml1,c1111_m_fetch,0
TP-PMP-054,CG-PMP-005,cr_truth_mml1,c1111_m_load,0
TP-PMP-054,CG-PMP-005,cr_truth_mml1,c1111_m_store,0
TP-PMP-054,CG-PMP-005,cr_truth_mml1,c1111_u_fetch,0
TP-PMP-054,CG-PMP-005,cr_truth_mml1,c1111_u_load,0
TP-PMP-054,CG-PMP-005,cr_truth_mml1,c1111_u_store,0
TP-PMP-055,CG-PMP-005,cr_truth_mml1,c0001_m_fetch,0
TP-PMP-055,CG-PMP-005,cr_truth_mml1,c0001_m_load,0
TP-PMP-055,CG-PMP-005,cr_truth_mml1,c0001_m_store,0
TP-PMP-055,CG-PMP-005,cr_truth_mml1,c0100_m_fetch,0
TP-PMP-055,CG-PMP-005,cr_truth_mml1,c0100_m_load,0
TP-PMP-055,CG-PMP-005,cr_truth_mml1,c0100_m_store,0
TP-PMP-055,CG-PMP-005,cr_truth_mml1,c0101_m_fetch,0
TP-PMP-055,CG-PMP-005,cr_truth_mml1,c0101_m_load,0
TP-PMP-055,CG-PMP-005,cr_truth_mml1,c0101_m_store,0
TP-PMP-055,CG-PMP-005,cr_truth_mml1,c0110_m_fetch,0
TP-PMP-055,CG-PMP-005,cr_truth_mml1,c0110_m_load,0
TP-PMP-055,CG-PMP-005,cr_truth_mml1,c0110_m_store,0
TP-PMP-055,CG-PMP-005,cr_truth_mml1,c0111_m_fetch,0
TP-PMP-055,CG-PMP-005,cr_truth_mml1,c0111_m_load,0
TP-PMP-055,CG-PMP-005,cr_truth_mml1,c0111_m_store,0
TP-PMP-056,CG-PMP-005,cr_truth_mml1,c1001_u_fetch,0
TP-PMP-056,CG-PMP-005,cr_truth_mml1,c1001_u_load,0
TP-PMP-056,CG-PMP-005,cr_truth_mml1,c1001_u_store,0
TP-PMP-056,CG-PMP-005,cr_truth_mml1,c1100_u_fetch,0
TP-PMP-056,CG-PMP-005,cr_truth_mml1,c1100_u_load,0
TP-PMP-056,CG-PMP-005,cr_truth_mml1,c1100_u_store,0
TP-PMP-056,CG-PMP-005,cr_truth_mml1,c1101_u_fetch,0
TP-PMP-056,CG-PMP-005,cr_truth_mml1,c1101_u_load,0
TP-PMP-056,CG-PMP-005,cr_truth_mml1,c1101_u_store,0
TP-PMP-056,CG-PMP-005,cr_truth_mml1,c1110_u_fetch,0
TP-PMP-056,CG-PMP-005,cr_truth_mml1,c1110_u_load,0
TP-PMP-056,CG-PMP-005,cr_truth_mml1,c1110_u_store,0
TP-PMP-057,CG-PMP-005,cr_truth_mml1,c0010_m_fetch,0
TP-PMP-057,CG-PMP-005,cr_truth_mml1,c0010_m_load,0
TP-PMP-057,CG-PMP-005,cr_truth_mml1,c0010_m_store,0
TP-PMP-057,CG-PMP-005,cr_truth_mml1,c0010_u_fetch,0
TP-PMP-057,CG-PMP-005,cr_truth_mml1,c0010_u_load,0
TP-PMP-057,CG-PMP-005,cr_truth_mml1,c0010_u_store,0
TP-PMP-057,CG-PMP-005,cr_truth_mml1,c0011_m_fetch,0
TP-PMP-057,CG-PMP-005,cr_truth_mml1,c0011_m_load,0
TP-PMP-057,CG-PMP-005,cr_truth_mml1,c0011_m_store,0
TP-PMP-057,CG-PMP-005,cr_truth_mml1,c0011_u_fetch,0
TP-PMP-057,CG-PMP-005,cr_truth_mml1,c0011_u_load,0
TP-PMP-057,CG-PMP-005,cr_truth_mml1,c0011_u_store,0
TP-PMP-058,CG-PMP-005,cr_truth_mml1,c1010_m_fetch,0
TP-PMP-058,CG-PMP-005,cr_truth_mml1,c1010_m_load,0
TP-PMP-058,CG-PMP-005,cr_truth_mml1,c1010_m_store,0
TP-PMP-058,CG-PMP-005,cr_truth_mml1,c1010_u_fetch,0
TP-PMP-058,CG-PMP-005,cr_truth_mml1,c1010_u_load,0
TP-PMP-058,CG-PMP-005,cr_truth_mml1,c1010_u_store,0
TP-PMP-058,CG-PMP-005,cr_truth_mml1,c1011_m_fetch,0
TP-PMP-058,CG-PMP-005,cr_truth_mml1,c1011_m_load,0
TP-PMP-058,CG-PMP-005,cr_truth_mml1,c1011_m_store,0
TP-PMP-058,CG-PMP-005,cr_truth_mml1,c1011_u_fetch,0
TP-PMP-058,CG-PMP-005,cr_truth_mml1,c1011_u_load,0
TP-PMP-058,CG-PMP-005,cr_truth_mml1,c1011_u_store,0
TP-PMP-059,CG-PMP-005,cr_truth_mml1,c1111_m_fetch,0
TP-PMP-059,CG-PMP-005,cr_truth_mml1,c1111_m_load,0
TP-PMP-059,CG-PMP-005,cr_truth_mml1,c1111_m_store,0
TP-PMP-059,CG-PMP-005,cr_truth_mml1,c1111_u_fetch,0
TP-PMP-059,CG-PMP-005,cr_truth_mml1,c1111_u_load,0
TP-PMP-059,CG-PMP-005,cr_truth_mml1,c1111_u_store,0
TP-PMP-060,CG-PMP-005,cr_truth_mml1,c0000_m_fetch,0
TP-PMP-060,CG-PMP-005,cr_truth_mml1,c0000_m_load,0
TP-PMP-060,CG-PMP-005,cr_truth_mml1,c0000_m_store,0
TP-PMP-060,CG-PMP-005,cr_truth_mml1,c0000_u_fetch,0
TP-PMP-060,CG-PMP-005,cr_truth_mml1,c0000_u_load,0
TP-PMP-060,CG-PMP-005,cr_truth_mml1,c0000_u_store,0
TP-PMP-060,CG-PMP-005,cr_truth_mml1,c1000_m_fetch,0
TP-PMP-060,CG-PMP-005,cr_truth_mml1,c1000_m_load,0
TP-PMP-060,CG-PMP-005,cr_truth_mml1,c1000_m_store,0
TP-PMP-060,CG-PMP-005,cr_truth_mml1,c1000_u_fetch,0
TP-PMP-060,CG-PMP-005,cr_truth_mml1,c1000_u_load,0
TP-PMP-060,CG-PMP-005,cr_truth_mml1,c1000_u_store,0
TP-PMP-061,CG-PMP-005,cr_nomatch,nm_m_fetch_mml1_mmwp0,0
TP-PMP-061,CG-PMP-005,cr_nomatch,nm_m_load_mml1_mmwp0,0
TP-PMP-061,CG-PMP-005,cr_nomatch,nm_m_load_mml1_mmwp1,0
TP-PMP-061,CG-PMP-005,cr_nomatch,nm_m_store_mml1_mmwp0,0
TP-PMP-061,CG-PMP-005,cr_nomatch,nm_m_store_mml1_mmwp1,0
TP-PMP-062,CG-PMP-005,cr_truth_mml1,c0000_m_fetch,0
TP-PMP-062,CG-PMP-005,cr_truth_mml1,c0001_m_fetch,0
TP-PMP-062,CG-PMP-005,cr_truth_mml1,c0001_u_fetch,0
TP-PMP-062,CG-PMP-005,cr_truth_mml1,c0010_m_fetch,0
TP-PMP-062,CG-PMP-005,cr_truth_mml1,c0011_m_fetch,0
TP-PMP-062,CG-PMP-005,cr_truth_mml1,c0100_m_fetch,0
TP-PMP-062,CG-PMP-005,cr_truth_mml1,c0101_m_fetch,0
TP-PMP-062,CG-PMP-005,cr_truth_mml1,c0110_m_fetch,0
TP-PMP-062,CG-PMP-005,cr_truth_mml1,c0111_m_fetch,0
TP-PMP-062,CG-PMP-005,cr_truth_mml1,c0111_u_fetch,0
TP-PMP-063,CG-PMP-005,cr_nomatch,nm_m_fetch_mml1_mmwp0,0
TP-PMP-063,CG-PMP-009,cr_target,seq_c1,0
TP-PMP-063,CG-PMP-011,cr_csr_fetch,mseccfg_mml_now_denied,0
TP-PMP-063,CG-PMP-011,cr_self,mml_self_fault_g0,0
TP-PMP-064,CG-PMP-009,cp_cause,c1,0
TP-PMP-064,CG-PMP-010,cp_outcome,retired_fault,0
TP-PMP-064,CG-PMP-010,cr_outcome_priv,retired_fault_m,0
TP-PMP-064,CG-PMP-010,cr_outcome_priv,retired_fault_u,0
TP-PMP-065,CG-PMP-007,cr_size_bclass,i32_straddle_high,0
TP-PMP-065,CG-PMP-007,cr_size_bclass,i32_straddle_low,0
TP-PMP-065,CG-PMP-009,cp_ilen,c16,0
TP-PMP-065,CG-PMP-009,cp_ilen,i32,0
TP-PMP-065,CG-PMP-009,cr_c16_a2,c16_a2_nextdenied_none,0
TP-PMP-065,CG-PMP-009,cr_plus2,fa_sd_pc2,0
TP-PMP-066,CG-PMP-009,cp_mtval,pc2,0
TP-PMP-066,CG-PMP-009,cr_halves_priv,fa_sd_m,0
TP-PMP-066,CG-PMP-009,cr_halves_priv,fa_sd_u,0
TP-PMP-066,CG-PMP-009,cr_plus2,fa_sd_pc2,0
TP-PMP-067,CG-PMP-009,cr_halves_priv,both_deny_m,0
TP-PMP-067,CG-PMP-009,cr_halves_priv,both_deny_u,0
TP-PMP-067,CG-PMP-009,cr_halves_priv,fd_sa_m,0
TP-PMP-067,CG-PMP-009,cr_halves_priv,fd_sa_u,0
TP-PMP-067,CG-PMP-009,cr_plus2,both_deny_pc,0
TP-PMP-067,CG-PMP-009,cr_plus2,fd_sa_pc,0
TP-PMP-068,CG-PMP-009,cp_wrap,wrap,0
TP-PMP-068,CG-PMP-009,cr_wrap,wrap_i32_c1,0
TP-PMP-068,CG-PMP-009,cr_wrap,wrap_i32_none,0
TP-PMP-069,CG-PMP-005,cp_type,load,0
TP-PMP-069,CG-PMP-005,cp_type,store,0
TP-PMP-069,CG-PMP-005,cr_mode_type_priv_mml,na4_load_m_mml0_allow,0
TP-PMP-069,CG-PMP-005,cr_mode_type_priv_mml,na4_load_m_mml0_deny,0
TP-PMP-069,CG-PMP-005,cr_mode_type_priv_mml,na4_load_m_mml1_allow,0
TP-PMP-069,CG-PMP-005,cr_mode_type_priv_mml,na4_load_m_mml1_deny,0
TP-PMP-069,CG-PMP-005,cr_mode_type_priv_mml,na4_load_u_mml0_allow,0
TP-PMP-069,CG-PMP-005,cr_mode_type_priv_mml,na4_load_u_mml0_deny,0
TP-PMP-069,CG-PMP-005,cr_mode_type_priv_mml,na4_load_u_mml1_allow,0
TP-PMP-069,CG-PMP-005,cr_mode_type_priv_mml,na4_load_u_mml1_deny,0
TP-PMP-069,CG-PMP-005,cr_mode_type_priv_mml,na4_store_m_mml0_allow,0
TP-PMP-069,CG-PMP-005,cr_mode_type_priv_mml,na4_store_m_mml0_deny,0
TP-PMP-069,CG-PMP-005,cr_mode_type_priv_mml,na4_store_m_mml1_allow,0
TP-PMP-069,CG-PMP-005,cr_mode_type_priv_mml,na4_store_m_mml1_deny,0
TP-PMP-069,CG-PMP-005,cr_mode_type_priv_mml,na4_store_u_mml0_allow,0
TP-PMP-069,CG-PMP-005,cr_mode_type_priv_mml,na4_store_u_mml0_deny,0
TP-PMP-069,CG-PMP-005,cr_mode_type_priv_mml,na4_store_u_mml1_allow,0
TP-PMP-069,CG-PMP-005,cr_mode_type_priv_mml,na4_store_u_mml1_deny,0
TP-PMP-069,CG-PMP-005,cr_mode_type_priv_mml,napot_load_m_mml0_allow,0
TP-PMP-069,CG-PMP-005,cr_mode_type_priv_mml,napot_load_m_mml0_deny,0
TP-PMP-069,CG-PMP-005,cr_mode_type_priv_mml,napot_load_m_mml1_allow,0
TP-PMP-069,CG-PMP-005,cr_mode_type_priv_mml,napot_load_m_mml1_deny,0
TP-PMP-069,CG-PMP-005,cr_mode_type_priv_mml,napot_load_u_mml0_allow,0
TP-PMP-069,CG-PMP-005,cr_mode_type_priv_mml,napot_load_u_mml0_deny,0
TP-PMP-069,CG-PMP-005,cr_mode_type_priv_mml,napot_load_u_mml1_allow,0
TP-PMP-069,CG-PMP-005,cr_mode_type_priv_mml,napot_load_u_mml1_deny,0
TP-PMP-069,CG-PMP-005,cr_mode_type_priv_mml,napot_store_m_mml0_allow,0
TP-PMP-069,CG-PMP-005,cr_mode_type_priv_mml,napot_store_m_mml0_deny,0
TP-PMP-069,CG-PMP-005,cr_mode_type_priv_mml,napot_store_m_mml1_allow,0
TP-PMP-069,CG-PMP-005,cr_mode_type_priv_mml,napot_store_m_mml1_deny,0
TP-PMP-069,CG-PMP-005,cr_mode_type_priv_mml,napot_store_u_mml0_allow,0
TP-PMP-069,CG-PMP-005,cr_mode_type_priv_mml,napot_store_u_mml0_deny,0
TP-PMP-069,CG-PMP-005,cr_mode_type_priv_mml,napot_store_u_mml1_allow,0
TP-PMP-069,CG-PMP-005,cr_mode_type_priv_mml,napot_store_u_mml1_deny,0
TP-PMP-069,CG-PMP-005,cr_mode_type_priv_mml,tor_load_m_mml0_allow,0
TP-PMP-069,CG-PMP-005,cr_mode_type_priv_mml,tor_load_m_mml0_deny,0
TP-PMP-069,CG-PMP-005,cr_mode_type_priv_mml,tor_load_m_mml1_allow,0
TP-PMP-069,CG-PMP-005,cr_mode_type_priv_mml,tor_load_m_mml1_deny,0
TP-PMP-069,CG-PMP-005,cr_mode_type_priv_mml,tor_load_u_mml0_allow,0
TP-PMP-069,CG-PMP-005,cr_mode_type_priv_mml,tor_load_u_mml0_deny,0
TP-PMP-069,CG-PMP-005,cr_mode_type_priv_mml,tor_load_u_mml1_allow,0
TP-PMP-069,CG-PMP-005,cr_mode_type_priv_mml,tor_load_u_mml1_deny,0
TP-PMP-069,CG-PMP-005,cr_mode_type_priv_mml,tor_store_m_mml0_allow,0
TP-PMP-069,CG-PMP-005,cr_mode_type_priv_mml,tor_store_m_mml0_deny,0
TP-PMP-069,CG-PMP-005,cr_mode_type_priv_mml,tor_store_m_mml1_allow,0
TP-PMP-069,CG-PMP-005,cr_mode_type_priv_mml,tor_store_m_mml1_deny,0
TP-PMP-069,CG-PMP-005,cr_mode_type_priv_mml,tor_store_u_mml0_allow,0
TP-PMP-069,CG-PMP-005,cr_mode_type_priv_mml,tor_store_u_mml0_deny,0
TP-PMP-069,CG-PMP-005,cr_mode_type_priv_mml,tor_store_u_mml1_allow,0
TP-PMP-069,CG-PMP-005,cr_mode_type_priv_mml,tor_store_u_mml1_deny,0
TP-PMP-069,CG-PMP-008,cr_align_type,aligned_denied_load,0
TP-PMP-069,CG-PMP-008,cr_align_type,aligned_denied_store,0
TP-PMP-070,CG-PMP-008,cr_priv_cause,mprv1_u_c5,0
TP-PMP-070,CG-PMP-008,cr_priv_cause,mprv1_u_c7,0
TP-PMP-070,CG-PMP-012,cp_mprv,mprv1,0
TP-PMP-070,CG-PMP-012,cr_eff,m_mprv_mppu_fetch_effm,0
TP-PMP-070,CG-PMP-012,cr_eff,m_mprv_mppu_load_effu,0
TP-PMP-070,CG-PMP-012,cr_eff,m_mprv_mppu_store_effu,0
TP-PMP-071,CG-PMP-012,cp_mpp,m,0
TP-PMP-071,CG-PMP-012,cr_eff,m_mprv_mppm_fetch_effm,0
TP-PMP-071,CG-PMP-012,cr_eff,m_mprv_mppm_load_effm,0
TP-PMP-071,CG-PMP-012,cr_eff,m_mprv_mppm_store_effm,0
TP-PMP-072,CG-PMP-012,cr_after_ret,mret_m_kept_load,0
TP-PMP-072,CG-PMP-012,cr_after_ret,mret_m_kept_store,0
TP-PMP-072,CG-PMP-012,cr_after_ret,mret_u_cleared_load,0
TP-PMP-072,CG-PMP-012,cr_after_ret,mret_u_cleared_store,0
TP-PMP-072,CG-PMP-012,cr_u_entry,u_mret_u_fetch,0
TP-PMP-072,CG-PMP-012,cr_u_entry,u_mret_u_load,0
TP-PMP-072,CG-PMP-012,cr_u_entry,u_mret_u_store,0
TP-PMP-073,CG-PMP-012,cr_after_ret,dret_m_kept_load,0
TP-PMP-073,CG-PMP-012,cr_after_ret,dret_m_kept_store,0
TP-PMP-073,CG-PMP-012,cr_after_ret,dret_u_cleared_spec_load,0
TP-PMP-073,CG-PMP-012,cr_after_ret,dret_u_cleared_spec_store,0
TP-PMP-073,CG-PMP-012,cr_after_ret,dret_u_kept_rtl_load,0
TP-PMP-073,CG-PMP-012,cr_after_ret,dret_u_kept_rtl_store,0
TP-PMP-073,CG-PMP-012,cr_u_entry,u_dret_u_fetch,0
TP-PMP-073,CG-PMP-012,cr_u_entry,u_dret_u_load,0
TP-PMP-073,CG-PMP-012,cr_u_entry,u_dret_u_store,0
TP-PMP-074,CG-PMP-012,cp_dbg,d1,0
TP-PMP-074,CG-PMP-012,cr_dbg_mprv,dbg_mprv_mppu_load,0
TP-PMP-074,CG-PMP-012,cr_dbg_mprv,dbg_mprv_mppu_store,0
TP-PMP-074,CG-PMP-013,cr_dbg_outside,dbg_out_load_deny,0
TP-PMP-074,CG-PMP-013,cr_dbg_outside,dbg_out_store_deny,0
TP-PMP-075,CG-PMP-012,cp_mpp_wr_illegal,yes,0
TP-PMP-075,CG-PMP-012,cr_illegal_mpp,illegal_mpp_mprv_load_effu,0
TP-PMP-075,CG-PMP-012,cr_illegal_mpp,illegal_mpp_mprv_store_effu,0
TP-PMP-076,CG-PMP-009,cp_cause,c1,0
TP-PMP-076,CG-PMP-009,cp_mtval,pc,0
TP-PMP-076,CG-PMP-009,cr_priv_cause,m_c1_c16,0
TP-PMP-076,CG-PMP-009,cr_priv_cause,m_c1_i32,0
TP-PMP-076,CG-PMP-009,cr_priv_cause,u_c1_c16,0
TP-PMP-076,CG-PMP-009,cr_priv_cause,u_c1_i32,0
TP-PMP-076,CG-PMP-009,cr_target,seq_c1,0
TP-PMP-077,CG-PMP-010,cr_discard_reason,discarded_branch,0
TP-PMP-077,CG-PMP-010,cr_discard_reason,discarded_exc,0
TP-PMP-077,CG-PMP-010,cr_discard_reason,discarded_jump,0
TP-PMP-077,CG-PMP-010,cr_outcome_priv,discarded_m,0
TP-PMP-077,CG-PMP-010,cr_outcome_priv,discarded_u,0
TP-PMP-078,CG-PMP-009,cp_target,branch,0
TP-PMP-078,CG-PMP-009,cp_target,dret,0
TP-PMP-078,CG-PMP-009,cp_target,exc_entry,0
TP-PMP-078,CG-PMP-009,cp_target,jump,0
TP-PMP-078,CG-PMP-009,cp_target,mret,0
TP-PMP-078,CG-PMP-009,cp_target,seq,0
TP-PMP-078,CG-PMP-009,cr_target,branch_c1,0
TP-PMP-078,CG-PMP-009,cr_target,dret_c1,0
TP-PMP-078,CG-PMP-009,cr_target,exc_entry_c1,0
TP-PMP-078,CG-PMP-009,cr_target,jump_c1,0
TP-PMP-078,CG-PMP-009,cr_target,mret_c1,0
TP-PMP-079,CG-PMP-009,cp_buserr,first,0
TP-PMP-079,CG-PMP-009,cp_buserr,second,0
TP-PMP-079,CG-PMP-009,cr_buserr,bus_first_fa_sd_pc,0
TP-PMP-079,CG-PMP-009,cr_buserr,bus_first_fd_sa_pc,0
TP-PMP-079,CG-PMP-009,cr_buserr,bus_none_fa_sd_pc2,0
TP-PMP-079,CG-PMP-009,cr_buserr,bus_second_fd_sa_pc,0
TP-PMP-079,CG-PMP-009,cr_buserr,bus_second_single_allow_pc2,0
TP-PMP-080,CG-PMP-008,cp_cause,c5,0
TP-PMP-080,CG-PMP-008,cp_cause,c7,0
TP-PMP-080,CG-PMP-008,cr_align_mtval,aligned_denied_ea,0
TP-PMP-080,CG-PMP-008,cr_align_nreq,aligned_denied_n0,0
TP-PMP-080,CG-PMP-008,cr_align_type,aligned_denied_load,0
TP-PMP-080,CG-PMP-008,cr_align_type,aligned_denied_store,0
TP-PMP-080,CG-PMP-008,cr_priv_cause,mprv0_m_c5,0
TP-PMP-080,CG-PMP-008,cr_priv_cause,mprv0_m_c7,0
TP-PMP-080,CG-PMP-008,cr_priv_cause,mprv0_u_c5,0
TP-PMP-080,CG-PMP-008,cr_priv_cause,mprv0_u_c7,0
TP-PMP-081,CG-PMP-008,cp_rd,none,0
TP-PMP-081,CG-PMP-008,cr_rd,load_c5_none,0
TP-PMP-082,CG-PMP-008,cr_align_nreq,aligned_denied_n0,0
TP-PMP-082,CG-PMP-008,cr_lat,aligned_denied_lat2,0
TP-PMP-083,CG-PMP-008,cp_next_exc,ecall_ebreak,0
TP-PMP-083,CG-PMP-008,cp_next_exc,fetch_fault,0
TP-PMP-083,CG-PMP-008,cp_next_exc,illegal,0
TP-PMP-083,CG-PMP-008,cp_next_exc,none,0
TP-PMP-083,CG-PMP-008,cr_priority,c5_ecall_ebreak,0
TP-PMP-083,CG-PMP-008,cr_priority,c5_fetch_fault,0
TP-PMP-083,CG-PMP-008,cr_priority,c5_illegal,0
TP-PMP-083,CG-PMP-008,cr_priority,c7_ecall_ebreak,0
TP-PMP-083,CG-PMP-008,cr_priority,c7_fetch_fault,0
TP-PMP-083,CG-PMP-008,cr_priority,c7_illegal,0
TP-PMP-084,CG-PMP-007,cr_size_bclass,w32_straddle_high,0
TP-PMP-084,CG-PMP-007,cr_size_bclass,w32_straddle_low,0
TP-PMP-084,CG-PMP-008,cr_align_nreq,mis_none_n2,0
TP-PMP-084,CG-PMP-008,cr_align_type,mis_none_load,0
TP-PMP-084,CG-PMP-008,cr_align_type,mis_none_store,0
TP-PMP-084,CG-PMP-008,cr_half_align,h16_mis_none_load,0
TP-PMP-084,CG-PMP-008,cr_half_align,h16_mis_none_store,0
TP-PMP-085,CG-PMP-008,cr_align_mtval,mis_first_ea,0
TP-PMP-085,CG-PMP-008,cr_align_nreq,mis_first_n1,0
TP-PMP-085,CG-PMP-008,cr_align_type,mis_first_load,0
TP-PMP-085,CG-PMP-008,cr_align_type,mis_first_store,0
TP-PMP-085,CG-PMP-008,cr_half_align,h16_mis_first_load,0
TP-PMP-085,CG-PMP-008,cr_half_align,h16_mis_first_store,0
TP-PMP-086,CG-PMP-008,cp_mtval,second_word,0
TP-PMP-086,CG-PMP-008,cr_align_mtval,mis_second_second_word,0
TP-PMP-086,CG-PMP-008,cr_align_nreq,mis_second_n1,0
TP-PMP-086,CG-PMP-008,cr_align_type,mis_second_load,0
TP-PMP-086,CG-PMP-008,cr_align_type,mis_second_store,0
TP-PMP-086,CG-PMP-008,cr_half_align,h16_mis_second_load,0
TP-PMP-086,CG-PMP-008,cr_half_align,h16_mis_second_store,0
TP-PMP-087,CG-PMP-008,cr_align_mtval,mis_both_ea,0
TP-PMP-087,CG-PMP-008,cr_align_nreq,mis_both_n0,0
TP-PMP-087,CG-PMP-008,cr_align_type,mis_both_load,0
TP-PMP-087,CG-PMP-008,cr_align_type,mis_both_store,0
TP-PMP-087,CG-PMP-008,cr_half_align,h16_mis_both_load,0
TP-PMP-087,CG-PMP-008,cr_half_align,h16_mis_both_store,0
TP-PMP-088,CG-PMP-008,cp_size,h16,0
TP-PMP-088,CG-PMP-008,cr_half_align,h16_mis_both_load,0
TP-PMP-088,CG-PMP-008,cr_half_align,h16_mis_both_store,0
TP-PMP-088,CG-PMP-008,cr_half_align,h16_mis_first_load,0
TP-PMP-088,CG-PMP-008,cr_half_align,h16_mis_first_store,0
TP-PMP-088,CG-PMP-008,cr_half_align,h16_mis_none_load,0
TP-PMP-088,CG-PMP-008,cr_half_align,h16_mis_none_store,0
TP-PMP-088,CG-PMP-008,cr_half_align,h16_mis_second_load,0
TP-PMP-088,CG-PMP-008,cr_half_align,h16_mis_second_store,0
TP-PMP-089,CG-PMP-008,cp_buserr,first_half_err,0
TP-PMP-089,CG-PMP-008,cr_buserr,buserr_mis_second_load_ea,0
TP-PMP-089,CG-PMP-008,cr_buserr,buserr_mis_second_store_ea,0
TP-PMP-090,CG-PMP-011,cp_csr,mseccfg_mml,0
TP-PMP-090,CG-PMP-011,cp_csr,mseccfg_mmwp,0
TP-PMP-090,CG-PMP-011,cp_csr,mseccfg_none,0
TP-PMP-090,CG-PMP-011,cp_csr,mseccfg_rlb,0
TP-PMP-090,CG-PMP-011,cp_csr,pmpaddr,0
TP-PMP-090,CG-PMP-011,cp_csr,pmpcfg,0
TP-PMP-090,CG-PMP-011,cr_csr_data,pmpaddr_now_allowed,0
TP-PMP-090,CG-PMP-011,cr_csr_data,pmpaddr_now_denied,0
TP-PMP-090,CG-PMP-011,cr_csr_data,pmpcfg_now_allowed,0
TP-PMP-090,CG-PMP-011,cr_csr_data,pmpcfg_now_denied,0
TP-PMP-090,CG-PMP-011,cr_csr_fetch,pmpaddr_now_allowed,0
TP-PMP-090,CG-PMP-011,cr_csr_fetch,pmpaddr_now_denied,0
TP-PMP-090,CG-PMP-011,cr_csr_fetch,pmpcfg_now_allowed,0
TP-PMP-090,CG-PMP-011,cr_csr_fetch,pmpcfg_now_denied,0
TP-PMP-090,CG-PMP-011,cr_gap_fetch,g0_now_denied,0
TP-PMP-090,CG-PMP-011,cr_gap_fetch,g1_3_now_denied,0
TP-PMP-090,CG-PMP-011,cr_gap_fetch,g4_plus_now_denied,0
TP-PMP-090,CG-PMP-011,cr_self,cfg_self_fault_g0,0
TP-PMP-091,CG-PMP-010,cr_discard_reason,discarded_csr_flush,0
TP-PMP-091,CG-PMP-010,cr_outcome_priv,retired_ok_recfg_m,0
TP-PMP-091,CG-PMP-010,cr_outcome_priv,retired_ok_recfg_u,0
TP-PMP-091,CG-PMP-011,cr_src_fetch,bus_prefetched_now_allowed,0
TP-PMP-091,CG-PMP-011,cr_src_fetch,bus_prefetched_now_denied,0
TP-PMP-091,CG-PMP-011,cr_src_fetch,fresh_now_allowed,0
TP-PMP-091,CG-PMP-011,cr_src_fetch,fresh_now_denied,0
TP-PMP-092,CG-PMP-009,cr_src,cache_hit_c1,0
TP-PMP-092,CG-PMP-009,cr_src,cache_hit_none,0
TP-PMP-092,CG-PMP-010,cp_later_hit,yes,0
TP-PMP-092,CG-PMP-010,cr_hit_outcome,hit_retired_fault,0
TP-PMP-092,CG-PMP-010,cr_hit_outcome,hit_retired_ok_recfg,0
TP-PMP-092,CG-PMP-010,cr_outcome_priv,retired_ok_priv_m,0
TP-PMP-092,CG-PMP-010,cr_outcome_priv,retired_ok_priv_u,0
TP-PMP-092,CG-PMP-011,cr_src_fetch,cache_hit_now_allowed,0
TP-PMP-092,CG-PMP-011,cr_src_fetch,cache_hit_now_denied,0
TP-PMP-093,CG-PMP-009,cp_dummy_en,on,0
TP-PMP-093,CG-PMP-009,cr_dummy,on_c1_a2,0
TP-PMP-093,CG-PMP-009,cr_dummy,on_c1_a4,0
TP-PMP-094,CG-PMP-013,cr_bypass,bypass_fetch,0
TP-PMP-094,CG-PMP-013,cr_bypass,bypass_load,0
TP-PMP-094,CG-PMP-013,cr_bypass,bypass_store,0
TP-PMP-094,CG-PMP-013,cr_bypass_mseccfg,both_fetch,0
TP-PMP-094,CG-PMP-013,cr_bypass_mseccfg,both_load,0
TP-PMP-094,CG-PMP-013,cr_bypass_mseccfg,both_store,0
TP-PMP-094,CG-PMP-013,cr_bypass_mseccfg,mml_fetch,0
TP-PMP-094,CG-PMP-013,cr_bypass_mseccfg,mml_load,0
TP-PMP-094,CG-PMP-013,cr_bypass_mseccfg,mml_store,0
TP-PMP-094,CG-PMP-013,cr_bypass_mseccfg,mmwp_fetch,0
TP-PMP-094,CG-PMP-013,cr_bypass_mseccfg,mmwp_load,0
TP-PMP-094,CG-PMP-013,cr_bypass_mseccfg,mmwp_store,0
TP-PMP-094,CG-PMP-013,cr_bypass_mseccfg,none_fetch,0
TP-PMP-094,CG-PMP-013,cr_bypass_mseccfg,none_load,0
TP-PMP-094,CG-PMP-013,cr_bypass_mseccfg,none_store,0
TP-PMP-094,CG-PMP-013,cr_phase,body_allow,0
TP-PMP-094,CG-PMP-013,cr_phase,halt_fetch_allow,0
TP-PMP-095,CG-PMP-013,cp_dbg,d0,0
TP-PMP-095,CG-PMP-013,cr_no_bypass,nodbg_dm_fetch_deny,0
TP-PMP-095,CG-PMP-013,cr_no_bypass,nodbg_dm_load_deny,0
TP-PMP-095,CG-PMP-013,cr_no_bypass,nodbg_dm_store_deny,0
TP-PMP-096,CG-PMP-013,cp_in_dm,no,0
TP-PMP-096,CG-PMP-013,cr_dbg_outside,dbg_out_fetch_deny,0
TP-PMP-096,CG-PMP-013,cr_dbg_outside_mseccfg,both_allow,0
TP-PMP-096,CG-PMP-013,cr_dbg_outside_mseccfg,both_deny,0
TP-PMP-096,CG-PMP-013,cr_dbg_outside_mseccfg,mml_allow,0
TP-PMP-096,CG-PMP-013,cr_dbg_outside_mseccfg,mml_deny,0
TP-PMP-096,CG-PMP-013,cr_dbg_outside_mseccfg,mmwp_allow,0
TP-PMP-096,CG-PMP-013,cr_dbg_outside_mseccfg,mmwp_deny,0
TP-PMP-097,CG-PMP-013,cp_dm_top_i32,yes,0
TP-PMP-097,CG-PMP-013,cr_dm_top,dm_top_both_deny,0
TP-PMP-097,CG-PMP-013,cr_dm_top,dm_top_mml_deny,0
TP-PMP-097,CG-PMP-013,cr_dm_top,dm_top_mmwp_deny,0
TP-PMP-098,CG-PMP-013,cp_csr_side,unchanged,0
TP-PMP-098,CG-PMP-013,cr_csr_side,dbg_deny_unchanged,0
TP-PMP-098,CG-PMP-013,cr_phase,exc_fetch_allow,0
TP-PMP-099,CG-PMP-013,cp_phase,body,0
TP-PMP-099,CG-PMP-013,cp_phase,exc_fetch,0
TP-PMP-099,CG-PMP-013,cp_phase,halt_fetch,0
TP-PMP-099,CG-PMP-013,cp_phase,post_dret_first,0
TP-PMP-099,CG-PMP-013,cr_phase,halt_fetch_allow,0
TP-PMP-099,CG-PMP-013,cr_phase,post_dret_first_allow,0
TP-PMP-099,CG-PMP-013,cr_phase,post_dret_first_deny,0
TP-PMP-100,CG-PMP-005,cr_region_type,r0_fetch,0
TP-PMP-100,CG-PMP-005,cr_region_type,r0_load,0
TP-PMP-100,CG-PMP-005,cr_region_type,r0_store,0
TP-PMP-100,CG-PMP-005,cr_region_type,r10_fetch,0
TP-PMP-100,CG-PMP-005,cr_region_type,r10_load,0
TP-PMP-100,CG-PMP-005,cr_region_type,r10_store,0
TP-PMP-100,CG-PMP-005,cr_region_type,r11_fetch,0
TP-PMP-100,CG-PMP-005,cr_region_type,r11_load,0
TP-PMP-100,CG-PMP-005,cr_region_type,r11_store,0
TP-PMP-100,CG-PMP-005,cr_region_type,r12_fetch,0
TP-PMP-100,CG-PMP-005,cr_region_type,r12_load,0
TP-PMP-100,CG-PMP-005,cr_region_type,r12_store,0
TP-PMP-100,CG-PMP-005,cr_region_type,r13_fetch,0
TP-PMP-100,CG-PMP-005,cr_region_type,r13_load,0
TP-PMP-100,CG-PMP-005,cr_region_type,r13_store,0
TP-PMP-100,CG-PMP-005,cr_region_type,r14_fetch,0
TP-PMP-100,CG-PMP-005,cr_region_type,r14_load,0
TP-PMP-100,CG-PMP-005,cr_region_type,r14_store,0
TP-PMP-100,CG-PMP-005,cr_region_type,r15_fetch,0
TP-PMP-100,CG-PMP-005,cr_region_type,r15_load,0
TP-PMP-100,CG-PMP-005,cr_region_type,r15_store,0
TP-PMP-100,CG-PMP-005,cr_region_type,r1_fetch,0
TP-PMP-100,CG-PMP-005,cr_region_type,r1_load,0
TP-PMP-100,CG-PMP-005,cr_region_type,r1_store,0
TP-PMP-100,CG-PMP-005,cr_region_type,r2_fetch,0
TP-PMP-100,CG-PMP-005,cr_region_type,r2_load,0
TP-PMP-100,CG-PMP-005,cr_region_type,r2_store,0
TP-PMP-100,CG-PMP-005,cr_region_type,r3_fetch,0
TP-PMP-100,CG-PMP-005,cr_region_type,r3_load,0
TP-PMP-100,CG-PMP-005,cr_region_type,r3_store,0
TP-PMP-100,CG-PMP-005,cr_region_type,r4_fetch,0
TP-PMP-100,CG-PMP-005,cr_region_type,r4_load,0
TP-PMP-100,CG-PMP-005,cr_region_type,r4_store,0
TP-PMP-100,CG-PMP-005,cr_region_type,r5_fetch,0
TP-PMP-100,CG-PMP-005,cr_region_type,r5_load,0
TP-PMP-100,CG-PMP-005,cr_region_type,r5_store,0
TP-PMP-100,CG-PMP-005,cr_region_type,r6_fetch,0
TP-PMP-100,CG-PMP-005,cr_region_type,r6_load,0
TP-PMP-100,CG-PMP-005,cr_region_type,r6_store,0
TP-PMP-100,CG-PMP-005,cr_region_type,r7_fetch,0
TP-PMP-100,CG-PMP-005,cr_region_type,r7_load,0
TP-PMP-100,CG-PMP-005,cr_region_type,r7_store,0
TP-PMP-100,CG-PMP-005,cr_region_type,r8_fetch,0
TP-PMP-100,CG-PMP-005,cr_region_type,r8_load,0
TP-PMP-100,CG-PMP-005,cr_region_type,r8_store,0
TP-PMP-100,CG-PMP-005,cr_region_type,r9_fetch,0
TP-PMP-100,CG-PMP-005,cr_region_type,r9_load,0
TP-PMP-100,CG-PMP-005,cr_region_type,r9_store,0
TP-PMP-100,CG-PMP-006,cr_conflict_dist,agree_allow_d1,0
TP-PMP-100,CG-PMP-006,cr_conflict_dist,agree_allow_d2_3,0
TP-PMP-100,CG-PMP-006,cr_conflict_dist,agree_allow_d4_7,0
TP-PMP-100,CG-PMP-006,cr_conflict_dist,agree_allow_d8_15,0
TP-PMP-100,CG-PMP-006,cr_conflict_dist,agree_deny_d1,0
TP-PMP-100,CG-PMP-006,cr_conflict_dist,agree_deny_d2_3,0
TP-PMP-100,CG-PMP-006,cr_conflict_dist,agree_deny_d4_7,0
TP-PMP-100,CG-PMP-006,cr_conflict_dist,agree_deny_d8_15,0
TP-PMP-100,CG-PMP-006,cr_conflict_dist,low_allow_high_deny_d1,0
TP-PMP-100,CG-PMP-006,cr_conflict_dist,low_allow_high_deny_d2_3,0
TP-PMP-100,CG-PMP-006,cr_conflict_dist,low_allow_high_deny_d4_7,0
TP-PMP-100,CG-PMP-006,cr_conflict_dist,low_allow_high_deny_d8_15,0
TP-PMP-100,CG-PMP-006,cr_conflict_dist,low_deny_high_allow_d1,0
TP-PMP-100,CG-PMP-006,cr_conflict_dist,low_deny_high_allow_d2_3,0
TP-PMP-100,CG-PMP-006,cr_conflict_dist,low_deny_high_allow_d4_7,0
TP-PMP-100,CG-PMP-006,cr_conflict_dist,low_deny_high_allow_d8_15,0
TP-PMP-100,CG-PMP-014,cp_modes,mixed,0
TP-PMP-100,CG-PMP-014,cp_modes,na_only,0
TP-PMP-100,CG-PMP-014,cp_modes,none,0
TP-PMP-100,CG-PMP-014,cp_modes,tor_only,0
TP-PMP-100,CG-PMP-014,cr_locked_regime,n0_dense,0
TP-PMP-100,CG-PMP-014,cr_locked_regime,n0_mml_on,0
TP-PMP-100,CG-PMP-014,cr_locked_regime,n0_sparse,0
TP-PMP-100,CG-PMP-014,cr_locked_regime,n16_dense,0
TP-PMP-100,CG-PMP-014,cr_locked_regime,n16_mml_on,0
TP-PMP-100,CG-PMP-014,cr_locked_regime,n16_sparse,0
TP-PMP-100,CG-PMP-014,cr_locked_regime,n1_4_dense,0
TP-PMP-100,CG-PMP-014,cr_locked_regime,n1_4_mml_on,0
TP-PMP-100,CG-PMP-014,cr_locked_regime,n1_4_sparse,0
TP-PMP-100,CG-PMP-014,cr_locked_regime,n5_15_dense,0
TP-PMP-100,CG-PMP-014,cr_locked_regime,n5_15_mml_on,0
TP-PMP-100,CG-PMP-014,cr_locked_regime,n5_15_sparse,0
TP-PMP-100,CG-PMP-014,cr_regime_active,dense_n16,0
TP-PMP-100,CG-PMP-014,cr_regime_active,dense_n5_8,0
TP-PMP-100,CG-PMP-014,cr_regime_active,dense_n9_15,0
TP-PMP-100,CG-PMP-014,cr_regime_active,sparse_n1,0
TP-PMP-100,CG-PMP-014,cr_regime_active,sparse_n2_4,0
TP-PMP-100,CG-PMP-014,cr_regime_mseccfg,dense_s000,0
TP-PMP-100,CG-PMP-014,cr_regime_mseccfg,dense_s001,0
TP-PMP-100,CG-PMP-014,cr_regime_mseccfg,dense_s010,0
TP-PMP-100,CG-PMP-014,cr_regime_mseccfg,dense_s011,0
TP-PMP-100,CG-PMP-014,cr_regime_mseccfg,sparse_s000,0
TP-PMP-100,CG-PMP-014,cr_regime_mseccfg,sparse_s001,0
TP-PMP-100,CG-PMP-014,cr_regime_mseccfg,sparse_s010,0
TP-PMP-100,CG-PMP-014,cr_regime_mseccfg,sparse_s011,0
TP-PMP-101,CG-PMP-005,cr_nomatch,nm_m_fetch_mml1_mmwp0,0
TP-PMP-101,CG-PMP-005,cr_nomatch,nm_m_fetch_mml1_mmwp1,0
TP-PMP-101,CG-PMP-005,cr_nomatch,nm_m_load_mml1_mmwp0,0
TP-PMP-101,CG-PMP-005,cr_nomatch,nm_m_load_mml1_mmwp1,0
TP-PMP-101,CG-PMP-005,cr_nomatch,nm_m_store_mml1_mmwp0,0
TP-PMP-101,CG-PMP-005,cr_nomatch,nm_m_store_mml1_mmwp1,0
TP-PMP-101,CG-PMP-005,cr_nomatch,nm_u_fetch_mml1_mmwp0,0
TP-PMP-101,CG-PMP-005,cr_nomatch,nm_u_fetch_mml1_mmwp1,0
TP-PMP-101,CG-PMP-005,cr_nomatch,nm_u_load_mml1_mmwp0,0
TP-PMP-101,CG-PMP-005,cr_nomatch,nm_u_load_mml1_mmwp1,0
TP-PMP-101,CG-PMP-005,cr_nomatch,nm_u_store_mml1_mmwp0,0
TP-PMP-101,CG-PMP-005,cr_nomatch,nm_u_store_mml1_mmwp1,0
TP-PMP-101,CG-PMP-005,cr_truth_mml1,c0000_m_fetch,0
TP-PMP-101,CG-PMP-005,cr_truth_mml1,c0000_m_load,0
TP-PMP-101,CG-PMP-005,cr_truth_mml1,c0000_m_store,0
TP-PMP-101,CG-PMP-005,cr_truth_mml1,c0000_u_fetch,0
TP-PMP-101,CG-PMP-005,cr_truth_mml1,c0000_u_load,0
TP-PMP-101,CG-PMP-005,cr_truth_mml1,c0000_u_store,0
TP-PMP-101,CG-PMP-005,cr_truth_mml1,c0001_m_fetch,0
TP-PMP-101,CG-PMP-005,cr_truth_mml1,c0001_m_load,0
TP-PMP-101,CG-PMP-005,cr_truth_mml1,c0001_m_store,0
TP-PMP-101,CG-PMP-005,cr_truth_mml1,c0001_u_fetch,0
TP-PMP-101,CG-PMP-005,cr_truth_mml1,c0001_u_load,0
TP-PMP-101,CG-PMP-005,cr_truth_mml1,c0001_u_store,0
TP-PMP-101,CG-PMP-005,cr_truth_mml1,c0010_m_fetch,0
TP-PMP-101,CG-PMP-005,cr_truth_mml1,c0010_m_load,0
TP-PMP-101,CG-PMP-005,cr_truth_mml1,c0010_m_store,0
TP-PMP-101,CG-PMP-005,cr_truth_mml1,c0010_u_fetch,0
TP-PMP-101,CG-PMP-005,cr_truth_mml1,c0010_u_load,0
TP-PMP-101,CG-PMP-005,cr_truth_mml1,c0010_u_store,0
TP-PMP-101,CG-PMP-005,cr_truth_mml1,c0011_m_fetch,0
TP-PMP-101,CG-PMP-005,cr_truth_mml1,c0011_m_load,0
TP-PMP-101,CG-PMP-005,cr_truth_mml1,c0011_m_store,0
TP-PMP-101,CG-PMP-005,cr_truth_mml1,c0011_u_fetch,0
TP-PMP-101,CG-PMP-005,cr_truth_mml1,c0011_u_load,0
TP-PMP-101,CG-PMP-005,cr_truth_mml1,c0011_u_store,0
TP-PMP-101,CG-PMP-005,cr_truth_mml1,c0100_m_fetch,0
TP-PMP-101,CG-PMP-005,cr_truth_mml1,c0100_m_load,0
TP-PMP-101,CG-PMP-005,cr_truth_mml1,c0100_m_store,0
TP-PMP-101,CG-PMP-005,cr_truth_mml1,c0100_u_fetch,0
TP-PMP-101,CG-PMP-005,cr_truth_mml1,c0100_u_load,0
TP-PMP-101,CG-PMP-005,cr_truth_mml1,c0100_u_store,0
TP-PMP-101,CG-PMP-005,cr_truth_mml1,c0101_m_fetch,0
TP-PMP-101,CG-PMP-005,cr_truth_mml1,c0101_m_load,0
TP-PMP-101,CG-PMP-005,cr_truth_mml1,c0101_m_store,0
TP-PMP-101,CG-PMP-005,cr_truth_mml1,c0101_u_fetch,0
TP-PMP-101,CG-PMP-005,cr_truth_mml1,c0101_u_load,0
TP-PMP-101,CG-PMP-005,cr_truth_mml1,c0101_u_store,0
TP-PMP-101,CG-PMP-005,cr_truth_mml1,c0110_m_fetch,0
TP-PMP-101,CG-PMP-005,cr_truth_mml1,c0110_m_load,0
TP-PMP-101,CG-PMP-005,cr_truth_mml1,c0110_m_store,0
TP-PMP-101,CG-PMP-005,cr_truth_mml1,c0110_u_fetch,0
TP-PMP-101,CG-PMP-005,cr_truth_mml1,c0110_u_load,0
TP-PMP-101,CG-PMP-005,cr_truth_mml1,c0110_u_store,0
TP-PMP-101,CG-PMP-005,cr_truth_mml1,c0111_m_fetch,0
TP-PMP-101,CG-PMP-005,cr_truth_mml1,c0111_m_load,0
TP-PMP-101,CG-PMP-005,cr_truth_mml1,c0111_m_store,0
TP-PMP-101,CG-PMP-005,cr_truth_mml1,c0111_u_fetch,0
TP-PMP-101,CG-PMP-005,cr_truth_mml1,c0111_u_load,0
TP-PMP-101,CG-PMP-005,cr_truth_mml1,c0111_u_store,0
TP-PMP-101,CG-PMP-005,cr_truth_mml1,c1000_m_fetch,0
TP-PMP-101,CG-PMP-005,cr_truth_mml1,c1000_m_load,0
TP-PMP-101,CG-PMP-005,cr_truth_mml1,c1000_m_store,0
TP-PMP-101,CG-PMP-005,cr_truth_mml1,c1000_u_fetch,0
TP-PMP-101,CG-PMP-005,cr_truth_mml1,c1000_u_load,0
TP-PMP-101,CG-PMP-005,cr_truth_mml1,c1000_u_store,0
TP-PMP-101,CG-PMP-005,cr_truth_mml1,c1001_m_fetch,0
TP-PMP-101,CG-PMP-005,cr_truth_mml1,c1001_m_load,0
TP-PMP-101,CG-PMP-005,cr_truth_mml1,c1001_m_store,0
TP-PMP-101,CG-PMP-005,cr_truth_mml1,c1001_u_fetch,0
TP-PMP-101,CG-PMP-005,cr_truth_mml1,c1001_u_load,0
TP-PMP-101,CG-PMP-005,cr_truth_mml1,c1001_u_store,0
TP-PMP-101,CG-PMP-005,cr_truth_mml1,c1010_m_fetch,0
TP-PMP-101,CG-PMP-005,cr_truth_mml1,c1010_m_load,0
TP-PMP-101,CG-PMP-005,cr_truth_mml1,c1010_m_store,0
TP-PMP-101,CG-PMP-005,cr_truth_mml1,c1010_u_fetch,0
TP-PMP-101,CG-PMP-005,cr_truth_mml1,c1010_u_load,0
TP-PMP-101,CG-PMP-005,cr_truth_mml1,c1010_u_store,0
TP-PMP-101,CG-PMP-005,cr_truth_mml1,c1011_m_fetch,0
TP-PMP-101,CG-PMP-005,cr_truth_mml1,c1011_m_load,0
TP-PMP-101,CG-PMP-005,cr_truth_mml1,c1011_m_store,0
TP-PMP-101,CG-PMP-005,cr_truth_mml1,c1011_u_fetch,0
TP-PMP-101,CG-PMP-005,cr_truth_mml1,c1011_u_load,0
TP-PMP-101,CG-PMP-005,cr_truth_mml1,c1011_u_store,0
TP-PMP-101,CG-PMP-005,cr_truth_mml1,c1100_m_fetch,0
TP-PMP-101,CG-PMP-005,cr_truth_mml1,c1100_m_load,0
TP-PMP-101,CG-PMP-005,cr_truth_mml1,c1100_m_store,0
TP-PMP-101,CG-PMP-005,cr_truth_mml1,c1100_u_fetch,0
TP-PMP-101,CG-PMP-005,cr_truth_mml1,c1100_u_load,0
TP-PMP-101,CG-PMP-005,cr_truth_mml1,c1100_u_store,0
TP-PMP-101,CG-PMP-005,cr_truth_mml1,c1101_m_fetch,0
TP-PMP-101,CG-PMP-005,cr_truth_mml1,c1101_m_load,0
TP-PMP-101,CG-PMP-005,cr_truth_mml1,c1101_m_store,0
TP-PMP-101,CG-PMP-005,cr_truth_mml1,c1101_u_fetch,0
TP-PMP-101,CG-PMP-005,cr_truth_mml1,c1101_u_load,0
TP-PMP-101,CG-PMP-005,cr_truth_mml1,c1101_u_store,0
TP-PMP-101,CG-PMP-005,cr_truth_mml1,c1110_m_fetch,0
TP-PMP-101,CG-PMP-005,cr_truth_mml1,c1110_m_load,0
TP-PMP-101,CG-PMP-005,cr_truth_mml1,c1110_m_store,0
TP-PMP-101,CG-PMP-005,cr_truth_mml1,c1110_u_fetch,0
TP-PMP-101,CG-PMP-005,cr_truth_mml1,c1110_u_load,0
TP-PMP-101,CG-PMP-005,cr_truth_mml1,c1110_u_store,0
TP-PMP-101,CG-PMP-005,cr_truth_mml1,c1111_m_fetch,0
TP-PMP-101,CG-PMP-005,cr_truth_mml1,c1111_m_load,0
TP-PMP-101,CG-PMP-005,cr_truth_mml1,c1111_m_store,0
TP-PMP-101,CG-PMP-005,cr_truth_mml1,c1111_u_fetch,0
TP-PMP-101,CG-PMP-005,cr_truth_mml1,c1111_u_load,0
TP-PMP-101,CG-PMP-005,cr_truth_mml1,c1111_u_store,0
TP-PMP-101,CG-PMP-006,cr_conflict_mml_priv,agree_allow_mml1_m,0
TP-PMP-101,CG-PMP-006,cr_conflict_mml_priv,agree_allow_mml1_u,0
TP-PMP-101,CG-PMP-006,cr_conflict_mml_priv,agree_deny_mml1_m,0
TP-PMP-101,CG-PMP-006,cr_conflict_mml_priv,agree_deny_mml1_u,0
TP-PMP-101,CG-PMP-006,cr_conflict_mml_priv,low_allow_high_deny_mml1_m,0
TP-PMP-101,CG-PMP-006,cr_conflict_mml_priv,low_allow_high_deny_mml1_u,0
TP-PMP-101,CG-PMP-006,cr_conflict_mml_priv,low_deny_high_allow_mml1_m,0
TP-PMP-101,CG-PMP-006,cr_conflict_mml_priv,low_deny_high_allow_mml1_u,0
TP-PMP-101,CG-PMP-014,cr_regime_active,mml_on_n1,0
TP-PMP-101,CG-PMP-014,cr_regime_active,mml_on_n16,0
TP-PMP-101,CG-PMP-014,cr_regime_active,mml_on_n2_4,0
TP-PMP-101,CG-PMP-014,cr_regime_active,mml_on_n5_8,0
TP-PMP-101,CG-PMP-014,cr_regime_active,mml_on_n9_15,0
TP-PMP-101,CG-PMP-014,cr_regime_mseccfg,mml_on_s100,0
TP-PMP-101,CG-PMP-014,cr_regime_mseccfg,mml_on_s101,0
TP-PMP-101,CG-PMP-014,cr_regime_mseccfg,mml_on_s110,0
TP-PMP-101,CG-PMP-014,cr_regime_mseccfg,mml_on_s111,0
TP-PMP-102,CG-PMP-005,cr_nomatch,nm_m_fetch_mml0_mmwp0,0
TP-PMP-102,CG-PMP-005,cr_nomatch,nm_m_fetch_mml0_mmwp1,0
TP-PMP-102,CG-PMP-005,cr_nomatch,nm_m_fetch_mml1_mmwp0,0
TP-PMP-102,CG-PMP-005,cr_nomatch,nm_m_fetch_mml1_mmwp1,0
TP-PMP-102,CG-PMP-005,cr_nomatch,nm_m_load_mml0_mmwp0,0
TP-PMP-102,CG-PMP-005,cr_nomatch,nm_m_load_mml0_mmwp1,0
TP-PMP-102,CG-PMP-005,cr_nomatch,nm_m_load_mml1_mmwp0,0
TP-PMP-102,CG-PMP-005,cr_nomatch,nm_m_load_mml1_mmwp1,0
TP-PMP-102,CG-PMP-005,cr_nomatch,nm_m_store_mml0_mmwp0,0
TP-PMP-102,CG-PMP-005,cr_nomatch,nm_m_store_mml0_mmwp1,0
TP-PMP-102,CG-PMP-005,cr_nomatch,nm_m_store_mml1_mmwp0,0
TP-PMP-102,CG-PMP-005,cr_nomatch,nm_m_store_mml1_mmwp1,0
TP-PMP-102,CG-PMP-005,cr_nomatch,nm_u_fetch_mml0_mmwp0,0
TP-PMP-102,CG-PMP-005,cr_nomatch,nm_u_fetch_mml0_mmwp1,0
TP-PMP-102,CG-PMP-005,cr_nomatch,nm_u_fetch_mml1_mmwp0,0
TP-PMP-102,CG-PMP-005,cr_nomatch,nm_u_fetch_mml1_mmwp1,0
TP-PMP-102,CG-PMP-005,cr_nomatch,nm_u_load_mml0_mmwp0,0
TP-PMP-102,CG-PMP-005,cr_nomatch,nm_u_load_mml0_mmwp1,0
TP-PMP-102,CG-PMP-005,cr_nomatch,nm_u_load_mml1_mmwp0,0
TP-PMP-102,CG-PMP-005,cr_nomatch,nm_u_load_mml1_mmwp1,0
TP-PMP-102,CG-PMP-005,cr_nomatch,nm_u_store_mml0_mmwp0,0
TP-PMP-102,CG-PMP-005,cr_nomatch,nm_u_store_mml0_mmwp1,0
TP-PMP-102,CG-PMP-005,cr_nomatch,nm_u_store_mml1_mmwp0,0
TP-PMP-102,CG-PMP-005,cr_nomatch,nm_u_store_mml1_mmwp1,0
TP-PMP-102,CG-PMP-006,cr_conflict_mml_priv,agree_allow_mml0_m,0
TP-PMP-102,CG-PMP-006,cr_conflict_mml_priv,agree_allow_mml0_u,0
TP-PMP-102,CG-PMP-006,cr_conflict_mml_priv,agree_allow_mml1_m,0
TP-PMP-102,CG-PMP-006,cr_conflict_mml_priv,agree_allow_mml1_u,0
TP-PMP-102,CG-PMP-006,cr_conflict_mml_priv,agree_deny_mml0_m,0
TP-PMP-102,CG-PMP-006,cr_conflict_mml_priv,agree_deny_mml0_u,0
TP-PMP-102,CG-PMP-006,cr_conflict_mml_priv,agree_deny_mml1_m,0
TP-PMP-102,CG-PMP-006,cr_conflict_mml_priv,agree_deny_mml1_u,0
TP-PMP-102,CG-PMP-006,cr_conflict_mml_priv,low_allow_high_deny_mml0_m,0
TP-PMP-102,CG-PMP-006,cr_conflict_mml_priv,low_allow_high_deny_mml0_u,0
TP-PMP-102,CG-PMP-006,cr_conflict_mml_priv,low_allow_high_deny_mml1_m,0
TP-PMP-102,CG-PMP-006,cr_conflict_mml_priv,low_allow_high_deny_mml1_u,0
TP-PMP-102,CG-PMP-006,cr_conflict_mml_priv,low_deny_high_allow_mml0_m,0
TP-PMP-102,CG-PMP-006,cr_conflict_mml_priv,low_deny_high_allow_mml0_u,0
TP-PMP-102,CG-PMP-006,cr_conflict_mml_priv,low_deny_high_allow_mml1_m,0
TP-PMP-102,CG-PMP-006,cr_conflict_mml_priv,low_deny_high_allow_mml1_u,0
TP-PMP-102,CG-PMP-012,cr_after_ret,mret_m_kept_load,0
TP-PMP-102,CG-PMP-012,cr_after_ret,mret_m_kept_store,0
TP-PMP-102,CG-PMP-012,cr_after_ret,mret_u_cleared_load,0
TP-PMP-102,CG-PMP-012,cr_after_ret,mret_u_cleared_store,0
TP-PMP-102,CG-PMP-012,cr_eff,m_mprv_mppm_fetch_effm,0
TP-PMP-102,CG-PMP-012,cr_eff,m_mprv_mppm_load_effm,0
TP-PMP-102,CG-PMP-012,cr_eff,m_mprv_mppm_store_effm,0
TP-PMP-102,CG-PMP-012,cr_eff,m_mprv_mppu_fetch_effm,0
TP-PMP-102,CG-PMP-012,cr_eff,m_mprv_mppu_load_effu,0
TP-PMP-102,CG-PMP-012,cr_eff,m_mprv_mppu_store_effu,0
TP-PMP-103,CG-PMP-007,cr_size_bclass,b8_straddle_high,0
TP-PMP-103,CG-PMP-007,cr_size_bclass,b8_straddle_low,0
TP-PMP-103,CG-PMP-007,cr_size_bclass,c16_straddle_high,0
TP-PMP-103,CG-PMP-007,cr_size_bclass,c16_straddle_low,0
TP-PMP-103,CG-PMP-007,cr_size_bclass,h16_straddle_high,0
TP-PMP-103,CG-PMP-007,cr_size_bclass,h16_straddle_low,0
TP-PMP-103,CG-PMP-007,cr_size_bclass,i32_straddle_high,0
TP-PMP-103,CG-PMP-007,cr_size_bclass,i32_straddle_low,0
TP-PMP-103,CG-PMP-007,cr_size_bclass,w32_straddle_high,0
TP-PMP-103,CG-PMP-007,cr_size_bclass,w32_straddle_low,0
TP-PMP-103,CG-PMP-008,cr_align_nreq,aligned_denied_n0,0
TP-PMP-103,CG-PMP-008,cr_align_nreq,mis_both_n0,0
TP-PMP-103,CG-PMP-008,cr_align_nreq,mis_first_n1,0
TP-PMP-103,CG-PMP-008,cr_align_nreq,mis_none_n2,0
TP-PMP-103,CG-PMP-008,cr_align_nreq,mis_second_n1,0
TP-PMP-103,CG-PMP-008,cr_align_type,aligned_denied_load,0
TP-PMP-103,CG-PMP-008,cr_align_type,aligned_denied_store,0
TP-PMP-103,CG-PMP-008,cr_align_type,mis_both_load,0
TP-PMP-103,CG-PMP-008,cr_align_type,mis_both_store,0
TP-PMP-103,CG-PMP-008,cr_align_type,mis_first_load,0
TP-PMP-103,CG-PMP-008,cr_align_type,mis_first_store,0
TP-PMP-103,CG-PMP-008,cr_align_type,mis_none_load,0
TP-PMP-103,CG-PMP-008,cr_align_type,mis_none_store,0
TP-PMP-103,CG-PMP-008,cr_align_type,mis_second_load,0
TP-PMP-103,CG-PMP-008,cr_align_type,mis_second_store,0
TP-PMP-103,CG-PMP-008,cr_half_align,h16_mis_both_load,0
TP-PMP-103,CG-PMP-008,cr_half_align,h16_mis_both_store,0
TP-PMP-103,CG-PMP-008,cr_half_align,h16_mis_first_load,0
TP-PMP-103,CG-PMP-008,cr_half_align,h16_mis_first_store,0
TP-PMP-103,CG-PMP-008,cr_half_align,h16_mis_none_load,0
TP-PMP-103,CG-PMP-008,cr_half_align,h16_mis_none_store,0
TP-PMP-103,CG-PMP-008,cr_half_align,h16_mis_second_load,0
TP-PMP-103,CG-PMP-008,cr_half_align,h16_mis_second_store,0
TP-PMP-104,CG-PMP-004,cr_dbg_class,d1_mseccfg_read_only,0
TP-PMP-104,CG-PMP-004,cr_dbg_class,d1_mseccfg_write,0
TP-PMP-104,CG-PMP-004,cr_dbg_class,d1_mseccfgh_read_only,0
TP-PMP-104,CG-PMP-004,cr_dbg_class,d1_mseccfgh_write,0
TP-PMP-104,CG-PMP-004,cr_dbg_class,d1_pmpaddr_read_only,0
TP-PMP-104,CG-PMP-004,cr_dbg_class,d1_pmpaddr_write,0
TP-PMP-104,CG-PMP-004,cr_dbg_class,d1_pmpcfg_read_only,0
TP-PMP-104,CG-PMP-004,cr_dbg_class,d1_pmpcfg_write,0
TP-PMP-104,CG-PMP-013,cr_bypass,bypass_fetch,0
TP-PMP-104,CG-PMP-013,cr_bypass,bypass_load,0
TP-PMP-104,CG-PMP-013,cr_bypass,bypass_store,0
TP-PMP-104,CG-PMP-013,cr_dbg_outside,dbg_out_fetch_deny,0
TP-PMP-104,CG-PMP-013,cr_dbg_outside,dbg_out_load_deny,0
TP-PMP-104,CG-PMP-013,cr_dbg_outside,dbg_out_store_deny,0
TP-PMP-104,CG-PMP-013,cr_dm_top,dm_top_both_deny,0
TP-PMP-104,CG-PMP-013,cr_dm_top,dm_top_mml_deny,0
TP-PMP-104,CG-PMP-013,cr_dm_top,dm_top_mmwp_deny,0
TP-PMP-104,CG-PMP-013,cr_phase,body_allow,0
TP-PMP-104,CG-PMP-013,cr_phase,body_deny,0
TP-PMP-104,CG-PMP-013,cr_phase,exc_fetch_allow,0
TP-PMP-104,CG-PMP-013,cr_phase,exc_fetch_deny,0
TP-PMP-104,CG-PMP-013,cr_phase,halt_fetch_allow,0
TP-PMP-104,CG-PMP-013,cr_phase,halt_fetch_deny,0
TP-PMP-104,CG-PMP-013,cr_phase,post_dret_first_allow,0
TP-PMP-104,CG-PMP-013,cr_phase,post_dret_first_deny,0
TP-PMP-105,CG-PMP-009,cr_dummy,on_c1_a2,0
TP-PMP-105,CG-PMP-009,cr_dummy,on_c1_a4,0
TP-PMP-105,CG-PMP-009,cr_src,cache_hit_c1,0
TP-PMP-105,CG-PMP-009,cr_src,cache_hit_none,0
TP-PMP-105,CG-PMP-010,cr_discard_reason,discarded_branch,0
TP-PMP-105,CG-PMP-010,cr_discard_reason,discarded_csr_flush,0
TP-PMP-105,CG-PMP-010,cr_discard_reason,discarded_exc,0
TP-PMP-105,CG-PMP-010,cr_discard_reason,discarded_jump,0
TP-PMP-105,CG-PMP-010,cr_hit_outcome,hit_retired_fault,0
TP-PMP-105,CG-PMP-010,cr_hit_outcome,hit_retired_ok_recfg,0
TP-PMP-106,CG-PMP-005,cr_region_mode,r0_na4,0
TP-PMP-106,CG-PMP-005,cr_region_mode,r0_napot,0
TP-PMP-106,CG-PMP-005,cr_region_mode,r0_tor,0
TP-PMP-106,CG-PMP-005,cr_region_mode,r10_na4,0
TP-PMP-106,CG-PMP-005,cr_region_mode,r10_napot,0
TP-PMP-106,CG-PMP-005,cr_region_mode,r10_tor,0
TP-PMP-106,CG-PMP-005,cr_region_mode,r11_na4,0
TP-PMP-106,CG-PMP-005,cr_region_mode,r11_napot,0
TP-PMP-106,CG-PMP-005,cr_region_mode,r11_tor,0
TP-PMP-106,CG-PMP-005,cr_region_mode,r12_na4,0
TP-PMP-106,CG-PMP-005,cr_region_mode,r12_napot,0
TP-PMP-106,CG-PMP-005,cr_region_mode,r12_tor,0
TP-PMP-106,CG-PMP-005,cr_region_mode,r13_na4,0
TP-PMP-106,CG-PMP-005,cr_region_mode,r13_napot,0
TP-PMP-106,CG-PMP-005,cr_region_mode,r13_tor,0
TP-PMP-106,CG-PMP-005,cr_region_mode,r14_na4,0
TP-PMP-106,CG-PMP-005,cr_region_mode,r14_napot,0
TP-PMP-106,CG-PMP-005,cr_region_mode,r14_tor,0
TP-PMP-106,CG-PMP-005,cr_region_mode,r15_na4,0
TP-PMP-106,CG-PMP-005,cr_region_mode,r15_napot,0
TP-PMP-106,CG-PMP-005,cr_region_mode,r15_tor,0
TP-PMP-106,CG-PMP-005,cr_region_mode,r1_na4,0
TP-PMP-106,CG-PMP-005,cr_region_mode,r1_napot,0
TP-PMP-106,CG-PMP-005,cr_region_mode,r1_tor,0
TP-PMP-106,CG-PMP-005,cr_region_mode,r2_na4,0
TP-PMP-106,CG-PMP-005,cr_region_mode,r2_napot,0
TP-PMP-106,CG-PMP-005,cr_region_mode,r2_tor,0
TP-PMP-106,CG-PMP-005,cr_region_mode,r3_na4,0
TP-PMP-106,CG-PMP-005,cr_region_mode,r3_napot,0
TP-PMP-106,CG-PMP-005,cr_region_mode,r3_tor,0
TP-PMP-106,CG-PMP-005,cr_region_mode,r4_na4,0
TP-PMP-106,CG-PMP-005,cr_region_mode,r4_napot,0
TP-PMP-106,CG-PMP-005,cr_region_mode,r4_tor,0
TP-PMP-106,CG-PMP-005,cr_region_mode,r5_na4,0
TP-PMP-106,CG-PMP-005,cr_region_mode,r5_napot,0
TP-PMP-106,CG-PMP-005,cr_region_mode,r5_tor,0
TP-PMP-106,CG-PMP-005,cr_region_mode,r6_na4,0
TP-PMP-106,CG-PMP-005,cr_region_mode,r6_napot,0
TP-PMP-106,CG-PMP-005,cr_region_mode,r6_tor,0
TP-PMP-106,CG-PMP-005,cr_region_mode,r7_na4,0
TP-PMP-106,CG-PMP-005,cr_region_mode,r7_napot,0
TP-PMP-106,CG-PMP-005,cr_region_mode,r7_tor,0
TP-PMP-106,CG-PMP-005,cr_region_mode,r8_na4,0
TP-PMP-106,CG-PMP-005,cr_region_mode,r8_napot,0
TP-PMP-106,CG-PMP-005,cr_region_mode,r8_tor,0
TP-PMP-106,CG-PMP-005,cr_region_mode,r9_na4,0
TP-PMP-106,CG-PMP-005,cr_region_mode,r9_napot,0
TP-PMP-106,CG-PMP-005,cr_region_mode,r9_tor,0
TP-PMP-106,CG-PMP-014,cp_active,n16,0
TP-PMP-106,CG-PMP-014,cp_locked,n16,0
TP-PMP-106,CG-PMP-014,cr_e15_e0,e15_active_e0tor_no,0
TP-PMP-106,CG-PMP-014,cr_e15_e0,e15_active_e0tor_yes,0
TP-PMP-106,CG-PMP-014,cr_regime_active,dense_n16,0
TP-PMP-107,CG-PMP-014,cr_all_off_u,all_off_u_n0,0
TP-PMP-107,CG-PMP-014,cr_regime_active,off_n0,0
TP-PMP-107,CG-PMP-014,cr_regime_mseccfg,off_s000,0
TP-PMP-107,CG-PMP-014,cr_regime_mseccfg,off_s001,0
TP-PMP-107,CG-PMP-014,cr_regime_mseccfg,off_s010,0
TP-PMP-107,CG-PMP-014,cr_regime_mseccfg,off_s011,0
TP-PMP-108,CG-PMP-003,cp_post,s000,0
TP-PMP-108,CG-PMP-003,cp_post,s001,0
TP-PMP-108,CG-PMP-003,cp_post,s010,0
TP-PMP-108,CG-PMP-003,cp_post,s011,0
TP-PMP-108,CG-PMP-003,cp_post,s100,0
TP-PMP-108,CG-PMP-003,cp_post,s101,0
TP-PMP-108,CG-PMP-003,cp_post,s110,0
TP-PMP-108,CG-PMP-003,cp_post,s111,0
TP-PMP-108,CG-PMP-003,cp_pre,s000,0
TP-PMP-108,CG-PMP-003,cp_pre,s001,0
TP-PMP-108,CG-PMP-003,cp_pre,s010,0
TP-PMP-108,CG-PMP-003,cp_pre,s011,0
TP-PMP-108,CG-PMP-003,cp_pre,s100,0
TP-PMP-108,CG-PMP-003,cp_pre,s101,0
TP-PMP-108,CG-PMP-003,cp_pre,s110,0
TP-PMP-108,CG-PMP-003,cp_pre,s111,0
TP-PMP-108,CG-PMP-003,cr_state_trans,s000_to_s000,0
TP-PMP-108,CG-PMP-003,cr_state_trans,s000_to_s001,0
TP-PMP-108,CG-PMP-003,cr_state_trans,s000_to_s010,0
TP-PMP-108,CG-PMP-003,cr_state_trans,s000_to_s011,0
TP-PMP-108,CG-PMP-003,cr_state_trans,s000_to_s100,0
TP-PMP-108,CG-PMP-003,cr_state_trans,s000_to_s101,0
TP-PMP-108,CG-PMP-003,cr_state_trans,s000_to_s110,0
TP-PMP-108,CG-PMP-003,cr_state_trans,s000_to_s111,0
TP-PMP-108,CG-PMP-003,cr_state_trans,s001_to_s000,0
TP-PMP-108,CG-PMP-003,cr_state_trans,s001_to_s001,0
TP-PMP-108,CG-PMP-003,cr_state_trans,s001_to_s010,0
TP-PMP-108,CG-PMP-003,cr_state_trans,s001_to_s011,0
TP-PMP-108,CG-PMP-003,cr_state_trans,s001_to_s100,0
TP-PMP-108,CG-PMP-003,cr_state_trans,s001_to_s101,0
TP-PMP-108,CG-PMP-003,cr_state_trans,s001_to_s110,0
TP-PMP-108,CG-PMP-003,cr_state_trans,s001_to_s111,0
TP-PMP-108,CG-PMP-003,cr_state_trans,s010_to_s010,0
TP-PMP-108,CG-PMP-003,cr_state_trans,s010_to_s011,0
TP-PMP-108,CG-PMP-003,cr_state_trans,s010_to_s110,0
TP-PMP-108,CG-PMP-003,cr_state_trans,s010_to_s111,0
TP-PMP-108,CG-PMP-003,cr_state_trans,s011_to_s010,0
TP-PMP-108,CG-PMP-003,cr_state_trans,s011_to_s011,0
TP-PMP-108,CG-PMP-003,cr_state_trans,s011_to_s110,0
TP-PMP-108,CG-PMP-003,cr_state_trans,s011_to_s111,0
TP-PMP-108,CG-PMP-003,cr_state_trans,s100_to_s100,0
TP-PMP-108,CG-PMP-003,cr_state_trans,s100_to_s101,0
TP-PMP-108,CG-PMP-003,cr_state_trans,s100_to_s110,0
TP-PMP-108,CG-PMP-003,cr_state_trans,s100_to_s111,0
TP-PMP-108,CG-PMP-003,cr_state_trans,s101_to_s100,0
TP-PMP-108,CG-PMP-003,cr_state_trans,s101_to_s101,0
TP-PMP-108,CG-PMP-003,cr_state_trans,s101_to_s110,0
TP-PMP-108,CG-PMP-003,cr_state_trans,s101_to_s111,0
TP-PMP-108,CG-PMP-003,cr_state_trans,s110_to_s110,0
TP-PMP-108,CG-PMP-003,cr_state_trans,s110_to_s111,0
TP-PMP-108,CG-PMP-003,cr_state_trans,s111_to_s110,0
TP-PMP-108,CG-PMP-003,cr_state_trans,s111_to_s111,0
TP-PMP-109,CG-PMP-001,cr_lock_outcome,locked_rlb0_ignored,0
TP-PMP-109,CG-PMP-001,cr_lock_outcome,locked_rlb1_written,0
TP-PMP-109,CG-PMP-001,cr_lock_outcome,unlocked_rlb0_written,0
TP-PMP-109,CG-PMP-001,cr_lock_outcome,unlocked_rlb1_written,0
TP-PMP-109,CG-PMP-001,cr_mml_exec_suppress,rlb0_c1001_suppressed,0
TP-PMP-109,CG-PMP-001,cr_mml_exec_suppress,rlb0_c1010_suppressed,0
TP-PMP-109,CG-PMP-001,cr_mml_exec_suppress,rlb0_c1011_suppressed,0
TP-PMP-109,CG-PMP-001,cr_mml_exec_suppress,rlb0_c1101_suppressed,0
TP-PMP-109,CG-PMP-001,cr_mml_exec_suppress,rlb1_c1001_written,0
TP-PMP-109,CG-PMP-001,cr_mml_exec_suppress,rlb1_c1010_written,0
TP-PMP-109,CG-PMP-001,cr_mml_exec_suppress,rlb1_c1011_written,0
TP-PMP-109,CG-PMP-001,cr_mml_exec_suppress,rlb1_c1101_written,0
TP-PMP-109,CG-PMP-001,cr_mode_lrwx,na4_c0000,0
TP-PMP-109,CG-PMP-001,cr_mode_lrwx,na4_c0001,0
TP-PMP-109,CG-PMP-001,cr_mode_lrwx,na4_c0010,0
TP-PMP-109,CG-PMP-001,cr_mode_lrwx,na4_c0011,0
TP-PMP-109,CG-PMP-001,cr_mode_lrwx,na4_c0100,0
TP-PMP-109,CG-PMP-001,cr_mode_lrwx,na4_c0101,0
TP-PMP-109,CG-PMP-001,cr_mode_lrwx,na4_c0110,0
TP-PMP-109,CG-PMP-001,cr_mode_lrwx,na4_c0111,0
TP-PMP-109,CG-PMP-001,cr_mode_lrwx,na4_c1000,0
TP-PMP-109,CG-PMP-001,cr_mode_lrwx,na4_c1001,0
TP-PMP-109,CG-PMP-001,cr_mode_lrwx,na4_c1010,0
TP-PMP-109,CG-PMP-001,cr_mode_lrwx,na4_c1011,0
TP-PMP-109,CG-PMP-001,cr_mode_lrwx,na4_c1100,0
TP-PMP-109,CG-PMP-001,cr_mode_lrwx,na4_c1101,0
TP-PMP-109,CG-PMP-001,cr_mode_lrwx,na4_c1110,0
TP-PMP-109,CG-PMP-001,cr_mode_lrwx,na4_c1111,0
TP-PMP-109,CG-PMP-001,cr_mode_lrwx,napot_c0000,0
TP-PMP-109,CG-PMP-001,cr_mode_lrwx,napot_c0001,0
TP-PMP-109,CG-PMP-001,cr_mode_lrwx,napot_c0010,0
TP-PMP-109,CG-PMP-001,cr_mode_lrwx,napot_c0011,0
TP-PMP-109,CG-PMP-001,cr_mode_lrwx,napot_c0100,0
TP-PMP-109,CG-PMP-001,cr_mode_lrwx,napot_c0101,0
TP-PMP-109,CG-PMP-001,cr_mode_lrwx,napot_c0110,0
TP-PMP-109,CG-PMP-001,cr_mode_lrwx,napot_c0111,0
TP-PMP-109,CG-PMP-001,cr_mode_lrwx,napot_c1000,0
TP-PMP-109,CG-PMP-001,cr_mode_lrwx,napot_c1001,0
TP-PMP-109,CG-PMP-001,cr_mode_lrwx,napot_c1010,0
TP-PMP-109,CG-PMP-001,cr_mode_lrwx,napot_c1011,0
TP-PMP-109,CG-PMP-001,cr_mode_lrwx,napot_c1100,0
TP-PMP-109,CG-PMP-001,cr_mode_lrwx,napot_c1101,0
TP-PMP-109,CG-PMP-001,cr_mode_lrwx,napot_c1110,0
TP-PMP-109,CG-PMP-001,cr_mode_lrwx,napot_c1111,0
TP-PMP-109,CG-PMP-001,cr_mode_lrwx,off_c0000,0
TP-PMP-109,CG-PMP-001,cr_mode_lrwx,off_c0001,0
TP-PMP-109,CG-PMP-001,cr_mode_lrwx,off_c0010,0
TP-PMP-109,CG-PMP-001,cr_mode_lrwx,off_c0011,0
TP-PMP-109,CG-PMP-001,cr_mode_lrwx,off_c0100,0
TP-PMP-109,CG-PMP-001,cr_mode_lrwx,off_c0101,0
TP-PMP-109,CG-PMP-001,cr_mode_lrwx,off_c0110,0
TP-PMP-109,CG-PMP-001,cr_mode_lrwx,off_c0111,0
TP-PMP-109,CG-PMP-001,cr_mode_lrwx,off_c1000,0
TP-PMP-109,CG-PMP-001,cr_mode_lrwx,off_c1001,0
TP-PMP-109,CG-PMP-001,cr_mode_lrwx,off_c1010,0
TP-PMP-109,CG-PMP-001,cr_mode_lrwx,off_c1011,0
TP-PMP-109,CG-PMP-001,cr_mode_lrwx,off_c1100,0
TP-PMP-109,CG-PMP-001,cr_mode_lrwx,off_c1101,0
TP-PMP-109,CG-PMP-001,cr_mode_lrwx,off_c1110,0
TP-PMP-109,CG-PMP-001,cr_mode_lrwx,off_c1111,0
TP-PMP-109,CG-PMP-001,cr_mode_lrwx,tor_c0000,0
TP-PMP-109,CG-PMP-001,cr_mode_lrwx,tor_c0001,0
TP-PMP-109,CG-PMP-001,cr_mode_lrwx,tor_c0010,0
TP-PMP-109,CG-PMP-001,cr_mode_lrwx,tor_c0011,0
TP-PMP-109,CG-PMP-001,cr_mode_lrwx,tor_c0100,0
TP-PMP-109,CG-PMP-001,cr_mode_lrwx,tor_c0101,0
TP-PMP-109,CG-PMP-001,cr_mode_lrwx,tor_c0110,0
TP-PMP-109,CG-PMP-001,cr_mode_lrwx,tor_c0111,0
TP-PMP-109,CG-PMP-001,cr_mode_lrwx,tor_c1000,0
TP-PMP-109,CG-PMP-001,cr_mode_lrwx,tor_c1001,0
TP-PMP-109,CG-PMP-001,cr_mode_lrwx,tor_c1010,0
TP-PMP-109,CG-PMP-001,cr_mode_lrwx,tor_c1011,0
TP-PMP-109,CG-PMP-001,cr_mode_lrwx,tor_c1100,0
TP-PMP-109,CG-PMP-001,cr_mode_lrwx,tor_c1101,0
TP-PMP-109,CG-PMP-001,cr_mode_lrwx,tor_c1110,0
TP-PMP-109,CG-PMP-001,cr_mode_lrwx,tor_c1111,0
TP-PMP-109,CG-PMP-002,cr_idx_op,a0_csrrc,0
TP-PMP-109,CG-PMP-002,cr_idx_op,a0_csrrs,0
TP-PMP-109,CG-PMP-002,cr_idx_op,a0_csrrw,0
TP-PMP-109,CG-PMP-002,cr_idx_op,a10_csrrc,0
TP-PMP-109,CG-PMP-002,cr_idx_op,a10_csrrs,0
TP-PMP-109,CG-PMP-002,cr_idx_op,a10_csrrw,0
TP-PMP-109,CG-PMP-002,cr_idx_op,a11_csrrc,0
TP-PMP-109,CG-PMP-002,cr_idx_op,a11_csrrs,0
TP-PMP-109,CG-PMP-002,cr_idx_op,a11_csrrw,0
TP-PMP-109,CG-PMP-002,cr_idx_op,a12_csrrc,0
TP-PMP-109,CG-PMP-002,cr_idx_op,a12_csrrs,0
TP-PMP-109,CG-PMP-002,cr_idx_op,a12_csrrw,0
TP-PMP-109,CG-PMP-002,cr_idx_op,a13_csrrc,0
TP-PMP-109,CG-PMP-002,cr_idx_op,a13_csrrs,0
TP-PMP-109,CG-PMP-002,cr_idx_op,a13_csrrw,0
TP-PMP-109,CG-PMP-002,cr_idx_op,a14_csrrc,0
TP-PMP-109,CG-PMP-002,cr_idx_op,a14_csrrs,0
TP-PMP-109,CG-PMP-002,cr_idx_op,a14_csrrw,0
TP-PMP-109,CG-PMP-002,cr_idx_op,a15_csrrc,0
TP-PMP-109,CG-PMP-002,cr_idx_op,a15_csrrs,0
TP-PMP-109,CG-PMP-002,cr_idx_op,a15_csrrw,0
TP-PMP-109,CG-PMP-002,cr_idx_op,a1_csrrc,0
TP-PMP-109,CG-PMP-002,cr_idx_op,a1_csrrs,0
TP-PMP-109,CG-PMP-002,cr_idx_op,a1_csrrw,0
TP-PMP-109,CG-PMP-002,cr_idx_op,a2_csrrc,0
TP-PMP-109,CG-PMP-002,cr_idx_op,a2_csrrs,0
TP-PMP-109,CG-PMP-002,cr_idx_op,a2_csrrw,0
TP-PMP-109,CG-PMP-002,cr_idx_op,a3_csrrc,0
TP-PMP-109,CG-PMP-002,cr_idx_op,a3_csrrs,0
TP-PMP-109,CG-PMP-002,cr_idx_op,a3_csrrw,0
TP-PMP-109,CG-PMP-002,cr_idx_op,a4_csrrc,0
TP-PMP-109,CG-PMP-002,cr_idx_op,a4_csrrs,0
TP-PMP-109,CG-PMP-002,cr_idx_op,a4_csrrw,0
TP-PMP-109,CG-PMP-002,cr_idx_op,a5_csrrc,0
TP-PMP-109,CG-PMP-002,cr_idx_op,a5_csrrs,0
TP-PMP-109,CG-PMP-002,cr_idx_op,a5_csrrw,0
TP-PMP-109,CG-PMP-002,cr_idx_op,a6_csrrc,0
TP-PMP-109,CG-PMP-002,cr_idx_op,a6_csrrs,0
TP-PMP-109,CG-PMP-002,cr_idx_op,a6_csrrw,0
TP-PMP-109,CG-PMP-002,cr_idx_op,a7_csrrc,0
TP-PMP-109,CG-PMP-002,cr_idx_op,a7_csrrs,0
TP-PMP-109,CG-PMP-002,cr_idx_op,a7_csrrw,0
TP-PMP-109,CG-PMP-002,cr_idx_op,a8_csrrc,0
TP-PMP-109,CG-PMP-002,cr_idx_op,a8_csrrs,0
TP-PMP-109,CG-PMP-002,cr_idx_op,a8_csrrw,0
TP-PMP-109,CG-PMP-002,cr_idx_op,a9_csrrc,0
TP-PMP-109,CG-PMP-002,cr_idx_op,a9_csrrs,0
TP-PMP-109,CG-PMP-002,cr_idx_op,a9_csrrw,0
TP-PMP-109,CG-PMP-002,cr_tor_lock,nl_other_rlb0_written,0
TP-PMP-109,CG-PMP-002,cr_tor_lock,nl_tor_rlb0_ignored,0
TP-PMP-109,CG-PMP-002,cr_tor_lock,nl_tor_rlb1_written,0
TP-PMP-109,CG-PMP-002,cr_tor_lock,nu_tor_rlb0_written,0
TP-PMP-109,CG-PMP-002,cr_tor_lock,top_rlb0_written,0
TP-PMP-109,CG-PMP-003,cr_state_trans,s000_to_s000,0
TP-PMP-109,CG-PMP-003,cr_state_trans,s000_to_s001,0
TP-PMP-109,CG-PMP-003,cr_state_trans,s000_to_s010,0
TP-PMP-109,CG-PMP-003,cr_state_trans,s000_to_s011,0
TP-PMP-109,CG-PMP-003,cr_state_trans,s000_to_s100,0
TP-PMP-109,CG-PMP-003,cr_state_trans,s000_to_s101,0
TP-PMP-109,CG-PMP-003,cr_state_trans,s000_to_s110,0
TP-PMP-109,CG-PMP-003,cr_state_trans,s000_to_s111,0
TP-PMP-109,CG-PMP-003,cr_state_trans,s001_to_s000,0
TP-PMP-109,CG-PMP-003,cr_state_trans,s001_to_s001,0
TP-PMP-109,CG-PMP-003,cr_state_trans,s001_to_s010,0
TP-PMP-109,CG-PMP-003,cr_state_trans,s001_to_s011,0
TP-PMP-109,CG-PMP-003,cr_state_trans,s001_to_s100,0
TP-PMP-109,CG-PMP-003,cr_state_trans,s001_to_s101,0
TP-PMP-109,CG-PMP-003,cr_state_trans,s001_to_s110,0
TP-PMP-109,CG-PMP-003,cr_state_trans,s001_to_s111,0
TP-PMP-109,CG-PMP-003,cr_state_trans,s010_to_s010,0
TP-PMP-109,CG-PMP-003,cr_state_trans,s010_to_s011,0
TP-PMP-109,CG-PMP-003,cr_state_trans,s010_to_s110,0
TP-PMP-109,CG-PMP-003,cr_state_trans,s010_to_s111,0
TP-PMP-109,CG-PMP-003,cr_state_trans,s011_to_s010,0
TP-PMP-109,CG-PMP-003,cr_state_trans,s011_to_s011,0
TP-PMP-109,CG-PMP-003,cr_state_trans,s011_to_s110,0
TP-PMP-109,CG-PMP-003,cr_state_trans,s011_to_s111,0
TP-PMP-109,CG-PMP-003,cr_state_trans,s100_to_s100,0
TP-PMP-109,CG-PMP-003,cr_state_trans,s100_to_s101,0
TP-PMP-109,CG-PMP-003,cr_state_trans,s100_to_s110,0
TP-PMP-109,CG-PMP-003,cr_state_trans,s100_to_s111,0
TP-PMP-109,CG-PMP-003,cr_state_trans,s101_to_s100,0
TP-PMP-109,CG-PMP-003,cr_state_trans,s101_to_s101,0
TP-PMP-109,CG-PMP-003,cr_state_trans,s101_to_s110,0
TP-PMP-109,CG-PMP-003,cr_state_trans,s101_to_s111,0
TP-PMP-109,CG-PMP-003,cr_state_trans,s110_to_s110,0
TP-PMP-109,CG-PMP-003,cr_state_trans,s110_to_s111,0
TP-PMP-109,CG-PMP-003,cr_state_trans,s111_to_s110,0
TP-PMP-109,CG-PMP-003,cr_state_trans,s111_to_s111,0
TP-PMP-109,CG-PMP-011,cp_csr,mseccfg_mml,0
TP-PMP-109,CG-PMP-011,cp_csr,mseccfg_mmwp,0
TP-PMP-109,CG-PMP-011,cp_csr,mseccfg_none,0
TP-PMP-109,CG-PMP-011,cp_csr,mseccfg_rlb,0
TP-PMP-109,CG-PMP-011,cp_csr,pmpaddr,0
TP-PMP-109,CG-PMP-011,cp_csr,pmpcfg,0
TP-PMP-109,CG-PMP-011,cr_bb,lock_then_addr,0
TP-PMP-109,CG-PMP-011,cr_bb,lock_then_cfg,0
TP-PMP-109,CG-PMP-011,cr_bb,lock_then_rlb,0
TP-PMP-110,CG-PMP-006,cr_conflict_dist,agree_allow_d1,0
TP-PMP-110,CG-PMP-006,cr_conflict_dist,agree_allow_d2_3,0
TP-PMP-110,CG-PMP-006,cr_conflict_dist,agree_allow_d4_7,0
TP-PMP-110,CG-PMP-006,cr_conflict_dist,agree_allow_d8_15,0
TP-PMP-110,CG-PMP-006,cr_conflict_dist,agree_deny_d1,0
TP-PMP-110,CG-PMP-006,cr_conflict_dist,agree_deny_d2_3,0
TP-PMP-110,CG-PMP-006,cr_conflict_dist,agree_deny_d4_7,0
TP-PMP-110,CG-PMP-006,cr_conflict_dist,agree_deny_d8_15,0
TP-PMP-110,CG-PMP-006,cr_conflict_dist,low_allow_high_deny_d1,0
TP-PMP-110,CG-PMP-006,cr_conflict_dist,low_allow_high_deny_d2_3,0
TP-PMP-110,CG-PMP-006,cr_conflict_dist,low_allow_high_deny_d4_7,0
TP-PMP-110,CG-PMP-006,cr_conflict_dist,low_allow_high_deny_d8_15,0
TP-PMP-110,CG-PMP-006,cr_conflict_dist,low_deny_high_allow_d1,0
TP-PMP-110,CG-PMP-006,cr_conflict_dist,low_deny_high_allow_d2_3,0
TP-PMP-110,CG-PMP-006,cr_conflict_dist,low_deny_high_allow_d4_7,0
TP-PMP-110,CG-PMP-006,cr_conflict_dist,low_deny_high_allow_d8_15,0
TP-PMP-110,CG-PMP-006,cr_conflict_mode,agree_allow_na_na,0
TP-PMP-110,CG-PMP-006,cr_conflict_mode,agree_allow_na_tor,0
TP-PMP-110,CG-PMP-006,cr_conflict_mode,agree_allow_tor_na,0
TP-PMP-110,CG-PMP-006,cr_conflict_mode,agree_allow_tor_tor,0
TP-PMP-110,CG-PMP-006,cr_conflict_mode,agree_deny_na_na,0
TP-PMP-110,CG-PMP-006,cr_conflict_mode,agree_deny_na_tor,0
TP-PMP-110,CG-PMP-006,cr_conflict_mode,agree_deny_tor_na,0
TP-PMP-110,CG-PMP-006,cr_conflict_mode,agree_deny_tor_tor,0
TP-PMP-110,CG-PMP-006,cr_conflict_mode,low_allow_high_deny_na_na,0
TP-PMP-110,CG-PMP-006,cr_conflict_mode,low_allow_high_deny_na_tor,0
TP-PMP-110,CG-PMP-006,cr_conflict_mode,low_allow_high_deny_tor_na,0
TP-PMP-110,CG-PMP-006,cr_conflict_mode,low_allow_high_deny_tor_tor,0
TP-PMP-110,CG-PMP-006,cr_conflict_mode,low_deny_high_allow_na_na,0
TP-PMP-110,CG-PMP-006,cr_conflict_mode,low_deny_high_allow_na_tor,0
TP-PMP-110,CG-PMP-006,cr_conflict_mode,low_deny_high_allow_tor_na,0
TP-PMP-110,CG-PMP-006,cr_conflict_mode,low_deny_high_allow_tor_tor,0
TP-PMP-110,CG-PMP-006,cr_conflict_top,agree_allow_top,0
TP-PMP-110,CG-PMP-006,cr_conflict_top,agree_deny_top,0
TP-PMP-110,CG-PMP-006,cr_conflict_top,low_allow_high_deny_top,0
TP-PMP-110,CG-PMP-006,cr_conflict_top,low_deny_high_allow_top,0
TP-PMP-110,CG-PMP-006,cr_conflict_type,agree_allow_fetch,0
TP-PMP-110,CG-PMP-006,cr_conflict_type,agree_allow_load,0
TP-PMP-110,CG-PMP-006,cr_conflict_type,agree_allow_store,0
TP-PMP-110,CG-PMP-006,cr_conflict_type,agree_deny_fetch,0
TP-PMP-110,CG-PMP-006,cr_conflict_type,agree_deny_load,0
TP-PMP-110,CG-PMP-006,cr_conflict_type,agree_deny_store,0
TP-PMP-110,CG-PMP-006,cr_conflict_type,low_allow_high_deny_fetch,0
TP-PMP-110,CG-PMP-006,cr_conflict_type,low_allow_high_deny_load,0
TP-PMP-110,CG-PMP-006,cr_conflict_type,low_allow_high_deny_store,0
TP-PMP-110,CG-PMP-006,cr_conflict_type,low_deny_high_allow_fetch,0
TP-PMP-110,CG-PMP-006,cr_conflict_type,low_deny_high_allow_load,0
TP-PMP-110,CG-PMP-006,cr_conflict_type,low_deny_high_allow_store,0
TP-PMP-110,CG-PMP-006,cr_nmatch_low,four_plus_r0,0
TP-PMP-110,CG-PMP-006,cr_nmatch_low,four_plus_r1_7,0
TP-PMP-110,CG-PMP-006,cr_nmatch_low,four_plus_r8_14,0
TP-PMP-110,CG-PMP-006,cr_nmatch_low,three_r0,0
TP-PMP-110,CG-PMP-006,cr_nmatch_low,three_r1_7,0
TP-PMP-110,CG-PMP-006,cr_nmatch_low,three_r8_14,0
TP-PMP-110,CG-PMP-006,cr_nmatch_low,two_r0,0
TP-PMP-110,CG-PMP-006,cr_nmatch_low,two_r1_7,0
TP-PMP-110,CG-PMP-006,cr_nmatch_low,two_r8_14,0
TP-PRV-001,CG-PRV-001,cp_from,m,0
TP-PRV-001,CG-PRV-001,cp_from,reset,0
TP-PRV-001,CG-PRV-001,cp_from,u,0
TP-PRV-001,CG-PRV-001,cp_seq3,m_u_m,0
TP-PRV-001,CG-PRV-001,cp_to,m,0
TP-PRV-001,CG-PRV-001,cp_to,u,0
TP-PRV-001,CG-PRV-001,cp_via,ecall,0
TP-PRV-001,CG-PRV-001,cp_via,mret,0
TP-PRV-001,CG-PRV-001,cp_via,reset,0
TP-PRV-001,CG-PRV-001,cr_trans,m_u_mret,0
TP-PRV-001,CG-PRV-001,cr_trans,reset_m,0
TP-PRV-001,CG-PRV-001,cr_trans,u_m_ecall,0
TP-PRV-002,CG-PRV-001,cp_from,m,0
TP-PRV-002,CG-PRV-001,cp_from,u,0
TP-PRV-002,CG-PRV-001,cp_seq3,m_u_m,0
TP-PRV-002,CG-PRV-001,cp_to,m,0
TP-PRV-002,CG-PRV-001,cp_u_exit,ebreak,0
TP-PRV-002,CG-PRV-001,cp_u_exit,fetch_fault,0
TP-PRV-002,CG-PRV-001,cp_u_exit,ls_fault,0
TP-PRV-002,CG-PRV-001,cp_via,ebreak,0
TP-PRV-002,CG-PRV-001,cp_via,ecall,0
TP-PRV-002,CG-PRV-001,cp_via,fetch_fault,0
TP-PRV-002,CG-PRV-001,cp_via,illegal,0
TP-PRV-002,CG-PRV-001,cp_via,irq,0
TP-PRV-002,CG-PRV-001,cp_via,ls_fault,0
TP-PRV-002,CG-PRV-001,cr_trans,m_m_ebreak,0
TP-PRV-002,CG-PRV-001,cr_trans,m_m_ecall,0
TP-PRV-002,CG-PRV-001,cr_trans,m_m_fetch_fault,0
TP-PRV-002,CG-PRV-001,cr_trans,m_m_illegal,0
TP-PRV-002,CG-PRV-001,cr_trans,m_m_irq,0
TP-PRV-002,CG-PRV-001,cr_trans,m_m_ls_fault,0
TP-PRV-002,CG-PRV-001,cr_trans,u_m_ebreak,0
TP-PRV-002,CG-PRV-001,cr_trans,u_m_fetch_fault,0
TP-PRV-002,CG-PRV-001,cr_trans,u_m_illegal,0
TP-PRV-002,CG-PRV-001,cr_trans,u_m_irq,0
TP-PRV-002,CG-PRV-001,cr_trans,u_m_ls_fault,0
TP-PRV-002,CG-PRV-001,cr_u_exit_seq,ebreak_m_u_m,0
TP-PRV-002,CG-PRV-001,cr_u_exit_seq,fetch_fault_m_u_m,0
TP-PRV-002,CG-PRV-001,cr_u_exit_seq,ls_fault_m_u_m,0
TP-PRV-002,CG-PRV-002,cp_cause,irq,0
TP-PRV-002,CG-PRV-002,cp_cause,sync_exc,0
TP-PRV-002,CG-PRV-002,cp_event,trap_entry,0
TP-PRV-002,CG-PRV-002,cp_prev_mie,b0,0
TP-PRV-002,CG-PRV-002,cp_prev_mie,b1,0
TP-PRV-002,CG-PRV-002,cp_prev_priv,m,0
TP-PRV-002,CG-PRV-002,cp_prev_priv,u,0
TP-PRV-002,CG-PRV-002,cr_entry,m_mie1_irq,0
TP-PRV-002,CG-PRV-002,cr_entry,m_mie1_sync,0
TP-PRV-002,CG-PRV-002,cr_entry,u_mie0_sync,0
TP-PRV-002,CG-PRV-002,cr_entry,u_mie1_irq,0
TP-PRV-002,CG-PRV-002,cr_entry,u_mie1_sync,0
TP-PRV-002,CG-PRV-008,cp_cause,exc,0
TP-PRV-002,CG-PRV-008,cp_cause,irq_ext,0
TP-PRV-002,CG-PRV-008,cp_cause,irq_fast,0
TP-PRV-002,CG-PRV-008,cp_from_priv,m,0
TP-PRV-002,CG-PRV-008,cp_from_priv,u,0
TP-PRV-002,CG-PRV-008,cr_from_cause,m_exc,0
TP-PRV-002,CG-PRV-008,cr_from_cause,m_irq_ext,0
TP-PRV-002,CG-PRV-008,cr_from_cause,u_exc,0
TP-PRV-002,CG-PRV-008,cr_from_cause,u_irq_fast,0
TP-PRV-003,CG-PRV-002,cp_cause,sync_exc,0
TP-PRV-003,CG-PRV-002,cp_irq_at_mret,pending,0
TP-PRV-003,CG-PRV-002,cp_mpie_at_mret,b0,0
TP-PRV-003,CG-PRV-002,cp_mpp_at_mret,m,0
TP-PRV-003,CG-PRV-002,cp_mprv_at_mret,b0,0
TP-PRV-003,CG-PRV-002,cp_prev_mie,b0,0
TP-PRV-003,CG-PRV-002,cp_prev_priv,m,0
TP-PRV-003,CG-PRV-002,cr_entry,m_mie0_sync,0
TP-PRV-003,CG-PRV-002,cr_mret,m_0_0,0
TP-PRV-003,CG-PRV-002,cr_mret_irq,m_0_pending,0
TP-PRV-003,CG-PRV-006,cp_mie,b0,0
TP-PRV-003,CG-PRV-006,cp_priv,m,0
TP-PRV-003,CG-PRV-006,cp_taken,no,0
TP-PRV-003,CG-PRV-006,cr_priv_mie_taken,m_0_no,0
TP-PRV-004,CG-PRV-001,cp_from,dbg,0
TP-PRV-004,CG-PRV-001,cp_to,dbg,0
TP-PRV-004,CG-PRV-001,cp_via,dbg_exc,0
TP-PRV-004,CG-PRV-001,cr_trans,dbg_dbg_exc,0
TP-PRV-004,CG-PRV-007,cp_event,exc_in_dbg,0
TP-PRV-004,CG-PRV-007,cp_exc_kind,csr_illegal,0
TP-PRV-004,CG-PRV-007,cp_exc_kind,ebreak,0
TP-PRV-004,CG-PRV-007,cp_exc_kind,ecall,0
TP-PRV-004,CG-PRV-007,cp_exc_kind,fetch_fault,0
TP-PRV-004,CG-PRV-007,cp_exc_kind,illegal,0
TP-PRV-004,CG-PRV-007,cp_exc_kind,ls_fault,0
TP-PRV-004,CG-PRV-007,cp_mst_after_exc,no,0
TP-PRV-004,CG-PRV-007,cr_exc_dbg,csr_illegal_no,0
TP-PRV-004,CG-PRV-007,cr_exc_dbg,ebreak_no,0
TP-PRV-004,CG-PRV-007,cr_exc_dbg,ecall_no,0
TP-PRV-004,CG-PRV-007,cr_exc_dbg,fetch_fault_no,0
TP-PRV-004,CG-PRV-007,cr_exc_dbg,illegal_no,0
TP-PRV-004,CG-PRV-007,cr_exc_dbg,ls_fault_no,0
TP-PRV-004,CG-PRV-008,cp_cause,dbg_exc,0
TP-PRV-004,CG-PRV-008,cp_target,dm_exc_addr,0
TP-PRV-004,CG-PRV-008,cr_cause_target,dbg_exc_dm,0
TP-PRV-005,CG-PRV-001,cp_from,m,0
TP-PRV-005,CG-PRV-001,cp_seq3,m_m_u,0
TP-PRV-005,CG-PRV-001,cp_seq3,u_m_m,0
TP-PRV-005,CG-PRV-001,cp_seq3,u_m_u,0
TP-PRV-005,CG-PRV-001,cp_to,m,0
TP-PRV-005,CG-PRV-001,cp_to,u,0
TP-PRV-005,CG-PRV-001,cp_via,mret,0
TP-PRV-005,CG-PRV-001,cr_trans,m_m_mret,0
TP-PRV-005,CG-PRV-001,cr_trans,m_u_mret,0
TP-PRV-005,CG-PRV-002,cp_event,mret,0
TP-PRV-005,CG-PRV-002,cp_mepc_odd_lsb,b0,0
TP-PRV-005,CG-PRV-002,cp_mepc_odd_lsb,b1,0
TP-PRV-005,CG-PRV-002,cp_mpie_at_mret,b0,0
TP-PRV-005,CG-PRV-002,cp_mpie_at_mret,b1,0
TP-PRV-005,CG-PRV-002,cp_mpp_at_mret,m,0
TP-PRV-005,CG-PRV-002,cp_mpp_at_mret,u,0
TP-PRV-005,CG-PRV-002,cp_mprv_at_mret,b0,0
TP-PRV-005,CG-PRV-002,cp_mprv_at_mret,b1,0
TP-PRV-005,CG-PRV-002,cr_mret,m_0_1,0
TP-PRV-005,CG-PRV-002,cr_mret,m_1_0,0
TP-PRV-005,CG-PRV-002,cr_mret,u_0_0,0
TP-PRV-005,CG-PRV-002,cr_mret,u_1_0,0
TP-PRV-005,CG-PRV-002,cr_mret_target,u_b0,0
TP-PRV-005,CG-PRV-002,cr_mret_target,u_b1,0
TP-PRV-006,CG-PRV-002,cp_mpie_at_mret,b0,0
TP-PRV-006,CG-PRV-002,cp_mpie_at_mret,b1,0
TP-PRV-006,CG-PRV-002,cp_mpp_at_mret,m,0
TP-PRV-006,CG-PRV-002,cp_mpp_at_mret,u,0
TP-PRV-006,CG-PRV-002,cp_mprv_at_mret,b1,0
TP-PRV-006,CG-PRV-002,cr_mret,m_0_1,0
TP-PRV-006,CG-PRV-002,cr_mret,m_1_1,0
TP-PRV-006,CG-PRV-002,cr_mret,u_0_1,0
TP-PRV-006,CG-PRV-002,cr_mret,u_1_1,0
TP-PRV-006,CG-PRV-003,cp_access,load,0
TP-PRV-006,CG-PRV-003,cp_access,store,0
TP-PRV-006,CG-PRV-003,cp_mpp,m,0
TP-PRV-006,CG-PRV-003,cp_mpp,u,0
TP-PRV-006,CG-PRV-003,cp_mprv,b0,0
TP-PRV-006,CG-PRV-003,cp_mprv,b1,0
TP-PRV-006,CG-PRV-003,cp_outcome,allow,0
TP-PRV-006,CG-PRV-003,cp_outcome,fault,0
TP-PRV-006,CG-PRV-003,cp_priv,m,0
TP-PRV-006,CG-PRV-003,cp_priv,u,0
TP-PRV-006,CG-PRV-003,cr_eff,m_1_m_load_allow,0
TP-PRV-006,CG-PRV-003,cr_eff,u_0_u_load_allow,0
TP-PRV-006,CG-PRV-003,cr_eff,u_0_u_load_fault,0
TP-PRV-006,CG-PRV-003,cr_eff,u_0_u_store_fault,0
TP-PRV-007,CG-PRV-002,cp_cause,irq,0
TP-PRV-007,CG-PRV-002,cp_irq_at_mret,none,0
TP-PRV-007,CG-PRV-002,cp_irq_at_mret,pending,0
TP-PRV-007,CG-PRV-002,cp_mpie_at_mret,b0,0
TP-PRV-007,CG-PRV-002,cp_mpie_at_mret,b1,0
TP-PRV-007,CG-PRV-002,cp_mpp_at_mret,m,0
TP-PRV-007,CG-PRV-002,cp_mpp_at_mret,u,0
TP-PRV-007,CG-PRV-002,cp_prev_mie,b0,0
TP-PRV-007,CG-PRV-002,cp_prev_priv,u,0
TP-PRV-007,CG-PRV-002,cr_entry,u_mie0_irq,0
TP-PRV-007,CG-PRV-002,cr_mret_irq,m_0_pending,0
TP-PRV-007,CG-PRV-002,cr_mret_irq,m_1_none,0
TP-PRV-007,CG-PRV-002,cr_mret_irq,u_0_pending,0
TP-PRV-007,CG-PRV-006,cp_mie,b0,0
TP-PRV-007,CG-PRV-006,cp_priv,m,0
TP-PRV-007,CG-PRV-006,cp_priv,u,0
TP-PRV-007,CG-PRV-006,cp_taken,no,0
TP-PRV-007,CG-PRV-006,cp_taken,yes,0
TP-PRV-007,CG-PRV-006,cr_priv_mie_taken,m_0_no,0
TP-PRV-007,CG-PRV-006,cr_priv_mie_taken,u_0_yes,0
TP-PRV-008,CG-PRV-001,cp_from,m,0
TP-PRV-008,CG-PRV-001,cp_to,u,0
TP-PRV-008,CG-PRV-001,cp_via,mret,0
TP-PRV-008,CG-PRV-001,cr_trans,m_u_mret,0
TP-PRV-008,CG-PRV-002,cp_cause,sync_exc,0
TP-PRV-008,CG-PRV-002,cp_mepc_odd_lsb,b0,0
TP-PRV-008,CG-PRV-002,cp_mpie_at_mret,b1,0
TP-PRV-008,CG-PRV-002,cp_mpp_at_mret,u,0
TP-PRV-008,CG-PRV-002,cp_mprv_at_mret,b0,0
TP-PRV-008,CG-PRV-002,cp_prev_mie,b1,0
TP-PRV-008,CG-PRV-002,cp_prev_priv,u,0
TP-PRV-008,CG-PRV-002,cr_entry,u_mie1_sync,0
TP-PRV-008,CG-PRV-002,cr_mret,u_1_0,0
TP-PRV-008,CG-PRV-002,cr_mret_target,u_b0,0
TP-PRV-009,CG-PRV-001,cp_seq3,m_u_m,0
TP-PRV-009,CG-PRV-001,cp_u_exit,mret_in_u,0
TP-PRV-009,CG-PRV-001,cr_u_exit_seq,mret_in_u_m_u_m,0
TP-PRV-009,CG-PRV-004,cp_dbg,nondbg,0
TP-PRV-009,CG-PRV-004,cp_kind,mret,0
TP-PRV-009,CG-PRV-004,cp_priv,u,0
TP-PRV-009,CG-PRV-004,cp_trap,trap,0
TP-PRV-009,CG-PRV-004,cr_illegal_mtval,mret_u_mtval,0
TP-PRV-009,CG-PRV-004,cr_kind_priv_trap,mret_u_trap,0
TP-PRV-010,CG-PRV-001,cp_from,m,0
TP-PRV-010,CG-PRV-001,cp_to,m,0
TP-PRV-010,CG-PRV-001,cp_via,nmi,0
TP-PRV-010,CG-PRV-001,cr_trans,m_m_nmi,0
TP-PRV-010,CG-PRV-002,cp_cause,nmi,0
TP-PRV-010,CG-PRV-002,cp_nmi_mode,no,0
TP-PRV-010,CG-PRV-002,cp_nmi_mode,yes,0
TP-PRV-010,CG-PRV-002,cp_prev_mie,b0,0
TP-PRV-010,CG-PRV-002,cp_prev_mie,b1,0
TP-PRV-010,CG-PRV-002,cp_prev_priv,m,0
TP-PRV-010,CG-PRV-002,cp_sw_mepc_in_nmi,no,0
TP-PRV-010,CG-PRV-002,cp_sw_mepc_in_nmi,yes,0
TP-PRV-010,CG-PRV-002,cr_entry,m_mie0_nmi,0
TP-PRV-010,CG-PRV-002,cr_entry,m_mie1_nmi,0
TP-PRV-010,CG-PRV-002,cr_nmi_mret,nmi_sw_no,0
TP-PRV-010,CG-PRV-002,cr_nmi_mret,nmi_sw_yes,0
TP-PRV-010,CG-PRV-002,cr_nmi_mret,nonnmi_sw_no,0
TP-PRV-011,CG-PRV-002,cp_irq_at_mret,pending,0
TP-PRV-011,CG-PRV-002,cp_mpie_at_mret,b1,0
TP-PRV-011,CG-PRV-002,cp_mpp_at_mret,m,0
TP-PRV-011,CG-PRV-002,cp_mpp_at_mret,u,0
TP-PRV-011,CG-PRV-002,cr_mret_irq,m_1_pending,0
TP-PRV-011,CG-PRV-002,cr_mret_irq,u_1_pending,0
TP-PRV-011,CG-PRV-006,cp_mie,b1,0
TP-PRV-011,CG-PRV-006,cp_priv,m,0
TP-PRV-011,CG-PRV-006,cp_priv,u,0
TP-PRV-011,CG-PRV-006,cp_taken,yes,0
TP-PRV-011,CG-PRV-006,cr_priv_mie_taken,m_1_yes,0
TP-PRV-011,CG-PRV-006,cr_priv_mie_taken,u_1_yes,0
TP-PRV-011,CG-PRV-008,cp_cause,irq_sw,0
TP-PRV-011,CG-PRV-008,cp_mepc_src,pc_if,0
TP-PRV-011,CG-PRV-008,cr_cause_mepc,irq_pc_if,0
TP-PRV-012,CG-PRV-003,cp_access,load,0
TP-PRV-012,CG-PRV-003,cp_access,store,0
TP-PRV-012,CG-PRV-003,cp_after_dret_u,no,0
TP-PRV-012,CG-PRV-003,cp_dbg,nondbg,0
TP-PRV-012,CG-PRV-003,cp_mpp,u,0
TP-PRV-012,CG-PRV-003,cp_mprv,b0,0
TP-PRV-012,CG-PRV-003,cp_mprv,b1,0
TP-PRV-012,CG-PRV-003,cp_outcome,allow,0
TP-PRV-012,CG-PRV-003,cp_outcome,fault,0
TP-PRV-012,CG-PRV-003,cp_pmp_cfg,m_only,0
TP-PRV-012,CG-PRV-003,cp_pmp_cfg,no_region,0
TP-PRV-012,CG-PRV-003,cp_pmp_cfg,u_rw,0
TP-PRV-012,CG-PRV-003,cp_priv,m,0
TP-PRV-012,CG-PRV-003,cr_eff,m_0_u_load_allow,0
TP-PRV-012,CG-PRV-003,cr_eff,m_1_u_load_allow,0
TP-PRV-012,CG-PRV-003,cr_eff,m_1_u_load_fault,0
TP-PRV-012,CG-PRV-003,cr_eff,m_1_u_store_allow,0
TP-PRV-012,CG-PRV-003,cr_eff,m_1_u_store_fault,0
TP-PRV-012,CG-PRV-003,cr_mprv_cfg,m_only_fault,0
TP-PRV-012,CG-PRV-003,cr_mprv_cfg,no_region_fault,0
TP-PRV-012,CG-PRV-003,cr_mprv_cfg,u_rw_allow,0
TP-PRV-013,CG-PRV-003,cp_access,load,0
TP-PRV-013,CG-PRV-003,cp_access,store,0
TP-PRV-013,CG-PRV-003,cp_mpp,m,0
TP-PRV-013,CG-PRV-003,cp_mprv,b0,0
TP-PRV-013,CG-PRV-003,cp_mprv,b1,0
TP-PRV-013,CG-PRV-003,cp_outcome,allow,0
TP-PRV-013,CG-PRV-003,cp_priv,m,0
TP-PRV-013,CG-PRV-003,cr_eff,m_0_m_store_allow,0
TP-PRV-013,CG-PRV-003,cr_eff,m_1_m_load_allow,0
TP-PRV-013,CG-PRV-003,cr_eff,m_1_m_store_allow,0
TP-PRV-014,CG-PRV-001,cp_from,dbg,0
TP-PRV-014,CG-PRV-001,cp_to,u,0
TP-PRV-014,CG-PRV-001,cp_via,dret,0
TP-PRV-014,CG-PRV-001,cr_trans,dbg_u_dret,0
TP-PRV-014,CG-PRV-003,cp_access,load,0
TP-PRV-014,CG-PRV-003,cp_access,store,0
TP-PRV-014,CG-PRV-003,cp_after_dret_u,yes,0
TP-PRV-014,CG-PRV-003,cp_mpp,m,0
TP-PRV-014,CG-PRV-003,cp_mpp,u,0
TP-PRV-014,CG-PRV-003,cp_mprv,b0,0
TP-PRV-014,CG-PRV-003,cp_mprv,b1,0
TP-PRV-014,CG-PRV-003,cp_outcome,allow,0
TP-PRV-014,CG-PRV-003,cp_outcome,fault,0
TP-PRV-014,CG-PRV-003,cp_pmp_cfg,m_only,0
TP-PRV-014,CG-PRV-003,cp_pmp_cfg,no_region,0
TP-PRV-014,CG-PRV-003,cp_pmp_cfg,u_rw,0
TP-PRV-014,CG-PRV-003,cp_priv,u,0
TP-PRV-014,CG-PRV-003,cr_after_dret,dret_m_only_allow,0
TP-PRV-014,CG-PRV-003,cr_after_dret,dret_m_only_fault,0
TP-PRV-014,CG-PRV-003,cr_after_dret,dret_no_region_fault,0
TP-PRV-014,CG-PRV-003,cr_after_dret,dret_u_rw_allow,0
TP-PRV-014,CG-PRV-003,cr_eff,u_0_m_load_allow,0
TP-PRV-014,CG-PRV-003,cr_eff,u_1_m_load_allow,0
TP-PRV-014,CG-PRV-003,cr_eff,u_1_m_store_allow,0
TP-PRV-014,CG-PRV-003,cr_eff,u_1_u_load_fault,0
TP-PRV-014,CG-PRV-007,cp_mpp_at_dret,m,0
TP-PRV-014,CG-PRV-007,cp_mpp_at_dret,u,0
TP-PRV-014,CG-PRV-007,cp_mprv_at_dret,b0,0
TP-PRV-014,CG-PRV-007,cp_mprv_at_dret,b1,0
TP-PRV-014,CG-PRV-007,cp_prv_at_dret,u,0
TP-PRV-014,CG-PRV-007,cr_dret_mprv,u_0_m,0
TP-PRV-014,CG-PRV-007,cr_dret_mprv,u_0_u,0
TP-PRV-014,CG-PRV-007,cr_dret_mprv,u_1_m,0
TP-PRV-014,CG-PRV-007,cr_dret_mprv,u_1_u,0
TP-PRV-015,CG-PRV-001,cp_seq3,m_u_m,0
TP-PRV-015,CG-PRV-001,cp_u_exit,wfi_tw,0
TP-PRV-015,CG-PRV-001,cr_u_exit_seq,wfi_tw_m_u_m,0
TP-PRV-015,CG-PRV-004,cp_kind,wfi,0
TP-PRV-015,CG-PRV-004,cp_priv,u,0
TP-PRV-015,CG-PRV-004,cp_trap,ok,0
TP-PRV-015,CG-PRV-004,cp_trap,trap,0
TP-PRV-015,CG-PRV-004,cp_tw,b0,0
TP-PRV-015,CG-PRV-004,cp_tw,b1,0
TP-PRV-015,CG-PRV-004,cr_illegal_mtval,wfi_tw_mtval,0
TP-PRV-015,CG-PRV-004,cr_kind_priv_trap,wfi_u_tw0_ok,0
TP-PRV-015,CG-PRV-004,cr_kind_priv_trap,wfi_u_tw1_trap,0
TP-PRV-015,CG-PRV-005,cp_post,irq_taken,0
TP-PRV-015,CG-PRV-005,cp_post,trap_tw,0
TP-PRV-015,CG-PRV-005,cp_priv,u,0
TP-PRV-015,CG-PRV-005,cp_tw,b0,0
TP-PRV-015,CG-PRV-005,cp_tw,b1,0
TP-PRV-015,CG-PRV-005,cr_priv_tw_post,u_tw0_irq_taken,0
TP-PRV-015,CG-PRV-005,cr_priv_tw_post,u_tw1_trap,0
TP-PRV-016,CG-PRV-004,cp_kind,wfi,0
TP-PRV-016,CG-PRV-004,cp_priv,m,0
TP-PRV-016,CG-PRV-004,cp_trap,ok,0
TP-PRV-016,CG-PRV-004,cp_tw,b0,0
TP-PRV-016,CG-PRV-004,cp_tw,b1,0
TP-PRV-016,CG-PRV-004,cr_kind_priv_trap,wfi_m_tw0_ok,0
TP-PRV-016,CG-PRV-004,cr_kind_priv_trap,wfi_m_tw1_ok,0
TP-PRV-016,CG-PRV-005,cp_dbg,nondbg,0
TP-PRV-016,CG-PRV-005,cp_irq_dis_seen,no,0
TP-PRV-016,CG-PRV-005,cp_post,irq_taken,0
TP-PRV-016,CG-PRV-005,cp_post,resume_next,0
TP-PRV-016,CG-PRV-005,cp_priv,m,0
TP-PRV-016,CG-PRV-005,cp_tw,b0,0
TP-PRV-016,CG-PRV-005,cp_tw,b1,0
TP-PRV-016,CG-PRV-005,cr_priv_tw_post,m_tw0_irq_taken,0
TP-PRV-016,CG-PRV-005,cr_priv_tw_post,m_tw1_irq_taken,0
TP-PRV-016,CG-PRV-005,cr_priv_tw_post,m_tw1_resume,0
TP-PRV-017,CG-PRV-001,cp_seq3,m_u_m,0
TP-PRV-017,CG-PRV-001,cp_u_exit,irq,0
TP-PRV-017,CG-PRV-001,cr_u_exit_seq,irq_m_u_m,0
TP-PRV-017,CG-PRV-005,cp_len,long,0
TP-PRV-017,CG-PRV-005,cp_len,short,0
TP-PRV-017,CG-PRV-005,cp_post,irq_taken,0
TP-PRV-017,CG-PRV-005,cp_priv,u,0
TP-PRV-017,CG-PRV-005,cp_tw,b0,0
TP-PRV-017,CG-PRV-005,cp_wake,irq_en,0
TP-PRV-017,CG-PRV-005,cr_len_wake,long_irq_en,0
TP-PRV-017,CG-PRV-005,cr_len_wake,short_irq_en,0
TP-PRV-017,CG-PRV-005,cr_priv_tw_post,u_tw0_irq_taken,0
TP-PRV-017,CG-PRV-006,cp_mie,b0,0
TP-PRV-017,CG-PRV-006,cp_mie,b1,0
TP-PRV-017,CG-PRV-006,cp_priv,u,0
TP-PRV-017,CG-PRV-006,cp_taken,yes,0
TP-PRV-017,CG-PRV-006,cr_priv_mie_taken,u_0_yes,0
TP-PRV-017,CG-PRV-006,cr_priv_mie_taken,u_1_yes,0
TP-PRV-018,CG-PRV-005,cp_len,zero,0
TP-PRV-018,CG-PRV-005,cp_mie,b0,0
TP-PRV-018,CG-PRV-005,cp_mie,b1,0
TP-PRV-018,CG-PRV-005,cp_post,irq_taken,0
TP-PRV-018,CG-PRV-005,cp_post,resume_next,0
TP-PRV-018,CG-PRV-005,cp_priv,m,0
TP-PRV-018,CG-PRV-005,cp_tw,b0,0
TP-PRV-018,CG-PRV-005,cp_wake,irq_en,0
TP-PRV-018,CG-PRV-005,cp_wake,none_pending_before,0
TP-PRV-018,CG-PRV-005,cr_len_wake,zero_irq_en,0
TP-PRV-018,CG-PRV-005,cr_len_wake,zero_none_pending,0
TP-PRV-018,CG-PRV-005,cr_mie_post,m_mie0_resume,0
TP-PRV-018,CG-PRV-005,cr_mie_post,m_mie1_irq_taken,0
TP-PRV-018,CG-PRV-005,cr_priv_tw_post,m_tw0_resume,0
TP-PRV-019,CG-PRV-004,cp_dbg,dbg,0
TP-PRV-019,CG-PRV-004,cp_kind,wfi,0
TP-PRV-019,CG-PRV-004,cp_priv,m,0
TP-PRV-019,CG-PRV-004,cp_trap,ok,0
TP-PRV-019,CG-PRV-004,cr_kind_priv_trap,wfi_dbg_ok,0
TP-PRV-019,CG-PRV-005,cp_dbg,dbg,0
TP-PRV-019,CG-PRV-005,cp_irq_dis_seen,yes,0
TP-PRV-019,CG-PRV-005,cp_len,long,0
TP-PRV-019,CG-PRV-005,cp_len,short,0
TP-PRV-019,CG-PRV-005,cp_len,zero,0
TP-PRV-019,CG-PRV-005,cp_mie,b0,0
TP-PRV-019,CG-PRV-005,cp_mie,b1,0
TP-PRV-019,CG-PRV-005,cp_post,dbg_entry,0
TP-PRV-019,CG-PRV-005,cp_priv,m,0
TP-PRV-019,CG-PRV-005,cp_priv,u,0
TP-PRV-019,CG-PRV-005,cp_tw,b0,0
TP-PRV-019,CG-PRV-005,cp_wake,dbg_req,0
TP-PRV-019,CG-PRV-005,cp_wake,irq_en,0
TP-PRV-019,CG-PRV-005,cp_wake,nmi,0
TP-PRV-019,CG-PRV-005,cp_wake,step,0
TP-PRV-019,CG-PRV-005,cr_dbg_wfi,dbg_zero,0
TP-PRV-019,CG-PRV-005,cr_dis_irq,dis_then_dbg,0
TP-PRV-019,CG-PRV-005,cr_dis_irq,dis_then_irq_en,0
TP-PRV-019,CG-PRV-005,cr_dis_irq,dis_then_nmi,0
TP-PRV-019,CG-PRV-005,cr_len_wake,long_dbg_req,0
TP-PRV-019,CG-PRV-005,cr_len_wake,long_nmi,0
TP-PRV-019,CG-PRV-005,cr_len_wake,short_dbg_req,0
TP-PRV-019,CG-PRV-005,cr_len_wake,short_nmi,0
TP-PRV-019,CG-PRV-005,cr_mie_post,m_mie0_dbg,0
TP-PRV-019,CG-PRV-005,cr_mie_post,m_mie1_dbg,0
TP-PRV-019,CG-PRV-005,cr_priv_tw_post,m_tw0_dbg,0
TP-PRV-019,CG-PRV-005,cr_priv_tw_post,u_tw0_dbg,0
TP-PRV-020,CG-PRV-001,cp_from,m,0
TP-PRV-020,CG-PRV-001,cp_from,u,0
TP-PRV-020,CG-PRV-001,cp_seq3,m_u_m,0
TP-PRV-020,CG-PRV-001,cp_to,m,0
TP-PRV-020,CG-PRV-001,cp_u_exit,ecall,0
TP-PRV-020,CG-PRV-001,cp_via,ecall,0
TP-PRV-020,CG-PRV-001,cr_trans,m_m_ecall,0
TP-PRV-020,CG-PRV-001,cr_trans,u_m_ecall,0
TP-PRV-020,CG-PRV-001,cr_u_exit_seq,ecall_m_u_m,0
TP-PRV-020,CG-PRV-004,cp_dbg,nondbg,0
TP-PRV-020,CG-PRV-004,cp_kind,ecall,0
TP-PRV-020,CG-PRV-004,cp_mcause,ecall_m,0
TP-PRV-020,CG-PRV-004,cp_mcause,ecall_u,0
TP-PRV-020,CG-PRV-004,cp_mtval,zero,0
TP-PRV-020,CG-PRV-004,cp_priv,m,0
TP-PRV-020,CG-PRV-004,cp_priv,u,0
TP-PRV-020,CG-PRV-004,cp_trap,trap,0
TP-PRV-020,CG-PRV-004,cr_ecall_cause,ecall_m_11,0
TP-PRV-020,CG-PRV-004,cr_ecall_cause,ecall_u_8,0
TP-PRV-020,CG-PRV-004,cr_kind_priv_trap,ecall_m_trap,0
TP-PRV-020,CG-PRV-004,cr_kind_priv_trap,ecall_u_trap,0
TP-PRV-020,CG-PRV-008,cp_mtval,zero,0
TP-PRV-020,CG-PRV-008,cr_exc_mtval,exc_zero,0
TP-PRV-021,CG-PRV-001,cp_from,m,0
TP-PRV-021,CG-PRV-001,cp_from,u,0
TP-PRV-021,CG-PRV-001,cp_to,dbg,0
TP-PRV-021,CG-PRV-001,cp_via,dbg_ebreak,0
TP-PRV-021,CG-PRV-001,cr_trans,m_dbg_ebreak,0
TP-PRV-021,CG-PRV-001,cr_trans,u_dbg_ebreak,0
TP-PRV-021,CG-PRV-004,cp_dbg,nondbg,0
TP-PRV-021,CG-PRV-004,cp_ebreak_dcsr,b0,0
TP-PRV-021,CG-PRV-004,cp_ebreak_dcsr,b1,0
TP-PRV-021,CG-PRV-004,cp_kind,c_ebreak,0
TP-PRV-021,CG-PRV-004,cp_kind,ebreak,0
TP-PRV-021,CG-PRV-004,cp_mcause,brk,0
TP-PRV-021,CG-PRV-004,cp_mtval,zero,0
TP-PRV-021,CG-PRV-004,cp_priv,m,0
TP-PRV-021,CG-PRV-004,cp_priv,u,0
TP-PRV-021,CG-PRV-004,cp_trap,trap,0
TP-PRV-021,CG-PRV-004,cr_ebreak_cause,c_ebreak_dcsr0_3,0
TP-PRV-021,CG-PRV-004,cr_ebreak_cause,c_ebreak_dcsr1_dbg,0
TP-PRV-021,CG-PRV-004,cr_ebreak_cause,ebreak_dcsr0_3,0
TP-PRV-021,CG-PRV-004,cr_ebreak_cause,ebreak_dcsr1_dbg,0
TP-PRV-021,CG-PRV-004,cr_kind_priv_trap,c_ebreak_m_trap,0
TP-PRV-021,CG-PRV-004,cr_kind_priv_trap,c_ebreak_u_trap,0
TP-PRV-021,CG-PRV-004,cr_kind_priv_trap,ebreak_m_trap,0
TP-PRV-021,CG-PRV-004,cr_kind_priv_trap,ebreak_u_trap,0
TP-PRV-021,CG-PRV-008,cp_mtval,zero,0
TP-PRV-021,CG-PRV-008,cr_exc_mtval,exc_zero,0
TP-PRV-022,CG-PRV-001,cp_from,u,0
TP-PRV-022,CG-PRV-001,cp_to,m,0
TP-PRV-022,CG-PRV-001,cp_via,irq,0
TP-PRV-022,CG-PRV-001,cr_trans,u_m_irq,0
TP-PRV-022,CG-PRV-006,cp_dbg,nondbg,0
TP-PRV-022,CG-PRV-006,cp_kind,ext,0
TP-PRV-022,CG-PRV-006,cp_kind,fast,0
TP-PRV-022,CG-PRV-006,cp_kind,sw,0
TP-PRV-022,CG-PRV-006,cp_kind,timer,0
TP-PRV-022,CG-PRV-006,cp_mie,b0,0
TP-PRV-022,CG-PRV-006,cp_mie,b1,0
TP-PRV-022,CG-PRV-006,cp_nmi_mode,no,0
TP-PRV-022,CG-PRV-006,cp_priv,m,0
TP-PRV-022,CG-PRV-006,cp_priv,u,0
TP-PRV-022,CG-PRV-006,cp_step,b0,0
TP-PRV-022,CG-PRV-006,cp_taken,no,0
TP-PRV-022,CG-PRV-006,cp_taken,yes,0
TP-PRV-022,CG-PRV-006,cp_zcmp,no,0
TP-PRV-022,CG-PRV-006,cr_kind_priv,ext_u,0
TP-PRV-022,CG-PRV-006,cr_kind_priv,fast_u,0
TP-PRV-022,CG-PRV-006,cr_kind_priv,sw_u,0
TP-PRV-022,CG-PRV-006,cr_kind_priv,timer_u,0
TP-PRV-022,CG-PRV-006,cr_priv_mie_taken,m_0_no,0
TP-PRV-022,CG-PRV-006,cr_priv_mie_taken,m_1_yes,0
TP-PRV-022,CG-PRV-006,cr_priv_mie_taken,u_0_yes,0
TP-PRV-022,CG-PRV-006,cr_priv_mie_taken,u_1_yes,0
TP-PRV-023,CG-PRV-002,cp_cause,irq,0
TP-PRV-023,CG-PRV-002,cp_irq_at_mret,pending,0
TP-PRV-023,CG-PRV-002,cp_mpie_at_mret,b0,0
TP-PRV-023,CG-PRV-002,cp_mpp_at_mret,u,0
TP-PRV-023,CG-PRV-002,cp_prev_mie,b0,0
TP-PRV-023,CG-PRV-002,cp_prev_priv,u,0
TP-PRV-023,CG-PRV-002,cr_entry,u_mie0_irq,0
TP-PRV-023,CG-PRV-002,cr_mret_irq,u_0_pending,0
TP-PRV-023,CG-PRV-006,cp_mie,b0,0
TP-PRV-023,CG-PRV-006,cp_priv,u,0
TP-PRV-023,CG-PRV-006,cp_taken,yes,0
TP-PRV-023,CG-PRV-006,cr_priv_mie_taken,u_0_yes,0
TP-PRV-024,CG-PRV-001,cp_from,dbg,0
TP-PRV-024,CG-PRV-001,cp_seq3,m_d_m,0
TP-PRV-024,CG-PRV-001,cp_seq3,m_d_u,0
TP-PRV-024,CG-PRV-001,cp_seq3,m_u_m,0
TP-PRV-024,CG-PRV-001,cp_seq3,u_d_m,0
TP-PRV-024,CG-PRV-001,cp_seq3,u_d_u,0
TP-PRV-024,CG-PRV-001,cp_to,m,0
TP-PRV-024,CG-PRV-001,cp_to,u,0
TP-PRV-024,CG-PRV-001,cp_u_exit,dret_in_u,0
TP-PRV-024,CG-PRV-001,cp_via,dret,0
TP-PRV-024,CG-PRV-001,cr_trans,dbg_m_dret,0
TP-PRV-024,CG-PRV-001,cr_trans,dbg_u_dret,0
TP-PRV-024,CG-PRV-001,cr_u_exit_seq,dret_in_u_m_u_m,0
TP-PRV-024,CG-PRV-004,cp_dbg,dbg,0
TP-PRV-024,CG-PRV-004,cp_dbg,nondbg,0
TP-PRV-024,CG-PRV-004,cp_kind,dret,0
TP-PRV-024,CG-PRV-004,cp_priv,m,0
TP-PRV-024,CG-PRV-004,cp_priv,u,0
TP-PRV-024,CG-PRV-004,cp_trap,ok,0
TP-PRV-024,CG-PRV-004,cp_trap,trap,0
TP-PRV-024,CG-PRV-004,cr_illegal_mtval,dret_mtval,0
TP-PRV-024,CG-PRV-004,cr_kind_priv_trap,dret_dbg_ok,0
TP-PRV-024,CG-PRV-004,cr_kind_priv_trap,dret_m_nondbg_trap,0
TP-PRV-024,CG-PRV-004,cr_kind_priv_trap,dret_u_nondbg_trap,0
TP-PRV-024,CG-PRV-007,cp_event,dret,0
TP-PRV-024,CG-PRV-007,cp_prv_at_dret,m,0
TP-PRV-024,CG-PRV-007,cp_prv_at_dret,u,0
TP-PRV-024,CG-PRV-007,cp_prv_written,none,0
TP-PRV-024,CG-PRV-007,cr_dret_prv,none_m,0
TP-PRV-024,CG-PRV-007,cr_dret_prv,none_u,0
TP-PRV-025,CG-PRV-001,cp_from,dbg,0
TP-PRV-025,CG-PRV-001,cp_seq3,d_m_u,0
TP-PRV-025,CG-PRV-001,cp_seq3,d_u_m,0
TP-PRV-025,CG-PRV-001,cp_to,u,0
TP-PRV-025,CG-PRV-001,cp_via,dret,0
TP-PRV-025,CG-PRV-001,cr_trans,dbg_u_dret,0
TP-PRV-025,CG-PRV-007,cp_prv_at_dret,m,0
TP-PRV-025,CG-PRV-007,cp_prv_at_dret,u,0
TP-PRV-025,CG-PRV-007,cp_prv_written,h,0
TP-PRV-025,CG-PRV-007,cp_prv_written,m,0
TP-PRV-025,CG-PRV-007,cp_prv_written,s,0
TP-PRV-025,CG-PRV-007,cp_prv_written,u,0
TP-PRV-025,CG-PRV-007,cr_dret_prv,h_u,0
TP-PRV-025,CG-PRV-007,cr_dret_prv,m_m,0
TP-PRV-025,CG-PRV-007,cr_dret_prv,s_u,0
TP-PRV-025,CG-PRV-007,cr_dret_prv,u_u,0
TP-PRV-026,CG-PRV-001,cp_from,m,0
TP-PRV-026,CG-PRV-001,cp_from,u,0
TP-PRV-026,CG-PRV-001,cp_seq3,u_d_m,0
TP-PRV-026,CG-PRV-001,cp_seq3,u_d_u,0
TP-PRV-026,CG-PRV-001,cp_to,dbg,0
TP-PRV-026,CG-PRV-001,cp_u_exit,dbg_req,0
TP-PRV-026,CG-PRV-001,cp_u_exit,step,0
TP-PRV-026,CG-PRV-001,cp_u_exit,trigger,0
TP-PRV-026,CG-PRV-001,cp_via,dbg_req,0
TP-PRV-026,CG-PRV-001,cp_via,dbg_step,0
TP-PRV-026,CG-PRV-001,cp_via,dbg_trigger,0
TP-PRV-026,CG-PRV-001,cr_trans,m_dbg_req,0
TP-PRV-026,CG-PRV-001,cr_trans,m_dbg_step,0
TP-PRV-026,CG-PRV-001,cr_trans,m_dbg_trigger,0
TP-PRV-026,CG-PRV-001,cr_trans,u_dbg_req,0
TP-PRV-026,CG-PRV-001,cr_trans,u_dbg_step,0
TP-PRV-026,CG-PRV-001,cr_trans,u_dbg_trigger,0
TP-PRV-026,CG-PRV-001,cr_u_exit_seq,dbg_req_u_d_u,0
TP-PRV-026,CG-PRV-001,cr_u_exit_seq,step_u_d_u,0
TP-PRV-026,CG-PRV-001,cr_u_exit_seq,trigger_u_d_m,0
TP-PRV-026,CG-PRV-007,cp_cause,ebreak,0
TP-PRV-026,CG-PRV-007,cp_cause,haltreq,0
TP-PRV-026,CG-PRV-007,cp_cause,step,0
TP-PRV-026,CG-PRV-007,cp_cause,trigger,0
TP-PRV-026,CG-PRV-007,cp_event,entry,0
TP-PRV-026,CG-PRV-007,cp_from,m,0
TP-PRV-026,CG-PRV-007,cp_from,u,0
TP-PRV-026,CG-PRV-007,cp_mst_touched,no,0
TP-PRV-026,CG-PRV-007,cr_entry,m_ebreak,0
TP-PRV-026,CG-PRV-007,cr_entry,m_haltreq,0
TP-PRV-026,CG-PRV-007,cr_entry,m_step,0
TP-PRV-026,CG-PRV-007,cr_entry,m_trigger,0
TP-PRV-026,CG-PRV-007,cr_entry,u_ebreak,0
TP-PRV-026,CG-PRV-007,cr_entry,u_haltreq,0
TP-PRV-026,CG-PRV-007,cr_entry,u_step,0
TP-PRV-026,CG-PRV-007,cr_entry,u_trigger,0
TP-PRV-026,CG-PRV-007,cr_entry_touched,entry_no,0
TP-PRV-027,CG-PRV-004,cp_kind,nz_rs1_rd,0
TP-PRV-027,CG-PRV-004,cp_kind,other_priv,0
TP-PRV-027,CG-PRV-004,cp_kind,sfence_vma,0
TP-PRV-027,CG-PRV-004,cp_kind,sret,0
TP-PRV-027,CG-PRV-004,cp_kind,uret,0
TP-PRV-027,CG-PRV-004,cp_mcause,ill,0
TP-PRV-027,CG-PRV-004,cp_mtval,insn,0
TP-PRV-027,CG-PRV-004,cp_priv,m,0
TP-PRV-027,CG-PRV-004,cp_priv,u,0
TP-PRV-027,CG-PRV-004,cp_trap,trap,0
TP-PRV-027,CG-PRV-004,cr_illegal_mtval,nz_mtval,0
TP-PRV-027,CG-PRV-004,cr_illegal_mtval,sfence_mtval,0
TP-PRV-027,CG-PRV-004,cr_illegal_mtval,sret_mtval,0
TP-PRV-027,CG-PRV-004,cr_illegal_mtval,uret_mtval,0
TP-PRV-027,CG-PRV-004,cr_kind_priv_trap,nz_m_trap,0
TP-PRV-027,CG-PRV-004,cr_kind_priv_trap,nz_u_trap,0
TP-PRV-027,CG-PRV-004,cr_kind_priv_trap,other_m_trap,0
TP-PRV-027,CG-PRV-004,cr_kind_priv_trap,other_u_trap,0
TP-PRV-027,CG-PRV-004,cr_kind_priv_trap,sfence_m_trap,0
TP-PRV-027,CG-PRV-004,cr_kind_priv_trap,sfence_u_trap,0
TP-PRV-027,CG-PRV-004,cr_kind_priv_trap,sret_m_trap,0
TP-PRV-027,CG-PRV-004,cr_kind_priv_trap,sret_u_trap,0
TP-PRV-027,CG-PRV-004,cr_kind_priv_trap,uret_m_trap,0
TP-PRV-027,CG-PRV-004,cr_kind_priv_trap,uret_u_trap,0
TP-PRV-028,CG-PRV-006,cp_kind,fast,0
TP-PRV-028,CG-PRV-006,cp_kind,nmi,0
TP-PRV-028,CG-PRV-006,cp_priv,m,0
TP-PRV-028,CG-PRV-006,cp_priv,u,0
TP-PRV-028,CG-PRV-006,cr_kind_priv,fast_m,0
TP-PRV-028,CG-PRV-006,cr_kind_priv,nmi_m,0
TP-PRV-028,CG-PRV-006,cr_kind_priv,nmi_u,0
TP-PRV-028,CG-PRV-008,cp_cause,irq_ext,0
TP-PRV-028,CG-PRV-008,cp_cause,irq_fast,0
TP-PRV-028,CG-PRV-008,cp_cause,irq_sw,0
TP-PRV-028,CG-PRV-008,cp_cause,irq_timer,0
TP-PRV-028,CG-PRV-008,cp_cause,nmi_ext,0
TP-PRV-028,CG-PRV-008,cp_fast_id,f0,0
TP-PRV-028,CG-PRV-008,cp_fast_id,f1,0
TP-PRV-028,CG-PRV-008,cp_fast_id,f10,0
TP-PRV-028,CG-PRV-008,cp_fast_id,f11,0
TP-PRV-028,CG-PRV-008,cp_fast_id,f12,0
TP-PRV-028,CG-PRV-008,cp_fast_id,f13,0
TP-PRV-028,CG-PRV-008,cp_fast_id,f14,0
TP-PRV-028,CG-PRV-008,cp_fast_id,f2,0
TP-PRV-028,CG-PRV-008,cp_fast_id,f3,0
TP-PRV-028,CG-PRV-008,cp_fast_id,f4,0
TP-PRV-028,CG-PRV-008,cp_fast_id,f5,0
TP-PRV-028,CG-PRV-008,cp_fast_id,f6,0
TP-PRV-028,CG-PRV-008,cp_fast_id,f7,0
TP-PRV-028,CG-PRV-008,cp_fast_id,f8,0
TP-PRV-028,CG-PRV-008,cp_fast_id,f9,0
TP-PRV-028,CG-PRV-008,cp_target,base_4id,0
TP-PRV-028,CG-PRV-008,cp_target,base_7c,0
TP-PRV-028,CG-PRV-008,cr_cause_target,irq_ext_4id,0
TP-PRV-028,CG-PRV-008,cr_cause_target,irq_fast_4id,0
TP-PRV-028,CG-PRV-008,cr_cause_target,irq_sw_4id,0
TP-PRV-028,CG-PRV-008,cr_cause_target,irq_timer_4id,0
TP-PRV-028,CG-PRV-008,cr_cause_target,nmi_ext_7c,0
TP-PRV-028,CG-PRV-008,cr_fast_id,f0,0
TP-PRV-028,CG-PRV-008,cr_fast_id,f1,0
TP-PRV-028,CG-PRV-008,cr_fast_id,f10,0
TP-PRV-028,CG-PRV-008,cr_fast_id,f11,0
TP-PRV-028,CG-PRV-008,cr_fast_id,f12,0
TP-PRV-028,CG-PRV-008,cr_fast_id,f13,0
TP-PRV-028,CG-PRV-008,cr_fast_id,f14,0
TP-PRV-028,CG-PRV-008,cr_fast_id,f2,0
TP-PRV-028,CG-PRV-008,cr_fast_id,f3,0
TP-PRV-028,CG-PRV-008,cr_fast_id,f4,0
TP-PRV-028,CG-PRV-008,cr_fast_id,f5,0
TP-PRV-028,CG-PRV-008,cr_fast_id,f6,0
TP-PRV-028,CG-PRV-008,cr_fast_id,f7,0
TP-PRV-028,CG-PRV-008,cr_fast_id,f8,0
TP-PRV-028,CG-PRV-008,cr_fast_id,f9,0
TP-PRV-029,CG-PRV-008,cp_base,boot_page,0
TP-PRV-029,CG-PRV-008,cp_base,sw_high,0
TP-PRV-029,CG-PRV-008,cp_cause,dbg_exc,0
TP-PRV-029,CG-PRV-008,cp_cause,exc,0
TP-PRV-029,CG-PRV-008,cp_cause,irq_sw,0
TP-PRV-029,CG-PRV-008,cp_cause,irq_timer,0
TP-PRV-029,CG-PRV-008,cp_cause,nmi_ext,0
TP-PRV-029,CG-PRV-008,cp_cause,nmi_int,0
TP-PRV-029,CG-PRV-008,cp_from_priv,m,0
TP-PRV-029,CG-PRV-008,cp_target,base,0
TP-PRV-029,CG-PRV-008,cp_target,base_4id,0
TP-PRV-029,CG-PRV-008,cp_target,base_7c,0
TP-PRV-029,CG-PRV-008,cp_target,dm_exc_addr,0
TP-PRV-029,CG-PRV-008,cr_base_cause,boot_exc,0
TP-PRV-029,CG-PRV-008,cr_base_cause,boot_irq,0
TP-PRV-029,CG-PRV-008,cr_base_cause,high_nmi,0
TP-PRV-029,CG-PRV-008,cr_cause_target,dbg_exc_dm,0
TP-PRV-029,CG-PRV-008,cr_cause_target,exc_base,0
TP-PRV-029,CG-PRV-008,cr_cause_target,irq_sw_4id,0
TP-PRV-029,CG-PRV-008,cr_cause_target,nmi_ext_7c,0
TP-PRV-029,CG-PRV-008,cr_cause_target,nmi_int_7c,0
TP-PRV-029,CG-PRV-008,cr_from_cause,m_nmi_int,0
TP-PRV-030,CG-PRV-001,cp_from,u,0
TP-PRV-030,CG-PRV-001,cp_seq3,m_u_m,0
TP-PRV-030,CG-PRV-001,cp_to,m,0
TP-PRV-030,CG-PRV-001,cp_u_exit,nmi,0
TP-PRV-030,CG-PRV-001,cp_via,nmi,0
TP-PRV-030,CG-PRV-001,cr_trans,u_m_nmi,0
TP-PRV-030,CG-PRV-001,cr_u_exit_seq,nmi_m_u_m,0
TP-PRV-030,CG-PRV-002,cp_cause,nmi,0
TP-PRV-030,CG-PRV-002,cp_prev_mie,b0,0
TP-PRV-030,CG-PRV-002,cp_prev_mie,b1,0
TP-PRV-030,CG-PRV-002,cp_prev_priv,m,0
TP-PRV-030,CG-PRV-002,cp_prev_priv,u,0
TP-PRV-030,CG-PRV-002,cr_entry,m_mie0_nmi,0
TP-PRV-030,CG-PRV-002,cr_entry,u_mie0_nmi,0
TP-PRV-030,CG-PRV-002,cr_entry,u_mie1_nmi,0
TP-PRV-030,CG-PRV-006,cp_mie,b0,0
TP-PRV-030,CG-PRV-006,cp_mie,b1,0
TP-PRV-030,CG-PRV-006,cp_nmi_mode,yes,0
TP-PRV-030,CG-PRV-006,cp_taken,yes,0
TP-PRV-030,CG-PRV-006,cr_block,blocked_nmi_mode,0
TP-PRV-030,CG-PRV-006,cr_nmi_mie,nmi_mie0,0
TP-PRV-030,CG-PRV-006,cr_nmi_mie,nmi_mie1,0
TP-PRV-030,CG-PRV-008,cp_cause,nmi_ext,0
TP-PRV-030,CG-PRV-008,cp_from_priv,u,0
TP-PRV-030,CG-PRV-008,cp_mepc_src,pc_if,0
TP-PRV-030,CG-PRV-008,cr_cause_mepc,nmi_pc_if,0
TP-PRV-030,CG-PRV-008,cr_from_cause,u_nmi,0
TP-PRV-031,CG-PRV-008,cp_cause,exc,0
TP-PRV-031,CG-PRV-008,cp_cause,irq_sw,0
TP-PRV-031,CG-PRV-008,cp_mepc_src,pc_id,0
TP-PRV-031,CG-PRV-008,cp_mepc_src,pc_if,0
TP-PRV-031,CG-PRV-008,cp_mepc_src,pc_wb,0
TP-PRV-031,CG-PRV-008,cp_younger_in_id,no,0
TP-PRV-031,CG-PRV-008,cp_younger_in_id,yes,0
TP-PRV-031,CG-PRV-008,cr_cause_mepc,exc_pc_id,0
TP-PRV-031,CG-PRV-008,cr_cause_mepc,exc_pc_wb,0
TP-PRV-031,CG-PRV-008,cr_cause_mepc,exc_pc_wb_younger,0
TP-PRV-031,CG-PRV-008,cr_cause_mepc,irq_pc_if,0
TP-PRV-032,CG-PRV-001,cp_from,u,0
TP-PRV-032,CG-PRV-001,cp_seq3,m_u_m,0
TP-PRV-032,CG-PRV-001,cp_to,m,0
TP-PRV-032,CG-PRV-001,cp_u_exit,illegal_insn,0
TP-PRV-032,CG-PRV-001,cp_via,ecall,0
TP-PRV-032,CG-PRV-001,cp_via,illegal,0
TP-PRV-032,CG-PRV-001,cp_via,irq,0
TP-PRV-032,CG-PRV-001,cr_trans,u_m_ecall,0
TP-PRV-032,CG-PRV-001,cr_trans,u_m_illegal,0
TP-PRV-032,CG-PRV-001,cr_trans,u_m_irq,0
TP-PRV-033,CG-CSR-001,cp_aclass,alias_impl,0
TP-PRV-033,CG-CSR-001,cp_aclass,hole_lo,0
TP-PRV-033,CG-CSR-001,cp_aclass,hole_ro,0
TP-PRV-033,CG-CSR-001,cp_iclass,multi,0
TP-PRV-033,CG-CSR-001,cp_iclass,priv,0
TP-PRV-033,CG-CSR-001,cp_iclass,unimpl,0
TP-PRV-033,CG-CSR-001,cp_iclass,wro,0
TP-PRV-033,CG-CSR-001,cp_priv,u,0
TP-PRV-033,CG-CSR-001,cp_trap,ok,0
TP-PRV-033,CG-CSR-001,cp_trap,trap,0
TP-PRV-033,CG-CSR-001,cr_iclass_priv,multi_u,0
TP-PRV-033,CG-CSR-001,cr_iclass_priv,priv_u,0
TP-PRV-033,CG-CSR-001,cr_iclass_priv,unimpl_u,0
TP-PRV-033,CG-CSR-001,cr_iclass_priv,wro_u,0
TP-PRV-033,CG-CSR-001,cr_priv_aclass_trap,u_alias_impl_ok,0
TP-PRV-033,CG-CSR-001,cr_priv_aclass_trap,u_hole_lo_trap,0
TP-PRV-033,CG-CSR-001,cr_priv_aclass_trap,u_hole_ro_trap,0
TP-PRV-033,CG-CSR-005,cp_form,wr,0
TP-PRV-033,CG-CSR-005,cp_priv,u,0
TP-PRV-033,CG-CSR-005,cp_trap,trap,0
TP-PRV-033,CG-CSR-005,cr_wr_alias,wr_u_trap,0
TP-PRV-034,CG-CSR-002,cp_mst_mprv_w,b0,0
TP-PRV-034,CG-CSR-002,cp_mst_mprv_w,b1,0
TP-PRV-034,CG-CSR-002,cp_mst_tw_w,b0,0
TP-PRV-034,CG-CSR-002,cp_mst_tw_w,b1,0
TP-PRV-034,CG-CSR-002,cr_mst_fields,mprv_only,0
TP-PRV-034,CG-CSR-002,cr_mst_fields,mprv_tw,0
TP-PRV-034,CG-CSR-002,cr_mst_fields,tw_only,0
TP-PRV-035,CG-PRV-003,cp_dbg,dbg,0
TP-PRV-035,CG-PRV-003,cp_mpp,m,0
TP-PRV-035,CG-PRV-003,cp_mpp,u,0
TP-PRV-035,CG-PRV-003,cp_mprv,b0,0
TP-PRV-035,CG-PRV-003,cp_mprv,b1,0
TP-PRV-035,CG-PRV-003,cp_outcome,allow,0
TP-PRV-035,CG-PRV-003,cp_outcome,fault,0
TP-PRV-035,CG-PRV-003,cr_dbg_mprv,dbg_0_m_allow,0
TP-PRV-035,CG-PRV-003,cr_dbg_mprv,dbg_0_u_allow,0
TP-PRV-035,CG-PRV-003,cr_dbg_mprv,dbg_1_m_allow,0
TP-PRV-035,CG-PRV-003,cr_dbg_mprv,dbg_1_u_allow,0
TP-PRV-035,CG-PRV-003,cr_dbg_mprv,dbg_1_u_fault,0
TP-PRV-036,CG-PRV-001,cp_seq3,m_m_u,0
TP-PRV-036,CG-PRV-001,cp_seq3,m_u_m,0
TP-PRV-036,CG-PRV-001,cp_seq3,u_m_m,0
TP-PRV-036,CG-PRV-001,cp_seq3,u_m_u,0
TP-PRV-036,CG-PRV-001,cp_u_exit,dbg_req,0
TP-PRV-036,CG-PRV-001,cp_u_exit,dret_in_u,0
TP-PRV-036,CG-PRV-001,cp_u_exit,ebreak,0
TP-PRV-036,CG-PRV-001,cp_u_exit,ecall,0
TP-PRV-036,CG-PRV-001,cp_u_exit,fetch_fault,0
TP-PRV-036,CG-PRV-001,cp_u_exit,illegal_csr,0
TP-PRV-036,CG-PRV-001,cp_u_exit,illegal_insn,0
TP-PRV-036,CG-PRV-001,cp_u_exit,irq,0
TP-PRV-036,CG-PRV-001,cp_u_exit,ls_fault,0
TP-PRV-036,CG-PRV-001,cp_u_exit,mret_in_u,0
TP-PRV-036,CG-PRV-001,cp_u_exit,nmi,0
TP-PRV-036,CG-PRV-001,cp_u_exit,step,0
TP-PRV-036,CG-PRV-001,cp_u_exit,trigger,0
TP-PRV-036,CG-PRV-001,cp_u_exit,wfi_tw,0
TP-PRV-036,CG-PRV-002,cp_mpie_at_mret,b0,0
TP-PRV-036,CG-PRV-002,cp_mpie_at_mret,b1,0
TP-PRV-036,CG-PRV-002,cp_mpp_at_mret,u,0
TP-PRV-036,CG-PRV-002,cp_mprv_at_mret,b0,0
TP-PRV-036,CG-PRV-002,cr_mret,u_0_0,0
TP-PRV-036,CG-PRV-002,cr_mret,u_1_0,0
TP-PRV-036,CG-PRV-004,cp_dbg,dbg,0
TP-PRV-036,CG-PRV-004,cp_dbg,nondbg,0
TP-PRV-036,CG-PRV-004,cp_kind,ecall,0
TP-PRV-036,CG-PRV-004,cp_kind,mret,0
TP-PRV-036,CG-PRV-004,cp_priv,m,0
TP-PRV-036,CG-PRV-004,cp_trap,ok,0
TP-PRV-036,CG-PRV-004,cp_trap,trap,0
TP-PRV-036,CG-PRV-004,cr_kind_priv_trap,ecall_dbg_trap,0
TP-PRV-036,CG-PRV-004,cr_kind_priv_trap,mret_dbg_ok,0
TP-PRV-036,CG-PRV-004,cr_kind_priv_trap,mret_m_ok,0
TP-PRV-037,CG-PRV-001,cp_from,u,0
TP-PRV-037,CG-PRV-001,cp_seq3,m_u_m,0
TP-PRV-037,CG-PRV-001,cp_to,m,0
TP-PRV-037,CG-PRV-001,cp_u_exit,irq,0
TP-PRV-037,CG-PRV-001,cp_via,irq,0
TP-PRV-037,CG-PRV-001,cr_trans,u_m_irq,0
TP-PRV-037,CG-PRV-001,cr_u_exit_seq,irq_m_u_m,0
TP-PRV-037,CG-PRV-002,cp_cause,irq,0
TP-PRV-037,CG-PRV-002,cp_irq_at_mret,none,0
TP-PRV-037,CG-PRV-002,cp_mpie_at_mret,b1,0
TP-PRV-037,CG-PRV-002,cp_mpp_at_mret,u,0
TP-PRV-037,CG-PRV-002,cp_prev_mie,b0,0
TP-PRV-037,CG-PRV-002,cp_prev_mie,b1,0
TP-PRV-037,CG-PRV-002,cp_prev_priv,u,0
TP-PRV-037,CG-PRV-002,cr_entry,u_mie0_irq,0
TP-PRV-037,CG-PRV-002,cr_entry,u_mie1_irq,0
TP-PRV-037,CG-PRV-002,cr_mret_irq,u_1_none,0
TP-PRV-037,CG-PRV-006,cp_kind,ext,0
TP-PRV-037,CG-PRV-006,cp_kind,fast,0
TP-PRV-037,CG-PRV-006,cp_kind,sw,0
TP-PRV-037,CG-PRV-006,cp_kind,timer,0
TP-PRV-037,CG-PRV-006,cp_priv,u,0
TP-PRV-037,CG-PRV-006,cp_taken,yes,0
TP-PRV-037,CG-PRV-006,cp_zcmp,yes,0
TP-PRV-037,CG-PRV-006,cr_block,blocked_zcmp,0
TP-PRV-037,CG-PRV-006,cr_kind_priv,ext_u,0
TP-PRV-037,CG-PRV-006,cr_kind_priv,fast_u,0
TP-PRV-037,CG-PRV-006,cr_kind_priv,sw_u,0
TP-PRV-037,CG-PRV-006,cr_kind_priv,timer_u,0
TP-PRV-037,CG-PRV-008,cp_cause,irq_fast,0
TP-PRV-037,CG-PRV-008,cp_cause,nmi_int,0
TP-PRV-037,CG-PRV-008,cp_from_priv,u,0
TP-PRV-037,CG-PRV-008,cr_from_cause,u_irq_fast,0
TP-PRV-037,CG-PRV-008,cr_from_cause,u_nmi_int,0
TP-PRV-038,CG-PRV-001,cp_from,dbg,0
TP-PRV-038,CG-PRV-001,cp_seq3,m_d_m,0
TP-PRV-038,CG-PRV-001,cp_seq3,u_d_m,0
TP-PRV-038,CG-PRV-001,cp_to,dbg,0
TP-PRV-038,CG-PRV-001,cp_via,dbg_exc,0
TP-PRV-038,CG-PRV-001,cr_trans,dbg_dbg_exc,0
TP-PRV-038,CG-PRV-006,cp_dbg,dbg,0
TP-PRV-038,CG-PRV-006,cp_step,b1,0
TP-PRV-038,CG-PRV-006,cr_block,blocked_dbg,0
TP-PRV-038,CG-PRV-006,cr_block,blocked_step,0
TP-PRV-038,CG-PRV-007,cp_cause,haltreq,0
TP-PRV-038,CG-PRV-007,cp_exc_kind,illegal,0
TP-PRV-038,CG-PRV-007,cp_from,m,0
TP-PRV-038,CG-PRV-007,cp_from,u,0
TP-PRV-038,CG-PRV-007,cp_mpp_at_dret,m,0
TP-PRV-038,CG-PRV-007,cp_mpp_at_dret,u,0
TP-PRV-038,CG-PRV-007,cp_mprv_at_dret,b0,0
TP-PRV-038,CG-PRV-007,cp_mprv_at_dret,b1,0
TP-PRV-038,CG-PRV-007,cp_mst_after_exc,no,0
TP-PRV-038,CG-PRV-007,cp_prv_at_dret,m,0
TP-PRV-038,CG-PRV-007,cp_prv_at_dret,u,0
TP-PRV-038,CG-PRV-007,cp_prv_written,none,0
TP-PRV-038,CG-PRV-007,cr_dret_mprv,m_0_m,0
TP-PRV-038,CG-PRV-007,cr_dret_mprv,m_0_u,0
TP-PRV-038,CG-PRV-007,cr_dret_mprv,m_1_m,0
TP-PRV-038,CG-PRV-007,cr_dret_mprv,m_1_u,0
TP-PRV-038,CG-PRV-007,cr_dret_prv,none_m,0
TP-PRV-038,CG-PRV-007,cr_dret_prv,none_u,0
TP-PRV-038,CG-PRV-007,cr_entry,m_haltreq,0
TP-PRV-038,CG-PRV-007,cr_entry,u_haltreq,0
TP-PRV-038,CG-PRV-007,cr_exc_dbg,illegal_no,0
TP-REG-001,CG-REG-001,cp_imem_gnt_delay,long,0
TP-REG-001,CG-REG-001,cp_imem_gnt_delay,random,0
TP-REG-001,CG-REG-001,cp_imem_gnt_delay,same_cycle,0
TP-REG-001,CG-REG-001,cp_imem_gnt_delay,short,0
TP-REG-001,CG-REG-001,cp_imem_gnt_delay_tr,long_to_random,0
TP-REG-001,CG-REG-001,cp_imem_gnt_delay_tr,long_to_same_cycle,0
TP-REG-001,CG-REG-001,cp_imem_gnt_delay_tr,long_to_short,0
TP-REG-001,CG-REG-001,cp_imem_gnt_delay_tr,random_to_long,0
TP-REG-001,CG-REG-001,cp_imem_gnt_delay_tr,random_to_same_cycle,0
TP-REG-001,CG-REG-001,cp_imem_gnt_delay_tr,random_to_short,0
TP-REG-001,CG-REG-001,cp_imem_gnt_delay_tr,same_cycle_to_long,0
TP-REG-001,CG-REG-001,cp_imem_gnt_delay_tr,same_cycle_to_random,0
TP-REG-001,CG-REG-001,cp_imem_gnt_delay_tr,same_cycle_to_short,0
TP-REG-001,CG-REG-001,cp_imem_gnt_delay_tr,short_to_long,0
TP-REG-001,CG-REG-001,cp_imem_gnt_delay_tr,short_to_random,0
TP-REG-001,CG-REG-001,cp_imem_gnt_delay_tr,short_to_same_cycle,0
TP-REG-001,CG-REG-001,cr_gnt_x_rvalid,long_long,0
TP-REG-001,CG-REG-001,cr_gnt_x_rvalid,long_min1,0
TP-REG-001,CG-REG-001,cr_gnt_x_rvalid,long_random,0
TP-REG-001,CG-REG-001,cr_gnt_x_rvalid,long_short,0
TP-REG-001,CG-REG-001,cr_gnt_x_rvalid,random_long,0
TP-REG-001,CG-REG-001,cr_gnt_x_rvalid,random_min1,0
TP-REG-001,CG-REG-001,cr_gnt_x_rvalid,random_random,0
TP-REG-001,CG-REG-001,cr_gnt_x_rvalid,random_short,0
TP-REG-001,CG-REG-001,cr_gnt_x_rvalid,same_cycle_long,0
TP-REG-001,CG-REG-001,cr_gnt_x_rvalid,same_cycle_min1,0
TP-REG-001,CG-REG-001,cr_gnt_x_rvalid,same_cycle_random,0
TP-REG-001,CG-REG-001,cr_gnt_x_rvalid,same_cycle_short,0
TP-REG-001,CG-REG-001,cr_gnt_x_rvalid,short_long,0
TP-REG-001,CG-REG-001,cr_gnt_x_rvalid,short_min1,0
TP-REG-001,CG-REG-001,cr_gnt_x_rvalid,short_random,0
TP-REG-001,CG-REG-001,cr_gnt_x_rvalid,short_short,0
TP-REG-002,CG-REG-001,cp_imem_rvalid_delay,long,0
TP-REG-002,CG-REG-001,cp_imem_rvalid_delay,min1,0
TP-REG-002,CG-REG-001,cp_imem_rvalid_delay,random,0
TP-REG-002,CG-REG-001,cp_imem_rvalid_delay,short,0
TP-REG-002,CG-REG-001,cp_imem_rvalid_delay_tr,long_to_min1,0
TP-REG-002,CG-REG-001,cp_imem_rvalid_delay_tr,long_to_random,0
TP-REG-002,CG-REG-001,cp_imem_rvalid_delay_tr,long_to_short,0
TP-REG-002,CG-REG-001,cp_imem_rvalid_delay_tr,min1_to_long,0
TP-REG-002,CG-REG-001,cp_imem_rvalid_delay_tr,min1_to_random,0
TP-REG-002,CG-REG-001,cp_imem_rvalid_delay_tr,min1_to_short,0
TP-REG-002,CG-REG-001,cp_imem_rvalid_delay_tr,random_to_long,0
TP-REG-002,CG-REG-001,cp_imem_rvalid_delay_tr,random_to_min1,0
TP-REG-002,CG-REG-001,cp_imem_rvalid_delay_tr,random_to_short,0
TP-REG-002,CG-REG-001,cp_imem_rvalid_delay_tr,short_to_long,0
TP-REG-002,CG-REG-001,cp_imem_rvalid_delay_tr,short_to_min1,0
TP-REG-002,CG-REG-001,cp_imem_rvalid_delay_tr,short_to_random,0
TP-REG-003,CG-REG-001,cp_imem_err_rate,frequent,0
TP-REG-003,CG-REG-001,cp_imem_err_rate,none,0
TP-REG-003,CG-REG-001,cp_imem_err_rate,rare,0
TP-REG-003,CG-REG-001,cp_imem_err_rate_tr,frequent_to_none,0
TP-REG-003,CG-REG-001,cp_imem_err_rate_tr,frequent_to_rare,0
TP-REG-003,CG-REG-001,cp_imem_err_rate_tr,none_to_frequent,0
TP-REG-003,CG-REG-001,cp_imem_err_rate_tr,none_to_rare,0
TP-REG-003,CG-REG-001,cp_imem_err_rate_tr,rare_to_frequent,0
TP-REG-003,CG-REG-001,cp_imem_err_rate_tr,rare_to_none,0
TP-REG-003,CG-REG-001,cr_err_x_cap,frequent_cap1,0
TP-REG-003,CG-REG-001,cr_err_x_cap,frequent_cap2,0
TP-REG-003,CG-REG-001,cr_err_x_cap,frequent_cap4,0
TP-REG-003,CG-REG-001,cr_err_x_cap,frequent_cap8,0
TP-REG-003,CG-REG-001,cr_err_x_cap,none_cap1,0
TP-REG-003,CG-REG-001,cr_err_x_cap,none_cap2,0
TP-REG-003,CG-REG-001,cr_err_x_cap,none_cap4,0
TP-REG-003,CG-REG-001,cr_err_x_cap,none_cap8,0
TP-REG-003,CG-REG-001,cr_err_x_cap,rare_cap1,0
TP-REG-003,CG-REG-001,cr_err_x_cap,rare_cap2,0
TP-REG-003,CG-REG-001,cr_err_x_cap,rare_cap4,0
TP-REG-003,CG-REG-001,cr_err_x_cap,rare_cap8,0
TP-REG-004,CG-REG-001,cp_imem_outstanding_cap,cap1,0
TP-REG-004,CG-REG-001,cp_imem_outstanding_cap,cap2,0
TP-REG-004,CG-REG-001,cp_imem_outstanding_cap,cap4,0
TP-REG-004,CG-REG-001,cp_imem_outstanding_cap,cap8,0
TP-REG-004,CG-REG-001,cp_imem_outstanding_cap_tr,cap1_to_cap2,0
TP-REG-004,CG-REG-001,cp_imem_outstanding_cap_tr,cap1_to_cap4,0
TP-REG-004,CG-REG-001,cp_imem_outstanding_cap_tr,cap1_to_cap8,0
TP-REG-004,CG-REG-001,cp_imem_outstanding_cap_tr,cap2_to_cap1,0
TP-REG-004,CG-REG-001,cp_imem_outstanding_cap_tr,cap2_to_cap4,0
TP-REG-004,CG-REG-001,cp_imem_outstanding_cap_tr,cap2_to_cap8,0
TP-REG-004,CG-REG-001,cp_imem_outstanding_cap_tr,cap4_to_cap1,0
TP-REG-004,CG-REG-001,cp_imem_outstanding_cap_tr,cap4_to_cap2,0
TP-REG-004,CG-REG-001,cp_imem_outstanding_cap_tr,cap4_to_cap8,0
TP-REG-004,CG-REG-001,cp_imem_outstanding_cap_tr,cap8_to_cap1,0
TP-REG-004,CG-REG-001,cp_imem_outstanding_cap_tr,cap8_to_cap2,0
TP-REG-004,CG-REG-001,cp_imem_outstanding_cap_tr,cap8_to_cap4,0
TP-REG-005,CG-REG-002,cp_dmem_gnt_delay,long,0
TP-REG-005,CG-REG-002,cp_dmem_gnt_delay,random,0
TP-REG-005,CG-REG-002,cp_dmem_gnt_delay,same_cycle,0
TP-REG-005,CG-REG-002,cp_dmem_gnt_delay,short,0
TP-REG-005,CG-REG-002,cp_dmem_gnt_delay_tr,long_to_random,0
TP-REG-005,CG-REG-002,cp_dmem_gnt_delay_tr,long_to_same_cycle,0
TP-REG-005,CG-REG-002,cp_dmem_gnt_delay_tr,long_to_short,0
TP-REG-005,CG-REG-002,cp_dmem_gnt_delay_tr,random_to_long,0
TP-REG-005,CG-REG-002,cp_dmem_gnt_delay_tr,random_to_same_cycle,0
TP-REG-005,CG-REG-002,cp_dmem_gnt_delay_tr,random_to_short,0
TP-REG-005,CG-REG-002,cp_dmem_gnt_delay_tr,same_cycle_to_long,0
TP-REG-005,CG-REG-002,cp_dmem_gnt_delay_tr,same_cycle_to_random,0
TP-REG-005,CG-REG-002,cp_dmem_gnt_delay_tr,same_cycle_to_short,0
TP-REG-005,CG-REG-002,cp_dmem_gnt_delay_tr,short_to_long,0
TP-REG-005,CG-REG-002,cp_dmem_gnt_delay_tr,short_to_random,0
TP-REG-005,CG-REG-002,cp_dmem_gnt_delay_tr,short_to_same_cycle,0
TP-REG-005,CG-REG-002,cr_gnt_x_rvalid,long_long,0
TP-REG-005,CG-REG-002,cr_gnt_x_rvalid,long_min1,0
TP-REG-005,CG-REG-002,cr_gnt_x_rvalid,long_random,0
TP-REG-005,CG-REG-002,cr_gnt_x_rvalid,long_short,0
TP-REG-005,CG-REG-002,cr_gnt_x_rvalid,random_long,0
TP-REG-005,CG-REG-002,cr_gnt_x_rvalid,random_min1,0
TP-REG-005,CG-REG-002,cr_gnt_x_rvalid,random_random,0
TP-REG-005,CG-REG-002,cr_gnt_x_rvalid,random_short,0
TP-REG-005,CG-REG-002,cr_gnt_x_rvalid,same_cycle_long,0
TP-REG-005,CG-REG-002,cr_gnt_x_rvalid,same_cycle_min1,0
TP-REG-005,CG-REG-002,cr_gnt_x_rvalid,same_cycle_random,0
TP-REG-005,CG-REG-002,cr_gnt_x_rvalid,same_cycle_short,0
TP-REG-005,CG-REG-002,cr_gnt_x_rvalid,short_long,0
TP-REG-005,CG-REG-002,cr_gnt_x_rvalid,short_min1,0
TP-REG-005,CG-REG-002,cr_gnt_x_rvalid,short_random,0
TP-REG-005,CG-REG-002,cr_gnt_x_rvalid,short_short,0
TP-REG-006,CG-REG-002,cp_dmem_rvalid_delay,long,0
TP-REG-006,CG-REG-002,cp_dmem_rvalid_delay,min1,0
TP-REG-006,CG-REG-002,cp_dmem_rvalid_delay,random,0
TP-REG-006,CG-REG-002,cp_dmem_rvalid_delay,short,0
TP-REG-006,CG-REG-002,cp_dmem_rvalid_delay_tr,long_to_min1,0
TP-REG-006,CG-REG-002,cp_dmem_rvalid_delay_tr,long_to_random,0
TP-REG-006,CG-REG-002,cp_dmem_rvalid_delay_tr,long_to_short,0
TP-REG-006,CG-REG-002,cp_dmem_rvalid_delay_tr,min1_to_long,0
TP-REG-006,CG-REG-002,cp_dmem_rvalid_delay_tr,min1_to_random,0
TP-REG-006,CG-REG-002,cp_dmem_rvalid_delay_tr,min1_to_short,0
TP-REG-006,CG-REG-002,cp_dmem_rvalid_delay_tr,random_to_long,0
TP-REG-006,CG-REG-002,cp_dmem_rvalid_delay_tr,random_to_min1,0
TP-REG-006,CG-REG-002,cp_dmem_rvalid_delay_tr,random_to_short,0
TP-REG-006,CG-REG-002,cp_dmem_rvalid_delay_tr,short_to_long,0
TP-REG-006,CG-REG-002,cp_dmem_rvalid_delay_tr,short_to_min1,0
TP-REG-006,CG-REG-002,cp_dmem_rvalid_delay_tr,short_to_random,0
TP-REG-007,CG-REG-002,cp_dmem_err_rate,frequent,0
TP-REG-007,CG-REG-002,cp_dmem_err_rate,none,0
TP-REG-007,CG-REG-002,cp_dmem_err_rate,rare,0
TP-REG-007,CG-REG-002,cp_dmem_err_rate_tr,frequent_to_none,0
TP-REG-007,CG-REG-002,cp_dmem_err_rate_tr,frequent_to_rare,0
TP-REG-007,CG-REG-002,cp_dmem_err_rate_tr,none_to_frequent,0
TP-REG-007,CG-REG-002,cp_dmem_err_rate_tr,none_to_rare,0
TP-REG-007,CG-REG-002,cp_dmem_err_rate_tr,rare_to_frequent,0
TP-REG-007,CG-REG-002,cp_dmem_err_rate_tr,rare_to_none,0
TP-REG-007,CG-REG-002,cr_err_x_rvalid,frequent_long,0
TP-REG-007,CG-REG-002,cr_err_x_rvalid,frequent_min1,0
TP-REG-007,CG-REG-002,cr_err_x_rvalid,frequent_random,0
TP-REG-007,CG-REG-002,cr_err_x_rvalid,frequent_short,0
TP-REG-007,CG-REG-002,cr_err_x_rvalid,none_long,0
TP-REG-007,CG-REG-002,cr_err_x_rvalid,none_min1,0
TP-REG-007,CG-REG-002,cr_err_x_rvalid,none_random,0
TP-REG-007,CG-REG-002,cr_err_x_rvalid,none_short,0
TP-REG-007,CG-REG-002,cr_err_x_rvalid,rare_long,0
TP-REG-007,CG-REG-002,cr_err_x_rvalid,rare_min1,0
TP-REG-007,CG-REG-002,cr_err_x_rvalid,rare_random,0
TP-REG-007,CG-REG-002,cr_err_x_rvalid,rare_short,0
TP-REG-008,CG-REG-003,cp_irq_regime,quiet,0
TP-REG-008,CG-REG-003,cp_irq_regime,sparse,0
TP-REG-008,CG-REG-003,cp_irq_regime,storm,0
TP-REG-008,CG-REG-003,cp_irq_regime_tr,quiet_to_sparse,0
TP-REG-008,CG-REG-003,cp_irq_regime_tr,quiet_to_storm,0
TP-REG-008,CG-REG-003,cp_irq_regime_tr,sparse_to_quiet,0
TP-REG-008,CG-REG-003,cp_irq_regime_tr,sparse_to_storm,0
TP-REG-008,CG-REG-003,cp_irq_regime_tr,storm_to_quiet,0
TP-REG-008,CG-REG-003,cp_irq_regime_tr,storm_to_sparse,0
TP-REG-008,CG-REG-003,cr_regime_x_mix,sparse_fast_only,0
TP-REG-008,CG-REG-003,cr_regime_x_mix,sparse_multi,0
TP-REG-008,CG-REG-003,cr_regime_x_mix,sparse_single,0
TP-REG-008,CG-REG-003,cr_regime_x_mix,sparse_with_nmi,0
TP-REG-008,CG-REG-003,cr_regime_x_mix,storm_fast_only,0
TP-REG-008,CG-REG-003,cr_regime_x_mix,storm_multi,0
TP-REG-008,CG-REG-003,cr_regime_x_mix,storm_single,0
TP-REG-008,CG-REG-003,cr_regime_x_mix,storm_with_nmi,0
TP-REG-009,CG-REG-003,cp_irq_line_mix,fast_only,0
TP-REG-009,CG-REG-003,cp_irq_line_mix,multi,0
TP-REG-009,CG-REG-003,cp_irq_line_mix,single,0
TP-REG-009,CG-REG-003,cp_irq_line_mix,with_nmi,0
TP-REG-009,CG-REG-003,cp_irq_line_mix_tr,fast_only_to_multi,0
TP-REG-009,CG-REG-003,cp_irq_line_mix_tr,fast_only_to_single,0
TP-REG-009,CG-REG-003,cp_irq_line_mix_tr,fast_only_to_with_nmi,0
TP-REG-009,CG-REG-003,cp_irq_line_mix_tr,multi_to_fast_only,0
TP-REG-009,CG-REG-003,cp_irq_line_mix_tr,multi_to_single,0
TP-REG-009,CG-REG-003,cp_irq_line_mix_tr,multi_to_with_nmi,0
TP-REG-009,CG-REG-003,cp_irq_line_mix_tr,single_to_fast_only,0
TP-REG-009,CG-REG-003,cp_irq_line_mix_tr,single_to_multi,0
TP-REG-009,CG-REG-003,cp_irq_line_mix_tr,single_to_with_nmi,0
TP-REG-009,CG-REG-003,cp_irq_line_mix_tr,with_nmi_to_fast_only,0
TP-REG-009,CG-REG-003,cp_irq_line_mix_tr,with_nmi_to_multi,0
TP-REG-009,CG-REG-003,cp_irq_line_mix_tr,with_nmi_to_single,0
TP-REG-010,CG-REG-003,cp_irq_hold,pulse,0
TP-REG-010,CG-REG-003,cp_irq_hold,through_handler,0
TP-REG-010,CG-REG-003,cp_irq_hold,until_taken,0
TP-REG-010,CG-REG-003,cp_irq_hold_tr,pulse_to_through_handler,0
TP-REG-010,CG-REG-003,cp_irq_hold_tr,pulse_to_until_taken,0
TP-REG-010,CG-REG-003,cp_irq_hold_tr,through_handler_to_pulse,0
TP-REG-010,CG-REG-003,cp_irq_hold_tr,through_handler_to_until_taken,0
TP-REG-010,CG-REG-003,cp_irq_hold_tr,until_taken_to_pulse,0
TP-REG-010,CG-REG-003,cp_irq_hold_tr,until_taken_to_through_handler,0
TP-REG-010,CG-REG-003,cr_regime_x_hold,sparse_pulse,0
TP-REG-010,CG-REG-003,cr_regime_x_hold,sparse_through_handler,0
TP-REG-010,CG-REG-003,cr_regime_x_hold,sparse_until_taken,0
TP-REG-010,CG-REG-003,cr_regime_x_hold,storm_pulse,0
TP-REG-010,CG-REG-003,cr_regime_x_hold,storm_through_handler,0
TP-REG-010,CG-REG-003,cr_regime_x_hold,storm_until_taken,0
TP-REG-011,CG-REG-004,cp_debug_req_regime,none,0
TP-REG-011,CG-REG-004,cp_debug_req_regime,sparse,0
TP-REG-011,CG-REG-004,cp_debug_req_regime,storm,0
TP-REG-011,CG-REG-004,cp_debug_req_regime_tr,none_to_sparse,0
TP-REG-011,CG-REG-004,cp_debug_req_regime_tr,none_to_storm,0
TP-REG-011,CG-REG-004,cp_debug_req_regime_tr,sparse_to_none,0
TP-REG-011,CG-REG-004,cp_debug_req_regime_tr,sparse_to_storm,0
TP-REG-011,CG-REG-004,cp_debug_req_regime_tr,storm_to_none,0
TP-REG-011,CG-REG-004,cp_debug_req_regime_tr,storm_to_sparse,0
TP-REG-011,CG-REG-004,cr_dbg_x_fe,none_always_on,0
TP-REG-011,CG-REG-004,cr_dbg_x_fe,none_toggling,0
TP-REG-011,CG-REG-004,cr_dbg_x_fe,sparse_always_on,0
TP-REG-011,CG-REG-004,cr_dbg_x_fe,sparse_toggling,0
TP-REG-011,CG-REG-004,cr_dbg_x_fe,storm_always_on,0
TP-REG-011,CG-REG-004,cr_dbg_x_fe,storm_toggling,0
TP-REG-012,CG-REG-004,cp_fetch_enable_regime,always_on,0
TP-REG-012,CG-REG-004,cp_fetch_enable_regime,toggling,0
TP-REG-012,CG-REG-004,cp_fetch_enable_regime_tr,always_on_to_toggling,0
TP-REG-012,CG-REG-004,cp_fetch_enable_regime_tr,toggling_to_always_on,0
TP-REG-013,CG-REG-005,cp_icache_ecc_err_rate,frequent,0
TP-REG-013,CG-REG-005,cp_icache_ecc_err_rate,none,0
TP-REG-013,CG-REG-005,cp_icache_ecc_err_rate,rare,0
TP-REG-013,CG-REG-005,cp_icache_ecc_err_rate_tr,frequent_to_none,0
TP-REG-013,CG-REG-005,cp_icache_ecc_err_rate_tr,frequent_to_rare,0
TP-REG-013,CG-REG-005,cp_icache_ecc_err_rate_tr,none_to_frequent,0
TP-REG-013,CG-REG-005,cp_icache_ecc_err_rate_tr,none_to_rare,0
TP-REG-013,CG-REG-005,cp_icache_ecc_err_rate_tr,rare_to_frequent,0
TP-REG-013,CG-REG-005,cp_icache_ecc_err_rate_tr,rare_to_none,0
TP-REG-013,CG-REG-005,cr_ecc_x_key,frequent_delayed,0
TP-REG-013,CG-REG-005,cr_ecc_x_key,frequent_immediate,0
TP-REG-013,CG-REG-005,cr_ecc_x_key,frequent_withheld_then_valid,0
TP-REG-013,CG-REG-005,cr_ecc_x_key,none_delayed,0
TP-REG-013,CG-REG-005,cr_ecc_x_key,none_immediate,0
TP-REG-013,CG-REG-005,cr_ecc_x_key,none_withheld_then_valid,0
TP-REG-013,CG-REG-005,cr_ecc_x_key,rare_delayed,0
TP-REG-013,CG-REG-005,cr_ecc_x_key,rare_immediate,0
TP-REG-013,CG-REG-005,cr_ecc_x_key,rare_withheld_then_valid,0
TP-REG-014,CG-REG-005,cp_scr_key_delay,delayed,0
TP-REG-014,CG-REG-005,cp_scr_key_delay,immediate,0
TP-REG-014,CG-REG-005,cp_scr_key_delay,withheld_then_valid,0
TP-REG-014,CG-REG-005,cp_scr_key_delay_tr,delayed_to_immediate,0
TP-REG-014,CG-REG-005,cp_scr_key_delay_tr,delayed_to_withheld_then_valid,0
TP-REG-014,CG-REG-005,cp_scr_key_delay_tr,immediate_to_delayed,0
TP-REG-014,CG-REG-005,cp_scr_key_delay_tr,immediate_to_withheld_then_valid,0
TP-REG-014,CG-REG-005,cp_scr_key_delay_tr,withheld_then_valid_to_delayed,0
TP-REG-014,CG-REG-005,cp_scr_key_delay_tr,withheld_then_valid_to_immediate,0
TP-REG-015,CG-REG-006,cp_instr_mix,bitmanip_heavy,0
TP-REG-015,CG-REG-006,cp_instr_mix,branch_heavy,0
TP-REG-015,CG-REG-006,cp_instr_mix,compressed_heavy,0
TP-REG-015,CG-REG-006,cp_instr_mix,csr_heavy,0
TP-REG-015,CG-REG-006,cp_instr_mix,isa_only,0
TP-REG-015,CG-REG-006,cp_instr_mix,ls_heavy,0
TP-REG-015,CG-REG-006,cp_instr_mix,m_heavy,0
TP-REG-015,CG-REG-006,cp_instr_mix,mixed,0
TP-REG-015,CG-REG-006,cp_instr_mix_tr,bitmanip_heavy_to_branch_heavy,0
TP-REG-015,CG-REG-006,cp_instr_mix_tr,bitmanip_heavy_to_compressed_heavy,0
TP-REG-015,CG-REG-006,cp_instr_mix_tr,bitmanip_heavy_to_csr_heavy,0
TP-REG-015,CG-REG-006,cp_instr_mix_tr,bitmanip_heavy_to_isa_only,0
TP-REG-015,CG-REG-006,cp_instr_mix_tr,bitmanip_heavy_to_ls_heavy,0
TP-REG-015,CG-REG-006,cp_instr_mix_tr,bitmanip_heavy_to_m_heavy,0
TP-REG-015,CG-REG-006,cp_instr_mix_tr,bitmanip_heavy_to_mixed,0
TP-REG-015,CG-REG-006,cp_instr_mix_tr,branch_heavy_to_bitmanip_heavy,0
TP-REG-015,CG-REG-006,cp_instr_mix_tr,branch_heavy_to_compressed_heavy,0
TP-REG-015,CG-REG-006,cp_instr_mix_tr,branch_heavy_to_csr_heavy,0
TP-REG-015,CG-REG-006,cp_instr_mix_tr,branch_heavy_to_isa_only,0
TP-REG-015,CG-REG-006,cp_instr_mix_tr,branch_heavy_to_ls_heavy,0
TP-REG-015,CG-REG-006,cp_instr_mix_tr,branch_heavy_to_m_heavy,0
TP-REG-015,CG-REG-006,cp_instr_mix_tr,branch_heavy_to_mixed,0
TP-REG-015,CG-REG-006,cp_instr_mix_tr,compressed_heavy_to_bitmanip_heavy,0
TP-REG-015,CG-REG-006,cp_instr_mix_tr,compressed_heavy_to_branch_heavy,0
TP-REG-015,CG-REG-006,cp_instr_mix_tr,compressed_heavy_to_csr_heavy,0
TP-REG-015,CG-REG-006,cp_instr_mix_tr,compressed_heavy_to_isa_only,0
TP-REG-015,CG-REG-006,cp_instr_mix_tr,compressed_heavy_to_ls_heavy,0
TP-REG-015,CG-REG-006,cp_instr_mix_tr,compressed_heavy_to_m_heavy,0
TP-REG-015,CG-REG-006,cp_instr_mix_tr,compressed_heavy_to_mixed,0
TP-REG-015,CG-REG-006,cp_instr_mix_tr,csr_heavy_to_bitmanip_heavy,0
TP-REG-015,CG-REG-006,cp_instr_mix_tr,csr_heavy_to_branch_heavy,0
TP-REG-015,CG-REG-006,cp_instr_mix_tr,csr_heavy_to_compressed_heavy,0
TP-REG-015,CG-REG-006,cp_instr_mix_tr,csr_heavy_to_isa_only,0
TP-REG-015,CG-REG-006,cp_instr_mix_tr,csr_heavy_to_ls_heavy,0
TP-REG-015,CG-REG-006,cp_instr_mix_tr,csr_heavy_to_m_heavy,0
TP-REG-015,CG-REG-006,cp_instr_mix_tr,csr_heavy_to_mixed,0
TP-REG-015,CG-REG-006,cp_instr_mix_tr,isa_only_to_bitmanip_heavy,0
TP-REG-015,CG-REG-006,cp_instr_mix_tr,isa_only_to_branch_heavy,0
TP-REG-015,CG-REG-006,cp_instr_mix_tr,isa_only_to_compressed_heavy,0
TP-REG-015,CG-REG-006,cp_instr_mix_tr,isa_only_to_csr_heavy,0
TP-REG-015,CG-REG-006,cp_instr_mix_tr,isa_only_to_ls_heavy,0
TP-REG-015,CG-REG-006,cp_instr_mix_tr,isa_only_to_m_heavy,0
TP-REG-015,CG-REG-006,cp_instr_mix_tr,isa_only_to_mixed,0
TP-REG-015,CG-REG-006,cp_instr_mix_tr,ls_heavy_to_bitmanip_heavy,0
TP-REG-015,CG-REG-006,cp_instr_mix_tr,ls_heavy_to_branch_heavy,0
TP-REG-015,CG-REG-006,cp_instr_mix_tr,ls_heavy_to_compressed_heavy,0
TP-REG-015,CG-REG-006,cp_instr_mix_tr,ls_heavy_to_csr_heavy,0
TP-REG-015,CG-REG-006,cp_instr_mix_tr,ls_heavy_to_isa_only,0
TP-REG-015,CG-REG-006,cp_instr_mix_tr,ls_heavy_to_m_heavy,0
TP-REG-015,CG-REG-006,cp_instr_mix_tr,ls_heavy_to_mixed,0
TP-REG-015,CG-REG-006,cp_instr_mix_tr,m_heavy_to_bitmanip_heavy,0
TP-REG-015,CG-REG-006,cp_instr_mix_tr,m_heavy_to_branch_heavy,0
TP-REG-015,CG-REG-006,cp_instr_mix_tr,m_heavy_to_compressed_heavy,0
TP-REG-015,CG-REG-006,cp_instr_mix_tr,m_heavy_to_csr_heavy,0
TP-REG-015,CG-REG-006,cp_instr_mix_tr,m_heavy_to_isa_only,0
TP-REG-015,CG-REG-006,cp_instr_mix_tr,m_heavy_to_ls_heavy,0
TP-REG-015,CG-REG-006,cp_instr_mix_tr,m_heavy_to_mixed,0
TP-REG-015,CG-REG-006,cp_instr_mix_tr,mixed_to_bitmanip_heavy,0
TP-REG-015,CG-REG-006,cp_instr_mix_tr,mixed_to_branch_heavy,0
TP-REG-015,CG-REG-006,cp_instr_mix_tr,mixed_to_compressed_heavy,0
TP-REG-015,CG-REG-006,cp_instr_mix_tr,mixed_to_csr_heavy,0
TP-REG-015,CG-REG-006,cp_instr_mix_tr,mixed_to_isa_only,0
TP-REG-015,CG-REG-006,cp_instr_mix_tr,mixed_to_ls_heavy,0
TP-REG-015,CG-REG-006,cp_instr_mix_tr,mixed_to_m_heavy,0
TP-REG-015,CG-REG-006,cr_mix_x_priv,bitmanip_heavy_alternating,0
TP-REG-015,CG-REG-006,cr_mix_x_priv,bitmanip_heavy_m_only,0
TP-REG-015,CG-REG-006,cr_mix_x_priv,bitmanip_heavy_u_heavy,0
TP-REG-015,CG-REG-006,cr_mix_x_priv,branch_heavy_alternating,0
TP-REG-015,CG-REG-006,cr_mix_x_priv,branch_heavy_m_only,0
TP-REG-015,CG-REG-006,cr_mix_x_priv,branch_heavy_u_heavy,0
TP-REG-015,CG-REG-006,cr_mix_x_priv,compressed_heavy_alternating,0
TP-REG-015,CG-REG-006,cr_mix_x_priv,compressed_heavy_m_only,0
TP-REG-015,CG-REG-006,cr_mix_x_priv,compressed_heavy_u_heavy,0
TP-REG-015,CG-REG-006,cr_mix_x_priv,csr_heavy_alternating,0
TP-REG-015,CG-REG-006,cr_mix_x_priv,csr_heavy_m_only,0
TP-REG-015,CG-REG-006,cr_mix_x_priv,csr_heavy_u_heavy,0
TP-REG-015,CG-REG-006,cr_mix_x_priv,isa_only_alternating,0
TP-REG-015,CG-REG-006,cr_mix_x_priv,isa_only_m_only,0
TP-REG-015,CG-REG-006,cr_mix_x_priv,isa_only_u_heavy,0
TP-REG-015,CG-REG-006,cr_mix_x_priv,ls_heavy_alternating,0
TP-REG-015,CG-REG-006,cr_mix_x_priv,ls_heavy_m_only,0
TP-REG-015,CG-REG-006,cr_mix_x_priv,ls_heavy_u_heavy,0
TP-REG-015,CG-REG-006,cr_mix_x_priv,m_heavy_alternating,0
TP-REG-015,CG-REG-006,cr_mix_x_priv,m_heavy_m_only,0
TP-REG-015,CG-REG-006,cr_mix_x_priv,m_heavy_u_heavy,0
TP-REG-015,CG-REG-006,cr_mix_x_priv,mixed_alternating,0
TP-REG-015,CG-REG-006,cr_mix_x_priv,mixed_m_only,0
TP-REG-015,CG-REG-006,cr_mix_x_priv,mixed_u_heavy,0
TP-REG-016,CG-REG-006,cp_priv_regime,alternating,0
TP-REG-016,CG-REG-006,cp_priv_regime,m_only,0
TP-REG-016,CG-REG-006,cp_priv_regime,u_heavy,0
TP-REG-016,CG-REG-006,cp_priv_regime_tr,alternating_to_m_only,0
TP-REG-016,CG-REG-006,cp_priv_regime_tr,alternating_to_u_heavy,0
TP-REG-016,CG-REG-006,cp_priv_regime_tr,m_only_to_alternating,0
TP-REG-016,CG-REG-006,cp_priv_regime_tr,m_only_to_u_heavy,0
TP-REG-016,CG-REG-006,cp_priv_regime_tr,u_heavy_to_alternating,0
TP-REG-016,CG-REG-006,cp_priv_regime_tr,u_heavy_to_m_only,0
TP-REG-016,CG-REG-006,cr_priv_x_pmp,alternating_dense,0
TP-REG-016,CG-REG-006,cr_priv_x_pmp,alternating_mml_on,0
TP-REG-016,CG-REG-006,cr_priv_x_pmp,alternating_off,0
TP-REG-016,CG-REG-006,cr_priv_x_pmp,alternating_sparse,0
TP-REG-016,CG-REG-006,cr_priv_x_pmp,m_only_dense,0
TP-REG-016,CG-REG-006,cr_priv_x_pmp,m_only_mml_on,0
TP-REG-016,CG-REG-006,cr_priv_x_pmp,m_only_off,0
TP-REG-016,CG-REG-006,cr_priv_x_pmp,m_only_sparse,0
TP-REG-016,CG-REG-006,cr_priv_x_pmp,u_heavy_dense,0
TP-REG-016,CG-REG-006,cr_priv_x_pmp,u_heavy_mml_on,0
TP-REG-016,CG-REG-006,cr_priv_x_pmp,u_heavy_off,0
TP-REG-016,CG-REG-006,cr_priv_x_pmp,u_heavy_sparse,0
TP-REG-017,CG-REG-006,cp_pmp_regime,dense,0
TP-REG-017,CG-REG-006,cp_pmp_regime,mml_on,0
TP-REG-017,CG-REG-006,cp_pmp_regime,off,0
TP-REG-017,CG-REG-006,cp_pmp_regime,sparse,0
TP-REG-017,CG-REG-006,cp_pmp_regime_tr,dense_to_mml_on,0
TP-REG-017,CG-REG-006,cp_pmp_regime_tr,dense_to_off,0
TP-REG-017,CG-REG-006,cp_pmp_regime_tr,dense_to_sparse,0
TP-REG-017,CG-REG-006,cp_pmp_regime_tr,off_to_dense,0
TP-REG-017,CG-REG-006,cp_pmp_regime_tr,off_to_mml_on,0
TP-REG-017,CG-REG-006,cp_pmp_regime_tr,off_to_sparse,0
TP-REG-017,CG-REG-006,cp_pmp_regime_tr,sparse_to_dense,0
TP-REG-017,CG-REG-006,cp_pmp_regime_tr,sparse_to_mml_on,0
TP-REG-017,CG-REG-006,cp_pmp_regime_tr,sparse_to_off,0
TP-REG-018,CG-REG-007,cp_duration_class,long,0
TP-REG-018,CG-REG-007,cp_duration_class,medium,0
TP-REG-018,CG-REG-007,cp_duration_class,short,0
TP-REG-018,CG-REG-007,cp_knobs_changed,four_plus,0
TP-REG-018,CG-REG-007,cp_knobs_changed,one,0
TP-REG-018,CG-REG-007,cp_knobs_changed,two_three,0
TP-REG-018,CG-REG-007,cp_phase_count,k2,0
TP-REG-018,CG-REG-007,cp_phase_count,k3_4,0
TP-REG-018,CG-REG-007,cp_phase_count,k5_plus,0
TP-REG-018,CG-REG-007,cp_phase_idx,first,0
TP-REG-018,CG-REG-007,cp_phase_idx,last,0
TP-REG-018,CG-REG-007,cp_phase_idx,middle,0
TP-REG-018,CG-REG-007,cp_region_duration_class,long,0
TP-REG-018,CG-REG-007,cp_region_duration_class,medium,0
TP-REG-018,CG-REG-007,cp_region_duration_class,short,0
TP-REG-018,CG-REG-007,cr_count_x_dur,k2_long,0
TP-REG-018,CG-REG-007,cr_count_x_dur,k2_medium,0
TP-REG-018,CG-REG-007,cr_count_x_dur,k2_short,0
TP-REG-018,CG-REG-007,cr_count_x_dur,k3_4_long,0
TP-REG-018,CG-REG-007,cr_count_x_dur,k3_4_medium,0
TP-REG-018,CG-REG-007,cr_count_x_dur,k3_4_short,0
TP-REG-018,CG-REG-007,cr_count_x_dur,k5_plus_long,0
TP-REG-018,CG-REG-007,cr_count_x_dur,k5_plus_medium,0
TP-REG-018,CG-REG-007,cr_count_x_dur,k5_plus_short,0
TP-REG-018,CG-REG-008,cp_inflight_event,none,0
TP-REG-018,CG-REG-008,cp_knob_changed,debug_req_regime,0
TP-REG-018,CG-REG-008,cp_knob_changed,dmem_err_rate,0
TP-REG-018,CG-REG-008,cp_knob_changed,dmem_gnt_delay,0
TP-REG-018,CG-REG-008,cp_knob_changed,dmem_rvalid_delay,0
TP-REG-018,CG-REG-008,cp_knob_changed,fetch_enable_regime,0
TP-REG-018,CG-REG-008,cp_knob_changed,icache_ecc_err_rate,0
TP-REG-018,CG-REG-008,cp_knob_changed,imem_err_rate,0
TP-REG-018,CG-REG-008,cp_knob_changed,imem_gnt_delay,0
TP-REG-018,CG-REG-008,cp_knob_changed,imem_outstanding_cap,0
TP-REG-018,CG-REG-008,cp_knob_changed,imem_rvalid_delay,0
TP-REG-018,CG-REG-008,cp_knob_changed,instr_mix,0
TP-REG-018,CG-REG-008,cp_knob_changed,irq_hold,0
TP-REG-018,CG-REG-008,cp_knob_changed,irq_line_mix,0
TP-REG-018,CG-REG-008,cp_knob_changed,irq_regime,0
TP-REG-018,CG-REG-008,cp_knob_changed,pmp_regime,0
TP-REG-018,CG-REG-008,cp_knob_changed,priv_regime,0
TP-REG-018,CG-REG-008,cp_knob_changed,scr_key_delay,0
TP-REG-018,CG-REG-008,cp_knob_group,dbg_fe,0
TP-REG-018,CG-REG-008,cp_knob_group,dmem,0
TP-REG-018,CG-REG-008,cp_knob_group,icache,0
TP-REG-018,CG-REG-008,cp_knob_group,imem,0
TP-REG-018,CG-REG-008,cp_knob_group,irq,0
TP-REG-018,CG-REG-008,cp_knob_group,program,0
TP-REG-019,CG-REG-007,cp_phase_count,k1,0
TP-REG-019,CG-REG-007,cp_pinned_count,all,0
TP-REG-019,CG-REG-007,cp_pinned_count,none,0
TP-REG-019,CG-REG-007,cp_pinned_count,one,0
TP-REG-019,CG-REG-007,cp_pinned_count,several,0
TP-REG-019,CG-REG-007,cr_count_x_dur,k1_long,0
TP-REG-019,CG-REG-007,cr_count_x_dur,k1_medium,0
TP-REG-019,CG-REG-007,cr_count_x_dur,k1_short,0
TP-REG-019,CG-REG-007,cr_pinned_x_changed,none_four_plus,0
TP-REG-019,CG-REG-007,cr_pinned_x_changed,none_one,0
TP-REG-019,CG-REG-007,cr_pinned_x_changed,none_two_three,0
TP-REG-019,CG-REG-007,cr_pinned_x_changed,one_four_plus,0
TP-REG-019,CG-REG-007,cr_pinned_x_changed,one_one,0
TP-REG-019,CG-REG-007,cr_pinned_x_changed,one_two_three,0
TP-REG-019,CG-REG-007,cr_pinned_x_changed,several_four_plus,0
TP-REG-019,CG-REG-007,cr_pinned_x_changed,several_one,0
TP-REG-019,CG-REG-007,cr_pinned_x_changed,several_two_three,0
TP-REG-020,CG-REG-008,cp_inflight_event,fetch_outstanding,0
TP-REG-020,CG-REG-008,cr_group_x_inflight,dbg_fe_fetch_outstanding,0
TP-REG-020,CG-REG-008,cr_group_x_inflight,dmem_fetch_outstanding,0
TP-REG-020,CG-REG-008,cr_group_x_inflight,icache_fetch_outstanding,0
TP-REG-020,CG-REG-008,cr_group_x_inflight,imem_fetch_outstanding,0
TP-REG-020,CG-REG-008,cr_group_x_inflight,irq_fetch_outstanding,0
TP-REG-020,CG-REG-008,cr_knob_x_inflight,imem_err_rate_fetch_outstanding,0
TP-REG-020,CG-REG-008,cr_knob_x_inflight,imem_gnt_delay_fetch_outstanding,0
TP-REG-020,CG-REG-008,cr_knob_x_inflight,imem_outstanding_cap_fetch_outstanding,0
TP-REG-020,CG-REG-008,cr_knob_x_inflight,imem_rvalid_delay_fetch_outstanding,0
TP-REG-021,CG-REG-008,cp_inflight_event,data_outstanding,0
TP-REG-021,CG-REG-008,cr_group_x_inflight,dbg_fe_data_outstanding,0
TP-REG-021,CG-REG-008,cr_group_x_inflight,dmem_data_outstanding,0
TP-REG-021,CG-REG-008,cr_group_x_inflight,icache_data_outstanding,0
TP-REG-021,CG-REG-008,cr_group_x_inflight,imem_data_outstanding,0
TP-REG-021,CG-REG-008,cr_group_x_inflight,irq_data_outstanding,0
TP-REG-021,CG-REG-008,cr_knob_x_inflight,dmem_err_rate_data_outstanding,0
TP-REG-021,CG-REG-008,cr_knob_x_inflight,dmem_gnt_delay_data_outstanding,0
TP-REG-021,CG-REG-008,cr_knob_x_inflight,dmem_rvalid_delay_data_outstanding,0
TP-REG-022,CG-REG-008,cp_inflight_event,irq_pending,0
TP-REG-022,CG-REG-008,cr_group_x_inflight,dbg_fe_irq_pending,0
TP-REG-022,CG-REG-008,cr_group_x_inflight,dmem_irq_pending,0
TP-REG-022,CG-REG-008,cr_group_x_inflight,icache_irq_pending,0
TP-REG-022,CG-REG-008,cr_group_x_inflight,imem_irq_pending,0
TP-REG-022,CG-REG-008,cr_group_x_inflight,irq_irq_pending,0
TP-REG-022,CG-REG-008,cr_group_x_inflight,program_irq_pending,0
TP-REG-022,CG-REG-008,cr_knob_x_inflight,irq_hold_irq_pending,0
TP-REG-022,CG-REG-008,cr_knob_x_inflight,irq_line_mix_irq_pending,0
TP-REG-022,CG-REG-008,cr_knob_x_inflight,irq_regime_irq_pending,0
TP-REG-023,CG-REG-008,cp_inflight_event,in_wfi,0
TP-REG-023,CG-REG-008,cr_group_x_inflight,dbg_fe_in_wfi,0
TP-REG-023,CG-REG-008,cr_group_x_inflight,dmem_in_wfi,0
TP-REG-023,CG-REG-008,cr_group_x_inflight,icache_in_wfi,0
TP-REG-023,CG-REG-008,cr_group_x_inflight,imem_in_wfi,0
TP-REG-023,CG-REG-008,cr_group_x_inflight,irq_in_wfi,0
TP-REG-023,CG-REG-008,cr_knob_x_inflight,debug_req_regime_in_wfi,0
TP-REG-023,CG-REG-008,cr_knob_x_inflight,fetch_enable_regime_in_wfi,0
TP-REG-023,CG-REG-008,cr_knob_x_inflight,irq_line_mix_in_wfi,0
TP-REG-023,CG-REG-008,cr_knob_x_inflight,irq_regime_in_wfi,0
TP-REG-024,CG-REG-008,cp_inflight_event,in_debug,0
TP-REG-024,CG-REG-008,cr_group_x_inflight,dbg_fe_in_debug,0
TP-REG-024,CG-REG-008,cr_group_x_inflight,dmem_in_debug,0
TP-REG-024,CG-REG-008,cr_group_x_inflight,icache_in_debug,0
TP-REG-024,CG-REG-008,cr_group_x_inflight,imem_in_debug,0
TP-REG-024,CG-REG-008,cr_group_x_inflight,irq_in_debug,0
TP-REG-024,CG-REG-008,cr_knob_x_inflight,debug_req_regime_in_debug,0
TP-REG-024,CG-REG-008,cr_knob_x_inflight,dmem_err_rate_in_debug,0
TP-REG-024,CG-REG-008,cr_knob_x_inflight,imem_err_rate_in_debug,0
TP-REG-024,CG-REG-008,cr_knob_x_inflight,irq_regime_in_debug,0
TP-REG-025,CG-REG-008,cp_inflight_event,mid_zcmp,0
TP-REG-025,CG-REG-008,cr_group_x_inflight,dbg_fe_mid_zcmp,0
TP-REG-025,CG-REG-008,cr_group_x_inflight,dmem_mid_zcmp,0
TP-REG-025,CG-REG-008,cr_group_x_inflight,icache_mid_zcmp,0
TP-REG-025,CG-REG-008,cr_group_x_inflight,imem_mid_zcmp,0
TP-REG-025,CG-REG-008,cr_group_x_inflight,irq_mid_zcmp,0
TP-REG-025,CG-REG-008,cr_knob_x_inflight,debug_req_regime_mid_zcmp,0
TP-REG-025,CG-REG-008,cr_knob_x_inflight,dmem_err_rate_mid_zcmp,0
TP-REG-025,CG-REG-008,cr_knob_x_inflight,dmem_gnt_delay_mid_zcmp,0
TP-REG-025,CG-REG-008,cr_knob_x_inflight,dmem_rvalid_delay_mid_zcmp,0
TP-REG-025,CG-REG-008,cr_knob_x_inflight,irq_regime_mid_zcmp,0
TP-REG-026,CG-REG-009,cp_dmem_intg_rate,frequent,0
TP-REG-026,CG-REG-009,cp_dmem_intg_rate,none,0
TP-REG-026,CG-REG-009,cp_dmem_intg_rate,rare,0
TP-REG-026,CG-REG-009,cp_imem_intg_rate,frequent,0
TP-REG-026,CG-REG-009,cp_imem_intg_rate,none,0
TP-REG-026,CG-REG-009,cp_imem_intg_rate,rare,0
TP-REG-027,CG-REG-010,cp_mcounteren_writable,invalid,0
TP-REG-027,CG-REG-010,cp_mcounteren_writable,off,0
TP-REG-027,CG-REG-010,cp_mcounteren_writable,on,0
TP-RST-001,CG-RST-001,cp_fetch_en_at_release,off,0
TP-RST-001,CG-RST-001,cp_fetch_en_at_release,on,0
TP-RST-001,CG-RST-001,cp_reset_kind,power_on,0
TP-RST-001,CG-RST-002,cp_outputs_at_reset_ok,yes,0
TP-RST-002,CG-RST-001,cp_boot_addr,high,0
TP-RST-002,CG-RST-001,cp_boot_addr,low,0
TP-RST-002,CG-RST-001,cp_boot_addr,mid,0
TP-RST-002,CG-RST-001,cp_boot_addr,zero,0
TP-RST-002,CG-RST-001,cp_boot_low_byte,zero,0
TP-RST-002,CG-RST-001,cp_first_fetch_addr_match,yes,0
TP-RST-002,CG-RST-001,cr_boot_kind,high_power_on,0
TP-RST-002,CG-RST-001,cr_boot_kind,low_power_on,0
TP-RST-002,CG-RST-001,cr_boot_kind,mid_power_on,0
TP-RST-002,CG-RST-001,cr_boot_kind,zero_power_on,0
TP-RST-002,CG-RST-001,cr_pending_first,none_first_instr_retire,0
TP-RST-003,CG-RST-001,cp_boot_addr,high,0
TP-RST-003,CG-RST-001,cp_boot_addr,zero,0
TP-RST-003,CG-RST-001,cp_first_event,first_instr_retire,0
TP-RST-004,CG-RST-001,cp_boot_to_req_cycles,three,0
TP-RST-004,CG-RST-001,cp_boot_to_req_cycles,two,0
TP-RST-004,CG-SEC-005,cp_boot_addr_change_ctx,in_handler,0
TP-RST-004,CG-SEC-005,cp_boot_addr_change_ctx,in_wfi,0
TP-RST-004,CG-SEC-005,cp_boot_addr_change_ctx,running,0
TP-RST-004,CG-SEC-005,cp_event,boot_addr_change,0
TP-RST-005,CG-RST-001,cp_hart_id,max,0
TP-RST-005,CG-RST-001,cp_hart_id,random,0
TP-RST-005,CG-RST-001,cp_hart_id,zero,0
TP-RST-006,CG-RST-001,cr_pending_first,irq_enabled_later_first_instr_retire,0
TP-RST-006,CG-RVFI-001,cp_mode,m,0
TP-RST-006,CG-RVFI-001,cp_mode,u,0
TP-RST-007,CG-SEC-005,cp_bit8_readback,one,0
TP-RST-007,CG-SEC-005,cp_bit8_readback,zero,0
TP-RST-007,CG-SEC-005,cp_bits67_readback,b6_0_b7_0,0
TP-RST-008,CG-RST-001,cp_boot_to_req_cycles,two,0
TP-RST-008,CG-RST-001,cr_fetch_en_first,on_first_instr_retire,0
TP-RST-008,CG-SEC-006,cp_value,on,0
TP-RST-009,CG-RST-003,cp_pipe_state,div_in_flight,0
TP-RST-009,CG-RST-003,cp_pipe_state,empty,0
TP-RST-009,CG-RST-003,cp_pipe_state,id_busy,0
TP-RST-009,CG-RST-003,cp_retire_after_off,one,0
TP-RST-009,CG-RST-003,cp_retire_after_off,two,0
TP-RST-009,CG-RST-003,cp_retire_after_off,zero,0
TP-RST-009,CG-RST-003,cp_transition,off2on,0
TP-RST-009,CG-RST-003,cp_transition,on2off,0
TP-RST-009,CG-RST-003,cr_glitch,on2off_long,0
TP-RST-009,CG-RST-003,cr_glitch,on2off_short,0
TP-RST-009,CG-RST-003,cr_off_event,on2off_none,0
TP-RST-009,CG-RST-003,cr_trans_pipe,on2off_div_in_flight,0
TP-RST-009,CG-RST-003,cr_trans_pipe,on2off_empty,0
TP-RST-009,CG-RST-003,cr_trans_pipe,on2off_id_busy,0
TP-RST-010,CG-RST-003,cp_pipe_state,misaligned_mid,0
TP-RST-010,CG-RST-003,cp_pipe_state,wb_load_outstanding,0
TP-RST-010,CG-RST-003,cp_pipe_state,wb_store_outstanding,0
TP-RST-010,CG-RST-003,cr_trans_pipe,on2off_misaligned_mid,0
TP-RST-010,CG-RST-003,cr_trans_pipe,on2off_wb_load_outstanding,0
TP-RST-010,CG-RST-003,cr_trans_pipe,on2off_wb_store_outstanding,0
TP-RST-011,CG-RST-003,cp_hold_len,long,0
TP-RST-011,CG-RST-003,cp_hold_len,short,0
TP-RST-011,CG-RST-003,cp_resume_pc_continuous,yes,0
TP-RST-011,CG-RST-003,cr_glitch,inv2on_short,0
TP-RST-011,CG-RST-003,cr_glitch,off2on_long,0
TP-RST-011,CG-RST-003,cr_glitch,off2on_short,0
TP-RST-012,CG-RST-001,cp_boot_to_req_cycles,more,0
TP-RST-012,CG-RST-001,cp_fetch_en_at_release,invalid,0
TP-RST-012,CG-RST-001,cp_first_event,none_fetch_disabled,0
TP-RST-012,CG-RST-001,cr_fetch_en_first,invalid_none_fetch_disabled,0
TP-RST-012,CG-RST-001,cr_fetch_en_first,off_first_instr_retire,0
TP-RST-012,CG-RST-001,cr_fetch_en_first,off_none_fetch_disabled,0
TP-RST-013,CG-RST-003,cp_hold_len,one_cycle,0
TP-RST-013,CG-RST-003,cp_transition,inv2inv,0
TP-RST-013,CG-RST-003,cp_transition,inv2off,0
TP-RST-013,CG-RST-003,cp_transition,off2inv,0
TP-RST-013,CG-RST-003,cr_glitch,on2inv_one_cycle,0
TP-RST-013,CG-RST-003,cr_glitch,on2off_one_cycle,0
TP-RST-014,CG-RST-003,cp_event_during_off,debug_req,0
TP-RST-014,CG-RST-003,cp_event_during_off,irq,0
TP-RST-014,CG-RST-003,cp_event_during_off,nmi,0
TP-RST-014,CG-RST-003,cp_event_during_off,none,0
TP-RST-014,CG-RST-003,cr_off_event,on2inv_debug_req,0
TP-RST-014,CG-RST-003,cr_off_event,on2inv_irq,0
TP-RST-014,CG-RST-003,cr_off_event,on2off_debug_req,0
TP-RST-014,CG-RST-003,cr_off_event,on2off_irq,0
TP-RST-014,CG-RST-003,cr_off_event,on2off_nmi,0
TP-RST-015,CG-SEC-006,cp_mie_at_wfi,clear,0
TP-RST-015,CG-SEC-006,cp_mie_at_wfi,set,0
TP-RST-015,CG-SEC-006,cp_off_reason,wait_sleep,0
TP-RST-015,CG-SEC-006,cp_off_reason,wfi_sleep,0
TP-RST-015,CG-SEC-006,cp_on_hold_cause,debug_mode,0
TP-RST-015,CG-SEC-006,cp_on_hold_cause,debug_req,0
TP-RST-015,CG-SEC-006,cp_on_hold_cause,irq_pending,0
TP-RST-015,CG-SEC-006,cp_on_hold_cause,step,0
TP-RST-015,CG-SEC-006,cp_priv_at_wfi,m,0
TP-RST-015,CG-SEC-006,cp_priv_at_wfi,u,0
TP-RST-015,CG-SEC-006,cp_wake_source,debug_req,0
TP-RST-015,CG-SEC-006,cp_wake_source,irq,0
TP-RST-015,CG-SEC-006,cp_wake_source,nmi,0
TP-RST-015,CG-SEC-006,cp_wake_source,none,0
TP-RST-015,CG-SEC-006,cp_wake_source,step,0
TP-RST-015,CG-SEC-006,cr_hold,on_debug_mode,0
TP-RST-015,CG-SEC-006,cr_hold,on_debug_req,0
TP-RST-015,CG-SEC-006,cr_hold,on_irq_pending,0
TP-RST-015,CG-SEC-006,cr_hold,on_step,0
TP-RST-015,CG-SEC-006,cr_wake,off2on_debug_req,0
TP-RST-015,CG-SEC-006,cr_wake,off2on_irq,0
TP-RST-015,CG-SEC-006,cr_wake,off2on_nmi,0
TP-RST-015,CG-SEC-006,cr_wake,off2on_step,0
TP-RST-015,CG-SEC-006,cr_wfi_mie,wait_sleep_set_m,0
TP-RST-015,CG-SEC-006,cr_wfi_mie,wfi_sleep_clear_m,0
TP-RST-015,CG-SEC-006,cr_wfi_mie,wfi_sleep_clear_u,0
TP-RST-015,CG-SEC-006,cr_wfi_mie,wfi_sleep_set_m,0
TP-RST-015,CG-SEC-006,cr_wfi_mie,wfi_sleep_set_u,0
TP-RST-016,CG-SEC-006,cp_on_hold_cause,fetch_outstanding,0
TP-RST-016,CG-SEC-006,cp_on_hold_cause,lsu_outstanding,0
TP-RST-016,CG-SEC-006,cr_hold,on_fetch_outstanding,0
TP-RST-016,CG-SEC-006,cr_hold,on_lsu_outstanding,0
TP-RST-017,CG-RST-001,cp_reset_kind,mid_run,0
TP-RST-017,CG-RST-001,cr_boot_kind,high_mid_run,0
TP-RST-017,CG-RST-001,cr_boot_kind,low_mid_run,0
TP-RST-017,CG-RST-001,cr_boot_kind,mid_mid_run,0
TP-RST-017,CG-RST-001,cr_boot_kind,zero_mid_run,0
TP-RST-017,CG-RST-002,cp_outstanding_count,many,0
TP-RST-017,CG-RST-002,cp_outstanding_count,one,0
TP-RST-017,CG-RST-002,cp_outstanding_count,two,0
TP-RST-017,CG-RST-002,cp_outstanding_count,zero,0
TP-RST-017,CG-RST-002,cp_post_response,bad_intg,0
TP-RST-017,CG-RST-002,cp_post_response,good_intg,0
TP-RST-017,CG-RST-002,cp_post_response,none,0
TP-RST-017,CG-RST-002,cr_inflight_len,idle_long,0
TP-RST-017,CG-RST-002,cr_inflight_resp,fetch_outstanding_good_intg,0
TP-RST-017,CG-RST-002,cr_inflight_resp,idle_none,0
TP-RST-017,CG-RST-002,cr_inflight_resp,load_outstanding_good_intg,0
TP-RST-017,CG-RST-002,cr_inflight_resp,store_outstanding_bad_intg,0
TP-RST-017,CG-RST-002,cr_inflight_resp,store_outstanding_good_intg,0
TP-RST-018,CG-RST-002,cp_inflight,div_in_flight,0
TP-RST-018,CG-RST-002,cp_inflight,dummy_in_id,0
TP-RST-018,CG-RST-002,cp_inflight,misaligned_first_done,0
TP-RST-018,CG-RST-002,cp_inflight,zcmp_mid,0
TP-RST-018,CG-RST-002,cp_reset_len,long,0
TP-RST-018,CG-RST-002,cp_reset_len,one_cycle,0
TP-RST-018,CG-RST-002,cp_reset_len,short,0
TP-RST-018,CG-RST-002,cr_inflight_len,div_in_flight_one_cycle,0
TP-RST-018,CG-RST-002,cr_inflight_len,div_in_flight_short,0
TP-RST-018,CG-RST-002,cr_inflight_len,dummy_in_id_short,0
TP-RST-018,CG-RST-002,cr_inflight_len,zcmp_mid_short,0
TP-RST-018,CG-RST-002,cr_inflight_resp,misaligned_first_done_good_intg,0
TP-RST-018,CG-RST-002,cr_inflight_resp,misaligned_first_done_none,0
TP-RST-019,CG-RST-002,cp_inflight,fetch_disabled,0
TP-RST-019,CG-RST-002,cp_inflight,in_exc_handler,0
TP-RST-019,CG-RST-002,cp_inflight,in_nmi_handler,0
TP-RST-019,CG-RST-002,cr_inflight_len,fetch_disabled_short,0
TP-RST-019,CG-RST-002,cr_inflight_len,in_debug_short,0
TP-RST-019,CG-RST-002,cr_inflight_len,in_exc_handler_short,0
TP-RST-019,CG-RST-002,cr_inflight_len,in_irq_handler_short,0
TP-RST-019,CG-RST-002,cr_inflight_len,in_nmi_handler_short,0
TP-RST-019,CG-RST-002,cr_inflight_len,in_wfi_long,0
TP-RST-019,CG-RST-002,cr_inflight_len,in_wfi_short,0
TP-RST-020,CG-CHERI-001,cp_kind,eot,0
TP-RST-020,CG-SEC-001,cp_event,eot,0
TP-RST-021,CG-RST-004,cp_read_unwritten,no,0
TP-RST-021,CG-RST-004,cp_read_unwritten,yes,0
TP-RST-021,CG-RST-004,cr_unwritten_bank,yes_x16,0
TP-RST-021,CG-RST-004,cr_unwritten_bank,yes_x17_31,0
TP-RST-021,CG-RST-004,cr_unwritten_bank,yes_x1_15,0
TP-RST-022,CG-RST-004,cp_dummy_adjacent,no,0
TP-RST-022,CG-RST-004,cp_dummy_adjacent,yes,0
TP-RST-022,CG-RST-004,cp_rd_bank,none,0
TP-RST-022,CG-RST-004,cp_rd_bank,x16,0
TP-RST-022,CG-RST-004,cp_rd_bank,x17_31,0
TP-RST-022,CG-RST-004,cp_rd_bank,x1_15,0
TP-RST-022,CG-RST-004,cp_rs1_bank,x16,0
TP-RST-022,CG-RST-004,cp_rs1_bank,x17_31,0
TP-RST-022,CG-RST-004,cp_rs1_bank,x1_15,0
TP-RST-022,CG-RST-004,cp_rs2_bank,x0,0
TP-RST-022,CG-RST-004,cp_rs2_bank,x16,0
TP-RST-022,CG-RST-004,cp_rs2_bank,x17_31,0
TP-RST-022,CG-RST-004,cp_rs2_bank,x1_15,0
TP-RST-022,CG-RST-004,cr_rd_bank_dummy,x16_yes,0
TP-RST-022,CG-RST-004,cr_rd_bank_dummy,x17_31_yes,0
TP-RST-022,CG-RST-004,cr_rd_bank_dummy,x1_15_yes,0
TP-RST-023,CG-RST-004,cp_fwd_same_cycle,no,0
TP-RST-023,CG-RST-004,cp_fwd_same_cycle,yes,0
TP-RST-023,CG-RST-004,cr_fwd_bank,yes_x16,0
TP-RST-023,CG-RST-004,cr_fwd_bank,yes_x17_31,0
TP-RST-023,CG-RST-004,cr_fwd_bank,yes_x1_15,0
TP-RST-024,CG-RST-001,cp_first_event,debug_entry,0
TP-RST-024,CG-RST-001,cp_pending,debug_req,0
TP-RST-024,CG-RST-001,cp_pending,nmi_and_debug,0
TP-RST-024,CG-RST-001,cr_pending_first,debug_req_debug_entry,0
TP-RST-024,CG-RVFI-003,cr_dbg,yes_yes,0
TP-RST-025,CG-RST-001,cp_first_event,nmi_taken,0
TP-RST-025,CG-RST-001,cp_pending,nmi,0
TP-RST-025,CG-RST-001,cr_pending_first,nmi_and_debug_debug_entry,0
TP-RST-025,CG-RST-001,cr_pending_first,nmi_and_debug_nmi_taken,0
TP-RST-025,CG-RST-001,cr_pending_first,nmi_nmi_taken,0
TP-RST-025,CG-RVFI-003,cr_irq_kind,yes_yes_no,0
TP-RST-026,CG-RST-001,cp_pending,irq_enabled_later,0
TP-RST-026,CG-RST-001,cp_pending,none,0
TP-RST-026,CG-RST-001,cr_pending_first,irq_enabled_later_first_instr_retire,0
TP-RST-027,CG-RST-001,cp_first_order_one,yes,0
TP-RST-027,CG-RVFI-001,cp_order_step,first,0
TP-RST-028,CG-CHERI-001,cp_kind,id_misa,0
TP-RST-028,CG-CHERI-001,cp_misa_val,expected,0
TP-RST-029,CG-RST-001,cp_pending,irq_and_debug,0
TP-RST-029,CG-RST-001,cr_pending_first,irq_and_debug_debug_entry,0
TP-RST-029,CG-RST-002,cp_inflight,fetch_outstanding,0
TP-RST-029,CG-RST-002,cp_inflight,idle,0
TP-RST-029,CG-RST-002,cp_inflight,in_debug,0
TP-RST-029,CG-RST-002,cp_inflight,in_irq_handler,0
TP-RST-029,CG-RST-002,cp_inflight,in_wfi,0
TP-RST-029,CG-RST-002,cp_inflight,load_outstanding,0
TP-RST-029,CG-RST-002,cp_inflight,store_outstanding,0
TP-RST-029,CG-RST-003,cp_pipe_state,in_debug,0
TP-RST-029,CG-RST-003,cp_pipe_state,in_handler,0
TP-RST-029,CG-RST-003,cp_pipe_state,in_wfi,0
TP-RST-029,CG-RST-003,cr_trans_pipe,on2inv_empty,0
TP-RST-029,CG-RST-003,cr_trans_pipe,on2inv_id_busy,0
TP-RST-029,CG-RST-003,cr_trans_pipe,on2off_in_debug,0
TP-RST-029,CG-RST-003,cr_trans_pipe,on2off_in_handler,0
TP-RST-029,CG-RST-003,cr_trans_pipe,on2off_in_wfi,0
TP-RVFI-001,CG-RVFI-001,cp_halt,zero,0
TP-RVFI-001,CG-RVFI-001,cp_ixl,rv32,0
TP-RVFI-002,CG-RVFI-001,cp_valid_gap,g1,0
TP-RVFI-002,CG-RVFI-001,cp_valid_gap,g2,0
TP-RVFI-002,CG-RVFI-001,cp_valid_gap,g3_plus,0
TP-RVFI-003,CG-RVFI-001,cp_order_step,one,0
TP-RVFI-003,CG-RVFI-001,cr_kind_trap,i32_yes,0
TP-RVFI-003,CG-RVFI-001,cr_kind_trap,zcmp_uop_no,0
TP-RVFI-004,CG-RVFI-001,cp_insn_kind,c16,0
TP-RVFI-004,CG-RVFI-001,cp_insn_kind,i32,0
TP-RVFI-004,CG-RVFI-001,cp_insn_kind,zcmp_uop,0
TP-RVFI-004,CG-RVFI-001,cr_kind_trap,c16_no,0
TP-RVFI-004,CG-RVFI-001,cr_kind_trap,i32_no,0
TP-RVFI-005,CG-RVFI-001,cp_halt,zero,0
TP-RVFI-005,CG-RVFI-001,cp_trap,no,0
TP-RVFI-005,CG-RVFI-001,cp_trap,yes,0
TP-RVFI-005,CG-RVFI-004,cp_cause,breakpoint,0
TP-RVFI-005,CG-RVFI-004,cp_cause,ecall_m,0
TP-RVFI-005,CG-RVFI-004,cp_cause,ecall_u,0
TP-RVFI-005,CG-RVFI-004,cp_cause,illegal,0
TP-RVFI-005,CG-RVFI-004,cp_cause,instr_access_fault,0
TP-RVFI-005,CG-RVFI-004,cp_cause,load_fault,0
TP-RVFI-005,CG-RVFI-004,cp_cause,store_fault,0
TP-RVFI-005,CG-RVFI-004,cp_ebreak_kind,na,0
TP-RVFI-005,CG-RVFI-004,cp_mode,m,0
TP-RVFI-005,CG-RVFI-004,cp_mode,u,0
TP-RVFI-005,CG-RVFI-004,cp_next_pc_is_vector,yes,0
TP-RVFI-005,CG-RVFI-004,cp_pmp_or_bus,na,0
TP-RVFI-005,CG-RVFI-004,cp_stage,id,0
TP-RVFI-005,CG-RVFI-004,cp_stage,wb,0
TP-RVFI-005,CG-RVFI-004,cr_cause_stage,breakpoint_id,0
TP-RVFI-005,CG-RVFI-004,cr_cause_stage,ecall_m_id,0
TP-RVFI-005,CG-RVFI-004,cr_cause_stage,ecall_u_id,0
TP-RVFI-005,CG-RVFI-004,cr_cause_stage,illegal_id,0
TP-RVFI-005,CG-RVFI-004,cr_cause_stage,instr_access_fault_id,0
TP-RVFI-005,CG-RVFI-004,cr_cause_stage,load_fault_wb,0
TP-RVFI-005,CG-RVFI-004,cr_cause_stage,store_fault_wb,0
TP-RVFI-006,CG-RVFI-001,cp_intr,no,0
TP-RVFI-006,CG-RVFI-001,cp_intr_kind,irq,0
TP-RVFI-006,CG-RVFI-001,cp_intr_kind,nmi,0
TP-RVFI-006,CG-RVFI-001,cp_intr_kind,nmi_int,0
TP-RVFI-006,CG-RVFI-001,cp_intr_kind,none,0
TP-RVFI-006,CG-RVFI-001,cp_pc_continuity,discontinuous_debug,0
TP-RVFI-006,CG-RVFI-001,cr_intr_cont,no_discontinuous_after_trap,0
TP-RVFI-006,CG-RVFI-001,cr_intr_cont,no_discontinuous_debug,0
TP-RVFI-006,CG-RVFI-001,cr_intr_cont,yes_discontinuous_intr,0
TP-RVFI-007,CG-RVFI-001,cp_ixl,rv32,0
TP-RVFI-007,CG-RVFI-001,cp_mode,m,0
TP-RVFI-007,CG-RVFI-001,cp_mode,u,0
TP-RVFI-007,CG-RVFI-001,cr_mode_trap,m_no,0
TP-RVFI-007,CG-RVFI-001,cr_mode_trap,u_no,0
TP-RVFI-008,CG-RST-004,cp_fwd_same_cycle,yes,0
TP-RVFI-008,CG-RVFI-001,cp_rs1,nonzero,0
TP-RVFI-008,CG-RVFI-001,cp_rs1,x0,0
TP-RVFI-008,CG-RVFI-001,cp_rs2,nonzero,0
TP-RVFI-008,CG-RVFI-001,cp_rs2,x0,0
TP-RVFI-009,CG-RVFI-001,cp_rs3,nonzero,0
TP-RVFI-009,CG-RVFI-001,cp_rs3,zero,0
TP-RVFI-010,CG-RVFI-001,cp_rd,nonzero,0
TP-RVFI-010,CG-RVFI-001,cp_rd,x0,0
TP-RVFI-010,CG-RVFI-001,cr_rd_kind,nonzero_c16_no,0
TP-RVFI-010,CG-RVFI-001,cr_rd_kind,nonzero_i32_no,0
TP-RVFI-010,CG-RVFI-001,cr_rd_kind,nonzero_zcmp_uop_no,0
TP-RVFI-010,CG-RVFI-001,cr_rd_kind,x0_c16_no,0
TP-RVFI-010,CG-RVFI-001,cr_rd_kind,x0_c16_yes,0
TP-RVFI-010,CG-RVFI-001,cr_rd_kind,x0_i32_no,0
TP-RVFI-010,CG-RVFI-001,cr_rd_kind,x0_i32_yes,0
TP-RVFI-011,CG-RVFI-001,cp_pc_continuity,continuous,0
TP-RVFI-011,CG-RVFI-001,cp_pc_delta,jump_back,0
TP-RVFI-011,CG-RVFI-001,cp_pc_delta,jump_fwd,0
TP-RVFI-011,CG-RVFI-001,cp_pc_delta,plus2,0
TP-RVFI-011,CG-RVFI-001,cp_pc_delta,plus4,0
TP-RVFI-011,CG-RVFI-001,cr_intr_cont,no_continuous,0
TP-RVFI-012,CG-RVFI-001,cp_pc_continuity,discontinuous_after_flush_redirect,0
TP-RVFI-012,CG-RVFI-001,cp_pc_continuity,discontinuous_after_trap,0
TP-RVFI-012,CG-RVFI-001,cp_pc_delta,redirect_other,0
TP-RVFI-012,CG-RVFI-001,cr_intr_cont,no_discontinuous_after_flush_redirect,0
TP-RVFI-013,CG-RVFI-001,cp_pc_delta,jump_back,0
TP-RVFI-013,CG-RVFI-001,cp_pc_delta,jump_fwd,0
TP-RVFI-014,CG-RVFI-002,cp_mask_val,m0001,0
TP-RVFI-014,CG-RVFI-002,cp_mask_val,m0011,0
TP-RVFI-014,CG-RVFI-002,cp_mask_val,m1111,0
TP-RVFI-014,CG-RVFI-002,cp_offset,o0,0
TP-RVFI-014,CG-RVFI-002,cp_offset,o1,0
TP-RVFI-014,CG-RVFI-002,cp_offset,o2,0
TP-RVFI-014,CG-RVFI-002,cp_offset,o3,0
TP-RVFI-014,CG-RVFI-002,cp_size,byte,0
TP-RVFI-014,CG-RVFI-002,cp_size,half,0
TP-RVFI-014,CG-RVFI-002,cp_size,word,0
TP-RVFI-014,CG-RVFI-002,cp_trap,no,0
TP-RVFI-014,CG-RVFI-002,cr_dir_size_off,load_byte_o0,0
TP-RVFI-014,CG-RVFI-002,cr_dir_size_off,load_byte_o1,0
TP-RVFI-014,CG-RVFI-002,cr_dir_size_off,load_byte_o2,0
TP-RVFI-014,CG-RVFI-002,cr_dir_size_off,load_byte_o3,0
TP-RVFI-014,CG-RVFI-002,cr_dir_size_off,load_half_o0,0
TP-RVFI-014,CG-RVFI-002,cr_dir_size_off,load_half_o1,0
TP-RVFI-014,CG-RVFI-002,cr_dir_size_off,load_half_o2,0
TP-RVFI-014,CG-RVFI-002,cr_dir_size_off,load_half_o3,0
TP-RVFI-014,CG-RVFI-002,cr_dir_size_off,load_word_o0,0
TP-RVFI-014,CG-RVFI-002,cr_dir_size_off,load_word_o1,0
TP-RVFI-014,CG-RVFI-002,cr_dir_size_off,load_word_o2,0
TP-RVFI-014,CG-RVFI-002,cr_dir_size_off,load_word_o3,0
TP-RVFI-014,CG-RVFI-002,cr_dir_size_off,store_byte_o0,0
TP-RVFI-014,CG-RVFI-002,cr_dir_size_off,store_byte_o1,0
TP-RVFI-014,CG-RVFI-002,cr_dir_size_off,store_byte_o2,0
TP-RVFI-014,CG-RVFI-002,cr_dir_size_off,store_byte_o3,0
TP-RVFI-014,CG-RVFI-002,cr_dir_size_off,store_half_o0,0
TP-RVFI-014,CG-RVFI-002,cr_dir_size_off,store_half_o1,0
TP-RVFI-014,CG-RVFI-002,cr_dir_size_off,store_half_o2,0
TP-RVFI-014,CG-RVFI-002,cr_dir_size_off,store_half_o3,0
TP-RVFI-014,CG-RVFI-002,cr_dir_size_off,store_word_o0,0
TP-RVFI-014,CG-RVFI-002,cr_dir_size_off,store_word_o1,0
TP-RVFI-014,CG-RVFI-002,cr_dir_size_off,store_word_o2,0
TP-RVFI-014,CG-RVFI-002,cr_dir_size_off,store_word_o3,0
TP-RVFI-014,CG-RVFI-002,cr_mask_trap,m0001_no,0
TP-RVFI-014,CG-RVFI-002,cr_mask_trap,m0011_no,0
TP-RVFI-014,CG-RVFI-002,cr_mask_trap,m1111_no,0
TP-RVFI-014,CG-RVFI-002,cr_trap_half,load_no_none,0
TP-RVFI-014,CG-RVFI-002,cr_trap_half,store_no_none,0
TP-RVFI-015,CG-RVFI-002,cp_dir,store,0
TP-RVFI-015,CG-RVFI-002,cp_misaligned,yes,0
TP-RVFI-015,CG-RVFI-002,cp_rdata_ext,na,0
TP-RVFI-015,CG-RVFI-002,cp_rdata_ext,sign_ext_ones,0
TP-RVFI-015,CG-RVFI-002,cp_rdata_ext,zero_ext,0
TP-RVFI-015,CG-RVFI-002,cp_signed,na,0
TP-RVFI-015,CG-RVFI-002,cp_signed,signed,0
TP-RVFI-015,CG-RVFI-002,cp_signed,unsigned,0
TP-RVFI-015,CG-RVFI-002,cr_ext,byte_signed_sign_ext_ones,0
TP-RVFI-015,CG-RVFI-002,cr_ext,byte_unsigned_zero_ext,0
TP-RVFI-015,CG-RVFI-002,cr_ext,half_signed_sign_ext_ones,0
TP-RVFI-015,CG-RVFI-002,cr_ext,half_unsigned_zero_ext,0
TP-RVFI-016,CG-RVFI-002,cp_fault_half,none,0
TP-RVFI-016,CG-RVFI-002,cp_mask_val,m0000,0
TP-RVFI-016,CG-RVFI-002,cp_trap,yes,0
TP-RVFI-016,CG-RVFI-002,cr_mask_trap,m0000_yes,0
TP-RVFI-016,CG-RVFI-002,cr_trap_half,load_yes_none,0
TP-RVFI-016,CG-RVFI-002,cr_trap_half,store_yes_none,0
TP-RVFI-016,CG-RVFI-004,cp_pmp_or_bus,bus_err,0
TP-RVFI-016,CG-RVFI-004,cp_pmp_or_bus,pmp,0
TP-RVFI-016,CG-RVFI-004,cr_cause_mode,load_fault_m,0
TP-RVFI-016,CG-RVFI-004,cr_cause_mode,load_fault_u,0
TP-RVFI-016,CG-RVFI-004,cr_cause_mode,store_fault_m,0
TP-RVFI-016,CG-RVFI-004,cr_cause_mode,store_fault_u,0
TP-RVFI-016,CG-RVFI-004,cr_lsfault_src,load_fault_bus_err,0
TP-RVFI-016,CG-RVFI-004,cr_lsfault_src,load_fault_pmp,0
TP-RVFI-016,CG-RVFI-004,cr_lsfault_src,store_fault_bus_err,0
TP-RVFI-016,CG-RVFI-004,cr_lsfault_src,store_fault_pmp,0
TP-RVFI-017,CG-RVFI-002,cp_fault_half,first,0
TP-RVFI-017,CG-RVFI-002,cp_fault_half,second,0
TP-RVFI-017,CG-RVFI-002,cr_trap_half,load_yes_first,0
TP-RVFI-017,CG-RVFI-002,cr_trap_half,load_yes_second,0
TP-RVFI-017,CG-RVFI-002,cr_trap_half,store_yes_first,0
TP-RVFI-017,CG-RVFI-002,cr_trap_half,store_yes_second,0
TP-RVFI-018,CG-RVFI-004,cp_coincident_wb_err,no,0
TP-RVFI-018,CG-RVFI-004,cp_coincident_wb_err,yes,0
TP-RVFI-018,CG-RVFI-004,cp_missing_record,no,0
TP-RVFI-018,CG-RVFI-004,cp_missing_record,yes,0
TP-RVFI-018,CG-RVFI-004,cr_wb_coincident,id_no_no,0
TP-RVFI-018,CG-RVFI-004,cr_wb_coincident,wb_no_no,0
TP-RVFI-018,CG-RVFI-004,cr_wb_coincident,wb_yes_no,0
TP-RVFI-018,CG-RVFI-004,cr_wb_coincident,wb_yes_yes,0
TP-RVFI-019,CG-RVFI-003,cp_irq_valid,no,0
TP-RVFI-019,CG-RVFI-003,cp_irq_valid,yes,0
TP-RVFI-019,CG-RVFI-003,cr_irq_collision,no_no,0
TP-RVFI-019,CG-RVFI-003,cr_irq_collision,yes_no,0
TP-RVFI-019,CG-RVFI-003,cr_irq_collision,yes_yes,0
TP-RVFI-019,CG-RVFI-003,cr_irq_kind,yes_no_no,0
TP-RVFI-019,CG-RVFI-003,cr_irq_kind,yes_no_yes,0
TP-RVFI-019,CG-RVFI-003,cr_irq_kind,yes_yes_no,0
TP-RVFI-020,CG-RVFI-003,cp_post_mip_diff,changed,0
TP-RVFI-020,CG-RVFI-003,cp_post_mip_diff,same,0
TP-RVFI-020,CG-RVFI-003,cp_pre_mip_line,ext,0
TP-RVFI-020,CG-RVFI-003,cp_pre_mip_line,fast_0,0
TP-RVFI-020,CG-RVFI-003,cp_pre_mip_line,fast_1,0
TP-RVFI-020,CG-RVFI-003,cp_pre_mip_line,fast_10,0
TP-RVFI-020,CG-RVFI-003,cp_pre_mip_line,fast_11,0
TP-RVFI-020,CG-RVFI-003,cp_pre_mip_line,fast_12,0
TP-RVFI-020,CG-RVFI-003,cp_pre_mip_line,fast_13,0
TP-RVFI-020,CG-RVFI-003,cp_pre_mip_line,fast_14,0
TP-RVFI-020,CG-RVFI-003,cp_pre_mip_line,fast_2,0
TP-RVFI-020,CG-RVFI-003,cp_pre_mip_line,fast_3,0
TP-RVFI-020,CG-RVFI-003,cp_pre_mip_line,fast_4,0
TP-RVFI-020,CG-RVFI-003,cp_pre_mip_line,fast_5,0
TP-RVFI-020,CG-RVFI-003,cp_pre_mip_line,fast_6,0
TP-RVFI-020,CG-RVFI-003,cp_pre_mip_line,fast_7,0
TP-RVFI-020,CG-RVFI-003,cp_pre_mip_line,fast_8,0
TP-RVFI-020,CG-RVFI-003,cp_pre_mip_line,fast_9,0
TP-RVFI-020,CG-RVFI-003,cp_pre_mip_line,multi,0
TP-RVFI-020,CG-RVFI-003,cp_pre_mip_line,none,0
TP-RVFI-020,CG-RVFI-003,cp_pre_mip_line,sw,0
TP-RVFI-020,CG-RVFI-003,cp_pre_mip_line,timer,0
TP-RVFI-021,CG-RVFI-003,cp_debug_req,no,0
TP-RVFI-021,CG-RVFI-003,cp_debug_req,yes,0
TP-RVFI-021,CG-RVFI-003,cr_dbg,no_no,0
TP-RVFI-021,CG-RVFI-003,cr_dbg,no_yes,0
TP-RVFI-021,CG-RVFI-003,cr_dbg,yes_no,0
TP-RVFI-021,CG-RVFI-003,cr_dbg,yes_yes,0
TP-RVFI-022,CG-RVFI-003,cp_hpm_index,i0,0
TP-RVFI-022,CG-RVFI-003,cp_hpm_index,i1,0
TP-RVFI-022,CG-RVFI-003,cp_hpm_index,i2,0
TP-RVFI-022,CG-RVFI-003,cp_hpm_index,i3,0
TP-RVFI-022,CG-RVFI-003,cp_hpm_index,i4,0
TP-RVFI-022,CG-RVFI-003,cp_hpm_index,i5,0
TP-RVFI-022,CG-RVFI-003,cp_hpm_index,i6,0
TP-RVFI-022,CG-RVFI-003,cp_hpm_index,i7,0
TP-RVFI-022,CG-RVFI-003,cp_hpm_index,i8,0
TP-RVFI-022,CG-RVFI-003,cp_hpm_index,i9,0
TP-RVFI-022,CG-RVFI-003,cp_mcycle_monotonic,yes,0
TP-RVFI-023,CG-RVFI-003,cp_key_valid,one,0
TP-RVFI-023,CG-RVFI-003,cp_key_valid,zero,0
TP-RVFI-023,CG-SEC-005,cp_rvfi_ext_key_valid,one,0
TP-RVFI-023,CG-SEC-005,cp_rvfi_ext_key_valid,zero,0
TP-RVFI-024,CG-RVFI-002,cp_rf_wr_suppress,no,0
TP-RVFI-024,CG-RVFI-002,cp_rf_wr_suppress,yes,0
TP-RVFI-024,CG-RVFI-003,cp_rf_wr_suppress,no,0
TP-RVFI-024,CG-RVFI-003,cp_rf_wr_suppress,yes,0
TP-RVFI-025,CG-RVFI-001,cp_insn_kind,zcmp_uop,0
TP-RVFI-025,CG-RVFI-003,cp_expanded,first,0
TP-RVFI-025,CG-RVFI-003,cp_expanded,last,0
TP-RVFI-025,CG-RVFI-003,cp_expanded,mid,0
TP-RVFI-025,CG-RVFI-003,cp_expanded,none,0
TP-RVFI-025,CG-RVFI-003,cp_trap,no,0
TP-RVFI-025,CG-RVFI-003,cr_expanded_trap,first_no,0
TP-RVFI-025,CG-RVFI-003,cr_expanded_trap,last_no,0
TP-RVFI-025,CG-RVFI-003,cr_expanded_trap,mid_no,0
TP-RVFI-026,CG-RVFI-001,cr_kind_trap,zcmp_uop_yes,0
TP-RVFI-026,CG-RVFI-001,cr_rd_kind,x0_zcmp_uop_yes,0
TP-RVFI-026,CG-RVFI-003,cp_trap,yes,0
TP-RVFI-026,CG-RVFI-003,cr_expanded_trap,first_yes,0
TP-RVFI-026,CG-RVFI-003,cr_expanded_trap,last_yes,0
TP-RVFI-026,CG-RVFI-003,cr_expanded_trap,mid_yes,0
TP-RVFI-027,CG-DIT-004,cp_event,insert,0
TP-RVFI-027,CG-RVFI-001,cp_order_step,one,0
TP-RVFI-028,CG-RVFI-004,cp_ebreak_kind,debug_entry,0
TP-RVFI-028,CG-RVFI-004,cp_ebreak_kind,exception,0
TP-RVFI-028,CG-RVFI-004,cr_cause_mode,breakpoint_m,0
TP-RVFI-028,CG-RVFI-004,cr_cause_mode,breakpoint_u,0
TP-RVFI-029,CG-RVFI-004,cp_insn_meaningful,fetch_error_na,0
TP-RVFI-029,CG-RVFI-004,cp_insn_meaningful,yes,0
TP-RVFI-029,CG-RVFI-004,cr_cause_mode,instr_access_fault_m,0
TP-RVFI-029,CG-RVFI-004,cr_cause_mode,instr_access_fault_u,0
TP-RVFI-029,CG-RVFI-004,cr_lsfault_src,instr_access_fault_bus_err,0
TP-RVFI-029,CG-RVFI-004,cr_lsfault_src,instr_access_fault_pmp,0
TP-RVFI-030,CG-RVFI-001,cr_mode_trap,m_yes,0
TP-RVFI-030,CG-RVFI-001,cr_mode_trap,u_yes,0
TP-RVFI-030,CG-RVFI-004,cr_cause_mode,ecall_m_m,0
TP-RVFI-030,CG-RVFI-004,cr_cause_mode,ecall_u_u,0
TP-RVFI-030,CG-RVFI-004,cr_cause_mode,illegal_m,0
TP-RVFI-030,CG-RVFI-004,cr_cause_mode,illegal_u,0
TP-RVFI-031,CG-RVFI-001,cp_intr,yes,0
TP-RVFI-031,CG-RVFI-001,cp_valid_gap,g3_plus,0
TP-RVFI-031,CG-SEC-006,cr_wfi_mie,wfi_sleep_clear_m,0
TP-RVFI-031,CG-SEC-006,cr_wfi_mie,wfi_sleep_set_m,0
TP-RVFI-032,CG-RVFI-001,cp_intr_kind,irq,0
TP-RVFI-032,CG-RVFI-001,cp_order_step,one,0
TP-RVFI-032,CG-RVFI-001,cr_intr_cont,yes_discontinuous_intr,0
TP-RVFI-033,CG-CHERI-001,cp_caps_zero_run,yes,0
TP-RVFI-033,CG-CHERI-001,cp_store_seen,yes,0
TP-RVFI-034,CG-RVFI-003,cp_nmi,no,0
TP-RVFI-034,CG-RVFI-003,cp_nmi,yes,0
TP-RVFI-034,CG-RVFI-003,cp_nmi_int,no,0
TP-RVFI-034,CG-RVFI-003,cp_nmi_int,yes,0
TP-RVFI-034,CG-RVFI-003,cr_irq_kind,yes_no_yes,0
TP-RVFI-034,CG-RVFI-003,cr_irq_kind,yes_yes_no,0
TP-RVFI-035,CG-RVFI-003,cp_collision,no,0
TP-RVFI-035,CG-RVFI-003,cp_collision,yes,0
TP-RVFI-035,CG-RVFI-003,cr_irq_collision,yes_yes,0
TP-RVFI-036,CG-RST-002,cp_outputs_at_reset_ok,yes,0
TP-RVFI-036,CG-RVFI-001,cp_ixl,rv32,0
TP-RVFI-037,CG-RVFI-001,cp_pc_continuity,discontinuous_intr,0
TP-RVFI-037,CG-RVFI-001,cr_kind_trap,c16_yes,0
TP-RVFI-037,CG-RVFI-001,cr_mode_trap,u_no,0
TP-RVFI-037,CG-RVFI-002,cp_dir,load,0
TP-RVFI-037,CG-RVFI-003,cp_debug_mode,no,0
TP-RVFI-037,CG-RVFI-003,cp_debug_mode,yes,0
TP-RVFI-038,CG-RVFI-001,cp_rd_source,alu_wb,0
TP-RVFI-038,CG-RVFI-001,cp_rd_source,load_lsu,0
TP-RVFI-038,CG-RVFI-001,cp_rd_source,none,0
TP-RVFI-038,CG-RVFI-001,cr_rd_source_kind,alu_wb_c16,0
TP-RVFI-038,CG-RVFI-001,cr_rd_source_kind,alu_wb_i32,0
TP-RVFI-038,CG-RVFI-001,cr_rd_source_kind,alu_wb_zcmp_uop,0
TP-RVFI-038,CG-RVFI-001,cr_rd_source_kind,load_lsu_c16,0
TP-RVFI-038,CG-RVFI-001,cr_rd_source_kind,load_lsu_i32,0
TP-RVFI-038,CG-RVFI-001,cr_rd_source_kind,load_lsu_zcmp_uop,0
TP-RVFI-038,CG-RVFI-001,cr_rd_source_kind,none_c16,0
TP-RVFI-038,CG-RVFI-001,cr_rd_source_kind,none_i32,0
TP-RVFI-038,CG-RVFI-001,cr_rd_source_kind,none_zcmp_uop,0
TP-SEC-001,CG-SEC-001,cp_alert,minor,0
TP-SEC-001,CG-SEC-001,cp_event,alert_minor,0
TP-SEC-001,CG-SEC-001,cp_event,inject,0
TP-SEC-001,CG-SEC-001,cp_minor_count_per_inject,one,0
TP-SEC-001,CG-SEC-001,cp_phase,running,0
TP-SEC-001,CG-SEC-001,cp_pulse_width,one_cycle,0
TP-SEC-001,CG-SEC-001,cr_alert_inject,minor_icache_ecc,0
TP-SEC-001,CG-SEC-001,cr_alert_phase,minor_running,0
TP-SEC-002,CG-SEC-001,cp_alert,none,0
TP-SEC-002,CG-SEC-001,cp_event,eot,0
TP-SEC-002,CG-SEC-001,cp_inject_kind,none,0
TP-SEC-002,CG-SEC-001,cp_minor_count_per_inject,zero,0
TP-SEC-002,CG-SEC-001,cr_alert_inject,none_none,0
TP-SEC-003,CG-SEC-001,cp_event,eot,0
TP-SEC-003,CG-SEC-001,cp_internal_total,zero,0
TP-SEC-003,CG-SEC-001,cr_alert_phase,none_in_reset,0
TP-SEC-003,CG-SEC-001,cr_alert_phase,none_post_reset_2cyc,0
TP-SEC-004,CG-SEC-001,cp_alert,major_internal,0
TP-SEC-004,CG-SEC-001,cp_event,alert_major_internal,0
TP-SEC-004,CG-SEC-001,cp_inject_kind,pc_fault,0
TP-SEC-004,CG-SEC-001,cp_internal_total,nonzero,0
TP-SEC-004,CG-SEC-001,cp_pulse_width,multi_cycle,0
TP-SEC-004,CG-SEC-001,cr_alert_inject,major_internal_pc_fault,0
TP-SEC-005,CG-RVFI-001,cp_pc_delta,plus2,0
TP-SEC-005,CG-RVFI-001,cp_pc_delta,plus4,0
TP-SEC-005,CG-SEC-001,cp_internal_total,zero,0
TP-SEC-006,CG-RVFI-003,cp_expanded,first,0
TP-SEC-006,CG-RVFI-003,cp_expanded,last,0
TP-SEC-006,CG-SEC-001,cp_internal_total,zero,0
TP-SEC-007,CG-RVFI-004,cr_lsfault_src,instr_access_fault_bus_err,0
TP-SEC-007,CG-SEC-001,cp_alert,major_bus,0
TP-SEC-007,CG-SEC-001,cp_event,alert_major_bus,0
TP-SEC-007,CG-SEC-001,cr_alert_inject,major_bus_ibus_intg,0
TP-SEC-007,CG-SEC-002,cp_dbus_op,na,0
TP-SEC-007,CG-SEC-002,cp_err_bits,double,0
TP-SEC-007,CG-SEC-002,cp_err_bits,multi,0
TP-SEC-007,CG-SEC-002,cp_err_bits,single,0
TP-SEC-007,CG-SEC-002,cp_half,na,0
TP-SEC-007,CG-SEC-002,cp_ibus_consumed,executed,0
TP-SEC-007,CG-SEC-002,cp_load_size,na,0
TP-SEC-007,CG-SEC-002,cp_nmi_taken,no,0
TP-SEC-007,CG-SEC-002,cp_side,ibus,0
TP-SEC-007,CG-SEC-002,cr_errbits_side,double_ibus,0
TP-SEC-007,CG-SEC-002,cr_errbits_side,multi_ibus,0
TP-SEC-007,CG-SEC-002,cr_errbits_side,single_ibus,0
TP-SEC-007,CG-SEC-002,cr_ibus_consumed,ibus_executed_yes,0
TP-SEC-007,CG-SEC-002,cr_side_op,ibus_na,0
TP-SEC-008,CG-RVFI-003,cp_rf_wr_suppress,yes,0
TP-SEC-008,CG-RVFI-003,cr_irq_kind,yes_no_yes,0
TP-SEC-008,CG-SEC-001,cr_alert_inject,major_bus_dbus_load_intg,0
TP-SEC-008,CG-SEC-002,cp_dbus_op,load,0
TP-SEC-008,CG-SEC-002,cp_half,aligned,0
TP-SEC-008,CG-SEC-002,cp_half,first,0
TP-SEC-008,CG-SEC-002,cp_half,second,0
TP-SEC-008,CG-SEC-002,cp_ibus_consumed,na,0
TP-SEC-008,CG-SEC-002,cp_load_size,byte,0
TP-SEC-008,CG-SEC-002,cp_load_size,half,0
TP-SEC-008,CG-SEC-002,cp_load_size,word,0
TP-SEC-008,CG-SEC-002,cp_nmi_latency,next_insn,0
TP-SEC-008,CG-SEC-002,cp_nmi_latency,same_insn,0
TP-SEC-008,CG-SEC-002,cp_nmi_taken,yes,0
TP-SEC-008,CG-SEC-002,cp_rf_wr_suppress,yes,0
TP-SEC-008,CG-SEC-002,cp_side,dbus,0
TP-SEC-008,CG-SEC-002,cr_errbits_side,double_dbus,0
TP-SEC-008,CG-SEC-002,cr_errbits_side,multi_dbus,0
TP-SEC-008,CG-SEC-002,cr_errbits_side,single_dbus,0
TP-SEC-008,CG-SEC-002,cr_load_half,load_aligned_yes,0
TP-SEC-008,CG-SEC-002,cr_load_half,load_first_yes,0
TP-SEC-008,CG-SEC-002,cr_load_half,load_second_yes,0
TP-SEC-008,CG-SEC-002,cr_side_op,dbus_load,0
TP-SEC-009,CG-RVFI-003,cp_rf_wr_suppress,no,0
TP-SEC-009,CG-SEC-001,cr_alert_inject,major_bus_dbus_store_intg,0
TP-SEC-009,CG-SEC-002,cp_dbus_op,store,0
TP-SEC-009,CG-SEC-002,cp_rf_wr_suppress,no,0
TP-SEC-009,CG-SEC-002,cr_load_half,store_aligned_no,0
TP-SEC-009,CG-SEC-002,cr_load_half,store_first_no,0
TP-SEC-009,CG-SEC-002,cr_load_half,store_second_no,0
TP-SEC-009,CG-SEC-002,cr_side_op,dbus_store,0
TP-SEC-010,CG-SEC-001,cp_inject_kind,spurious_dbus_intg,0
TP-SEC-010,CG-SEC-001,cr_alert_inject,major_bus_spurious_dbus_intg,0
TP-SEC-010,CG-SEC-002,cp_nmi_taken,no,0
TP-SEC-010,CG-SEC-002,cr_side_op,dbus_spurious,0
TP-SEC-011,CG-SEC-001,cr_alert_inject,none_none,0
TP-SEC-011,CG-SEC-002,cp_dbus_op,spurious,0
TP-SEC-012,CG-SEC-002,cp_fetch_fault,no,0
TP-SEC-012,CG-SEC-002,cp_fetch_fault,yes,0
TP-SEC-012,CG-SEC-002,cp_ibus_consumed,discarded,0
TP-SEC-012,CG-SEC-002,cr_ibus_consumed,ibus_discarded_no,0
TP-SEC-013,CG-RST-004,cr_fwd_bank,yes_x16,0
TP-SEC-013,CG-RST-004,cr_fwd_bank,yes_x17_31,0
TP-SEC-013,CG-RST-004,cr_fwd_bank,yes_x1_15,0
TP-SEC-013,CG-SEC-001,cp_internal_total,zero,0
TP-SEC-014,CG-DIT-001,cp_access,m_write,0
TP-SEC-014,CG-SEC-001,cp_internal_total,zero,0
TP-SEC-015,CG-SEC-001,cp_event,eot,0
TP-SEC-015,CG-SEC-001,cp_internal_total,zero,0
TP-SEC-016,CG-RST-003,cp_invalid_value,all_one,0
TP-SEC-016,CG-RST-003,cp_invalid_value,all_zero,0
TP-SEC-016,CG-RST-003,cp_invalid_value,other_invalid,0
TP-SEC-016,CG-RST-003,cp_transition,inv2on,0
TP-SEC-016,CG-RST-003,cp_transition,on2inv,0
TP-SEC-016,CG-SEC-005,cp_event,fetch_en_change,0
TP-SEC-016,CG-SEC-005,cp_fetch_en_val,invalid,0
TP-SEC-016,CG-SEC-005,cp_fetch_en_val,off,0
TP-SEC-016,CG-SEC-005,cp_fetch_en_val,on,0
TP-SEC-017,CG-CHERI-001,cp_kind,eot,0
TP-SEC-017,CG-SEC-001,cp_internal_total,zero,0
TP-SEC-018,CG-SEC-006,cp_transition,off2on,0
TP-SEC-018,CG-SEC-006,cp_transition,on2off,0
TP-SEC-018,CG-SEC-006,cp_value,off,0
TP-SEC-018,CG-SEC-006,cp_value,on,0
TP-SEC-019,CG-SEC-005,cp_event,mcounteren_w_change,0
TP-SEC-019,CG-SEC-005,cp_event,mcounteren_write,0
TP-SEC-019,CG-SEC-005,cp_mcounteren_w_val,invalid,0
TP-SEC-019,CG-SEC-005,cp_mcounteren_w_val,off,0
TP-SEC-019,CG-SEC-005,cp_mcounteren_w_val,on,0
TP-SEC-019,CG-SEC-005,cp_mcounteren_write_effect,applied,0
TP-SEC-019,CG-SEC-005,cp_mcounteren_write_effect,dropped,0
TP-SEC-019,CG-SEC-005,cr_mcounteren,invalid_dropped,0
TP-SEC-019,CG-SEC-005,cr_mcounteren,off_dropped,0
TP-SEC-019,CG-SEC-005,cr_mcounteren,on_applied,0
TP-SEC-020,CG-SEC-005,cp_bit8_vs_input,match_delayed,0
TP-SEC-020,CG-SEC-005,cp_event,key_req,0
TP-SEC-020,CG-SEC-005,cp_event,key_valid_change,0
TP-SEC-020,CG-SEC-005,cp_key_delay,delayed,0
TP-SEC-020,CG-SEC-005,cp_key_delay,immediate,0
TP-SEC-020,CG-SEC-005,cp_key_delay,withheld_then_valid,0
TP-SEC-020,CG-SEC-005,cp_key_req_context,debug_mode,0
TP-SEC-020,CG-SEC-005,cp_key_req_context,fence_i,0
TP-SEC-020,CG-SEC-005,cp_key_req_context,icache_disabled,0
TP-SEC-020,CG-SEC-005,cp_key_req_context,reset_inval,0
TP-SEC-020,CG-SEC-005,cr_key,delayed_one,0
TP-SEC-020,CG-SEC-005,cr_key,delayed_zero,0
TP-SEC-020,CG-SEC-005,cr_key,immediate_one,0
TP-SEC-020,CG-SEC-005,cr_key,withheld_then_valid_one,0
TP-SEC-020,CG-SEC-005,cr_key,withheld_then_valid_zero,0
TP-SEC-020,CG-SEC-005,cr_key_ctx,debug_mode_delayed,0
TP-SEC-020,CG-SEC-005,cr_key_ctx,fence_i_delayed,0
TP-SEC-020,CG-SEC-005,cr_key_ctx,fence_i_immediate,0
TP-SEC-020,CG-SEC-005,cr_key_ctx,fence_i_withheld_then_valid,0
TP-SEC-020,CG-SEC-005,cr_key_ctx,icache_disabled_immediate,0
TP-SEC-020,CG-SEC-005,cr_key_ctx,reset_inval_delayed,0
TP-SEC-020,CG-SEC-005,cr_key_ctx,reset_inval_immediate,0
TP-SEC-020,CG-SEC-005,cr_key_ctx,reset_inval_withheld_then_valid,0
TP-SEC-021,CG-SEC-003,cp_debug_mode,no,0
TP-SEC-021,CG-SEC-003,cp_event,sync_exc,0
TP-SEC-021,CG-SEC-003,cp_pulse,yes,0
TP-SEC-021,CG-SEC-003,cp_seen_before,clear,0
TP-SEC-021,CG-SEC-003,cp_seen_before,set,0
TP-SEC-021,CG-SEC-003,cp_sticky_after,set,0
TP-SEC-021,CG-SEC-003,cp_sync_exc_cause,breakpoint,0
TP-SEC-021,CG-SEC-003,cp_sync_exc_cause,ebreak,0
TP-SEC-021,CG-SEC-003,cp_sync_exc_cause,ecall,0
TP-SEC-021,CG-SEC-003,cp_sync_exc_cause,fetch_fault,0
TP-SEC-021,CG-SEC-003,cp_sync_exc_cause,illegal,0
TP-SEC-021,CG-SEC-003,cr_cause_pulse,breakpoint_yes,0
TP-SEC-021,CG-SEC-003,cr_cause_pulse,ebreak_yes,0
TP-SEC-021,CG-SEC-003,cr_cause_pulse,ecall_yes,0
TP-SEC-021,CG-SEC-003,cr_cause_pulse,fetch_fault_yes,0
TP-SEC-021,CG-SEC-003,cr_cause_pulse,illegal_yes,0
TP-SEC-021,CG-SEC-003,cr_cause_pulse,load_fault_yes,0
TP-SEC-021,CG-SEC-003,cr_cause_pulse,store_fault_yes,0
TP-SEC-021,CG-SEC-003,cr_event_seen,sync_exc_clear_no,0
TP-SEC-021,CG-SEC-003,cr_event_seen,sync_exc_set_no,0
TP-SEC-021,CG-SEC-005,cp_bits67_readback,b6_1_b7_1,0
TP-SEC-022,CG-SEC-003,cp_event,mret,0
TP-SEC-022,CG-SEC-003,cp_mret_context,exc_handler,0
TP-SEC-022,CG-SEC-003,cp_mret_context,na,0
TP-SEC-022,CG-SEC-003,cp_pulse,no,0
TP-SEC-022,CG-SEC-003,cp_sticky_after,clear,0
TP-SEC-022,CG-SEC-003,cp_sync_exc_cause,na,0
TP-SEC-022,CG-SEC-003,cr_event_seen,mret_set_no,0
TP-SEC-022,CG-SEC-003,cr_mret_ctx,mret_exc_handler,0
TP-SEC-022,CG-SEC-005,cp_bits67_readback,b6_0_b7_0,0
TP-SEC-022,CG-SEC-005,cp_bits67_readback,b6_1_b7_0,0
TP-SEC-023,CG-SEC-003,cp_debug_mode,yes,0
TP-SEC-023,CG-SEC-003,cp_event,debug_entry,0
TP-SEC-023,CG-SEC-003,cr_event_seen,debug_entry_set_no,0
TP-SEC-023,CG-SEC-003,cr_event_seen,sync_exc_clear_yes,0
TP-SEC-023,CG-SEC-003,cr_event_seen,sync_exc_set_yes,0
TP-SEC-024,CG-SEC-003,cp_event,irq_entry,0
TP-SEC-024,CG-SEC-003,cp_event,nmi_entry,0
TP-SEC-024,CG-SEC-003,cr_event_seen,irq_entry_set_no,0
TP-SEC-024,CG-SEC-003,cr_event_seen,nmi_entry_set_no,0
TP-SEC-025,CG-SEC-003,cp_mret_context,irq_handler,0
TP-SEC-025,CG-SEC-003,cp_mret_context,nmi_handler,0
TP-SEC-025,CG-SEC-003,cr_mret_ctx,mret_irq_handler,0
TP-SEC-025,CG-SEC-003,cr_mret_ctx,mret_nmi_handler,0
TP-SEC-026,CG-SEC-003,cp_event,sw_clr_b6,0
TP-SEC-026,CG-SEC-003,cp_event,sw_clr_b7,0
TP-SEC-026,CG-SEC-003,cp_event,sw_set_b6,0
TP-SEC-026,CG-SEC-003,cp_event,sw_set_b7,0
TP-SEC-026,CG-SEC-003,cr_event_seen,sw_clr_b7_set_no,0
TP-SEC-026,CG-SEC-003,cr_event_seen,sw_set_b6_clear_no,0
TP-SEC-026,CG-SEC-005,cp_bits67_readback,b6_0_b7_1,0
TP-SEC-027,CG-RVFI-004,cr_cause_stage,load_fault_wb,0
TP-SEC-027,CG-RVFI-004,cr_cause_stage,store_fault_wb,0
TP-SEC-027,CG-SEC-003,cp_sync_exc_cause,load_fault,0
TP-SEC-027,CG-SEC-003,cp_sync_exc_cause,store_fault,0
TP-SEC-028,CG-SEC-004,cp_changed,yes,0
TP-SEC-028,CG-SEC-004,cp_debug_mode,no,0
TP-SEC-028,CG-SEC-004,cp_field,current_pc,0
TP-SEC-028,CG-SEC-004,cp_field,next_pc,0
TP-SEC-028,CG-SEC-004,cp_trigger,pc_set_branch,0
TP-SEC-028,CG-SEC-004,cp_trigger,pc_set_debug,0
TP-SEC-028,CG-SEC-004,cp_trigger,pc_set_irq,0
TP-SEC-028,CG-SEC-004,cp_trigger,pc_set_trap,0
TP-SEC-028,CG-SEC-004,cp_trigger,retire,0
TP-SEC-028,CG-SEC-004,cp_value_class,program,0
TP-SEC-028,CG-SEC-004,cr_field_trigger,current_pc_retire,0
TP-SEC-028,CG-SEC-004,cr_field_trigger,next_pc_pc_set_branch,0
TP-SEC-028,CG-SEC-004,cr_field_trigger,next_pc_pc_set_debug,0
TP-SEC-028,CG-SEC-004,cr_field_trigger,next_pc_pc_set_irq,0
TP-SEC-028,CG-SEC-004,cr_field_trigger,next_pc_pc_set_trap,0
TP-SEC-029,CG-SEC-004,cp_field,last_data_addr,0
TP-SEC-029,CG-SEC-004,cp_misaligned,first_half,0
TP-SEC-029,CG-SEC-004,cp_misaligned,na,0
TP-SEC-029,CG-SEC-004,cp_misaligned,no,0
TP-SEC-029,CG-SEC-004,cp_misaligned,second_half,0
TP-SEC-029,CG-SEC-004,cp_trigger,data_req,0
TP-SEC-029,CG-SEC-004,cp_value_class,mmio,0
TP-SEC-029,CG-SEC-004,cr_field_trigger,last_data_addr_data_req,0
TP-SEC-029,CG-SEC-004,cr_lda_misaligned,last_data_addr_first_half,0
TP-SEC-029,CG-SEC-004,cr_lda_misaligned,last_data_addr_no,0
TP-SEC-029,CG-SEC-004,cr_lda_misaligned,last_data_addr_second_half,0
TP-SEC-030,CG-SEC-004,cp_field,exception_addr,0
TP-SEC-030,CG-SEC-004,cp_field,exception_pc,0
TP-SEC-030,CG-SEC-004,cp_trigger,csr_write,0
TP-SEC-030,CG-SEC-004,cr_exc_debug,exception_addr_no_yes,0
TP-SEC-030,CG-SEC-004,cr_exc_debug,exception_pc_no_yes,0
TP-SEC-030,CG-SEC-004,cr_field_trigger,exception_addr_csr_write,0
TP-SEC-030,CG-SEC-004,cr_field_trigger,exception_addr_pc_set_trap,0
TP-SEC-030,CG-SEC-004,cr_field_trigger,exception_pc_csr_write,0
TP-SEC-030,CG-SEC-004,cr_field_trigger,exception_pc_pc_set_irq,0
TP-SEC-030,CG-SEC-004,cr_field_trigger,exception_pc_pc_set_trap,0
TP-SEC-031,CG-SEC-004,cp_trigger,boot,0
TP-SEC-031,CG-SEC-004,cp_trigger,reset,0
TP-SEC-031,CG-SEC-004,cp_value_class,boot_page,0
TP-SEC-031,CG-SEC-004,cp_value_class,zero,0
TP-SEC-031,CG-SEC-004,cr_field_trigger,current_pc_boot,0
TP-SEC-031,CG-SEC-004,cr_field_trigger,exception_addr_reset,0
TP-SEC-031,CG-SEC-004,cr_field_trigger,exception_pc_reset,0
TP-SEC-031,CG-SEC-004,cr_field_trigger,last_data_addr_reset,0
TP-SEC-031,CG-SEC-004,cr_field_trigger,next_pc_boot,0
TP-SEC-032,CG-SEC-004,cp_changed,no,0
TP-SEC-032,CG-SEC-004,cp_debug_mode,yes,0
TP-SEC-032,CG-SEC-004,cr_exc_debug,exception_addr_yes_no,0
TP-SEC-032,CG-SEC-004,cr_exc_debug,exception_pc_yes_no,0
TP-SEC-033,CG-DIT-001,cp_access,m_read_only,0
TP-SEC-033,CG-DIT-001,cp_wr_reserved,bit8,0
TP-SEC-033,CG-DIT-001,cp_wr_reserved,bits31_9,0
TP-SEC-033,CG-DIT-001,cp_wr_reserved,both,0
TP-SEC-033,CG-DIT-001,cp_wr_reserved,none,0
TP-SEC-033,CG-SEC-005,cp_bit8_readback,one,0
TP-SEC-033,CG-SEC-005,cp_bit8_readback,zero,0
TP-SEC-033,CG-SEC-005,cp_bit8_vs_input,na,0
TP-SEC-033,CG-SEC-005,cp_event,cpuctrl_read,0
TP-SEC-034,CG-DIT-001,cp_icache_en,on,0
TP-SEC-034,CG-SEC-005,cp_icache_en_readback_in_debug,one,0
TP-SEC-034,CG-SEC-005,cp_icache_en_readback_in_debug,zero,0
TP-SEC-034,CG-SEC-005,cp_key_req_context,debug_mode,0
TP-SEC-035,CG-RST-002,cp_alert_during_reset,none,0
TP-SEC-035,CG-SEC-001,cp_pulse_width,one_cycle,0
TP-SEC-035,CG-SEC-001,cr_alert_phase,major_bus_running,0
TP-SEC-035,CG-SEC-001,cr_alert_phase,none_in_reset,0
TP-SEC-036,CG-RST-002,cp_alert_during_reset,major_bus,0
TP-SEC-036,CG-RST-002,cr_inflight_resp,fetch_outstanding_bad_intg,0
TP-SEC-036,CG-RST-002,cr_inflight_resp,load_outstanding_bad_intg,0
TP-SEC-036,CG-SEC-001,cp_phase,in_reset,0
TP-SEC-036,CG-SEC-001,cp_phase,post_reset_2cyc,0
TP-SEC-036,CG-SEC-001,cr_alert_phase,major_bus_in_reset,0
TP-SEC-036,CG-SEC-001,cr_alert_phase,none_post_reset_2cyc,0
TP-SEC-037,CG-CHERI-001,cp_kind,eot,0
TP-SEC-037,CG-SEC-001,cp_event,eot,0
TP-SEC-038,CG-CHERI-001,cp_kind,id_marchid,0
TP-SEC-038,CG-CHERI-001,cp_marchid_val,is22,0
TP-SEC-038,CG-RST-001,cp_hart_id,max,0
TP-SEC-038,CG-RST-001,cp_hart_id,random,0
TP-SEC-038,CG-RST-001,cp_hart_id,zero,0
TP-SEC-039,CG-SEC-001,cp_inject_kind,dbus_load_intg,0
TP-SEC-039,CG-SEC-001,cp_inject_kind,dbus_store_intg,0
TP-SEC-039,CG-SEC-001,cp_inject_kind,ibus_intg,0
TP-SEC-039,CG-SEC-001,cp_inject_kind,icache_ecc,0
TP-SEC-039,CG-SEC-001,cp_phase,fetch_disabled,0
TP-SEC-039,CG-SEC-001,cp_phase,in_debug,0
TP-SEC-039,CG-SEC-001,cp_phase,in_wfi,0
TP-SEC-039,CG-SEC-001,cr_alert_phase,major_bus_fetch_disabled,0
TP-SEC-039,CG-SEC-001,cr_alert_phase,minor_in_debug,0
TP-TRG-001,CG-TRG-001,cp_csr,tselect,0
TP-TRG-001,CG-TRG-001,cp_mode,dbg,0
TP-TRG-001,CG-TRG-001,cp_op,clear,0
TP-TRG-001,CG-TRG-001,cp_op,set,0
TP-TRG-001,CG-TRG-001,cp_result,ok_applied,0
TP-TRG-001,CG-TRG-001,cp_result,ok_read,0
TP-TRG-001,CG-TRG-001,cp_tsel_w,big,0
TP-TRG-001,CG-TRG-001,cp_tsel_w,one,0
TP-TRG-001,CG-TRG-001,cp_tsel_w,ones,0
TP-TRG-001,CG-TRG-001,cp_tsel_w,zero,0
TP-TRG-001,CG-TRG-001,cr_csr_mode_result,tsel_dbg_app,0
TP-TRG-001,CG-TRG-001,cr_csr_mode_result,tsel_dbg_rd,0
TP-TRG-001,CG-TRG-001,cr_csr_op,tsel_clr,0
TP-TRG-001,CG-TRG-001,cr_csr_op,tsel_set,0
TP-TRG-001,CG-TRG-001,cr_tselw_mode,big_dbg,0
TP-TRG-001,CG-TRG-001,cr_tselw_mode,one_dbg,0
TP-TRG-001,CG-TRG-001,cr_tselw_mode,ones_dbg,0
TP-TRG-001,CG-TRG-001,cr_tselw_mode,zero_dbg,0
TP-TRG-002,CG-TRG-001,cp_csr,tselect,0
TP-TRG-002,CG-TRG-001,cp_mode,m,0
TP-TRG-002,CG-TRG-001,cp_result,ok_dropped,0
TP-TRG-002,CG-TRG-001,cp_result,ok_read,0
TP-TRG-002,CG-TRG-001,cp_tsel_w,one,0
TP-TRG-002,CG-TRG-001,cp_tsel_w,ones,0
TP-TRG-002,CG-TRG-001,cr_csr_mode_result,tsel_m_drop,0
TP-TRG-002,CG-TRG-001,cr_csr_mode_result,tsel_m_rd,0
TP-TRG-002,CG-TRG-001,cr_tselw_mode,one_m,0
TP-TRG-002,CG-TRG-001,cr_tselw_mode,ones_m,0
TP-TRG-003,CG-TRG-001,cp_csr,tdata1,0
TP-TRG-003,CG-TRG-001,cp_mode,dbg,0
TP-TRG-003,CG-TRG-001,cp_mode,m,0
TP-TRG-003,CG-TRG-001,cp_result,ok_read,0
TP-TRG-003,CG-TRG-001,cp_td1_rb,dis,0
TP-TRG-003,CG-TRG-001,cr_csr_mode_result,td1_dbg_rd,0
TP-TRG-003,CG-TRG-001,cr_csr_mode_result,td1_m_rd,0
TP-TRG-004,CG-TRG-001,cp_csr,tdata1,0
TP-TRG-004,CG-TRG-001,cp_mode,dbg,0
TP-TRG-004,CG-TRG-001,cp_op,clear,0
TP-TRG-004,CG-TRG-001,cp_op,set,0
TP-TRG-004,CG-TRG-001,cp_result,ok_applied,0
TP-TRG-004,CG-TRG-001,cp_td1_exec_w,one,0
TP-TRG-004,CG-TRG-001,cp_td1_exec_w,zero,0
TP-TRG-004,CG-TRG-001,cp_td1_rb,dis,0
TP-TRG-004,CG-TRG-001,cp_td1_rb,en,0
TP-TRG-004,CG-TRG-001,cp_td1_w,action0,0
TP-TRG-004,CG-TRG-001,cp_td1_w,chain,0
TP-TRG-004,CG-TRG-001,cp_td1_w,dmode0,0
TP-TRG-004,CG-TRG-001,cp_td1_w,hit1,0
TP-TRG-004,CG-TRG-001,cp_td1_w,ldst,0
TP-TRG-004,CG-TRG-001,cp_td1_w,match_nz,0
TP-TRG-004,CG-TRG-001,cp_td1_w,ones,0
TP-TRG-004,CG-TRG-001,cp_td1_w,random,0
TP-TRG-004,CG-TRG-001,cp_td1_w,type_ne2,0
TP-TRG-004,CG-TRG-001,cp_td1_w,zeros,0
TP-TRG-004,CG-TRG-001,cr_csr_mode_result,td1_dbg_app,0
TP-TRG-004,CG-TRG-001,cr_csr_op,td1_clr,0
TP-TRG-004,CG-TRG-001,cr_csr_op,td1_set,0
TP-TRG-004,CG-TRG-001,cr_td1_exec_rb,e0_dis,0
TP-TRG-004,CG-TRG-001,cr_td1_exec_rb,e1_en,0
TP-TRG-004,CG-TRG-001,cr_td1w_exec,action0_e1,0
TP-TRG-004,CG-TRG-001,cr_td1w_exec,chain_e1,0
TP-TRG-004,CG-TRG-001,cr_td1w_exec,dmode0_e1,0
TP-TRG-004,CG-TRG-001,cr_td1w_exec,hit1_e1,0
TP-TRG-004,CG-TRG-001,cr_td1w_exec,ldst_e0,0
TP-TRG-004,CG-TRG-001,cr_td1w_exec,ldst_e1,0
TP-TRG-004,CG-TRG-001,cr_td1w_exec,match_e1,0
TP-TRG-004,CG-TRG-001,cr_td1w_exec,ones_e0,0
TP-TRG-004,CG-TRG-001,cr_td1w_exec,ones_e1,0
TP-TRG-004,CG-TRG-001,cr_td1w_exec,rand_e0,0
TP-TRG-004,CG-TRG-001,cr_td1w_exec,rand_e1,0
TP-TRG-004,CG-TRG-001,cr_td1w_exec,type_e1,0
TP-TRG-004,CG-TRG-001,cr_td1w_exec,zeros_e0,0
TP-TRG-004,CG-TRG-001,cr_td1w_exec,zeros_e1,0
TP-TRG-005,CG-TRG-001,cp_csr,tdata1,0
TP-TRG-005,CG-TRG-001,cp_csr,tdata2,0
TP-TRG-005,CG-TRG-001,cp_mode,m,0
TP-TRG-005,CG-TRG-001,cp_result,ok_dropped,0
TP-TRG-005,CG-TRG-001,cp_result,ok_read,0
TP-TRG-005,CG-TRG-001,cp_td2_w,random,0
TP-TRG-005,CG-TRG-001,cr_csr_mode_result,td1_m_drop,0
TP-TRG-005,CG-TRG-001,cr_csr_mode_result,td2_m_drop,0
TP-TRG-005,CG-TRG-001,cr_csr_mode_result,td2_m_rd,0
TP-TRG-005,CG-TRG-001,cr_td2w_mode,rand_m,0
TP-TRG-006,CG-TRG-001,cp_csr,mcontext,0
TP-TRG-006,CG-TRG-001,cp_csr,mscontext,0
TP-TRG-006,CG-TRG-001,cp_csr,scontext,0
TP-TRG-006,CG-TRG-001,cp_csr,tcontrol,0
TP-TRG-006,CG-TRG-001,cp_csr,tdata1,0
TP-TRG-006,CG-TRG-001,cp_csr,tdata2,0
TP-TRG-006,CG-TRG-001,cp_csr,tdata3,0
TP-TRG-006,CG-TRG-001,cp_csr,tinfo,0
TP-TRG-006,CG-TRG-001,cp_csr,tselect,0
TP-TRG-006,CG-TRG-001,cp_mode,u,0
TP-TRG-006,CG-TRG-001,cp_result,illegal,0
TP-TRG-006,CG-TRG-001,cr_csr_mode_result,mctx_u_ill,0
TP-TRG-006,CG-TRG-001,cr_csr_mode_result,msctx_u_ill,0
TP-TRG-006,CG-TRG-001,cr_csr_mode_result,sctx_u_ill,0
TP-TRG-006,CG-TRG-001,cr_csr_mode_result,tctl_u_ill,0
TP-TRG-006,CG-TRG-001,cr_csr_mode_result,td1_u_ill,0
TP-TRG-006,CG-TRG-001,cr_csr_mode_result,td2_u_ill,0
TP-TRG-006,CG-TRG-001,cr_csr_mode_result,td3_u_ill,0
TP-TRG-006,CG-TRG-001,cr_csr_mode_result,tinfo_u_ill,0
TP-TRG-006,CG-TRG-001,cr_csr_mode_result,tsel_u_ill,0
TP-TRG-007,CG-TRG-001,cp_csr,tdata2,0
TP-TRG-007,CG-TRG-001,cp_mode,dbg,0
TP-TRG-007,CG-TRG-001,cp_op,clear,0
TP-TRG-007,CG-TRG-001,cp_op,set,0
TP-TRG-007,CG-TRG-001,cp_result,ok_applied,0
TP-TRG-007,CG-TRG-001,cp_result,ok_read,0
TP-TRG-007,CG-TRG-001,cp_td2_w,halfword,0
TP-TRG-007,CG-TRG-001,cp_td2_w,msb,0
TP-TRG-007,CG-TRG-001,cp_td2_w,odd,0
TP-TRG-007,CG-TRG-001,cp_td2_w,ones,0
TP-TRG-007,CG-TRG-001,cp_td2_w,random,0
TP-TRG-007,CG-TRG-001,cp_td2_w,zero,0
TP-TRG-007,CG-TRG-001,cr_csr_mode_result,td2_dbg_app,0
TP-TRG-007,CG-TRG-001,cr_csr_mode_result,td2_dbg_rd,0
TP-TRG-007,CG-TRG-001,cr_csr_op,td2_clr,0
TP-TRG-007,CG-TRG-001,cr_csr_op,td2_set,0
TP-TRG-007,CG-TRG-001,cr_td2w_mode,half_dbg,0
TP-TRG-007,CG-TRG-001,cr_td2w_mode,msb_dbg,0
TP-TRG-007,CG-TRG-001,cr_td2w_mode,odd_dbg,0
TP-TRG-007,CG-TRG-001,cr_td2w_mode,ones_dbg,0
TP-TRG-007,CG-TRG-001,cr_td2w_mode,rand_dbg,0
TP-TRG-007,CG-TRG-001,cr_td2w_mode,zero_dbg,0
TP-TRG-008,CG-TRG-001,cp_csr,mcontext,0
TP-TRG-008,CG-TRG-001,cp_csr,mscontext,0
TP-TRG-008,CG-TRG-001,cp_csr,scontext,0
TP-TRG-008,CG-TRG-001,cp_csr,tdata3,0
TP-TRG-008,CG-TRG-001,cp_mode,dbg,0
TP-TRG-008,CG-TRG-001,cp_mode,m,0
TP-TRG-008,CG-TRG-001,cp_op,write,0
TP-TRG-008,CG-TRG-001,cp_result,ok_dropped,0
TP-TRG-008,CG-TRG-001,cp_result,ok_read,0
TP-TRG-008,CG-TRG-001,cr_csr_mode_result,mctx_dbg_drop,0
TP-TRG-008,CG-TRG-001,cr_csr_mode_result,mctx_dbg_rd,0
TP-TRG-008,CG-TRG-001,cr_csr_mode_result,mctx_m_drop,0
TP-TRG-008,CG-TRG-001,cr_csr_mode_result,mctx_m_rd,0
TP-TRG-008,CG-TRG-001,cr_csr_mode_result,msctx_dbg_drop,0
TP-TRG-008,CG-TRG-001,cr_csr_mode_result,msctx_dbg_rd,0
TP-TRG-008,CG-TRG-001,cr_csr_mode_result,msctx_m_drop,0
TP-TRG-008,CG-TRG-001,cr_csr_mode_result,msctx_m_rd,0
TP-TRG-008,CG-TRG-001,cr_csr_mode_result,sctx_dbg_drop,0
TP-TRG-008,CG-TRG-001,cr_csr_mode_result,sctx_dbg_rd,0
TP-TRG-008,CG-TRG-001,cr_csr_mode_result,sctx_m_drop,0
TP-TRG-008,CG-TRG-001,cr_csr_mode_result,sctx_m_rd,0
TP-TRG-008,CG-TRG-001,cr_csr_mode_result,td3_dbg_drop,0
TP-TRG-008,CG-TRG-001,cr_csr_mode_result,td3_dbg_rd,0
TP-TRG-008,CG-TRG-001,cr_csr_mode_result,td3_m_drop,0
TP-TRG-008,CG-TRG-001,cr_csr_mode_result,td3_m_rd,0
TP-TRG-008,CG-TRG-001,cr_csr_op,mctx_wr,0
TP-TRG-008,CG-TRG-001,cr_csr_op,msctx_wr,0
TP-TRG-008,CG-TRG-001,cr_csr_op,sctx_wr,0
TP-TRG-008,CG-TRG-001,cr_csr_op,td3_wr,0
TP-TRG-009,CG-TRG-001,cp_csr,tcontrol,0
TP-TRG-009,CG-TRG-001,cp_csr,tinfo,0
TP-TRG-009,CG-TRG-001,cp_mode,dbg,0
TP-TRG-009,CG-TRG-001,cp_mode,m,0
TP-TRG-009,CG-TRG-001,cp_op,read,0
TP-TRG-009,CG-TRG-001,cp_op,write,0
TP-TRG-009,CG-TRG-001,cp_result,illegal,0
TP-TRG-009,CG-TRG-001,cr_csr_mode_result,tctl_dbg_ill,0
TP-TRG-009,CG-TRG-001,cr_csr_mode_result,tctl_m_ill,0
TP-TRG-009,CG-TRG-001,cr_csr_mode_result,tinfo_dbg_ill,0
TP-TRG-009,CG-TRG-001,cr_csr_mode_result,tinfo_m_ill,0
TP-TRG-009,CG-TRG-001,cr_csr_op,tctl_rd,0
TP-TRG-009,CG-TRG-001,cr_csr_op,tctl_wr,0
TP-TRG-009,CG-TRG-001,cr_csr_op,tinfo_rd,0
TP-TRG-009,CG-TRG-001,cr_csr_op,tinfo_wr,0
TP-TRG-010,CG-DBG-001,cp_cause,trigger,0
TP-TRG-010,CG-DBG-001,cp_dpc_kind,trig_pc,0
TP-TRG-010,CG-DBG-001,cp_entry_ctx,idle,0
TP-TRG-010,CG-DBG-001,cp_prv_before,m,0
TP-TRG-010,CG-DBG-001,cr_cause_ctx,trigger_idle,0
TP-TRG-010,CG-DBG-001,cr_cause_dpc,trigger_pc,0
TP-TRG-010,CG-DBG-001,cr_cause_prv,trigger_m,0
TP-TRG-010,CG-TRG-002,cp_cause_rb,trigger,0
TP-TRG-010,CG-TRG-002,cp_coincident,none,0
TP-TRG-010,CG-TRG-002,cp_ctx,seq32,0
TP-TRG-010,CG-TRG-002,cp_dpc_rel,eq_td2,0
TP-TRG-010,CG-TRG-002,cp_exec,on,0
TP-TRG-010,CG-TRG-002,cp_fired,fired,0
TP-TRG-010,CG-TRG-002,cp_priv,m,0
TP-TRG-010,CG-TRG-002,cp_td2_lsb,even,0
TP-TRG-010,CG-TRG-002,cr_cause_dpc,trig_td2,0
TP-TRG-010,CG-TRG-002,cr_coinc_cause,none_trig,0
TP-TRG-010,CG-TRG-002,cr_ctx_fired,seq32_f,0
TP-TRG-010,CG-TRG-002,cr_exec_fired,on_f,0
TP-TRG-010,CG-TRG-002,cr_lsb_fired,even_f,0
TP-TRG-010,CG-TRG-002,cr_priv_fired,m_f,0
TP-TRG-011,CG-TRG-002,cp_ctx,seq32,0
TP-TRG-011,CG-TRG-002,cp_exec,off,0
TP-TRG-011,CG-TRG-002,cp_fired,not_fired,0
TP-TRG-011,CG-TRG-002,cp_priv,m,0
TP-TRG-011,CG-TRG-002,cr_ctx_fired,seq32_nf,0
TP-TRG-011,CG-TRG-002,cr_exec_fired,off_nf,0
TP-TRG-011,CG-TRG-002,cr_priv_fired,m_nf,0
TP-TRG-012,CG-DBG-001,cp_cause,trigger,0
TP-TRG-012,CG-DBG-001,cp_prv_before,u,0
TP-TRG-012,CG-DBG-001,cr_cause_prv,trigger_u,0
TP-TRG-012,CG-TRG-002,cp_fired,fired,0
TP-TRG-012,CG-TRG-002,cp_fired,not_fired,0
TP-TRG-012,CG-TRG-002,cp_priv,u,0
TP-TRG-012,CG-TRG-002,cr_priv_fired,u_f,0
TP-TRG-012,CG-TRG-002,cr_priv_fired,u_nf,0
TP-TRG-013,CG-TRG-002,cp_ctx,in_debug,0
TP-TRG-013,CG-TRG-002,cp_fired,not_fired,0
TP-TRG-013,CG-TRG-002,cr_ctx_fired,indebug_nf,0
TP-TRG-014,CG-TRG-002,cp_ctx,comp0,0
TP-TRG-014,CG-TRG-002,cp_ctx,comp2,0
TP-TRG-014,CG-TRG-002,cp_fired,fired,0
TP-TRG-014,CG-TRG-002,cr_ctx_fired,comp0_f,0
TP-TRG-014,CG-TRG-002,cr_ctx_fired,comp2_f,0
TP-TRG-015,CG-TRG-001,cp_mode,dbg,0
TP-TRG-015,CG-TRG-001,cp_td2_w,odd,0
TP-TRG-015,CG-TRG-001,cr_td2w_mode,odd_dbg,0
TP-TRG-015,CG-TRG-002,cp_fired,not_fired,0
TP-TRG-015,CG-TRG-002,cp_td2_lsb,b0,0
TP-TRG-015,CG-TRG-002,cr_lsb_fired,b0_nf,0
TP-TRG-016,CG-DBG-001,cp_cause,trigger,0
TP-TRG-016,CG-DBG-001,cp_entry_ctx,after_dret,0
TP-TRG-016,CG-DBG-001,cr_cause_ctx,trigger_after_dret,0
TP-TRG-016,CG-DBG-005,cp_next,rehalt_trig,0
TP-TRG-016,CG-DBG-005,cp_prv_target,m,0
TP-TRG-016,CG-DBG-005,cp_prv_target,u,0
TP-TRG-016,CG-DBG-005,cr_prv_next,m_rehalt_trig,0
TP-TRG-016,CG-DBG-005,cr_prv_next,u_rehalt_trig,0
TP-TRG-016,CG-TRG-002,cp_ctx,dret_tgt,0
TP-TRG-016,CG-TRG-002,cp_fired,fired,0
TP-TRG-016,CG-TRG-002,cr_ctx_fired,dret_f,0
TP-TRG-017,CG-DBG-001,cp_cause,trigger,0
TP-TRG-017,CG-DBG-001,cp_entry_ctx,after_mret,0
TP-TRG-017,CG-DBG-001,cp_entry_ctx,after_trap,0
TP-TRG-017,CG-DBG-001,cr_cause_ctx,trigger_after_mret,0
TP-TRG-017,CG-DBG-001,cr_cause_ctx,trigger_after_trap,0
TP-TRG-017,CG-TRG-002,cp_ctx,mtvec_exc,0
TP-TRG-017,CG-TRG-002,cp_ctx,mtvec_irq,0
TP-TRG-017,CG-TRG-002,cp_ctx,mtvec_nmi,0
TP-TRG-017,CG-TRG-002,cp_fired,fired,0
TP-TRG-017,CG-TRG-002,cr_ctx_fired,mtvec_exc_f,0
TP-TRG-017,CG-TRG-002,cr_ctx_fired,mtvec_irq_f,0
TP-TRG-017,CG-TRG-002,cr_ctx_fired,mtvec_nmi_f,0
TP-TRG-018,CG-DBG-001,cp_cause,trigger,0
TP-TRG-018,CG-DBG-001,cp_entry_ctx,after_dret,0
TP-TRG-018,CG-DBG-001,cr_cause_ctx,trigger_after_dret,0
TP-TRG-018,CG-DBG-006,cp_cause,trigger,0
TP-TRG-018,CG-DBG-006,cp_haltreq,yes,0
TP-TRG-018,CG-DBG-006,cp_prv,m,0
TP-TRG-018,CG-DBG-006,cp_prv,u,0
TP-TRG-018,CG-DBG-006,cp_retired,none,0
TP-TRG-018,CG-DBG-006,cp_stepped,trig_hit,0
TP-TRG-018,CG-DBG-006,cr_haltreq_cause,yes_trigger,0
TP-TRG-018,CG-DBG-006,cr_stepped_prv,trig_m,0
TP-TRG-018,CG-DBG-006,cr_stepped_prv,trig_u,0
TP-TRG-018,CG-DBG-006,cr_stepped_retired,trig_none,0
TP-TRG-018,CG-TRG-002,cp_cause_rb,trigger,0
TP-TRG-018,CG-TRG-002,cp_coincident,step,0
TP-TRG-018,CG-TRG-002,cp_ctx,step_first,0
TP-TRG-018,CG-TRG-002,cp_fired,fired,0
TP-TRG-018,CG-TRG-002,cr_coinc_cause,step_trig,0
TP-TRG-018,CG-TRG-002,cr_ctx_fired,stepfirst_f,0
TP-TRG-019,CG-DBG-001,cp_cause,trigger,0
TP-TRG-019,CG-DBG-001,cp_dpc_kind,trig_pc,0
TP-TRG-019,CG-DBG-001,cr_cause_dpc,trigger_pc,0
TP-TRG-019,CG-DBG-002,cp_coincident,trigger,0
TP-TRG-019,CG-DBG-002,cp_outcome,entered,0
TP-TRG-019,CG-DBG-002,cr_coincident_outcome,trigger_entered,0
TP-TRG-019,CG-TRG-002,cp_cause_rb,trigger,0
TP-TRG-019,CG-TRG-002,cp_coincident,haltreq,0
TP-TRG-019,CG-TRG-002,cr_coinc_cause,haltreq_trig,0
TP-TRG-020,CG-DBG-003,cp_coincident,trig_next,0
TP-TRG-020,CG-DBG-003,cp_outcome,dbg_entry,0
TP-TRG-020,CG-DBG-003,cr_coincident_outcome,trignext_dbg,0
TP-TRG-020,CG-TRG-002,cp_cause_rb,ebreak,0
TP-TRG-020,CG-TRG-002,cp_cause_rb,trigger,0
TP-TRG-020,CG-TRG-002,cp_coincident,ebreak_prev,0
TP-TRG-020,CG-TRG-002,cp_ctx,ebreak_next,0
TP-TRG-020,CG-TRG-002,cp_dpc_rel,eq_ebreak_pc,0
TP-TRG-020,CG-TRG-002,cr_cause_dpc,ebreak_ebreakpc,0
TP-TRG-020,CG-TRG-002,cr_cause_dpc,trig_ebreakpc,0
TP-TRG-020,CG-TRG-002,cr_coinc_cause,ebreakprev_trig,0
TP-TRG-021,CG-TRG-002,cp_ctx,fall_nottaken,0
TP-TRG-021,CG-TRG-002,cp_ctx,fall_taken,0
TP-TRG-021,CG-TRG-002,cp_dit,off,0
TP-TRG-021,CG-TRG-002,cp_fired,fired,0
TP-TRG-021,CG-TRG-002,cp_fired,not_fired,0
TP-TRG-021,CG-TRG-002,cr_ctx_fired,fallnt_f,0
TP-TRG-021,CG-TRG-002,cr_ctx_fired,falltaken_nf,0
TP-TRG-021,CG-TRG-002,cr_dit_fall,dit0_fallnt_f,0
TP-TRG-021,CG-TRG-002,cr_dit_fall,dit0_falltaken_nf,0
TP-TRG-022,CG-TRG-002,cp_ctx,fall_nottaken,0
TP-TRG-022,CG-TRG-002,cp_ctx,fall_taken,0
TP-TRG-022,CG-TRG-002,cp_dit,on,0
TP-TRG-022,CG-TRG-002,cp_fired,fired,0
TP-TRG-022,CG-TRG-002,cp_fired,not_fired,0
TP-TRG-022,CG-TRG-002,cr_dit_fall,dit1_fallnt_f,0
TP-TRG-022,CG-TRG-002,cr_dit_fall,dit1_falltaken_nf,0
TP-TRG-023,CG-TRG-002,cp_ctx,zcmp_first,0
TP-TRG-023,CG-TRG-002,cp_ctx,zcmp_next,0
TP-TRG-023,CG-TRG-002,cp_fired,fired,0
TP-TRG-023,CG-TRG-002,cr_ctx_fired,zfirst_f,0
TP-TRG-023,CG-TRG-002,cr_ctx_fired,znext_f,0
TP-TRG-024,CG-TRG-002,cp_ctx,fault_addr,0
TP-TRG-024,CG-TRG-002,cp_fired,fired,0
TP-TRG-024,CG-TRG-002,cr_ctx_fired,fault_f,0
TP-TRG-025,CG-DBG-009,cp_disposition,debug_wins_entry,0
TP-TRG-025,CG-DBG-009,cp_window,entry_cycle,0
TP-TRG-025,CG-DBG-009,cr_window_disp,entry_wins,0
TP-TRG-025,CG-TRG-002,cp_cause_rb,trigger,0
TP-TRG-025,CG-TRG-002,cp_coincident,irq,0
TP-TRG-025,CG-TRG-002,cp_coincident,nmi,0
TP-TRG-025,CG-TRG-002,cr_coinc_cause,irq_trig,0
TP-TRG-025,CG-TRG-002,cr_coinc_cause,nmi_trig,0
TP-TRG-026,CG-TRG-002,cp_ctx,dummy_slot,0
TP-TRG-026,CG-TRG-002,cp_ctx,seq32,0
TP-TRG-026,CG-TRG-002,cp_fired,fired,0
TP-TRG-026,CG-TRG-002,cr_ctx_fired,dummy_f,0
TP-TRG-026,CG-TRG-002,cr_ctx_fired,seq32_f,0
TP-TRG-027,CG-DBG-001,cp_cause,trigger,0
TP-TRG-027,CG-DBG-001,cp_entry_ctx,ifetch_stall,0
TP-TRG-027,CG-DBG-001,cr_cause_ctx,trigger_ifetch,0
TP-TRG-027,CG-TRG-002,cp_ctx,ibus_stall,0
TP-TRG-027,CG-TRG-002,cp_fired,fired,0
TP-TRG-027,CG-TRG-002,cr_ctx_fired,stall_f,0
TP-TRG-028,CG-TRG-001,cp_csr,tdata1,0
TP-TRG-028,CG-TRG-001,cp_mode,dbg,0
TP-TRG-028,CG-TRG-001,cp_result,ok_read,0
TP-TRG-028,CG-TRG-001,cp_td1_exec_w,one,0
TP-TRG-028,CG-TRG-001,cp_td1_rb,en,0
TP-TRG-028,CG-TRG-001,cp_td1_rb,en_after_hit,0
TP-TRG-028,CG-TRG-001,cp_td1_w,hit1,0
TP-TRG-028,CG-TRG-001,cr_csr_mode_result,td1_dbg_rd,0
TP-TRG-028,CG-TRG-001,cr_td1w_exec,hit1_e1,0
TP-TRG-029,CG-TRG-001,cp_csr,mcontext,0
TP-TRG-029,CG-TRG-001,cp_csr,mscontext,0
TP-TRG-029,CG-TRG-001,cp_csr,scontext,0
TP-TRG-029,CG-TRG-001,cp_csr,tdata1,0
TP-TRG-029,CG-TRG-001,cp_csr,tdata2,0
TP-TRG-029,CG-TRG-001,cp_csr,tdata3,0
TP-TRG-029,CG-TRG-001,cp_csr,tselect,0
TP-TRG-029,CG-TRG-001,cp_mode,m,0
TP-TRG-029,CG-TRG-001,cp_result,ok_read,0
TP-TRG-029,CG-TRG-001,cr_csr_mode_result,mctx_m_rd,0
TP-TRG-029,CG-TRG-001,cr_csr_mode_result,msctx_m_rd,0
TP-TRG-029,CG-TRG-001,cr_csr_mode_result,sctx_m_rd,0
TP-TRG-029,CG-TRG-001,cr_csr_mode_result,td1_m_rd,0
TP-TRG-029,CG-TRG-001,cr_csr_mode_result,td2_m_rd,0
TP-TRG-029,CG-TRG-001,cr_csr_mode_result,td3_m_rd,0
TP-TRG-029,CG-TRG-001,cr_csr_mode_result,tsel_m_rd,0
TP-TRG-030,CG-TRG-001,cp_csr,tdata1,0
TP-TRG-030,CG-TRG-001,cp_csr,tdata2,0
TP-TRG-030,CG-TRG-001,cp_mode,dbg,0
TP-TRG-030,CG-TRG-001,cp_result,ok_applied,0
TP-TRG-030,CG-TRG-001,cr_csr_mode_result,td1_dbg_app,0
TP-TRG-030,CG-TRG-001,cr_csr_mode_result,td2_dbg_app,0
TP-TRG-030,CG-TRG-002,cp_coincident,none,0
TP-TRG-030,CG-TRG-002,cp_ctx,br_tgt,0
TP-TRG-030,CG-TRG-002,cp_ctx,comp0,0
TP-TRG-030,CG-TRG-002,cp_ctx,jalr_tgt,0
TP-TRG-030,CG-TRG-002,cp_ctx,seq32,0
TP-TRG-030,CG-TRG-002,cp_fired,fired,0
TP-TRG-030,CG-TRG-002,cp_fired,not_fired,0
TP-TRG-030,CG-TRG-002,cp_priv,m,0
TP-TRG-030,CG-TRG-002,cp_priv,u,0
TP-TRG-030,CG-TRG-002,cr_ctx_fired,br_f,0
TP-TRG-030,CG-TRG-002,cr_ctx_fired,comp0_f,0
TP-TRG-030,CG-TRG-002,cr_ctx_fired,jalr_f,0
TP-TRG-030,CG-TRG-002,cr_ctx_fired,seq32_f,0
TP-TRG-030,CG-TRG-002,cr_ctx_fired,seq32_nf,0
TP-TRG-030,CG-TRG-002,cr_priv_fired,m_nf,0
TP-TRG-030,CG-TRG-002,cr_priv_fired,u_nf,0
TP-TRG-031,CG-TRG-001,cp_mode,dbg,0
TP-TRG-031,CG-TRG-001,cp_td1_exec_w,one,0
TP-TRG-031,CG-TRG-001,cp_td1_exec_w,zero,0
TP-TRG-031,CG-TRG-001,cp_td1_w,zeros,0
TP-TRG-031,CG-TRG-001,cp_td2_w,random,0
TP-TRG-031,CG-TRG-001,cr_td1w_exec,zeros_e0,0
TP-TRG-031,CG-TRG-001,cr_td1w_exec,zeros_e1,0
TP-TRG-031,CG-TRG-001,cr_td2w_mode,rand_dbg,0
TP-TRG-031,CG-TRG-002,cp_ctx,br_tgt,0
TP-TRG-031,CG-TRG-002,cp_ctx,jalr_tgt,0
TP-TRG-031,CG-TRG-002,cp_fired,fired,0
TP-TRG-031,CG-TRG-002,cr_ctx_fired,br_f,0
TP-TRG-031,CG-TRG-002,cr_ctx_fired,jalr_f,0
TP-XIF-001,CG-XIF-001,cp_async,debug_req,0
TP-XIF-001,CG-XIF-001,cp_async,irq_pending,0
TP-XIF-001,CG-XIF-001,cp_async,multiple,0
TP-XIF-001,CG-XIF-001,cp_async,nmi,0
TP-XIF-001,CG-XIF-001,cp_async,none,0
TP-XIF-001,CG-XIF-001,cp_err_half,single,0
TP-XIF-001,CG-XIF-001,cp_err_half,split_first,0
TP-XIF-001,CG-XIF-001,cp_err_half,split_second,0
TP-XIF-001,CG-XIF-001,cp_fetch_state,idle,0
TP-XIF-001,CG-XIF-001,cp_fetch_state,rsp_same_cycle,0
TP-XIF-001,CG-XIF-001,cp_fetch_state,stalled,0
TP-XIF-001,CG-XIF-001,cp_we,load,0
TP-XIF-001,CG-XIF-001,cp_we,store,0
TP-XIF-001,CG-XIF-001,cr_fetch_x_async,idle_debug_req,0
TP-XIF-001,CG-XIF-001,cr_fetch_x_async,idle_irq_pending,0
TP-XIF-001,CG-XIF-001,cr_fetch_x_async,idle_multiple,0
TP-XIF-001,CG-XIF-001,cr_fetch_x_async,idle_nmi,0
TP-XIF-001,CG-XIF-001,cr_fetch_x_async,idle_none,0
TP-XIF-001,CG-XIF-001,cr_fetch_x_async,rsp_same_cycle_debug_req,0
TP-XIF-001,CG-XIF-001,cr_fetch_x_async,rsp_same_cycle_irq_pending,0
TP-XIF-001,CG-XIF-001,cr_fetch_x_async,rsp_same_cycle_multiple,0
TP-XIF-001,CG-XIF-001,cr_fetch_x_async,rsp_same_cycle_nmi,0
TP-XIF-001,CG-XIF-001,cr_fetch_x_async,rsp_same_cycle_none,0
TP-XIF-001,CG-XIF-001,cr_fetch_x_async,stalled_debug_req,0
TP-XIF-001,CG-XIF-001,cr_fetch_x_async,stalled_irq_pending,0
TP-XIF-001,CG-XIF-001,cr_fetch_x_async,stalled_multiple,0
TP-XIF-001,CG-XIF-001,cr_fetch_x_async,stalled_nmi,0
TP-XIF-001,CG-XIF-001,cr_fetch_x_async,stalled_none,0
TP-XIF-001,CG-XIF-001,cr_half_x_async,single_debug_req,0
TP-XIF-001,CG-XIF-001,cr_half_x_async,single_irq_pending,0
TP-XIF-001,CG-XIF-001,cr_half_x_async,single_multiple,0
TP-XIF-001,CG-XIF-001,cr_half_x_async,single_nmi,0
TP-XIF-001,CG-XIF-001,cr_half_x_async,single_none,0
TP-XIF-001,CG-XIF-001,cr_half_x_async,split_first_debug_req,0
TP-XIF-001,CG-XIF-001,cr_half_x_async,split_first_irq_pending,0
TP-XIF-001,CG-XIF-001,cr_half_x_async,split_first_multiple,0
TP-XIF-001,CG-XIF-001,cr_half_x_async,split_first_nmi,0
TP-XIF-001,CG-XIF-001,cr_half_x_async,split_first_none,0
TP-XIF-001,CG-XIF-001,cr_half_x_async,split_second_debug_req,0
TP-XIF-001,CG-XIF-001,cr_half_x_async,split_second_irq_pending,0
TP-XIF-001,CG-XIF-001,cr_half_x_async,split_second_multiple,0
TP-XIF-001,CG-XIF-001,cr_half_x_async,split_second_nmi,0
TP-XIF-001,CG-XIF-001,cr_half_x_async,split_second_none,0
TP-XIF-002,CG-XIF-003,cp_async_src,debug_req,0
TP-XIF-002,CG-XIF-003,cp_dbus_state,single_outst,0
TP-XIF-002,CG-XIF-003,cp_dbus_state,split_both_outst,0
TP-XIF-002,CG-XIF-003,cp_dbus_state,split_first_outst,0
TP-XIF-002,CG-XIF-003,cp_dbus_state,split_second_outst,0
TP-XIF-002,CG-XIF-003,cp_rsp_outcome,err,0
TP-XIF-002,CG-XIF-003,cp_rsp_outcome,ok,0
TP-XIF-002,CG-XIF-003,cp_we,load,0
TP-XIF-002,CG-XIF-003,cp_we,store,0
TP-XIF-002,CG-XIF-003,cr_src_x_outcome_x_we,debug_req_err_load,0
TP-XIF-002,CG-XIF-003,cr_src_x_outcome_x_we,debug_req_err_store,0
TP-XIF-002,CG-XIF-003,cr_src_x_outcome_x_we,debug_req_ok_load,0
TP-XIF-002,CG-XIF-003,cr_src_x_outcome_x_we,debug_req_ok_store,0
TP-XIF-002,CG-XIF-003,cr_src_x_state,debug_req_single_outst,0
TP-XIF-003,CG-XIF-003,cp_async_src,nmi_ext,0
TP-XIF-003,CG-XIF-003,cp_async_src,nmi_int,0
TP-XIF-003,CG-XIF-003,cr_src_x_outcome_x_we,nmi_ext_err_load,0
TP-XIF-003,CG-XIF-003,cr_src_x_outcome_x_we,nmi_ext_err_store,0
TP-XIF-003,CG-XIF-003,cr_src_x_outcome_x_we,nmi_ext_ok_load,0
TP-XIF-003,CG-XIF-003,cr_src_x_outcome_x_we,nmi_ext_ok_store,0
TP-XIF-003,CG-XIF-003,cr_src_x_outcome_x_we,nmi_int_err_load,0
TP-XIF-003,CG-XIF-003,cr_src_x_outcome_x_we,nmi_int_err_store,0
TP-XIF-003,CG-XIF-003,cr_src_x_outcome_x_we,nmi_int_ok_load,0
TP-XIF-003,CG-XIF-003,cr_src_x_outcome_x_we,nmi_int_ok_store,0
TP-XIF-003,CG-XIF-003,cr_src_x_state,nmi_ext_single_outst,0
TP-XIF-003,CG-XIF-003,cr_src_x_state,nmi_ext_split_both_outst,0
TP-XIF-003,CG-XIF-003,cr_src_x_state,nmi_ext_split_first_outst,0
TP-XIF-003,CG-XIF-003,cr_src_x_state,nmi_ext_split_second_outst,0
TP-XIF-003,CG-XIF-003,cr_src_x_state,nmi_int_split_both_outst,0
TP-XIF-003,CG-XIF-003,cr_src_x_state,nmi_int_split_first_outst,0
TP-XIF-003,CG-XIF-003,cr_src_x_state,nmi_int_split_second_outst,0
TP-XIF-004,CG-XIF-004,cp_mode_at_wfi,m,0
TP-XIF-004,CG-XIF-004,cp_mode_at_wfi,u,0
TP-XIF-004,CG-XIF-004,cp_pending_at_wfi,data_outst,0
TP-XIF-004,CG-XIF-004,cp_pending_at_wfi,fetch_outst,0
TP-XIF-004,CG-XIF-004,cp_pending_at_wfi,icache_busy,0
TP-XIF-004,CG-XIF-004,cp_pending_at_wfi,none,0
TP-XIF-004,CG-XIF-004,cp_slept,no_sleep,0
TP-XIF-004,CG-XIF-004,cp_slept,slept,0
TP-XIF-004,CG-XIF-004,cp_wake_result,debug_entered,0
TP-XIF-004,CG-XIF-004,cp_wake_result,illegal_trap,0
TP-XIF-004,CG-XIF-004,cp_wake_result,resumed_no_trap,0
TP-XIF-004,CG-XIF-004,cp_wake_result,trap_taken,0
TP-XIF-004,CG-XIF-004,cp_wake_src,debug_req,0
TP-XIF-004,CG-XIF-004,cp_wake_src,irq_maskable,0
TP-XIF-004,CG-XIF-004,cp_wake_src,nmi,0
TP-XIF-004,CG-XIF-004,cp_wake_src,none_needed,0
TP-XIF-004,CG-XIF-004,cr_mode_x_result,m_debug_entered,0
TP-XIF-004,CG-XIF-004,cr_mode_x_result,m_resumed_no_trap,0
TP-XIF-004,CG-XIF-004,cr_mode_x_result,m_trap_taken,0
TP-XIF-004,CG-XIF-004,cr_mode_x_result,u_debug_entered,0
TP-XIF-004,CG-XIF-004,cr_mode_x_result,u_illegal_trap,0
TP-XIF-004,CG-XIF-004,cr_mode_x_result,u_resumed_no_trap,0
TP-XIF-004,CG-XIF-004,cr_mode_x_result,u_trap_taken,0
TP-XIF-004,CG-XIF-004,cr_pending_x_src,data_outst_debug_req,0
TP-XIF-004,CG-XIF-004,cr_pending_x_src,data_outst_irq_maskable,0
TP-XIF-004,CG-XIF-004,cr_pending_x_src,data_outst_nmi,0
TP-XIF-004,CG-XIF-004,cr_pending_x_src,data_outst_none_needed,0
TP-XIF-004,CG-XIF-004,cr_pending_x_src,fetch_outst_debug_req,0
TP-XIF-004,CG-XIF-004,cr_pending_x_src,fetch_outst_irq_maskable,0
TP-XIF-004,CG-XIF-004,cr_pending_x_src,fetch_outst_nmi,0
TP-XIF-004,CG-XIF-004,cr_pending_x_src,fetch_outst_none_needed,0
TP-XIF-004,CG-XIF-004,cr_pending_x_src,icache_busy_debug_req,0
TP-XIF-004,CG-XIF-004,cr_pending_x_src,icache_busy_irq_maskable,0
TP-XIF-004,CG-XIF-004,cr_pending_x_src,icache_busy_nmi,0
TP-XIF-004,CG-XIF-004,cr_pending_x_src,icache_busy_none_needed,0
TP-XIF-004,CG-XIF-004,cr_pending_x_src,none_debug_req,0
TP-XIF-004,CG-XIF-004,cr_pending_x_src,none_irq_maskable,0
TP-XIF-004,CG-XIF-004,cr_pending_x_src,none_nmi,0
TP-XIF-004,CG-XIF-004,cr_pending_x_src,none_none_needed,0
TP-XIF-004,CG-XIF-004,cr_src_x_result,debug_req_debug_entered,0
TP-XIF-004,CG-XIF-004,cr_src_x_result,debug_req_resumed_no_trap,0
TP-XIF-004,CG-XIF-004,cr_src_x_result,debug_req_trap_taken,0
TP-XIF-004,CG-XIF-004,cr_src_x_result,irq_maskable_debug_entered,0
TP-XIF-004,CG-XIF-004,cr_src_x_result,irq_maskable_resumed_no_trap,0
TP-XIF-004,CG-XIF-004,cr_src_x_result,irq_maskable_trap_taken,0
TP-XIF-004,CG-XIF-004,cr_src_x_result,nmi_debug_entered,0
TP-XIF-004,CG-XIF-004,cr_src_x_result,nmi_resumed_no_trap,0
TP-XIF-004,CG-XIF-004,cr_src_x_result,nmi_trap_taken,0
TP-XIF-004,CG-XIF-004,cr_src_x_result,none_needed_debug_entered,0
TP-XIF-004,CG-XIF-004,cr_src_x_result,none_needed_resumed_no_trap,0
TP-XIF-004,CG-XIF-004,cr_src_x_result,none_needed_trap_taken,0
TP-XIF-005,CG-XIF-002,cp_async,debug_req,0
TP-XIF-005,CG-XIF-002,cp_async,irq_pending,0
TP-XIF-005,CG-XIF-002,cp_async,multiple,0
TP-XIF-005,CG-XIF-002,cp_async,nmi,0
TP-XIF-005,CG-XIF-002,cp_async,none,0
TP-XIF-005,CG-XIF-002,cp_consumed,discarded,0
TP-XIF-005,CG-XIF-002,cp_consumed,executed_trap,0
TP-XIF-005,CG-XIF-002,cp_outst_at_err,few,0
TP-XIF-005,CG-XIF-002,cp_outst_at_err,many,0
TP-XIF-005,CG-XIF-002,cp_outst_at_err,one,0
TP-XIF-005,CG-XIF-002,cp_window,debug_entry_window,0
TP-XIF-005,CG-XIF-002,cp_window,irq_taken_window,0
TP-XIF-005,CG-XIF-002,cp_window,normal,0
TP-XIF-005,CG-XIF-002,cr_async_x_window,debug_req_debug_entry_window,0
TP-XIF-005,CG-XIF-002,cr_async_x_window,debug_req_irq_taken_window,0
TP-XIF-005,CG-XIF-002,cr_async_x_window,debug_req_normal,0
TP-XIF-005,CG-XIF-002,cr_async_x_window,irq_pending_debug_entry_window,0
TP-XIF-005,CG-XIF-002,cr_async_x_window,irq_pending_irq_taken_window,0
TP-XIF-005,CG-XIF-002,cr_async_x_window,irq_pending_normal,0
TP-XIF-005,CG-XIF-002,cr_async_x_window,multiple_debug_entry_window,0
TP-XIF-005,CG-XIF-002,cr_async_x_window,multiple_irq_taken_window,0
TP-XIF-005,CG-XIF-002,cr_async_x_window,multiple_normal,0
TP-XIF-005,CG-XIF-002,cr_async_x_window,nmi_debug_entry_window,0
TP-XIF-005,CG-XIF-002,cr_async_x_window,nmi_irq_taken_window,0
TP-XIF-005,CG-XIF-002,cr_async_x_window,nmi_normal,0
TP-XIF-005,CG-XIF-002,cr_async_x_window,none_debug_entry_window,0
TP-XIF-005,CG-XIF-002,cr_async_x_window,none_irq_taken_window,0
TP-XIF-005,CG-XIF-002,cr_async_x_window,none_normal,0
TP-XIF-005,CG-XIF-002,cr_consumed_x_async,discarded_debug_req,0
TP-XIF-005,CG-XIF-002,cr_consumed_x_async,discarded_irq_pending,0
TP-XIF-005,CG-XIF-002,cr_consumed_x_async,discarded_multiple,0
TP-XIF-005,CG-XIF-002,cr_consumed_x_async,discarded_nmi,0
TP-XIF-005,CG-XIF-002,cr_consumed_x_async,discarded_none,0
TP-XIF-005,CG-XIF-002,cr_consumed_x_async,executed_trap_debug_req,0
TP-XIF-005,CG-XIF-002,cr_consumed_x_async,executed_trap_irq_pending,0
TP-XIF-005,CG-XIF-002,cr_consumed_x_async,executed_trap_multiple,0
TP-XIF-005,CG-XIF-002,cr_consumed_x_async,executed_trap_nmi,0
TP-XIF-005,CG-XIF-002,cr_consumed_x_async,executed_trap_none,0
TP-XIF-006,CG-XIF-005,cp_event,fence_i,0
TP-XIF-006,CG-XIF-005,cp_fill_state,multi_line,0
TP-XIF-006,CG-XIF-005,cp_fill_state,one_beat_outst,0
TP-XIF-006,CG-XIF-005,cp_fill_state,two_to_line,0
TP-XIF-006,CG-XIF-005,cp_inval,invalidating,0
TP-XIF-006,CG-XIF-005,cp_inval,none,0
TP-XIF-006,CG-XIF-005,cp_key,valid,0
TP-XIF-006,CG-XIF-005,cr_event_x_fill,fence_i_multi_line,0
TP-XIF-006,CG-XIF-005,cr_event_x_fill,fence_i_one_beat_outst,0
TP-XIF-006,CG-XIF-005,cr_event_x_fill,fence_i_two_to_line,0
TP-XIF-006,CG-XIF-005,cr_event_x_inval,fence_i_invalidating,0
TP-XIF-006,CG-XIF-005,cr_event_x_inval,fence_i_none,0
TP-XIF-006,CG-XIF-005,cr_event_x_key,fence_i_valid,0
TP-XIF-007,CG-XIF-005,cp_event,bus_err_beat,0
TP-XIF-007,CG-XIF-005,cp_event,redirect,0
TP-XIF-007,CG-XIF-005,cp_stale_fill_outcome,completed_err,0
TP-XIF-007,CG-XIF-005,cp_stale_fill_outcome,completed_ok,0
TP-XIF-007,CG-XIF-005,cr_event_x_fill,bus_err_beat_multi_line,0
TP-XIF-007,CG-XIF-005,cr_event_x_fill,bus_err_beat_one_beat_outst,0
TP-XIF-007,CG-XIF-005,cr_event_x_fill,bus_err_beat_two_to_line,0
TP-XIF-007,CG-XIF-005,cr_event_x_fill,redirect_multi_line,0
TP-XIF-007,CG-XIF-005,cr_event_x_fill,redirect_one_beat_outst,0
TP-XIF-007,CG-XIF-005,cr_event_x_fill,redirect_two_to_line,0
TP-XIF-007,CG-XIF-005,cr_event_x_inval,bus_err_beat_invalidating,0
TP-XIF-007,CG-XIF-005,cr_event_x_inval,bus_err_beat_none,0
TP-XIF-007,CG-XIF-005,cr_event_x_inval,redirect_invalidating,0
TP-XIF-007,CG-XIF-005,cr_event_x_inval,redirect_none,0
TP-XIF-007,CG-XIF-005,cr_event_x_key,bus_err_beat_valid,0
TP-XIF-007,CG-XIF-005,cr_event_x_key,redirect_valid,0
TP-XIF-007,CG-XIF-005,cr_redirect_x_stale_err,completed_err_multi_line,0
TP-XIF-007,CG-XIF-005,cr_redirect_x_stale_err,completed_err_one_beat_outst,0
TP-XIF-007,CG-XIF-005,cr_redirect_x_stale_err,completed_err_two_to_line,0
TP-XIF-007,CG-XIF-005,cr_redirect_x_stale_err,completed_ok_multi_line,0
TP-XIF-007,CG-XIF-005,cr_redirect_x_stale_err,completed_ok_one_beat_outst,0
TP-XIF-007,CG-XIF-005,cr_redirect_x_stale_err,completed_ok_two_to_line,0
TP-XIF-008,CG-XIF-003,cp_async_src,irq_maskable,0
TP-XIF-008,CG-XIF-003,cr_src_x_outcome_x_we,irq_maskable_err_load,0
TP-XIF-008,CG-XIF-003,cr_src_x_outcome_x_we,irq_maskable_err_store,0
TP-XIF-008,CG-XIF-003,cr_src_x_outcome_x_we,irq_maskable_ok_load,0
TP-XIF-008,CG-XIF-003,cr_src_x_outcome_x_we,irq_maskable_ok_store,0
TP-XIF-008,CG-XIF-003,cr_src_x_state,irq_maskable_single_outst,0
TP-XIF-008,CG-XIF-003,cr_src_x_state,irq_maskable_split_both_outst,0
TP-XIF-008,CG-XIF-003,cr_src_x_state,irq_maskable_split_first_outst,0
TP-XIF-008,CG-XIF-003,cr_src_x_state,irq_maskable_split_second_outst,0
TP-XIF-009,CG-XIF-003,cr_src_x_state,debug_req_split_both_outst,0
TP-XIF-009,CG-XIF-003,cr_src_x_state,debug_req_split_first_outst,0
TP-XIF-009,CG-XIF-003,cr_src_x_state,debug_req_split_second_outst,0
TP-XIF-010,CG-XIF-009,cp_prev_ls_outst,no,0
TP-XIF-010,CG-XIF-009,cp_prev_ls_outst,single,0
TP-XIF-010,CG-XIF-009,cp_prev_ls_outst,split,0
TP-XIF-010,CG-XIF-009,cr_prev_ls_x_csr,no_mseccfg,0
TP-XIF-010,CG-XIF-009,cr_prev_ls_x_csr,no_pmpaddr,0
TP-XIF-010,CG-XIF-009,cr_prev_ls_x_csr,no_pmpcfg,0
TP-XIF-010,CG-XIF-009,cr_prev_ls_x_csr,single_mseccfg,0
TP-XIF-010,CG-XIF-009,cr_prev_ls_x_csr,single_pmpaddr,0
TP-XIF-010,CG-XIF-009,cr_prev_ls_x_csr,single_pmpcfg,0
TP-XIF-010,CG-XIF-009,cr_prev_ls_x_csr,split_mseccfg,0
TP-XIF-010,CG-XIF-009,cr_prev_ls_x_csr,split_pmpaddr,0
TP-XIF-010,CG-XIF-009,cr_prev_ls_x_csr,split_pmpcfg,0
TP-XIF-011,CG-XIF-006,cp_event,irq_maskable,0
TP-XIF-011,CG-XIF-006,cp_event,nmi,0
TP-XIF-011,CG-XIF-006,cp_outcome,completed_then_event,0
TP-XIF-011,CG-XIF-006,cp_outcome,interrupted_reexecuted,0
TP-XIF-011,CG-XIF-006,cp_phase,first,0
TP-XIF-011,CG-XIF-006,cp_phase,last,0
TP-XIF-011,CG-XIF-006,cp_phase,middle,0
TP-XIF-011,CG-XIF-006,cp_zcmp_kind,mva01s,0
TP-XIF-011,CG-XIF-006,cp_zcmp_kind,mvsa01,0
TP-XIF-011,CG-XIF-006,cp_zcmp_kind,pop,0
TP-XIF-011,CG-XIF-006,cp_zcmp_kind,popret,0
TP-XIF-011,CG-XIF-006,cp_zcmp_kind,popretz,0
TP-XIF-011,CG-XIF-006,cp_zcmp_kind,push,0
TP-XIF-011,CG-XIF-006,cr_event_x_outcome,irq_maskable_completed_then_event,0
TP-XIF-011,CG-XIF-006,cr_event_x_outcome,irq_maskable_interrupted_reexecuted,0
TP-XIF-011,CG-XIF-006,cr_event_x_outcome,nmi_completed_then_event,0
TP-XIF-011,CG-XIF-006,cr_event_x_outcome,nmi_interrupted_reexecuted,0
TP-XIF-011,CG-XIF-006,cr_kind_x_event,mva01s_irq_maskable,0
TP-XIF-011,CG-XIF-006,cr_kind_x_event,mva01s_nmi,0
TP-XIF-011,CG-XIF-006,cr_kind_x_event,mvsa01_irq_maskable,0
TP-XIF-011,CG-XIF-006,cr_kind_x_event,mvsa01_nmi,0
TP-XIF-011,CG-XIF-006,cr_kind_x_event,pop_irq_maskable,0
TP-XIF-011,CG-XIF-006,cr_kind_x_event,pop_nmi,0
TP-XIF-011,CG-XIF-006,cr_kind_x_event,popret_irq_maskable,0
TP-XIF-011,CG-XIF-006,cr_kind_x_event,popret_nmi,0
TP-XIF-011,CG-XIF-006,cr_kind_x_event,popretz_irq_maskable,0
TP-XIF-011,CG-XIF-006,cr_kind_x_event,popretz_nmi,0
TP-XIF-011,CG-XIF-006,cr_kind_x_event,push_irq_maskable,0
TP-XIF-011,CG-XIF-006,cr_kind_x_event,push_nmi,0
TP-XIF-011,CG-XIF-006,cr_phase_x_irq,first_irq_maskable,0
TP-XIF-011,CG-XIF-006,cr_phase_x_irq,first_nmi,0
TP-XIF-011,CG-XIF-006,cr_phase_x_irq,last_irq_maskable,0
TP-XIF-011,CG-XIF-006,cr_phase_x_irq,last_nmi,0
TP-XIF-011,CG-XIF-006,cr_phase_x_irq,middle_irq_maskable,0
TP-XIF-011,CG-XIF-006,cr_phase_x_irq,middle_nmi,0
TP-XIF-012,CG-XIF-006,cp_event,debug_req,0
TP-XIF-012,CG-XIF-006,cp_event,step,0
TP-XIF-012,CG-XIF-006,cr_event_x_outcome,debug_req_completed_then_event,0
TP-XIF-012,CG-XIF-006,cr_event_x_outcome,step_completed_then_event,0
TP-XIF-012,CG-XIF-006,cr_kind_x_event,mva01s_debug_req,0
TP-XIF-012,CG-XIF-006,cr_kind_x_event,mva01s_step,0
TP-XIF-012,CG-XIF-006,cr_kind_x_event,mvsa01_debug_req,0
TP-XIF-012,CG-XIF-006,cr_kind_x_event,mvsa01_step,0
TP-XIF-012,CG-XIF-006,cr_kind_x_event,pop_debug_req,0
TP-XIF-012,CG-XIF-006,cr_kind_x_event,pop_step,0
TP-XIF-012,CG-XIF-006,cr_kind_x_event,popret_debug_req,0
TP-XIF-012,CG-XIF-006,cr_kind_x_event,popret_step,0
TP-XIF-012,CG-XIF-006,cr_kind_x_event,popretz_debug_req,0
TP-XIF-012,CG-XIF-006,cr_kind_x_event,popretz_step,0
TP-XIF-012,CG-XIF-006,cr_kind_x_event,push_debug_req,0
TP-XIF-012,CG-XIF-006,cr_kind_x_event,push_step,0
TP-XIF-013,CG-XIF-006,cp_event,bus_err_load,0
TP-XIF-013,CG-XIF-006,cp_event,bus_err_store,0
TP-XIF-013,CG-XIF-006,cp_event,pmp_fault,0
TP-XIF-013,CG-XIF-006,cp_outcome,trap_mid_sequence,0
TP-XIF-013,CG-XIF-006,cr_event_x_outcome,bus_err_load_trap_mid_sequence,0
TP-XIF-013,CG-XIF-006,cr_event_x_outcome,bus_err_store_trap_mid_sequence,0
TP-XIF-013,CG-XIF-006,cr_event_x_outcome,pmp_fault_trap_mid_sequence,0
TP-XIF-013,CG-XIF-006,cr_kind_x_event,pop_bus_err_load,0
TP-XIF-013,CG-XIF-006,cr_kind_x_event,pop_pmp_fault,0
TP-XIF-013,CG-XIF-006,cr_kind_x_event,popret_bus_err_load,0
TP-XIF-013,CG-XIF-006,cr_kind_x_event,popret_pmp_fault,0
TP-XIF-013,CG-XIF-006,cr_kind_x_event,popretz_bus_err_load,0
TP-XIF-013,CG-XIF-006,cr_kind_x_event,popretz_pmp_fault,0
TP-XIF-013,CG-XIF-006,cr_kind_x_event,push_bus_err_store,0
TP-XIF-013,CG-XIF-006,cr_kind_x_event,push_pmp_fault,0
TP-XIF-014,CG-XIF-007,cp_enable_effect,disables_pending,0
TP-XIF-014,CG-XIF-007,cp_enable_effect,enables_pending,0
TP-XIF-014,CG-XIF-007,cp_enable_effect,neutral,0
TP-XIF-014,CG-XIF-007,cp_flush_kind,csr_irq,0
TP-XIF-014,CG-XIF-007,cp_flush_kind,csr_nonflush,0
TP-XIF-014,CG-XIF-007,cp_flush_kind,csr_other_flush,0
TP-XIF-014,CG-XIF-007,cp_irq_state,debug_req,0
TP-XIF-014,CG-XIF-007,cp_irq_state,irq_pending,0
TP-XIF-014,CG-XIF-007,cp_irq_state,multiple,0
TP-XIF-014,CG-XIF-007,cp_irq_state,nmi,0
TP-XIF-014,CG-XIF-007,cp_irq_state,none,0
TP-XIF-014,CG-XIF-007,cp_next,debug_entry,0
TP-XIF-014,CG-XIF-007,cp_next,handler_irq,0
TP-XIF-014,CG-XIF-007,cp_next,handler_nmi,0
TP-XIF-014,CG-XIF-007,cp_next,sequential,0
TP-XIF-014,CG-XIF-007,cr_effect_x_next,disables_pending_debug_entry,0
TP-XIF-014,CG-XIF-007,cr_effect_x_next,disables_pending_handler_nmi,0
TP-XIF-014,CG-XIF-007,cr_effect_x_next,disables_pending_sequential,0
TP-XIF-014,CG-XIF-007,cr_effect_x_next,enables_pending_debug_entry,0
TP-XIF-014,CG-XIF-007,cr_effect_x_next,enables_pending_handler_irq,0
TP-XIF-014,CG-XIF-007,cr_effect_x_next,enables_pending_handler_nmi,0
TP-XIF-014,CG-XIF-007,cr_effect_x_next,enables_pending_sequential,0
TP-XIF-014,CG-XIF-007,cr_effect_x_next,neutral_debug_entry,0
TP-XIF-014,CG-XIF-007,cr_effect_x_next,neutral_handler_irq,0
TP-XIF-014,CG-XIF-007,cr_effect_x_next,neutral_handler_nmi,0
TP-XIF-014,CG-XIF-007,cr_effect_x_next,neutral_sequential,0
TP-XIF-014,CG-XIF-007,cr_kind_x_irq,csr_irq_debug_req,0
TP-XIF-014,CG-XIF-007,cr_kind_x_irq,csr_irq_irq_pending,0
TP-XIF-014,CG-XIF-007,cr_kind_x_irq,csr_irq_multiple,0
TP-XIF-014,CG-XIF-007,cr_kind_x_irq,csr_irq_nmi,0
TP-XIF-014,CG-XIF-007,cr_kind_x_irq,csr_irq_none,0
TP-XIF-014,CG-XIF-007,cr_kind_x_irq,csr_nonflush_debug_req,0
TP-XIF-014,CG-XIF-007,cr_kind_x_irq,csr_nonflush_irq_pending,0
TP-XIF-014,CG-XIF-007,cr_kind_x_irq,csr_nonflush_multiple,0
TP-XIF-014,CG-XIF-007,cr_kind_x_irq,csr_nonflush_nmi,0
TP-XIF-014,CG-XIF-007,cr_kind_x_irq,csr_nonflush_none,0
TP-XIF-014,CG-XIF-007,cr_kind_x_irq,csr_other_flush_debug_req,0
TP-XIF-014,CG-XIF-007,cr_kind_x_irq,csr_other_flush_irq_pending,0
TP-XIF-014,CG-XIF-007,cr_kind_x_irq,csr_other_flush_multiple,0
TP-XIF-014,CG-XIF-007,cr_kind_x_irq,csr_other_flush_nmi,0
TP-XIF-014,CG-XIF-007,cr_kind_x_irq,csr_other_flush_none,0
TP-XIF-015,CG-XIF-007,cp_flush_kind,dret,0
TP-XIF-015,CG-XIF-007,cp_flush_kind,mret,0
TP-XIF-015,CG-XIF-007,cp_mode_to,m,0
TP-XIF-015,CG-XIF-007,cp_mode_to,u,0
TP-XIF-015,CG-XIF-007,cr_kind_x_irq,dret_debug_req,0
TP-XIF-015,CG-XIF-007,cr_kind_x_irq,dret_irq_pending,0
TP-XIF-015,CG-XIF-007,cr_kind_x_irq,dret_multiple,0
TP-XIF-015,CG-XIF-007,cr_kind_x_irq,dret_nmi,0
TP-XIF-015,CG-XIF-007,cr_kind_x_irq,dret_none,0
TP-XIF-015,CG-XIF-007,cr_kind_x_irq,mret_debug_req,0
TP-XIF-015,CG-XIF-007,cr_kind_x_irq,mret_irq_pending,0
TP-XIF-015,CG-XIF-007,cr_kind_x_irq,mret_multiple,0
TP-XIF-015,CG-XIF-007,cr_kind_x_irq,mret_nmi,0
TP-XIF-015,CG-XIF-007,cr_kind_x_irq,mret_none,0
TP-XIF-015,CG-XIF-007,cr_mode_to_x_irq,m_debug_req,0
TP-XIF-015,CG-XIF-007,cr_mode_to_x_irq,m_irq_pending,0
TP-XIF-015,CG-XIF-007,cr_mode_to_x_irq,m_multiple,0
TP-XIF-015,CG-XIF-007,cr_mode_to_x_irq,m_nmi,0
TP-XIF-015,CG-XIF-007,cr_mode_to_x_irq,m_none,0
TP-XIF-015,CG-XIF-007,cr_mode_to_x_irq,u_debug_req,0
TP-XIF-015,CG-XIF-007,cr_mode_to_x_irq,u_irq_pending,0
TP-XIF-015,CG-XIF-007,cr_mode_to_x_irq,u_multiple,0
TP-XIF-015,CG-XIF-007,cr_mode_to_x_irq,u_nmi,0
TP-XIF-015,CG-XIF-007,cr_mode_to_x_irq,u_none,0
TP-XIF-016,CG-XIF-008,cp_during_off,async_rises,0
TP-XIF-016,CG-XIF-008,cp_during_off,data_rsp_returns,0
TP-XIF-016,CG-XIF-008,cp_during_off,fetch_rsp_returns,0
TP-XIF-016,CG-XIF-008,cp_during_off,nothing,0
TP-XIF-016,CG-XIF-008,cp_inflight,data_outst,0
TP-XIF-016,CG-XIF-008,cp_inflight,debug_req,0
TP-XIF-016,CG-XIF-008,cp_inflight,fetch_outst,0
TP-XIF-016,CG-XIF-008,cp_inflight,in_debug,0
TP-XIF-016,CG-XIF-008,cp_inflight,irq_pending,0
TP-XIF-016,CG-XIF-008,cp_inflight,nmi,0
TP-XIF-016,CG-XIF-008,cp_inflight,none,0
TP-XIF-016,CG-XIF-008,cp_inflight,sleeping,0
TP-XIF-016,CG-XIF-008,cp_inflight,split_inflight,0
TP-XIF-016,CG-XIF-008,cp_inflight,zcmp_inflight,0
TP-XIF-016,CG-XIF-008,cp_off_duration,long,0
TP-XIF-016,CG-XIF-008,cp_off_duration,one_cycle,0
TP-XIF-016,CG-XIF-008,cp_off_duration,short,0
TP-XIF-016,CG-XIF-008,cp_off_encoding,invalid_encoding,0
TP-XIF-016,CG-XIF-008,cp_off_encoding,mubi_off,0
TP-XIF-016,CG-XIF-008,cp_retire_after,debug,0
TP-XIF-016,CG-XIF-008,cp_retire_after,handler,0
TP-XIF-016,CG-XIF-008,cp_retire_after,resumed_sequential,0
TP-XIF-016,CG-XIF-008,cr_dur_x_during,long_async_rises,0
TP-XIF-016,CG-XIF-008,cr_dur_x_during,long_data_rsp_returns,0
TP-XIF-016,CG-XIF-008,cr_dur_x_during,long_fetch_rsp_returns,0
TP-XIF-016,CG-XIF-008,cr_dur_x_during,long_nothing,0
TP-XIF-016,CG-XIF-008,cr_dur_x_during,one_cycle_async_rises,0
TP-XIF-016,CG-XIF-008,cr_dur_x_during,one_cycle_data_rsp_returns,0
TP-XIF-016,CG-XIF-008,cr_dur_x_during,one_cycle_fetch_rsp_returns,0
TP-XIF-016,CG-XIF-008,cr_dur_x_during,one_cycle_nothing,0
TP-XIF-016,CG-XIF-008,cr_dur_x_during,short_async_rises,0
TP-XIF-016,CG-XIF-008,cr_dur_x_during,short_data_rsp_returns,0
TP-XIF-016,CG-XIF-008,cr_dur_x_during,short_fetch_rsp_returns,0
TP-XIF-016,CG-XIF-008,cr_dur_x_during,short_nothing,0
TP-XIF-016,CG-XIF-008,cr_during_x_after,async_rises_debug,0
TP-XIF-016,CG-XIF-008,cr_during_x_after,async_rises_handler,0
TP-XIF-016,CG-XIF-008,cr_during_x_after,async_rises_resumed_sequential,0
TP-XIF-016,CG-XIF-008,cr_during_x_after,data_rsp_returns_debug,0
TP-XIF-016,CG-XIF-008,cr_during_x_after,data_rsp_returns_handler,0
TP-XIF-016,CG-XIF-008,cr_during_x_after,data_rsp_returns_resumed_sequential,0
TP-XIF-016,CG-XIF-008,cr_during_x_after,fetch_rsp_returns_debug,0
TP-XIF-016,CG-XIF-008,cr_during_x_after,fetch_rsp_returns_handler,0
TP-XIF-016,CG-XIF-008,cr_during_x_after,fetch_rsp_returns_resumed_sequential,0
TP-XIF-016,CG-XIF-008,cr_during_x_after,nothing_debug,0
TP-XIF-016,CG-XIF-008,cr_during_x_after,nothing_handler,0
TP-XIF-016,CG-XIF-008,cr_during_x_after,nothing_resumed_sequential,0
TP-XIF-016,CG-XIF-008,cr_enc_x_inflight,invalid_encoding_data_outst,0
TP-XIF-016,CG-XIF-008,cr_enc_x_inflight,invalid_encoding_debug_req,0
TP-XIF-016,CG-XIF-008,cr_enc_x_inflight,invalid_encoding_fetch_outst,0
TP-XIF-016,CG-XIF-008,cr_enc_x_inflight,invalid_encoding_in_debug,0
TP-XIF-016,CG-XIF-008,cr_enc_x_inflight,invalid_encoding_irq_pending,0
TP-XIF-016,CG-XIF-008,cr_enc_x_inflight,invalid_encoding_nmi,0
TP-XIF-016,CG-XIF-008,cr_enc_x_inflight,invalid_encoding_none,0
TP-XIF-016,CG-XIF-008,cr_enc_x_inflight,invalid_encoding_sleeping,0
TP-XIF-016,CG-XIF-008,cr_enc_x_inflight,invalid_encoding_split_inflight,0
TP-XIF-016,CG-XIF-008,cr_enc_x_inflight,invalid_encoding_zcmp_inflight,0
TP-XIF-016,CG-XIF-008,cr_enc_x_inflight,mubi_off_data_outst,0
TP-XIF-016,CG-XIF-008,cr_enc_x_inflight,mubi_off_debug_req,0
TP-XIF-016,CG-XIF-008,cr_enc_x_inflight,mubi_off_fetch_outst,0
TP-XIF-016,CG-XIF-008,cr_enc_x_inflight,mubi_off_in_debug,0
TP-XIF-016,CG-XIF-008,cr_enc_x_inflight,mubi_off_irq_pending,0
TP-XIF-016,CG-XIF-008,cr_enc_x_inflight,mubi_off_nmi,0
TP-XIF-016,CG-XIF-008,cr_enc_x_inflight,mubi_off_none,0
TP-XIF-016,CG-XIF-008,cr_enc_x_inflight,mubi_off_sleeping,0
TP-XIF-016,CG-XIF-008,cr_enc_x_inflight,mubi_off_split_inflight,0
TP-XIF-016,CG-XIF-008,cr_enc_x_inflight,mubi_off_zcmp_inflight,0
TP-XIF-017,CG-XIF-010,cp_after,async_pending_at_release,0
TP-XIF-017,CG-XIF-010,cp_after,first_fetch_boot_vector,0
TP-XIF-017,CG-XIF-010,cp_after,stale_rsp_after_release,0
TP-XIF-017,CG-XIF-010,cp_inflight,data_outst,0
TP-XIF-017,CG-XIF-010,cp_inflight,debug_req,0
TP-XIF-017,CG-XIF-010,cp_inflight,fetch_en_off,0
TP-XIF-017,CG-XIF-010,cp_inflight,fetch_outst,0
TP-XIF-017,CG-XIF-010,cp_inflight,fill_inflight,0
TP-XIF-017,CG-XIF-010,cp_inflight,idle,0
TP-XIF-017,CG-XIF-010,cp_inflight,in_debug,0
TP-XIF-017,CG-XIF-010,cp_inflight,invalidating,0
TP-XIF-017,CG-XIF-010,cp_inflight,irq_pending,0
TP-XIF-017,CG-XIF-010,cp_inflight,key_withheld,0
TP-XIF-017,CG-XIF-010,cp_inflight,nmi,0
TP-XIF-017,CG-XIF-010,cp_inflight,sleeping,0
TP-XIF-017,CG-XIF-010,cp_inflight,split_inflight,0
TP-XIF-017,CG-XIF-010,cp_inflight,zcmp_inflight,0
TP-XIF-017,CG-XIF-010,cp_reset_len,long,0
TP-XIF-017,CG-XIF-010,cp_reset_len,short,0
TP-XIF-017,CG-XIF-010,cr_inflight_x_after,data_outst_async_pending_at_release,0
TP-XIF-017,CG-XIF-010,cr_inflight_x_after,data_outst_first_fetch_boot_vector,0
TP-XIF-017,CG-XIF-010,cr_inflight_x_after,data_outst_stale_rsp_after_release,0
TP-XIF-017,CG-XIF-010,cr_inflight_x_after,debug_req_async_pending_at_release,0
TP-XIF-017,CG-XIF-010,cr_inflight_x_after,debug_req_first_fetch_boot_vector,0
TP-XIF-017,CG-XIF-010,cr_inflight_x_after,debug_req_stale_rsp_after_release,0
TP-XIF-017,CG-XIF-010,cr_inflight_x_after,fetch_en_off_async_pending_at_release,0
TP-XIF-017,CG-XIF-010,cr_inflight_x_after,fetch_en_off_stale_rsp_after_release,0
TP-XIF-017,CG-XIF-010,cr_inflight_x_after,fetch_outst_async_pending_at_release,0
TP-XIF-017,CG-XIF-010,cr_inflight_x_after,fetch_outst_first_fetch_boot_vector,0
TP-XIF-017,CG-XIF-010,cr_inflight_x_after,fetch_outst_stale_rsp_after_release,0
TP-XIF-017,CG-XIF-010,cr_inflight_x_after,fill_inflight_async_pending_at_release,0
TP-XIF-017,CG-XIF-010,cr_inflight_x_after,fill_inflight_first_fetch_boot_vector,0
TP-XIF-017,CG-XIF-010,cr_inflight_x_after,fill_inflight_stale_rsp_after_release,0
TP-XIF-017,CG-XIF-010,cr_inflight_x_after,idle_async_pending_at_release,0
TP-XIF-017,CG-XIF-010,cr_inflight_x_after,idle_first_fetch_boot_vector,0
TP-XIF-017,CG-XIF-010,cr_inflight_x_after,in_debug_async_pending_at_release,0
TP-XIF-017,CG-XIF-010,cr_inflight_x_after,in_debug_first_fetch_boot_vector,0
TP-XIF-017,CG-XIF-010,cr_inflight_x_after,in_debug_stale_rsp_after_release,0
TP-XIF-017,CG-XIF-010,cr_inflight_x_after,invalidating_async_pending_at_release,0
TP-XIF-017,CG-XIF-010,cr_inflight_x_after,invalidating_first_fetch_boot_vector,0
TP-XIF-017,CG-XIF-010,cr_inflight_x_after,invalidating_stale_rsp_after_release,0
TP-XIF-017,CG-XIF-010,cr_inflight_x_after,irq_pending_async_pending_at_release,0
TP-XIF-017,CG-XIF-010,cr_inflight_x_after,irq_pending_first_fetch_boot_vector,0
TP-XIF-017,CG-XIF-010,cr_inflight_x_after,irq_pending_stale_rsp_after_release,0
TP-XIF-017,CG-XIF-010,cr_inflight_x_after,key_withheld_async_pending_at_release,0
TP-XIF-017,CG-XIF-010,cr_inflight_x_after,key_withheld_first_fetch_boot_vector,0
TP-XIF-017,CG-XIF-010,cr_inflight_x_after,key_withheld_stale_rsp_after_release,0
TP-XIF-017,CG-XIF-010,cr_inflight_x_after,nmi_async_pending_at_release,0
TP-XIF-017,CG-XIF-010,cr_inflight_x_after,nmi_first_fetch_boot_vector,0
TP-XIF-017,CG-XIF-010,cr_inflight_x_after,nmi_stale_rsp_after_release,0
TP-XIF-017,CG-XIF-010,cr_inflight_x_after,sleeping_async_pending_at_release,0
TP-XIF-017,CG-XIF-010,cr_inflight_x_after,sleeping_first_fetch_boot_vector,0
TP-XIF-017,CG-XIF-010,cr_inflight_x_after,split_inflight_async_pending_at_release,0
TP-XIF-017,CG-XIF-010,cr_inflight_x_after,split_inflight_first_fetch_boot_vector,0
TP-XIF-017,CG-XIF-010,cr_inflight_x_after,split_inflight_stale_rsp_after_release,0
TP-XIF-017,CG-XIF-010,cr_inflight_x_after,zcmp_inflight_async_pending_at_release,0
TP-XIF-017,CG-XIF-010,cr_inflight_x_after,zcmp_inflight_first_fetch_boot_vector,0
TP-XIF-017,CG-XIF-010,cr_inflight_x_after,zcmp_inflight_stale_rsp_after_release,0
TP-XIF-018,CG-XIF-005,cp_event,key_req,0
TP-XIF-018,CG-XIF-005,cp_key,withheld,0
TP-XIF-018,CG-XIF-005,cr_event_x_fill,key_req_multi_line,0
TP-XIF-018,CG-XIF-005,cr_event_x_fill,key_req_one_beat_outst,0
TP-XIF-018,CG-XIF-005,cr_event_x_fill,key_req_two_to_line,0
TP-XIF-018,CG-XIF-005,cr_event_x_inval,key_req_invalidating,0
TP-XIF-018,CG-XIF-005,cr_event_x_inval,key_req_none,0
TP-XIF-018,CG-XIF-005,cr_event_x_key,bus_err_beat_withheld,0
TP-XIF-018,CG-XIF-005,cr_event_x_key,ecc_inject_withheld,0
TP-XIF-018,CG-XIF-005,cr_event_x_key,fence_i_withheld,0
TP-XIF-018,CG-XIF-005,cr_event_x_key,icache_disable_withheld,0
TP-XIF-018,CG-XIF-005,cr_event_x_key,key_req_valid,0
TP-XIF-018,CG-XIF-005,cr_event_x_key,redirect_withheld,0
TP-XIF-019,CG-XIF-009,cp_csr,mseccfg,0
TP-XIF-019,CG-XIF-009,cp_csr,pmpaddr,0
TP-XIF-019,CG-XIF-009,cp_csr,pmpcfg,0
TP-XIF-019,CG-XIF-009,cp_fetch,fetch_idle,0
TP-XIF-019,CG-XIF-009,cp_fetch,fetch_outst,0
TP-XIF-019,CG-XIF-009,cp_icache,disabled,0
TP-XIF-019,CG-XIF-009,cp_icache,enabled,0
TP-XIF-019,CG-XIF-009,cp_lock,no_lock,0
TP-XIF-019,CG-XIF-009,cp_lock,sets_lock,0
TP-XIF-019,CG-XIF-009,cp_verdict_change,next_data_now_denied,0
TP-XIF-019,CG-XIF-009,cp_verdict_change,next_fetch_now_denied,0
TP-XIF-019,CG-XIF-009,cp_verdict_change,no_change,0
TP-XIF-019,CG-XIF-009,cr_csr_x_fetch_x_verdict,mseccfg_fetch_idle_next_data_now_denied,0
TP-XIF-019,CG-XIF-009,cr_csr_x_fetch_x_verdict,mseccfg_fetch_idle_next_fetch_now_denied,0
TP-XIF-019,CG-XIF-009,cr_csr_x_fetch_x_verdict,mseccfg_fetch_idle_no_change,0
TP-XIF-019,CG-XIF-009,cr_csr_x_fetch_x_verdict,mseccfg_fetch_outst_next_data_now_denied,0
TP-XIF-019,CG-XIF-009,cr_csr_x_fetch_x_verdict,mseccfg_fetch_outst_next_fetch_now_denied,0
TP-XIF-019,CG-XIF-009,cr_csr_x_fetch_x_verdict,mseccfg_fetch_outst_no_change,0
TP-XIF-019,CG-XIF-009,cr_csr_x_fetch_x_verdict,pmpaddr_fetch_idle_next_data_now_denied,0
TP-XIF-019,CG-XIF-009,cr_csr_x_fetch_x_verdict,pmpaddr_fetch_idle_next_fetch_now_denied,0
TP-XIF-019,CG-XIF-009,cr_csr_x_fetch_x_verdict,pmpaddr_fetch_idle_no_change,0
TP-XIF-019,CG-XIF-009,cr_csr_x_fetch_x_verdict,pmpaddr_fetch_outst_next_data_now_denied,0
TP-XIF-019,CG-XIF-009,cr_csr_x_fetch_x_verdict,pmpaddr_fetch_outst_next_fetch_now_denied,0
TP-XIF-019,CG-XIF-009,cr_csr_x_fetch_x_verdict,pmpaddr_fetch_outst_no_change,0
TP-XIF-019,CG-XIF-009,cr_csr_x_fetch_x_verdict,pmpcfg_fetch_idle_next_data_now_denied,0
TP-XIF-019,CG-XIF-009,cr_csr_x_fetch_x_verdict,pmpcfg_fetch_idle_next_fetch_now_denied,0
TP-XIF-019,CG-XIF-009,cr_csr_x_fetch_x_verdict,pmpcfg_fetch_idle_no_change,0
TP-XIF-019,CG-XIF-009,cr_csr_x_fetch_x_verdict,pmpcfg_fetch_outst_next_data_now_denied,0
TP-XIF-019,CG-XIF-009,cr_csr_x_fetch_x_verdict,pmpcfg_fetch_outst_next_fetch_now_denied,0
TP-XIF-019,CG-XIF-009,cr_csr_x_fetch_x_verdict,pmpcfg_fetch_outst_no_change,0
TP-XIF-019,CG-XIF-009,cr_icache_x_verdict,disabled_next_data_now_denied,0
TP-XIF-019,CG-XIF-009,cr_icache_x_verdict,disabled_next_fetch_now_denied,0
TP-XIF-019,CG-XIF-009,cr_icache_x_verdict,disabled_no_change,0
TP-XIF-019,CG-XIF-009,cr_icache_x_verdict,enabled_next_data_now_denied,0
TP-XIF-019,CG-XIF-009,cr_icache_x_verdict,enabled_next_fetch_now_denied,0
TP-XIF-019,CG-XIF-009,cr_icache_x_verdict,enabled_no_change,0
TP-XIF-019,CG-XIF-009,cr_lock_x_verdict,no_lock_next_data_now_denied,0
TP-XIF-019,CG-XIF-009,cr_lock_x_verdict,no_lock_next_fetch_now_denied,0
TP-XIF-019,CG-XIF-009,cr_lock_x_verdict,no_lock_no_change,0
TP-XIF-019,CG-XIF-009,cr_lock_x_verdict,sets_lock_next_data_now_denied,0
TP-XIF-019,CG-XIF-009,cr_lock_x_verdict,sets_lock_next_fetch_now_denied,0
TP-XIF-019,CG-XIF-009,cr_lock_x_verdict,sets_lock_no_change,0
TP-XIF-020,CG-XIF-011,cp_event,csr_illegal_priv,0
TP-XIF-020,CG-XIF-011,cp_event,debug_req_entry,0
TP-XIF-020,CG-XIF-011,cp_event,ebreak_debug,0
TP-XIF-020,CG-XIF-011,cp_event,ebreak_trap,0
TP-XIF-020,CG-XIF-011,cp_event,ecall,0
TP-XIF-020,CG-XIF-011,cp_event,fetch_err_bus,0
TP-XIF-020,CG-XIF-011,cp_event,fetch_fault_pmp,0
TP-XIF-020,CG-XIF-011,cp_event,illegal,0
TP-XIF-020,CG-XIF-011,cp_event,irq_taken,0
TP-XIF-020,CG-XIF-011,cp_event,load_err_bus,0
TP-XIF-020,CG-XIF-011,cp_event,load_fault_pmp,0
TP-XIF-020,CG-XIF-011,cp_event,nmi_taken,0
TP-XIF-020,CG-XIF-011,cp_event,step_entry,0
TP-XIF-020,CG-XIF-011,cp_event,store_err_bus,0
TP-XIF-020,CG-XIF-011,cp_event,store_fault_pmp,0
TP-XIF-020,CG-XIF-011,cp_event,trigger_entry,0
TP-XIF-020,CG-XIF-011,cp_event,wfi_wake,0
TP-XIF-020,CG-XIF-011,cp_mode,debug,0
TP-XIF-020,CG-XIF-011,cp_mode,m,0
TP-XIF-020,CG-XIF-011,cp_mode,u,0
TP-XIF-020,CG-XIF-011,cp_mprv,mprv0,0
TP-XIF-020,CG-XIF-011,cp_mprv,mprv1_mpp_u,0
TP-XIF-020,CG-XIF-011,cr_mode_x_event,debug_ebreak_debug,0
TP-XIF-020,CG-XIF-011,cr_mode_x_event,debug_ecall,0
TP-XIF-020,CG-XIF-011,cr_mode_x_event,debug_fetch_err_bus,0
TP-XIF-020,CG-XIF-011,cr_mode_x_event,debug_fetch_fault_pmp,0
TP-XIF-020,CG-XIF-011,cr_mode_x_event,debug_illegal,0
TP-XIF-020,CG-XIF-011,cr_mode_x_event,debug_load_err_bus,0
TP-XIF-020,CG-XIF-011,cr_mode_x_event,debug_load_fault_pmp,0
TP-XIF-020,CG-XIF-011,cr_mode_x_event,debug_store_err_bus,0
TP-XIF-020,CG-XIF-011,cr_mode_x_event,debug_store_fault_pmp,0
TP-XIF-020,CG-XIF-011,cr_mode_x_event,debug_wfi_wake,0
TP-XIF-020,CG-XIF-011,cr_mode_x_event,m_csr_illegal_priv,0
TP-XIF-020,CG-XIF-011,cr_mode_x_event,m_debug_req_entry,0
TP-XIF-020,CG-XIF-011,cr_mode_x_event,m_ebreak_debug,0
TP-XIF-020,CG-XIF-011,cr_mode_x_event,m_ebreak_trap,0
TP-XIF-020,CG-XIF-011,cr_mode_x_event,m_ecall,0
TP-XIF-020,CG-XIF-011,cr_mode_x_event,m_fetch_err_bus,0
TP-XIF-020,CG-XIF-011,cr_mode_x_event,m_fetch_fault_pmp,0
TP-XIF-020,CG-XIF-011,cr_mode_x_event,m_illegal,0
TP-XIF-020,CG-XIF-011,cr_mode_x_event,m_irq_taken,0
TP-XIF-020,CG-XIF-011,cr_mode_x_event,m_load_err_bus,0
TP-XIF-020,CG-XIF-011,cr_mode_x_event,m_load_fault_pmp,0
TP-XIF-020,CG-XIF-011,cr_mode_x_event,m_nmi_taken,0
TP-XIF-020,CG-XIF-011,cr_mode_x_event,m_step_entry,0
TP-XIF-020,CG-XIF-011,cr_mode_x_event,m_store_err_bus,0
TP-XIF-020,CG-XIF-011,cr_mode_x_event,m_store_fault_pmp,0
TP-XIF-020,CG-XIF-011,cr_mode_x_event,m_trigger_entry,0
TP-XIF-020,CG-XIF-011,cr_mode_x_event,m_wfi_wake,0
TP-XIF-020,CG-XIF-011,cr_mode_x_event,u_csr_illegal_priv,0
TP-XIF-020,CG-XIF-011,cr_mode_x_event,u_debug_req_entry,0
TP-XIF-020,CG-XIF-011,cr_mode_x_event,u_ebreak_debug,0
TP-XIF-020,CG-XIF-011,cr_mode_x_event,u_ebreak_trap,0
TP-XIF-020,CG-XIF-011,cr_mode_x_event,u_ecall,0
TP-XIF-020,CG-XIF-011,cr_mode_x_event,u_fetch_err_bus,0
TP-XIF-020,CG-XIF-011,cr_mode_x_event,u_fetch_fault_pmp,0
TP-XIF-020,CG-XIF-011,cr_mode_x_event,u_illegal,0
TP-XIF-020,CG-XIF-011,cr_mode_x_event,u_irq_taken,0
TP-XIF-020,CG-XIF-011,cr_mode_x_event,u_load_err_bus,0
TP-XIF-020,CG-XIF-011,cr_mode_x_event,u_load_fault_pmp,0
TP-XIF-020,CG-XIF-011,cr_mode_x_event,u_nmi_taken,0
TP-XIF-020,CG-XIF-011,cr_mode_x_event,u_step_entry,0
TP-XIF-020,CG-XIF-011,cr_mode_x_event,u_store_err_bus,0
TP-XIF-020,CG-XIF-011,cr_mode_x_event,u_store_fault_pmp,0
TP-XIF-020,CG-XIF-011,cr_mode_x_event,u_trigger_entry,0
TP-XIF-020,CG-XIF-011,cr_mode_x_event,u_wfi_wake,0
TP-XIF-020,CG-XIF-011,cr_mprv_x_datafault,mprv0_load_fault_pmp,0
TP-XIF-020,CG-XIF-011,cr_mprv_x_datafault,mprv0_store_fault_pmp,0
TP-XIF-020,CG-XIF-011,cr_mprv_x_datafault,mprv1_mpp_u_load_fault_pmp,0
TP-XIF-020,CG-XIF-011,cr_mprv_x_datafault,mprv1_mpp_u_store_fault_pmp,0
TP-XIF-021,CG-XIF-012,cp_dummy_type,add,0
TP-XIF-021,CG-XIF-012,cp_dummy_type,and_,0
TP-XIF-021,CG-XIF-012,cp_dummy_type,div,0
TP-XIF-021,CG-XIF-012,cp_dummy_type,mul,0
TP-XIF-021,CG-XIF-012,cp_event,data_outst_load,0
TP-XIF-021,CG-XIF-012,cp_event,debug_req,0
TP-XIF-021,CG-XIF-012,cp_event,irq_pending,0
TP-XIF-021,CG-XIF-012,cp_event,nmi,0
TP-XIF-021,CG-XIF-012,cp_event,none,0
TP-XIF-021,CG-XIF-012,cp_event,redirect,0
TP-XIF-021,CG-XIF-012,cp_mask,m000,0
TP-XIF-021,CG-XIF-012,cp_mask,m001,0
TP-XIF-021,CG-XIF-012,cp_mask,m010,0
TP-XIF-021,CG-XIF-012,cp_mask,m011,0
TP-XIF-021,CG-XIF-012,cp_mask,m100,0
TP-XIF-021,CG-XIF-012,cp_mask,m101,0
TP-XIF-021,CG-XIF-012,cp_mask,m110,0
TP-XIF-021,CG-XIF-012,cp_mask,m111,0
TP-XIF-021,CG-XIF-012,cp_mode,m,0
TP-XIF-021,CG-XIF-012,cp_mode,u,0
TP-XIF-021,CG-XIF-012,cr_event_x_type,data_outst_load_add,0
TP-XIF-021,CG-XIF-012,cr_event_x_type,data_outst_load_and_,0
TP-XIF-021,CG-XIF-012,cr_event_x_type,data_outst_load_div,0
TP-XIF-021,CG-XIF-012,cr_event_x_type,data_outst_load_mul,0
TP-XIF-021,CG-XIF-012,cr_event_x_type,debug_req_add,0
TP-XIF-021,CG-XIF-012,cr_event_x_type,debug_req_and_,0
TP-XIF-021,CG-XIF-012,cr_event_x_type,debug_req_div,0
TP-XIF-021,CG-XIF-012,cr_event_x_type,debug_req_mul,0
TP-XIF-021,CG-XIF-012,cr_event_x_type,irq_pending_add,0
TP-XIF-021,CG-XIF-012,cr_event_x_type,irq_pending_and_,0
TP-XIF-021,CG-XIF-012,cr_event_x_type,irq_pending_div,0
TP-XIF-021,CG-XIF-012,cr_event_x_type,irq_pending_mul,0
TP-XIF-021,CG-XIF-012,cr_event_x_type,nmi_add,0
TP-XIF-021,CG-XIF-012,cr_event_x_type,nmi_and_,0
TP-XIF-021,CG-XIF-012,cr_event_x_type,nmi_div,0
TP-XIF-021,CG-XIF-012,cr_event_x_type,nmi_mul,0
TP-XIF-021,CG-XIF-012,cr_event_x_type,none_add,0
TP-XIF-021,CG-XIF-012,cr_event_x_type,none_and_,0
TP-XIF-021,CG-XIF-012,cr_event_x_type,none_div,0
TP-XIF-021,CG-XIF-012,cr_event_x_type,none_mul,0
TP-XIF-021,CG-XIF-012,cr_event_x_type,redirect_add,0
TP-XIF-021,CG-XIF-012,cr_event_x_type,redirect_and_,0
TP-XIF-021,CG-XIF-012,cr_event_x_type,redirect_div,0
TP-XIF-021,CG-XIF-012,cr_event_x_type,redirect_mul,0
TP-XIF-021,CG-XIF-012,cr_type_x_mode,add_m,0
TP-XIF-021,CG-XIF-012,cr_type_x_mode,add_u,0
TP-XIF-021,CG-XIF-012,cr_type_x_mode,and__m,0
TP-XIF-021,CG-XIF-012,cr_type_x_mode,and__u,0
TP-XIF-021,CG-XIF-012,cr_type_x_mode,div_m,0
TP-XIF-021,CG-XIF-012,cr_type_x_mode,div_u,0
TP-XIF-021,CG-XIF-012,cr_type_x_mode,mul_m,0
TP-XIF-021,CG-XIF-012,cr_type_x_mode,mul_u,0
TP-XIF-022,CG-XIF-005,cp_event,ecc_inject,0
TP-XIF-022,CG-XIF-005,cp_event,icache_disable,0
TP-XIF-022,CG-XIF-005,cr_event_x_fill,ecc_inject_multi_line,0
TP-XIF-022,CG-XIF-005,cr_event_x_fill,ecc_inject_one_beat_outst,0
TP-XIF-022,CG-XIF-005,cr_event_x_fill,ecc_inject_two_to_line,0
TP-XIF-022,CG-XIF-005,cr_event_x_fill,icache_disable_multi_line,0
TP-XIF-022,CG-XIF-005,cr_event_x_fill,icache_disable_one_beat_outst,0
TP-XIF-022,CG-XIF-005,cr_event_x_fill,icache_disable_two_to_line,0
TP-XIF-022,CG-XIF-005,cr_event_x_inval,ecc_inject_invalidating,0
TP-XIF-022,CG-XIF-005,cr_event_x_inval,ecc_inject_none,0
TP-XIF-022,CG-XIF-005,cr_event_x_inval,icache_disable_invalidating,0
TP-XIF-022,CG-XIF-005,cr_event_x_inval,icache_disable_none,0
TP-XIF-022,CG-XIF-005,cr_event_x_key,ecc_inject_valid,0
TP-XIF-022,CG-XIF-005,cr_event_x_key,icache_disable_valid,0
